latitude,longitude,local_government_area,year,severity,speed_limit,intersection,road_position_horizontal,road_wet,weather,crash_type,lighting,traffic_controls,casualties,fatalities,serious_injuries,minor_injuries,car_sedan,car_utility,car_van,car_4x4,car_station_wagon,motor_cycle,truck_small,truck_large,bus,taxi,bicycle,scooter,pedestrian,inanimate,train,tram
-45.85944885,170.5151956,Dunedin City,2018,property_damage,50,TRUE,straight,,fine,,daylight,stop_sign,0,0,0,0,2,0,0,0,0,0,0,0,0,0,0,0,0,0,0,0
-45.09585211,170.9685003,Waitaki District,2018,property_damage,50,TRUE,straight,,rain,,daylight,stop_sign,0,0,0,0,2,0,0,0,0,0,0,0,0,0,0,0,0,0,0,0
-45.09585211,170.9685003,Waitaki District,2018,property_damage,50,TRUE,straight,,fine,,daylight,stop_sign,0,0,0,0,2,0,0,0,0,0,0,0,0,0,0,0,0,0,0,0
-45.87243113,170.5079036,Dunedin City,2018,property_damage,50,TRUE,straight,,fine,,darkness_not_lit,traffic_lights,0,0,0,0,2,0,0,0,0,0,0,0,0,0,0,0,0,0,0,0
-45.87243113,170.5079036,Dunedin City,2018,property_damage,50,TRUE,straight,,rain,,darkness_not_lit,traffic_lights,0,0,0,0,2,0,0,0,0,0,0,0,0,0,0,0,0,0,0,0
-43.31805378,172.5968884,Waimakariri District,2018,property_damage,50,TRUE,straight,,fine,,daylight,traffic_lights,0,0,0,0,2,0,0,0,0,0,0,0,0,0,0,0,0,0,0,0
-43.4247259,172.6503663,Christchurch City,2018,property_damage,80,TRUE,straight,,fine,,daylight,traffic_lights,0,0,0,0,2,0,0,0,0,0,0,0,0,0,0,0,0,0,0,0
-43.4247259,172.6503663,Christchurch City,2018,property_damage,80,TRUE,straight,,fine,,daylight,traffic_lights,0,0,0,0,2,0,0,0,0,0,0,0,0,0,0,0,0,0,0,0
-45.87097353,170.510404,Dunedin City,2018,property_damage,50,TRUE,straight,,rain,,darkness_not_lit,traffic_lights,0,0,0,0,2,0,0,0,0,0,0,0,0,0,0,0,0,0,0,0
-45.87097353,170.510404,Dunedin City,2018,property_damage,50,TRUE,straight,,rain,,darkness_not_lit,traffic_lights,0,0,0,0,2,0,0,0,0,0,0,0,0,0,0,0,0,0,0,0
-44.24910728,171.2768407,Timaru District,2018,property_damage,80,TRUE,straight,,fine,,daylight,giveway_sign,0,0,0,0,2,0,0,0,0,0,0,0,0,0,0,0,0,0,0,0
-43.53706273,172.6031432,Christchurch City,2018,property_damage,60,TRUE,straight,,rain,,darkness_not_lit,traffic_lights,0,0,0,0,2,0,0,0,0,0,0,0,0,0,0,0,0,0,0,0
-43.55487272,172.5928,Christchurch City,2018,property_damage,50,TRUE,straight,,fine,,darkness_not_lit,traffic_lights,0,0,0,0,2,0,0,0,0,0,0,0,0,0,0,0,0,0,0,0
-44.70726577,169.1361722,Queenstown-Lakes District,2018,property_damage,50,TRUE,straight,,fine,,daylight,giveway_sign,0,0,0,0,2,0,0,0,0,0,0,0,0,0,0,0,0,0,0,0
-43.53074996,172.5681366,Christchurch City,2018,property_damage,50,TRUE,straight,,fine,,daylight,traffic_lights,0,0,0,0,2,0,0,0,0,0,0,0,0,0,0,0,0,0,0,0
-43.53074996,172.5681366,Christchurch City,2018,property_damage,50,TRUE,straight,,fine,,daylight,traffic_lights,0,0,0,0,2,0,0,0,0,0,0,0,0,0,0,0,0,0,0,0
-45.85591206,170.5164611,Dunedin City,2018,property_damage,50,TRUE,straight,,rain,,darkness_not_lit,stop_sign,0,0,0,0,2,0,0,0,0,0,0,0,0,0,0,0,0,0,0,0
-45.85591206,170.5164611,Dunedin City,2018,property_damage,50,TRUE,straight,,rain,,darkness_not_lit,stop_sign,0,0,0,0,2,0,0,0,0,0,0,0,0,0,0,0,0,0,0,0
-46.41076001,168.3569033,Invercargill City,2018,property_damage,50,TRUE,straight,,fine,,daylight,giveway_sign,0,0,0,0,2,0,0,0,0,0,0,0,0,0,0,0,0,0,0,0
-44.39040852,171.2373681,Timaru District,2018,property_damage,50,TRUE,straight,,fine,,darkness_not_lit,traffic_lights,0,0,0,0,2,0,0,0,0,0,0,0,0,0,0,0,0,0,0,0
-44.39040852,171.2373681,Timaru District,2018,property_damage,50,TRUE,straight,,fine,,darkness_not_lit,traffic_lights,0,0,0,0,2,0,0,0,0,0,0,0,0,0,0,0,0,0,0,0
-45.8925423,170.5088856,Dunedin City,2018,property_damage,50,TRUE,straight,,fine,,daylight,giveway_sign,0,0,0,0,2,0,0,0,0,0,0,0,0,0,0,0,0,0,0,0
-45.87384501,170.4947743,Dunedin City,2018,property_damage,50,TRUE,straight,,fine,,daylight,traffic_lights,0,0,0,0,2,0,0,0,0,0,0,0,0,0,0,0,0,0,0,0
-45.41452567,167.7180436,Southland District,2018,property_damage,50,TRUE,straight,,fine,,daylight,giveway_sign,0,0,0,0,2,0,0,0,0,0,0,0,0,0,0,0,0,0,0,0
-43.52983413,172.6506013,Christchurch City,2018,property_damage,50,TRUE,straight,,fine,,darkness_not_lit,traffic_lights,0,0,0,0,2,0,0,0,0,0,0,0,0,0,0,0,0,0,0,0
-43.53742686,172.5965562,Christchurch City,2018,property_damage,60,TRUE,straight,,fine,,darkness_not_lit,traffic_lights,0,0,0,0,2,0,0,0,0,0,0,0,0,0,0,0,0,0,0,0
-43.53742686,172.5965562,Christchurch City,2018,property_damage,60,TRUE,straight,,fine,,darkness_not_lit,traffic_lights,0,0,0,0,2,0,0,0,0,0,0,0,0,0,0,0,0,0,0,0
-43.46753943,172.6159736,Christchurch City,2018,property_damage,50,TRUE,curved_view_open,,fine,,daylight,giveway_sign,0,0,0,0,2,0,0,0,0,0,0,0,0,0,0,0,0,0,0,0
-45.86872329,170.5099892,Dunedin City,2018,property_damage,50,TRUE,straight,,rain,,darkness_not_lit,traffic_lights,0,0,0,0,2,0,0,0,0,0,0,0,0,0,0,0,0,0,0,0
-46.41306842,168.3614309,Invercargill City,2018,property_damage,50,TRUE,straight,,fine,,daylight,traffic_lights,0,0,0,0,2,0,0,0,0,0,0,0,0,0,0,0,0,0,0,0
-45.87947439,170.35252,Dunedin City,2018,property_damage,50,TRUE,straight,,fine,,daylight,stop_sign,0,0,0,0,2,0,0,0,0,0,0,0,0,0,0,0,0,0,0,0
-46.42813978,168.3537713,Invercargill City,2018,property_damage,50,TRUE,straight,,fine,,daylight,giveway_sign,0,0,0,0,2,0,0,0,0,0,0,0,0,0,0,0,0,0,0,0
-45.88114535,170.5013794,Dunedin City,2018,property_damage,50,TRUE,straight,,fine,,daylight,giveway_sign,0,0,0,0,2,0,0,0,0,0,0,0,0,0,0,0,0,0,0,0
-45.85002088,170.5266154,Dunedin City,2018,property_damage,50,TRUE,curved_view_open,,fine,,daylight,stop_sign,0,0,0,0,2,0,0,0,0,0,0,0,0,0,0,0,0,0,0,0
-43.64645231,172.5056709,Selwyn District,2018,property_damage,100,TRUE,straight,,fine,,daylight,stop_sign,0,0,0,0,2,0,0,0,0,0,0,0,0,0,0,0,0,0,0,0
-43.64645231,172.5056709,Selwyn District,2018,property_damage,100,TRUE,straight,,fine,,daylight,stop_sign,0,0,0,0,2,0,0,0,0,0,0,0,0,0,0,0,0,0,0,0
-46.40859541,168.350607,Invercargill City,2018,property_damage,50,TRUE,straight,,rain,,daylight,traffic_lights,0,0,0,0,2,0,0,0,0,0,0,0,0,0,0,0,0,0,0,0
-43.51169655,172.6213724,Christchurch City,2018,property_damage,50,TRUE,straight,,fine,,daylight,traffic_lights,0,0,0,0,2,0,0,0,0,0,0,0,0,0,0,0,0,0,0,0
-43.55718114,172.6365393,Christchurch City,2018,property_damage,50,TRUE,straight,,fine,,dawn_dusk,giveway_sign,0,0,0,0,2,0,0,0,0,0,0,0,0,0,0,0,0,0,0,0
-43.53845181,172.5279545,Christchurch City,2018,property_damage,50,TRUE,straight,,fine,,daylight,traffic_lights,0,0,0,0,2,0,0,0,0,0,0,0,0,0,0,0,0,0,0,0
-45.87700072,170.5044776,Dunedin City,2018,property_damage,50,TRUE,straight,,fine,,daylight,traffic_lights,0,0,0,0,2,0,0,0,0,0,0,0,0,0,0,0,0,0,0,0
-45.88409104,170.4814127,Dunedin City,2018,property_damage,50,TRUE,straight,,rain,,darkness_not_lit,,0,0,0,0,2,0,0,0,0,0,0,0,0,0,0,0,0,0,0,0
-45.87834399,170.5000489,Dunedin City,2018,property_damage,50,TRUE,straight,,fine,,daylight,giveway_sign,0,0,0,0,2,0,0,0,0,0,0,0,0,0,0,0,0,0,0,0
-45.87834399,170.5000489,Dunedin City,2018,property_damage,50,TRUE,straight,,fine,,daylight,giveway_sign,0,0,0,0,2,0,0,0,0,0,0,0,0,0,0,0,0,0,0,0
-46.40576026,168.3769766,Invercargill City,2018,property_damage,50,TRUE,straight,,fine,,daylight,stop_sign,0,0,0,0,2,0,0,0,0,0,0,0,0,0,0,0,0,0,0,0
-46.40576026,168.3769766,Invercargill City,2018,property_damage,50,TRUE,straight,,rain,,daylight,stop_sign,0,0,0,0,2,0,0,0,0,0,0,0,0,0,0,0,0,0,0,0
-43.51964173,172.6011911,Christchurch City,2018,property_damage,50,TRUE,straight,,rain,,dawn_dusk,traffic_lights,0,0,0,0,2,0,0,0,0,0,0,0,0,0,0,0,0,0,0,0
-45.87164601,170.5152445,Dunedin City,2018,property_damage,50,TRUE,straight,,rain,,darkness_not_lit,giveway_sign,0,0,0,0,2,0,0,0,0,0,0,0,0,0,0,0,0,0,0,0
-45.88385379,170.4755594,Dunedin City,2018,property_damage,50,TRUE,straight,,fine,,daylight,stop_sign,0,0,0,0,2,0,0,0,0,0,0,0,0,0,0,0,0,0,0,0
-45.87508642,170.3562077,Dunedin City,2018,property_damage,50,TRUE,straight,,rain,,daylight,stop_sign,0,0,0,0,2,0,0,0,0,0,0,0,0,0,0,0,0,0,0,0
-43.92204252,171.7164807,Ashburton District,2018,property_damage,50,TRUE,straight,,fine,,daylight,stop_sign,0,0,0,0,2,0,0,0,0,0,0,0,0,0,0,0,0,0,0,0
-40.45347348,175.8408714,Tararua District,2018,property_damage,50,TRUE,straight,,fine,,daylight,giveway_sign,0,0,0,0,2,0,0,0,0,0,0,0,0,0,0,0,0,0,0,0
-40.29684987,175.7451606,Palmerston North City,2018,property_damage,100,TRUE,curved_view_open,,rain,,daylight,,0,0,0,0,2,0,0,0,0,0,0,0,0,0,0,0,0,0,0,0
-41.2953088,174.7712372,Wellington City,2018,property_damage,50,TRUE,straight,,fine,,daylight,traffic_lights,0,0,0,0,2,0,0,0,0,0,0,0,0,0,0,0,0,0,0,0
-41.2953088,174.7712372,Wellington City,2018,property_damage,50,TRUE,straight,,fine,,daylight,traffic_lights,0,0,0,0,2,0,0,0,0,0,0,0,0,0,0,0,0,0,0,0
-41.2953088,174.7712372,Wellington City,2018,property_damage,50,TRUE,straight,,fine,,daylight,traffic_lights,0,0,0,0,2,0,0,0,0,0,0,0,0,0,0,0,0,0,0,0
-41.2953088,174.7712372,Wellington City,2018,property_damage,50,TRUE,straight,,fine,,daylight,traffic_lights,0,0,0,0,2,0,0,0,0,0,0,0,0,0,0,0,0,0,0,0
-41.2953088,174.7712372,Wellington City,2018,property_damage,50,TRUE,straight,,fine,,daylight,traffic_lights,0,0,0,0,2,0,0,0,0,0,0,0,0,0,0,0,0,0,0,0
-41.2953088,174.7712372,Wellington City,2018,property_damage,50,TRUE,straight,,fine,,daylight,traffic_lights,0,0,0,0,2,0,0,0,0,0,0,0,0,0,0,0,0,0,0,0
-38.64401106,178.0015348,Gisborne District,2018,property_damage,50,TRUE,straight,,fine,,daylight,giveway_sign,0,0,0,0,2,0,0,0,0,0,0,0,0,0,0,0,0,0,0,0
-39.91461684,175.0503648,Wanganui District,2018,property_damage,50,TRUE,straight,,fine,,daylight,giveway_sign,0,0,0,0,2,0,0,0,0,0,0,0,0,0,0,0,0,0,0,0
-40.3568046,175.6130328,Palmerston North City,2018,property_damage,50,TRUE,straight,,fine,,darkness_not_lit,traffic_lights,0,0,0,0,2,0,0,0,0,0,0,0,0,0,0,0,0,0,0,0
-40.3568046,175.6130328,Palmerston North City,2018,property_damage,50,TRUE,straight,,fine,,darkness_not_lit,traffic_lights,0,0,0,0,2,0,0,0,0,0,0,0,0,0,0,0,0,0,0,0
-41.20421853,174.8203004,Wellington City,2018,property_damage,50,TRUE,straight,,fine,,daylight,giveway_sign,0,0,0,0,2,0,0,0,0,0,0,0,0,0,0,0,0,0,0,0
-41.1006748,174.8700219,Porirua City,2018,property_damage,50,TRUE,straight,,fine,,daylight,traffic_lights,0,0,0,0,2,0,0,0,0,0,0,0,0,0,0,0,0,0,0,0
-41.27069004,173.2809929,Nelson City,2018,property_damage,50,TRUE,curved_view_open,,fine,,daylight,traffic_lights,0,0,0,0,2,0,0,0,0,0,0,0,0,0,0,0,0,0,0,0
-39.05430297,174.0823146,New Plymouth District,2018,property_damage,50,TRUE,straight,,fine,,daylight,stop_sign,0,0,0,0,2,0,0,0,0,0,0,0,0,0,0,0,0,0,0,0
-41.30708645,174.7767402,Wellington City,2018,property_damage,50,TRUE,straight,,fine,,daylight,giveway_sign,0,0,0,0,2,0,0,0,0,0,0,0,0,0,0,0,0,0,0,0
-41.30708645,174.7767402,Wellington City,2018,property_damage,50,TRUE,straight,,fine,,daylight,giveway_sign,0,0,0,0,2,0,0,0,0,0,0,0,0,0,0,0,0,0,0,0
-41.33139538,173.2028588,Nelson City,2018,property_damage,100,TRUE,curved_view_open,,fine,,darkness_not_lit,,0,0,0,0,2,0,0,0,0,0,0,0,0,0,0,0,0,0,0,0
-39.64164078,176.8484157,Hastings District,2018,property_damage,50,TRUE,straight,,fine,,daylight,giveway_sign,0,0,0,0,2,0,0,0,0,0,0,0,0,0,0,0,0,0,0,0
-39.64164078,176.8484157,Hastings District,2018,property_damage,50,TRUE,straight,,rain,,daylight,giveway_sign,0,0,0,0,2,0,0,0,0,0,0,0,0,0,0,0,0,0,0,0
-41.20924897,174.9084637,Hutt City,2018,property_damage,50,TRUE,straight,,fine,,daylight,,0,0,0,0,2,0,0,0,0,0,0,0,0,0,0,0,0,0,0,0
-44.35985247,171.2402549,Timaru District,2018,property_damage,70,TRUE,straight,,fine,,daylight,giveway_sign,0,0,0,0,2,0,0,0,0,0,0,0,0,0,0,0,0,0,0,0
-43.59067519,172.3789775,Selwyn District,2018,property_damage,80,TRUE,straight,,fine,,daylight,stop_sign,0,0,0,0,2,0,0,0,0,0,0,0,0,0,0,0,0,0,0,0
-45.09551187,170.9721472,Waitaki District,2018,property_damage,50,TRUE,straight,,fine,,daylight,traffic_lights,0,0,0,0,2,0,0,0,0,0,0,0,0,0,0,0,0,0,0,0
-46.41307834,168.3506156,Invercargill City,2018,property_damage,50,TRUE,straight,,fine,,daylight,traffic_lights,0,0,0,0,2,0,0,0,0,0,0,0,0,0,0,0,0,0,0,0
-43.54753809,172.6366839,Christchurch City,2018,property_damage,60,TRUE,straight,,fine,,daylight,traffic_lights,0,0,0,0,2,0,0,0,0,0,0,0,0,0,0,0,0,0,0,0
-43.54753809,172.6366839,Christchurch City,2018,property_damage,60,TRUE,straight,,fine,,daylight,traffic_lights,0,0,0,0,2,0,0,0,0,0,0,0,0,0,0,0,0,0,0,0
-43.37791195,172.6563633,Waimakariri District,2018,property_damage,50,TRUE,straight,,fine,,darkness_not_lit,stop_sign,0,0,0,0,2,0,0,0,0,0,0,0,0,0,0,0,0,0,0,0
-46.40553572,168.3457668,Invercargill City,2018,property_damage,50,TRUE,straight,,rain,,daylight,giveway_sign,0,0,0,0,2,0,0,0,0,0,0,0,0,0,0,0,0,0,0,0
-43.53710786,172.5474216,Christchurch City,2018,property_damage,60,TRUE,straight,,fine,,daylight,stop_sign,0,0,0,0,2,0,0,0,0,0,0,0,0,0,0,0,0,0,0,0
-43.5513994,172.5985429,Christchurch City,2018,property_damage,50,TRUE,straight,,fine,,daylight,giveway_sign,0,0,0,0,2,0,0,0,0,0,0,0,0,0,0,0,0,0,0,0
-45.89180992,170.4894161,Dunedin City,2018,property_damage,50,TRUE,curved_view_open,,fine,,darkness_not_lit,,0,0,0,0,2,0,0,0,0,0,0,0,0,0,0,0,0,0,0,0
-45.89180992,170.4894161,Dunedin City,2018,property_damage,50,TRUE,curved_view_open,,fine,,daylight,giveway_sign,0,0,0,0,2,0,0,0,0,0,0,0,0,0,0,0,0,0,0,0
-45.85679885,170.5133686,Dunedin City,2018,property_damage,50,TRUE,straight,,rain,,daylight,traffic_lights,0,0,0,0,2,0,0,0,0,0,0,0,0,0,0,0,0,0,0,0
-41.22280466,174.9106473,Hutt City,2018,property_damage,50,TRUE,straight,,fine,,darkness_not_lit,traffic_lights,0,0,0,0,2,0,0,0,0,0,0,0,0,0,0,0,0,0,0,0
-41.22280466,174.9106473,Hutt City,2018,property_damage,50,TRUE,straight,,fine,,darkness_not_lit,traffic_lights,0,0,0,0,2,0,0,0,0,0,0,0,0,0,0,0,0,0,0,0
-41.27598642,174.7725294,Wellington City,2018,property_damage,50,TRUE,straight,,fine,,darkness_not_lit,traffic_lights,0,0,0,0,2,0,0,0,0,0,0,0,0,0,0,0,0,0,0,0
-41.27598642,174.7725294,Wellington City,2018,property_damage,50,TRUE,straight,,fine,,darkness_not_lit,traffic_lights,0,0,0,0,2,0,0,0,0,0,0,0,0,0,0,0,0,0,0,0
-41.29257787,174.7853391,Wellington City,2018,property_damage,50,TRUE,curved_view_open,,fine,,darkness_not_lit,traffic_lights,0,0,0,0,2,0,0,0,0,0,0,0,0,0,0,0,0,0,0,0
-41.29257787,174.7853391,Wellington City,2018,property_damage,50,TRUE,curved_view_open,,fine,,darkness_not_lit,traffic_lights,0,0,0,0,2,0,0,0,0,0,0,0,0,0,0,0,0,0,0,0
-40.34817953,175.6100508,Palmerston North City,2018,property_damage,50,TRUE,straight,,fine,,dawn_dusk,giveway_sign,0,0,0,0,2,0,0,0,0,0,0,0,0,0,0,0,0,0,0,0
-40.34817953,175.6100508,Palmerston North City,2018,property_damage,50,TRUE,straight,,fine,,dawn_dusk,giveway_sign,0,0,0,0,2,0,0,0,0,0,0,0,0,0,0,0,0,0,0,0
-39.64082162,176.8402506,Hastings District,2018,property_damage,50,TRUE,straight,,fine,,daylight,giveway_sign,0,0,0,0,2,0,0,0,0,0,0,0,0,0,0,0,0,0,0,0
-39.99454714,176.5570484,Central Hawkes Bay District,2018,property_damage,50,TRUE,straight,,rain,,darkness_not_lit,giveway_sign,0,0,0,0,2,0,0,0,0,0,0,0,0,0,0,0,0,0,0,0
-38.66743427,178.0247257,Gisborne District,2018,property_damage,50,TRUE,straight,,rain,,daylight,stop_sign,0,0,0,0,2,0,0,0,0,0,0,0,0,0,0,0,0,0,0,0
-39.6173783,176.8934532,Hastings District,2018,property_damage,80,TRUE,straight,,fine,,daylight,giveway_sign,0,0,0,0,2,0,0,0,0,0,0,0,0,0,0,0,0,0,0,0
-39.50361502,176.9079799,Napier City,2018,property_damage,50,TRUE,straight,,fine,,daylight,giveway_sign,0,0,0,0,2,0,0,0,0,0,0,0,0,0,0,0,0,0,0,0
-41.22474375,174.807305,Wellington City,2018,property_damage,50,TRUE,straight,,fine,,daylight,traffic_lights,0,0,0,0,2,0,0,0,0,0,0,0,0,0,0,0,0,0,0,0
-38.66714169,178.0210645,Gisborne District,2018,property_damage,50,TRUE,straight,,fine,,darkness_not_lit,stop_sign,0,0,0,0,2,0,0,0,0,0,0,0,0,0,0,0,0,0,0,0
-39.53872191,176.8584673,Napier City,2018,property_damage,50,TRUE,straight,,fine,,daylight,traffic_lights,0,0,0,0,2,0,0,0,0,0,0,0,0,0,0,0,0,0,0,0
-39.53872191,176.8584673,Napier City,2018,property_damage,50,TRUE,straight,,fine,,daylight,traffic_lights,0,0,0,0,2,0,0,0,0,0,0,0,0,0,0,0,0,0,0,0
-41.13829934,174.8409111,Porirua City,2018,property_damage,50,TRUE,straight,,rain,,darkness_not_lit,giveway_sign,0,0,0,0,2,0,0,0,0,0,0,0,0,0,0,0,0,0,0,0
-39.0563293,174.0756192,New Plymouth District,2018,property_damage,30,TRUE,straight,,rain,,daylight,giveway_sign,0,0,0,0,2,0,0,0,0,0,0,0,0,0,0,0,0,0,0,0
-41.12470833,175.0320751,Upper Hutt City,2018,property_damage,100,TRUE,straight,,fine,,darkness_not_lit,stop_sign,0,0,0,0,2,0,0,0,0,0,0,0,0,0,0,0,0,0,0,0
-41.31246832,174.7955942,Wellington City,2018,property_damage,50,TRUE,curved_view_open,,fine,,daylight,giveway_sign,0,0,0,0,2,0,0,0,0,0,0,0,0,0,0,0,0,0,0,0
-41.31246832,174.7955942,Wellington City,2018,property_damage,50,TRUE,straight,,fine,,daylight,giveway_sign,0,0,0,0,2,0,0,0,0,0,0,0,0,0,0,0,0,0,0,0
-43.52876278,172.6305966,Christchurch City,2018,property_damage,50,TRUE,curved_view_open,,fine,,daylight,,0,0,0,0,2,0,0,0,0,0,0,0,0,0,0,0,0,0,0,0
-45.89380679,170.5066119,Dunedin City,2018,property_damage,50,TRUE,straight,,fine,,daylight,giveway_sign,0,0,0,0,2,0,0,0,0,0,0,0,0,0,0,0,0,0,0,0
-43.53868739,172.6396705,Christchurch City,2018,property_damage,50,TRUE,straight,,rain,,darkness_not_lit,giveway_sign,0,0,0,0,2,0,0,0,0,0,0,0,0,0,0,0,0,0,0,0
-46.39541339,168.3471888,Invercargill City,2018,property_damage,50,TRUE,straight,,fine,,daylight,giveway_sign,0,0,0,0,2,0,0,0,0,0,0,0,0,0,0,0,0,0,0,0
-38.64305237,176.0862477,Taupo District,2018,property_damage,100,TRUE,straight,,fine,,daylight,giveway_sign,0,0,0,0,2,0,0,0,0,0,0,0,0,0,0,0,0,0,0,0
-36.80968964,174.7908115,Auckland,2018,property_damage,50,TRUE,straight,,fine,,daylight,giveway_sign,0,0,0,0,2,0,0,0,0,0,0,0,0,0,0,0,0,0,0,0
-37.76944668,175.26265,Hamilton City,2018,property_damage,60,TRUE,straight,,fine,,darkness_not_lit,traffic_lights,0,0,0,0,2,0,0,0,0,0,0,0,0,0,0,0,0,0,0,0
-37.794943,175.2606228,Hamilton City,2018,property_damage,50,TRUE,straight,,fine,,daylight,traffic_lights,0,0,0,0,2,0,0,0,0,0,0,0,0,0,0,0,0,0,0,0
-37.794943,175.2606228,Hamilton City,2018,property_damage,60,TRUE,straight,,,,daylight,traffic_lights,0,0,0,0,2,0,0,0,0,0,0,0,0,0,0,0,0,0,0,0
-37.794943,175.2606228,Hamilton City,2018,property_damage,60,TRUE,straight,,fine,,darkness_not_lit,giveway_sign,0,0,0,0,2,0,0,0,0,0,0,0,0,0,0,0,0,0,0,0
-37.80890218,175.7715997,Matamata-Piako District,2018,property_damage,50,TRUE,straight,,rain,,daylight,giveway_sign,0,0,0,0,2,0,0,0,0,0,0,0,0,0,0,0,0,0,0,0
-38.69033261,176.0824521,Taupo District,2018,property_damage,50,TRUE,curved_view_open,,rain,,darkness_not_lit,giveway_sign,0,0,0,0,2,0,0,0,0,0,0,0,0,0,0,0,0,0,0,0
-41.2887754,174.7720277,Wellington City,2018,property_damage,50,TRUE,straight,,fine,,darkness_not_lit,traffic_lights,0,0,0,0,2,0,0,0,0,0,0,0,0,0,0,0,0,0,0,0
-39.63006743,176.8475987,Hastings District,2018,property_damage,50,TRUE,straight,,fine,,daylight,giveway_sign,0,0,0,0,2,0,0,0,0,0,0,0,0,0,0,0,0,0,0,0
-38.67181378,178.0428011,Gisborne District,2018,property_damage,50,TRUE,straight,,fine,,daylight,giveway_sign,0,0,0,0,2,0,0,0,0,0,0,0,0,0,0,0,0,0,0,0
-41.2063548,174.9091787,Hutt City,2018,property_damage,50,TRUE,curved_view_open,,rain,,darkness_not_lit,giveway_sign,0,0,0,0,2,0,0,0,0,0,0,0,0,0,0,0,0,0,0,0
-41.27992708,173.2866568,Nelson City,2018,property_damage,50,TRUE,straight,,fine,,daylight,giveway_sign,0,0,0,0,2,0,0,0,0,0,0,0,0,0,0,0,0,0,0,0
-41.19278105,174.9318457,Hutt City,2018,property_damage,50,TRUE,straight,,fine,,daylight,giveway_sign,0,0,0,0,2,0,0,0,0,0,0,0,0,0,0,0,0,0,0,0
-39.58539611,174.287044,South Taranaki District,2018,property_damage,50,TRUE,straight,,fine,,daylight,stop_sign,0,0,0,0,2,0,0,0,0,0,0,0,0,0,0,0,0,0,0,0
-41.14972539,174.9932018,Upper Hutt City,2018,property_damage,80,TRUE,straight,,fine,,daylight,giveway_sign,0,0,0,0,2,0,0,0,0,0,0,0,0,0,0,0,0,0,0,0
-39.07262629,174.0342049,New Plymouth District,2018,property_damage,50,TRUE,curved_view_open,,fine,,daylight,giveway_sign,0,0,0,0,2,0,0,0,0,0,0,0,0,0,0,0,0,0,0,0
-40.91526036,175.0068011,Kapiti Coast District,2018,property_damage,50,FALSE,straight,,fine,,daylight,,0,0,0,0,2,0,0,0,0,0,0,0,0,0,0,0,0,0,0,0
-38.67026326,178.0253145,Gisborne District,2018,property_damage,50,TRUE,straight,,fine,,daylight,,0,0,0,0,2,0,0,0,0,0,0,0,0,0,0,0,0,0,0,0
-40.34705745,175.6317286,Palmerston North City,2018,property_damage,50,TRUE,straight,,fine,,daylight,giveway_sign,0,0,0,0,2,0,0,0,0,0,0,0,0,0,0,0,0,0,0,0
-37.79721803,175.306413,Hamilton City,2018,property_damage,50,TRUE,straight,,fine,,daylight,giveway_sign,0,0,0,0,2,0,0,0,0,0,0,0,0,0,0,0,0,0,0,0
-35.26546179,173.9028529,Far North District,2018,property_damage,100,TRUE,straight,,fine,,daylight,stop_sign,0,0,0,0,2,0,0,0,0,0,0,0,0,0,0,0,0,0,0,0
-37.793473,175.239933,Hamilton City,2018,property_damage,40,TRUE,curved_view_open,,rain,,daylight,giveway_sign,0,0,0,0,2,0,0,0,0,0,0,0,0,0,0,0,0,0,0,0
-38.99056904,175.8108467,Taupo District,2018,property_damage,80,TRUE,straight,,fine,,daylight,stop_sign,0,0,0,0,2,0,0,0,0,0,0,0,0,0,0,0,0,0,0,0
-38.99056904,175.8108467,Taupo District,2018,property_damage,50,TRUE,straight,,fine,,daylight,stop_sign,0,0,0,0,2,0,0,0,0,0,0,0,0,0,0,0,0,0,0,0
-37.77268726,175.2935825,Hamilton City,2018,property_damage,50,TRUE,curved_view_open,,fine,,daylight,giveway_sign,0,0,0,0,2,0,0,0,0,0,0,0,0,0,0,0,0,0,0,0
-36.90943428,174.820887,Auckland,2018,property_damage,100,FALSE,straight,,fine,,daylight,,0,0,0,0,2,0,0,0,0,0,0,0,0,0,0,0,0,0,0,0
-36.84761695,174.7601254,Auckland,2018,property_damage,50,TRUE,straight,,fine,,daylight,traffic_lights,0,0,0,0,2,0,0,0,0,0,0,0,0,0,0,0,0,0,0,0
-36.71391224,174.7261249,Auckland,2018,property_damage,50,TRUE,straight,,fine,,daylight,giveway_sign,0,0,0,0,2,0,0,0,0,0,0,0,0,0,0,0,0,0,0,0
-36.71391224,174.7261249,Auckland,2018,property_damage,50,TRUE,straight,,fine,,daylight,giveway_sign,0,0,0,0,2,0,0,0,0,0,0,0,0,0,0,0,0,0,0,0
-38.12499505,176.2313762,Rotorua District,2018,property_damage,50,TRUE,straight,,fine,,darkness_not_lit,traffic_lights,0,0,0,0,2,0,0,0,0,0,0,0,0,0,0,0,0,0,0,0