latitude,longitude,local_government_area,year,severity,speed_limit,intersection,road_position_horizontal,road_wet,weather,crash_type,lighting,traffic_controls,casualties,fatalities,serious_injuries,minor_injuries,car_sedan,car_utility,car_van,car_4x4,car_station_wagon,motor_cycle,truck_small,truck_large,bus,taxi,bicycle,scooter,pedestrian,inanimate,train,tram
-37.78055979,175.2493755,Hamilton City,2018,property_damage,50,TRUE,straight,,rain,,daylight,traffic_lights,0,0,0,0,2,0,0,0,0,0,0,0,0,0,0,0,0,0,0,0
-37.78055979,175.2493755,Hamilton City,2018,property_damage,50,TRUE,straight,,rain,,darkness_not_lit,traffic_lights,0,0,0,0,2,0,0,0,0,0,0,0,0,0,0,0,0,0,0,0
-37.78055979,175.2493755,Hamilton City,2018,property_damage,50,TRUE,straight,,fine,,dawn_dusk,traffic_lights,0,0,0,0,2,0,0,0,0,0,0,0,0,0,0,0,0,0,0,0
-36.91105869,174.862029,Auckland,2018,property_damage,50,TRUE,straight,,fine,,daylight,traffic_lights,0,0,0,0,2,0,0,0,0,0,0,0,0,0,0,0,0,0,0,0
-37.71462724,175.4025271,Waikato District,2018,property_damage,100,TRUE,straight,,fine,,daylight,giveway_sign,0,0,0,0,2,0,0,0,0,0,0,0,0,0,0,0,0,0,0,0
-37.96778988,176.9881234,Whakatane District,2018,property_damage,50,TRUE,straight,,fine,,daylight,stop_sign,0,0,0,0,2,0,0,0,0,0,0,0,0,0,0,0,0,0,0,0
-35.27989813,174.0899513,Far North District,2018,property_damage,50,TRUE,curved_view_obscure,,fine,,daylight,giveway_sign,0,0,0,0,2,0,0,0,0,0,0,0,0,0,0,0,0,0,0,0
-37.00701824,174.8737068,Auckland,2018,property_damage,70,TRUE,straight,,fine,,daylight,traffic_lights,0,0,0,0,2,0,0,0,0,0,0,0,0,0,0,0,0,0,0,0
-37.02469095,174.8953863,Auckland,2018,property_damage,50,TRUE,curved_view_open,,fine,,darkness_not_lit,giveway_sign,0,0,0,0,2,0,0,0,0,0,0,0,0,0,0,0,0,0,0,0
-37.82444485,175.3706519,Waikato District,2018,property_damage,100,TRUE,straight,,mist,,dawn_dusk,stop_sign,0,0,0,0,2,0,0,0,0,0,0,0,0,0,0,0,0,0,0,0
-38.22394635,175.8604405,South Waikato District,2018,property_damage,50,TRUE,straight,,rain,,daylight,stop_sign,0,0,0,0,2,0,0,0,0,0,0,0,0,0,0,0,0,0,0,0
-36.86609761,174.7708361,Auckland,2018,property_damage,50,FALSE,straight,,fine,,darkness_not_lit,,0,0,0,0,2,0,0,0,0,0,0,0,0,0,0,0,0,0,0,0
-36.97332298,174.8853605,Auckland,2018,property_damage,50,TRUE,straight,,fine,,daylight,giveway_sign,0,0,0,0,2,0,0,0,0,0,0,0,0,0,0,0,0,0,0,0
-36.97332298,174.8853605,Auckland,2018,property_damage,50,TRUE,straight,,fine,,daylight,giveway_sign,0,0,0,0,2,0,0,0,0,0,0,0,0,0,0,0,0,0,0,0
-36.92802538,174.9021618,Auckland,2018,property_damage,60,FALSE,straight,,fine,,daylight,traffic_lights,0,0,0,0,2,0,0,0,0,0,0,0,0,0,0,0,0,0,0,0
-36.98443969,174.9026446,Auckland,2018,property_damage,50,TRUE,straight,,fine,,daylight,giveway_sign,0,0,0,0,2,0,0,0,0,0,0,0,0,0,0,0,0,0,0,0
-37.06395215,174.9432391,Auckland,2018,property_damage,50,TRUE,straight,,rain,,daylight,stop_sign,0,0,0,0,2,0,0,0,0,0,0,0,0,0,0,0,0,0,0,0
-36.97097028,174.8018181,Auckland,2018,property_damage,50,TRUE,straight,,fine,,daylight,giveway_sign,0,0,0,0,2,0,0,0,0,0,0,0,0,0,0,0,0,0,0,0
-37.20412041,174.8976007,Auckland,2018,property_damage,50,TRUE,straight,,rain,,daylight,stop_sign,0,0,0,0,2,0,0,0,0,0,0,0,0,0,0,0,0,0,0,0
-36.89685463,174.8306656,Auckland,2018,property_damage,50,FALSE,straight,,fine,,daylight,,0,0,0,0,2,0,0,0,0,0,0,0,0,0,0,0,0,0,0,0
-36.90614547,174.6833408,Auckland,2018,property_damage,50,TRUE,straight,,fine,,daylight,giveway_sign,0,0,0,0,2,0,0,0,0,0,0,0,0,0,0,0,0,0,0,0
-36.90614547,174.6833408,Auckland,2018,property_damage,50,TRUE,straight,,fine,,daylight,giveway_sign,0,0,0,0,2,0,0,0,0,0,0,0,0,0,0,0,0,0,0,0
-37.69909432,176.1321135,Tauranga City,2018,property_damage,50,TRUE,straight,,rain,,darkness_not_lit,giveway_sign,0,0,0,0,2,0,0,0,0,0,0,0,0,0,0,0,0,0,0,0
-36.99153744,174.8734729,Auckland,2018,property_damage,50,TRUE,curved_view_open,,rain,,daylight,giveway_sign,0,0,0,0,2,0,0,0,0,0,0,0,0,0,0,0,0,0,0,0
-36.90578338,174.7446593,Auckland,2018,property_damage,50,FALSE,straight,,fine,,daylight,,0,0,0,0,2,0,0,0,0,0,0,0,0,0,0,0,0,0,0,0
-36.99354889,174.8428694,Auckland,2018,property_damage,50,TRUE,straight,,fine,,daylight,traffic_lights,0,0,0,0,2,0,0,0,0,0,0,0,0,0,0,0,0,0,0,0
-36.99354889,174.8428694,Auckland,2018,property_damage,60,TRUE,straight,,fine,,daylight,giveway_sign,0,0,0,0,2,0,0,0,0,0,0,0,0,0,0,0,0,0,0,0
-36.94052653,174.7902988,Auckland,2018,property_damage,50,TRUE,straight,,fine,,darkness_not_lit,giveway_sign,0,0,0,0,2,0,0,0,0,0,0,0,0,0,0,0,0,0,0,0
-36.94052653,174.7902988,Auckland,2018,property_damage,50,TRUE,straight,,fine,,darkness_not_lit,giveway_sign,0,0,0,0,2,0,0,0,0,0,0,0,0,0,0,0,0,0,0,0
-36.94052653,174.7902988,Auckland,2018,property_damage,50,TRUE,straight,,fine,,darkness_not_lit,giveway_sign,0,0,0,0,2,0,0,0,0,0,0,0,0,0,0,0,0,0,0,0
-37.69012969,176.135829,Tauranga City,2018,property_damage,50,FALSE,straight,,fine,,daylight,,0,0,0,0,2,0,0,0,0,0,0,0,0,0,0,0,0,0,0,0
-36.95702623,174.8620136,Auckland,2018,property_damage,50,FALSE,straight,,fine,,daylight,,0,0,0,0,2,0,0,0,0,0,0,0,0,0,0,0,0,0,0,0
-37.75769331,175.2458223,Hamilton City,2018,property_damage,50,TRUE,curved_view_open,,,,,giveway_sign,0,0,0,0,2,0,0,0,0,0,0,0,0,0,0,0,0,0,0,0
-35.73357215,174.3071986,Whangarei District,2018,property_damage,50,TRUE,straight,,fine,,daylight,giveway_sign,0,0,0,0,2,0,0,0,0,0,0,0,0,0,0,0,0,0,0,0
-38.13677721,176.2471128,Rotorua District,2018,property_damage,50,TRUE,straight,,fine,,darkness_not_lit,giveway_sign,0,0,0,0,2,0,0,0,0,0,0,0,0,0,0,0,0,0,0,0
-37.75006489,175.2370683,Hamilton City,2018,property_damage,60,TRUE,straight,,fine,,darkness_not_lit,traffic_lights,0,0,0,0,2,0,0,0,0,0,0,0,0,0,0,0,0,0,0,0
-35.23132411,173.9534755,Far North District,2018,property_damage,50,TRUE,straight,,fine,,daylight,giveway_sign,0,0,0,0,2,0,0,0,0,0,0,0,0,0,0,0,0,0,0,0
-36.95979768,174.8737618,Auckland,2018,property_damage,50,FALSE,straight,,fine,,daylight,,0,0,0,0,2,0,0,0,0,0,0,0,0,0,0,0,0,0,0,0
-37.02073657,174.8878919,Auckland,2018,property_damage,50,TRUE,straight,,fine,,daylight,giveway_sign,0,0,0,0,2,0,0,0,0,0,0,0,0,0,0,0,0,0,0,0
-37.02073657,174.8878919,Auckland,2018,property_damage,50,TRUE,straight,,fine,,daylight,giveway_sign,0,0,0,0,2,0,0,0,0,0,0,0,0,0,0,0,0,0,0,0
-36.97001221,174.8758769,Auckland,2018,property_damage,100,FALSE,straight,,fine,,daylight,,0,0,0,0,2,0,0,0,0,0,0,0,0,0,0,0,0,0,0,0
-35.72552639,174.3133471,Whangarei District,2018,property_damage,50,TRUE,straight,,rain,,daylight,stop_sign,0,0,0,0,2,0,0,0,0,0,0,0,0,0,0,0,0,0,0,0
-36.86193557,174.6634017,Auckland,2018,property_damage,80,FALSE,straight,,rain,,darkness_not_lit,,0,0,0,0,2,0,0,0,0,0,0,0,0,0,0,0,0,0,0,0
-37.67609206,176.2223186,Tauranga City,2018,property_damage,50,TRUE,straight,,fine,,daylight,giveway_sign,0,0,0,0,2,0,0,0,0,0,0,0,0,0,0,0,0,0,0,0
-36.9006673,174.6156911,Auckland,2018,property_damage,50,FALSE,straight,,fine,,daylight,,0,0,0,0,2,0,0,0,0,0,0,0,0,0,0,0,0,0,0,0
-37.79141254,175.2936051,Hamilton City,2018,property_damage,50,FALSE,straight,,fine,,daylight,,0,0,0,0,2,0,0,0,0,0,0,0,0,0,0,0,0,0,0,0
-37.80894382,175.2776101,Hamilton City,2018,property_damage,50,TRUE,straight,,fine,,daylight,,0,0,0,0,2,0,0,0,0,0,0,0,0,0,0,0,0,0,0,0
-35.68396915,174.3012835,Whangarei District,2018,property_damage,50,TRUE,straight,,fine,,daylight,,0,0,0,0,2,0,0,0,0,0,0,0,0,0,0,0,0,0,0,0
-35.68396915,174.3012835,Whangarei District,2018,property_damage,50,TRUE,straight,,fine,,daylight,,0,0,0,0,2,0,0,0,0,0,0,0,0,0,0,0,0,0,0,0
-37.7803058,175.2766625,Hamilton City,2018,property_damage,50,FALSE,straight,,fine,,daylight,,0,0,0,0,2,0,0,0,0,0,0,0,0,0,0,0,0,0,0,0
-37.83079851,175.4537246,Waipa District,2018,property_damage,100,TRUE,straight,,fine,,daylight,giveway_sign,0,0,0,0,2,0,0,0,0,0,0,0,0,0,0,0,0,0,0,0
-37.80209298,175.3050428,Hamilton City,2018,property_damage,80,TRUE,straight,,fine,,daylight,giveway_sign,0,0,0,0,2,0,0,0,0,0,0,0,0,0,0,0,0,0,0,0
-41.12575202,175.0575038,Upper Hutt City,2018,property_damage,50,FALSE,straight,,fine,,daylight,,0,0,0,0,2,0,0,0,0,0,0,0,0,0,0,0,0,0,0,0
-41.51753034,173.9477626,Marlborough District,2018,property_damage,50,TRUE,straight,,fine,,daylight,giveway_sign,0,0,0,0,2,0,0,0,0,0,0,0,0,0,0,0,0,0,0,0
-41.29965332,174.7792138,Wellington City,2018,property_damage,50,FALSE,curved_view_open,,fine,,daylight,,0,0,0,0,2,0,0,0,0,0,0,0,0,0,0,0,0,0,0,0
-41.21373598,174.8952943,Hutt City,2018,property_damage,50,TRUE,straight,,fine,,daylight,giveway_sign,0,0,0,0,2,0,0,0,0,0,0,0,0,0,0,0,0,0,0,0
-41.29250227,174.7733348,Wellington City,2018,property_damage,50,FALSE,straight,,fine,,daylight,,0,0,0,0,2,0,0,0,0,0,0,0,0,0,0,0,0,0,0,0
-41.29250227,174.7733348,Wellington City,2018,property_damage,50,FALSE,straight,,fine,,daylight,,0,0,0,0,2,0,0,0,0,0,0,0,0,0,0,0,0,0,0,0
-41.1117856,174.8819016,Porirua City,2018,property_damage,50,TRUE,straight,,fine,,daylight,giveway_sign,0,0,0,0,2,0,0,0,0,0,0,0,0,0,0,0,0,0,0,0
-36.91587751,174.8391013,Auckland,2018,property_damage,50,FALSE,straight,,fine,,daylight,,0,0,0,0,2,0,0,0,0,0,0,0,0,0,0,0,0,0,0,0
-37.17854512,175.0242615,Auckland,2018,property_damage,100,TRUE,curved_view_open,,mist,,daylight,giveway_sign,0,0,0,0,2,0,0,0,0,0,0,0,0,0,0,0,0,0,0,0
-41.29741007,174.7687262,Wellington City,2018,property_damage,50,FALSE,curved_view_open,,rain,,darkness_not_lit,,0,0,0,0,2,0,0,0,0,0,0,0,0,0,0,0,0,0,0,0
-39.03651072,177.4163297,Wairoa District,2018,property_damage,50,TRUE,straight,,rain,,daylight,stop_sign,0,0,0,0,2,0,0,0,0,0,0,0,0,0,0,0,0,0,0,0
-41.33922143,173.1933455,Tasman District,2018,property_damage,50,FALSE,straight,,fine,,daylight,,0,0,0,0,2,0,0,0,0,0,0,0,0,0,0,0,0,0,0,0
-39.51055706,176.8768825,Napier City,2018,property_damage,50,TRUE,curved_view_open,,fine,,daylight,giveway_sign,0,0,0,0,2,0,0,0,0,0,0,0,0,0,0,0,0,0,0,0
-41.33001077,174.7917741,Wellington City,2018,property_damage,50,TRUE,straight,,rain,,daylight,giveway_sign,0,0,0,0,2,0,0,0,0,0,0,0,0,0,0,0,0,0,0,0
-41.51366488,173.9598697,Marlborough District,2018,property_damage,50,TRUE,curved_view_open,,fine,,daylight,giveway_sign,0,0,0,0,2,0,0,0,0,0,0,0,0,0,0,0,0,0,0,0
-38.66086759,178.029801,Gisborne District,2018,property_damage,50,TRUE,straight,,fine,,daylight,giveway_sign,0,0,0,0,2,0,0,0,0,0,0,0,0,0,0,0,0,0,0,0
-39.94455176,176.5867863,Central Hawkes Bay District,2018,property_damage,50,FALSE,straight,,fine,,darkness_not_lit,,0,0,0,0,2,0,0,0,0,0,0,0,0,0,0,0,0,0,0,0
-44.69672514,169.1714311,Queenstown-Lakes District,2018,property_damage,80,TRUE,straight,,fine,,daylight,giveway_sign,0,0,0,0,2,0,0,0,0,0,0,0,0,0,0,0,0,0,0,0
-44.37181525,171.2418798,Timaru District,2018,property_damage,50,FALSE,straight,,fine,,daylight,,0,0,0,0,2,0,0,0,0,0,0,0,0,0,0,0,0,0,0,0
-40.37564932,175.6241375,Palmerston North City,2018,property_damage,70,TRUE,curved_view_open,,rain,,dawn_dusk,,0,0,0,0,2,0,0,0,0,0,0,0,0,0,0,0,0,0,0,0
-39.49534524,176.8957053,Napier City,2018,property_damage,50,TRUE,straight,,fine,,dawn_dusk,giveway_sign,0,0,0,0,2,0,0,0,0,0,0,0,0,0,0,0,0,0,0,0
-39.49534524,176.8957053,Napier City,2018,property_damage,50,TRUE,straight,,fine,,dawn_dusk,giveway_sign,0,0,0,0,2,0,0,0,0,0,0,0,0,0,0,0,0,0,0,0
-38.66372114,178.022295,Gisborne District,2018,property_damage,50,FALSE,straight,,fine,,daylight,,0,0,0,0,2,0,0,0,0,0,0,0,0,0,0,0,0,0,0,0
-41.30190842,174.7848173,Wellington City,2018,property_damage,50,FALSE,straight,,,,dawn_dusk,,0,0,0,0,2,0,0,0,0,0,0,0,0,0,0,0,0,0,0,0
-45.89677739,170.462495,Dunedin City,2018,property_damage,80,FALSE,curved_view_open,,fine,,daylight,,0,0,0,0,2,0,0,0,0,0,0,0,0,0,0,0,0,0,0,0
-46.42016638,168.3456387,Invercargill City,2018,property_damage,50,TRUE,straight,,fine,,daylight,giveway_sign,0,0,0,0,2,0,0,0,0,0,0,0,0,0,0,0,0,0,0,0
-46.39652882,168.3701862,Invercargill City,2018,property_damage,50,TRUE,straight,,fine,,daylight,giveway_sign,0,0,0,0,2,0,0,0,0,0,0,0,0,0,0,0,0,0,0,0
-43.49194518,172.5481053,Christchurch City,2018,property_damage,60,TRUE,straight,,fine,,daylight,traffic_lights,0,0,0,0,2,0,0,0,0,0,0,0,0,0,0,0,0,0,0,0
-43.58256862,172.4853602,Selwyn District,2018,property_damage,80,TRUE,straight,,fine,,dawn_dusk,stop_sign,0,0,0,0,2,0,0,0,0,0,0,0,0,0,0,0,0,0,0,0
-43.58256862,172.4853602,Selwyn District,2018,property_damage,80,TRUE,straight,,fine,,darkness_not_lit,stop_sign,0,0,0,0,2,0,0,0,0,0,0,0,0,0,0,0,0,0,0,0
-45.86525567,170.5119478,Dunedin City,2018,property_damage,50,FALSE,straight,,rain,,daylight,,0,0,0,0,2,0,0,0,0,0,0,0,0,0,0,0,0,0,0,0
-38.0844491,176.2164349,Rotorua District,2018,property_damage,50,TRUE,straight,,fine,,darkness_not_lit,,0,0,0,0,2,0,0,0,0,0,0,0,0,0,0,0,0,0,0,0
-36.96337273,174.9000422,Auckland,2018,property_damage,80,TRUE,straight,,fine,,daylight,,0,0,0,0,2,0,0,0,0,0,0,0,0,0,0,0,0,0,0,0
-37.71858585,176.1465342,Tauranga City,2018,property_damage,50,TRUE,straight,,fine,,daylight,giveway_sign,0,0,0,0,2,0,0,0,0,0,0,0,0,0,0,0,0,0,0,0
-37.71858585,176.1465342,Tauranga City,2018,property_damage,50,TRUE,straight,,fine,,daylight,giveway_sign,0,0,0,0,2,0,0,0,0,0,0,0,0,0,0,0,0,0,0,0
-37.80525537,175.3266069,Hamilton City,2018,property_damage,60,TRUE,curved_view_open,,rain,,daylight,giveway_sign,0,0,0,0,2,0,0,0,0,0,0,0,0,0,0,0,0,0,0,0
-36.86480705,174.7866007,Auckland,2018,property_damage,50,FALSE,straight,,fine,,daylight,,0,0,0,0,2,0,0,0,0,0,0,0,0,0,0,0,0,0,0,0
-37.07369587,174.9321609,Auckland,2018,property_damage,50,TRUE,straight,,fine,,darkness_not_lit,traffic_lights,0,0,0,0,2,0,0,0,0,0,0,0,0,0,0,0,0,0,0,0
-37.07369587,174.9321609,Auckland,2018,property_damage,50,TRUE,straight,,fine,,darkness_not_lit,traffic_lights,0,0,0,0,2,0,0,0,0,0,0,0,0,0,0,0,0,0,0,0
-37.56042713,175.9153614,Western Bay Of Plenty District,2018,property_damage,50,TRUE,straight,,fine,,daylight,stop_sign,0,0,0,0,2,0,0,0,0,0,0,0,0,0,0,0,0,0,0,0
-41.32440639,174.821157,Wellington City,2018,property_damage,30,FALSE,straight,,fine,,daylight,,0,0,0,0,2,0,0,0,0,0,0,0,0,0,0,0,0,0,0,0
-40.95181478,175.6562413,Masterton District,2018,property_damage,50,TRUE,straight,,fine,,darkness_not_lit,giveway_sign,0,0,0,0,2,0,0,0,0,0,0,0,0,0,0,0,0,0,0,0
-40.95181478,175.6562413,Masterton District,2018,property_damage,50,TRUE,straight,,fine,,darkness_not_lit,giveway_sign,0,0,0,0,2,0,0,0,0,0,0,0,0,0,0,0,0,0,0,0
-40.95181478,175.6562413,Masterton District,2018,property_damage,50,TRUE,straight,,fine,,daylight,giveway_sign,0,0,0,0,2,0,0,0,0,0,0,0,0,0,0,0,0,0,0,0
-40.95181478,175.6562413,Masterton District,2018,property_damage,50,TRUE,straight,,fine,,daylight,giveway_sign,0,0,0,0,2,0,0,0,0,0,0,0,0,0,0,0,0,0,0,0
-38.13697549,176.2471102,Rotorua District,2018,property_damage,50,TRUE,straight,,fine,,daylight,giveway_sign,0,0,0,0,2,0,0,0,0,0,0,0,0,0,0,0,0,0,0,0
-35.21209527,173.9203676,Far North District,2018,property_damage,70,TRUE,straight,,rain,,daylight,giveway_sign,0,0,0,0,2,0,0,0,0,0,0,0,0,0,0,0,0,0,0,0
-36.12305462,174.4352993,Kaipara District,2018,property_damage,100,TRUE,curved_view_open,,fine,,darkness_not_lit,giveway_sign,0,0,0,0,2,0,0,0,0,0,0,0,0,0,0,0,0,0,0,0
-41.11935749,174.8549012,Porirua City,2018,property_damage,100,TRUE,straight,,fine,,darkness_not_lit,,0,0,0,0,2,0,0,0,0,0,0,0,0,0,0,0,0,0,0,0
-41.30085073,174.765212,Wellington City,2018,property_damage,50,TRUE,straight,,fine,,daylight,,0,0,0,0,2,0,0,0,0,0,0,0,0,0,0,0,0,0,0,0
-43.53990141,172.6279417,Christchurch City,2018,property_damage,50,TRUE,straight,,fine,,daylight,traffic_lights,0,0,0,0,2,0,0,0,0,0,0,0,0,0,0,0,0,0,0,0
-43.53990141,172.6279417,Christchurch City,2018,property_damage,50,TRUE,straight,,fine,,daylight,traffic_lights,0,0,0,0,2,0,0,0,0,0,0,0,0,0,0,0,0,0,0,0
-37.74469401,175.2399139,Hamilton City,2018,property_damage,50,TRUE,straight,,fine,,daylight,giveway_sign,0,0,0,0,2,0,0,0,0,0,0,0,0,0,0,0,0,0,0,0
-37.78846709,175.2772877,Hamilton City,2018,property_damage,50,TRUE,straight,,fine,,daylight,traffic_lights,0,0,0,0,2,0,0,0,0,0,0,0,0,0,0,0,0,0,0,0
-37.78846709,175.2772877,Hamilton City,2018,property_damage,50,TRUE,straight,,fine,,daylight,traffic_lights,0,0,0,0,2,0,0,0,0,0,0,0,0,0,0,0,0,0,0,0
-37.03510681,174.9101929,Auckland,2018,property_damage,80,FALSE,straight,,fine,,daylight,,0,0,0,0,2,0,0,0,0,0,0,0,0,0,0,0,0,0,0,0
-36.89566299,174.6884074,Auckland,2018,property_damage,50,FALSE,straight,,fine,,darkness_not_lit,,0,0,0,0,2,0,0,0,0,0,0,0,0,0,0,0,0,0,0,0
-40.21448734,175.5685213,Manawatu District,2018,property_damage,50,TRUE,straight,,fine,,daylight,,0,0,0,0,2,0,0,0,0,0,0,0,0,0,0,0,0,0,0,0
-40.21448734,175.5685213,Manawatu District,2018,property_damage,50,TRUE,straight,,fine,,daylight,,0,0,0,0,2,0,0,0,0,0,0,0,0,0,0,0,0,0,0,0
-41.19567514,174.9343635,Hutt City,2018,property_damage,50,TRUE,straight,,fine,,daylight,stop_sign,0,0,0,0,2,0,0,0,0,0,0,0,0,0,0,0,0,0,0,0
-41.19567514,174.9343635,Hutt City,2018,property_damage,50,TRUE,straight,,fine,,daylight,stop_sign,0,0,0,0,2,0,0,0,0,0,0,0,0,0,0,0,0,0,0,0
-41.11856283,175.4378078,South Wairarapa District,2018,property_damage,100,TRUE,straight,,fine,,daylight,giveway_sign,0,0,0,0,2,0,0,0,0,0,0,0,0,0,0,0,0,0,0,0
-36.84003662,174.7442296,Auckland,2018,property_damage,80,FALSE,straight,,fine,,daylight,,0,0,0,0,2,0,0,0,0,0,0,0,0,0,0,0,0,0,0,0
-37.73933231,176.1493531,Tauranga City,2018,property_damage,100,FALSE,curved_view_open,,rain,,daylight,,0,0,0,0,2,0,0,0,0,0,0,0,0,0,0,0,0,0,0,0
-37.06607844,174.9597138,Auckland,2018,property_damage,50,TRUE,straight,,fine,,dawn_dusk,stop_sign,0,0,0,0,2,0,0,0,0,0,0,0,0,0,0,0,0,0,0,0
-37.06607844,174.9597138,Auckland,2018,property_damage,50,TRUE,straight,,fine,,darkness_not_lit,,0,0,0,0,2,0,0,0,0,0,0,0,0,0,0,0,0,0,0,0
-36.90713819,174.7135101,Auckland,2018,property_damage,50,TRUE,curved_view_open,,fine,,daylight,traffic_lights,0,0,0,0,2,0,0,0,0,0,0,0,0,0,0,0,0,0,0,0
-36.94052545,174.8439606,Auckland,2018,property_damage,50,FALSE,straight,,fine,,dawn_dusk,,0,0,0,0,2,0,0,0,0,0,0,0,0,0,0,0,0,0,0,0
-36.92724653,174.8978876,Auckland,2018,property_damage,60,FALSE,straight,,fine,,darkness_not_lit,traffic_lights,0,0,0,0,2,0,0,0,0,0,0,0,0,0,0,0,0,0,0,0
-36.7293752,174.7152171,Auckland,2018,property_damage,100,FALSE,straight,,fine,,daylight,,0,0,0,0,2,0,0,0,0,0,0,0,0,0,0,0,0,0,0,0
-36.22993924,174.5031536,Auckland,2018,property_damage,100,FALSE,straight,,rain,,daylight,,0,0,0,0,2,0,0,0,0,0,0,0,0,0,0,0,0,0,0,0
-37.66770126,176.1534842,Tauranga City,2018,property_damage,50,TRUE,straight,,fine,,daylight,stop_sign,0,0,0,0,2,0,0,0,0,0,0,0,0,0,0,0,0,0,0,0
-37.66770126,176.1534842,Tauranga City,2018,property_damage,50,TRUE,straight,,fine,,daylight,giveway_sign,0,0,0,0,2,0,0,0,0,0,0,0,0,0,0,0,0,0,0,0
-36.86778074,174.7685753,Auckland,2018,property_damage,80,FALSE,straight,,fine,,daylight,,0,0,0,0,2,0,0,0,0,0,0,0,0,0,0,0,0,0,0,0
-37.74344062,175.2290272,Hamilton City,2018,property_damage,60,TRUE,straight,,fine,,darkness_not_lit,giveway_sign,0,0,0,0,2,0,0,0,0,0,0,0,0,0,0,0,0,0,0,0
-36.88259294,174.7488775,Auckland,2018,property_damage,50,TRUE,straight,,fine,,darkness_not_lit,stop_sign,0,0,0,0,2,0,0,0,0,0,0,0,0,0,0,0,0,0,0,0
-36.86740631,174.7291015,Auckland,2018,property_damage,50,TRUE,straight,,fine,,daylight,traffic_lights,0,0,0,0,2,0,0,0,0,0,0,0,0,0,0,0,0,0,0,0
-36.8886905,174.8111367,Auckland,2018,property_damage,50,FALSE,straight,,fine,,dawn_dusk,,0,0,0,0,2,0,0,0,0,0,0,0,0,0,0,0,0,0,0,0
-37.13848654,175.5405753,Thames-Coromandel District,2018,property_damage,50,TRUE,curved_view_open,,fine,,daylight,giveway_sign,0,0,0,0,2,0,0,0,0,0,0,0,0,0,0,0,0,0,0,0
-36.77157695,174.5386256,Auckland,2018,property_damage,60,TRUE,straight,,rain,,darkness_not_lit,,0,0,0,0,2,0,0,0,0,0,0,0,0,0,0,0,0,0,0,0
-36.77157695,174.5386256,Auckland,2018,property_damage,60,TRUE,straight,,fine,,daylight,stop_sign,0,0,0,0,2,0,0,0,0,0,0,0,0,0,0,0,0,0,0,0
-36.73103151,174.708479,Auckland,2018,property_damage,50,TRUE,curved_view_open,,fine,,daylight,giveway_sign,0,0,0,0,2,0,0,0,0,0,0,0,0,0,0,0,0,0,0,0
-36.88356175,174.7325851,Auckland,2018,property_damage,50,TRUE,straight,,rain,,daylight,traffic_lights,0,0,0,0,2,0,0,0,0,0,0,0,0,0,0,0,0,0,0,0
-36.96225055,174.8748215,Auckland,2018,property_damage,50,FALSE,straight,,fine,,daylight,traffic_lights,0,0,0,0,2,0,0,0,0,0,0,0,0,0,0,0,0,0,0,0
-36.99299288,174.8444291,Auckland,2018,property_damage,50,TRUE,straight,,fine,,daylight,traffic_lights,0,0,0,0,2,0,0,0,0,0,0,0,0,0,0,0,0,0,0,0
-36.99299288,174.8444291,Auckland,2018,property_damage,50,TRUE,straight,,fine,,darkness_not_lit,traffic_lights,0,0,0,0,2,0,0,0,0,0,0,0,0,0,0,0,0,0,0,0
-36.97185329,174.904589,Auckland,2018,property_damage,60,TRUE,straight,,fine,,daylight,traffic_lights,0,0,0,0,2,0,0,0,0,0,0,0,0,0,0,0,0,0,0,0
-36.85083611,174.7751833,Auckland,2018,property_damage,50,TRUE,straight,,rain,,daylight,traffic_lights,0,0,0,0,2,0,0,0,0,0,0,0,0,0,0,0,0,0,0,0
-37.72078801,175.2774367,Hamilton City,2018,property_damage,80,TRUE,straight,,fine,,darkness_not_lit,giveway_sign,0,0,0,0,2,0,0,0,0,0,0,0,0,0,0,0,0,0,0,0
-37.78032464,175.2602454,Hamilton City,2018,property_damage,50,FALSE,curved_view_open,,fine,,darkness_not_lit,,0,0,0,0,2,0,0,0,0,0,0,0,0,0,0,0,0,0,0,0
-36.86425502,174.5981645,Auckland,2018,property_damage,50,TRUE,straight,,fine,,daylight,giveway_sign,0,0,0,0,2,0,0,0,0,0,0,0,0,0,0,0,0,0,0,0
-36.87110936,174.6204981,Auckland,2018,property_damage,50,TRUE,straight,,fine,,darkness_not_lit,traffic_lights,0,0,0,0,2,0,0,0,0,0,0,0,0,0,0,0,0,0,0,0
-36.88750558,174.6991682,Auckland,2018,property_damage,50,TRUE,straight,,fine,,daylight,stop_sign,0,0,0,0,2,0,0,0,0,0,0,0,0,0,0,0,0,0,0,0
-37.78430125,175.2671452,Hamilton City,2018,property_damage,60,FALSE,straight,,fine,,daylight,,0,0,0,0,2,0,0,0,0,0,0,0,0,0,0,0,0,0,0,0
-36.98840829,174.8860924,Auckland,2018,property_damage,100,FALSE,straight,,rain,,daylight,,0,0,0,0,2,0,0,0,0,0,0,0,0,0,0,0,0,0,0,0
-36.74662716,174.7357395,Auckland,2018,property_damage,50,TRUE,straight,,fine,,daylight,traffic_lights,0,0,0,0,2,0,0,0,0,0,0,0,0,0,0,0,0,0,0,0
-37.8041546,175.2885137,Hamilton City,2018,property_damage,80,TRUE,straight,,fine,,darkness_not_lit,traffic_lights,0,0,0,0,2,0,0,0,0,0,0,0,0,0,0,0,0,0,0,0