latitude,longitude,local_government_area,year,severity,speed_limit,intersection,road_position_horizontal,road_wet,weather,crash_type,lighting,traffic_controls,casualties,fatalities,serious_injuries,minor_injuries,car_sedan,car_utility,car_van,car_4x4,car_station_wagon,motor_cycle,truck_small,truck_large,bus,taxi,bicycle,scooter,pedestrian,inanimate,train,tram
-37.8041546,175.2885137,Hamilton City,2018,property_damage,80,TRUE,straight,,fine,,daylight,traffic_lights,0,0,0,0,2,0,0,0,0,0,0,0,0,0,0,0,0,0,0,0
-37.8041546,175.2885137,Hamilton City,2018,property_damage,80,TRUE,straight,,fine,,darkness_not_lit,traffic_lights,0,0,0,0,2,0,0,0,0,0,0,0,0,0,0,0,0,0,0,0
-37.8041546,175.2885137,Hamilton City,2018,property_damage,80,TRUE,curved_view_open,,fine,,daylight,giveway_sign,0,0,0,0,2,0,0,0,0,0,0,0,0,0,0,0,0,0,0,0
-37.8041546,175.2885137,Hamilton City,2018,property_damage,80,TRUE,straight,,fine,,daylight,traffic_lights,0,0,0,0,2,0,0,0,0,0,0,0,0,0,0,0,0,0,0,0
-37.85231794,175.2122891,Waipa District,2018,property_damage,100,TRUE,curved_view_open,,rain,,daylight,giveway_sign,0,0,0,0,2,0,0,0,0,0,0,0,0,0,0,0,0,0,0,0
-38.63381624,176.0893889,Taupo District,2018,property_damage,100,TRUE,straight,,fine,,daylight,giveway_sign,0,0,0,0,2,0,0,0,0,0,0,0,0,0,0,0,0,0,0,0
-37.81105163,176.4079922,Western Bay Of Plenty District,2018,property_damage,100,TRUE,straight,,fine,,daylight,stop_sign,0,0,0,0,2,0,0,0,0,0,0,0,0,0,0,0,0,0,0,0
-36.78766613,174.753553,Auckland,2018,property_damage,50,TRUE,curved_view_open,,fine,,daylight,giveway_sign,0,0,0,0,2,0,0,0,0,0,0,0,0,0,0,0,0,0,0,0
-36.99013064,174.8786518,Auckland,2018,property_damage,50,TRUE,straight,,fine,,daylight,giveway_sign,0,0,0,0,2,0,0,0,0,0,0,0,0,0,0,0,0,0,0,0
-36.88679386,174.7929703,Auckland,2018,property_damage,100,FALSE,straight,,fine,,darkness_not_lit,,0,0,0,0,2,0,0,0,0,0,0,0,0,0,0,0,0,0,0,0
-36.9044509,174.7414863,Auckland,2018,property_damage,50,FALSE,straight,,fine,,daylight,,0,0,0,0,2,0,0,0,0,0,0,0,0,0,0,0,0,0,0,0
-36.82759056,174.7478039,Auckland,2018,property_damage,80,FALSE,straight,,fine,,daylight,,0,0,0,0,2,0,0,0,0,0,0,0,0,0,0,0,0,0,0,0
-36.82759056,174.7478039,Auckland,2018,property_damage,80,FALSE,straight,,fine,,daylight,,0,0,0,0,2,0,0,0,0,0,0,0,0,0,0,0,0,0,0,0
-37.7835813,176.3252013,Western Bay Of Plenty District,2018,property_damage,50,FALSE,straight,,fine,,daylight,,0,0,0,0,2,0,0,0,0,0,0,0,0,0,0,0,0,0,0,0
-36.77347853,174.7437621,Auckland,2018,property_damage,100,FALSE,straight,,fine,,daylight,,0,0,0,0,2,0,0,0,0,0,0,0,0,0,0,0,0,0,0,0
-36.94112839,174.7868432,Auckland,2018,property_damage,50,TRUE,straight,,rain,,daylight,giveway_sign,0,0,0,0,2,0,0,0,0,0,0,0,0,0,0,0,0,0,0,0
-36.9054081,174.9258536,Auckland,2018,property_damage,50,TRUE,straight,,fine,,daylight,stop_sign,0,0,0,0,2,0,0,0,0,0,0,0,0,0,0,0,0,0,0,0
-36.9054081,174.9258536,Auckland,2018,property_damage,50,TRUE,straight,,fine,,dawn_dusk,stop_sign,0,0,0,0,2,0,0,0,0,0,0,0,0,0,0,0,0,0,0,0
-37.02929532,174.9033473,Auckland,2018,property_damage,50,TRUE,straight,,rain,,daylight,giveway_sign,0,0,0,0,2,0,0,0,0,0,0,0,0,0,0,0,0,0,0,0
-36.87473452,174.6269698,Auckland,2018,property_damage,50,FALSE,straight,,fine,,daylight,,0,0,0,0,2,0,0,0,0,0,0,0,0,0,0,0,0,0,0,0
-36.91507111,174.8711064,Auckland,2018,property_damage,60,FALSE,straight,,fine,,daylight,,0,0,0,0,2,0,0,0,0,0,0,0,0,0,0,0,0,0,0,0
-36.84378206,174.7634467,Auckland,2018,property_damage,50,TRUE,curved_view_open,,fine,,darkness_not_lit,traffic_lights,0,0,0,0,2,0,0,0,0,0,0,0,0,0,0,0,0,0,0,0
-36.95477914,174.7907223,Auckland,2018,property_damage,60,FALSE,straight,,fine,,darkness_not_lit,traffic_lights,0,0,0,0,2,0,0,0,0,0,0,0,0,0,0,0,0,0,0,0
-37.72435425,176.1699752,Tauranga City,2018,property_damage,50,TRUE,curved_view_open,,fine,,daylight,giveway_sign,0,0,0,0,2,0,0,0,0,0,0,0,0,0,0,0,0,0,0,0
-38.66581835,178.0225223,Gisborne District,2018,property_damage,50,TRUE,straight,,fine,,daylight,giveway_sign,0,0,0,0,2,0,0,0,0,0,0,0,0,0,0,0,0,0,0,0
-41.51897231,173.9606911,Marlborough District,2018,property_damage,50,TRUE,straight,,rain,,daylight,giveway_sign,0,0,0,0,2,0,0,0,0,0,0,0,0,0,0,0,0,0,0,0
-41.51897231,173.9606911,Marlborough District,2018,property_damage,50,TRUE,straight,,fine,,daylight,giveway_sign,0,0,0,0,2,0,0,0,0,0,0,0,0,0,0,0,0,0,0,0
-40.96028767,175.6668824,Masterton District,2018,property_damage,50,TRUE,straight,,fine,,daylight,,0,0,0,0,2,0,0,0,0,0,0,0,0,0,0,0,0,0,0,0
-41.29083173,174.777111,Wellington City,2018,property_damage,30,FALSE,straight,,fine,,darkness_not_lit,,0,0,0,0,2,0,0,0,0,0,0,0,0,0,0,0,0,0,0,0
-41.29083173,174.777111,Wellington City,2018,property_damage,30,FALSE,straight,,fine,,darkness_not_lit,,0,0,0,0,2,0,0,0,0,0,0,0,0,0,0,0,0,0,0,0
-38.66823695,178.0284572,Gisborne District,2018,property_damage,50,TRUE,straight,,fine,,daylight,stop_sign,0,0,0,0,2,0,0,0,0,0,0,0,0,0,0,0,0,0,0,0
-41.24474353,173.055878,Tasman District,2018,property_damage,100,TRUE,curved_view_open,,fine,,dawn_dusk,giveway_sign,0,0,0,0,2,0,0,0,0,0,0,0,0,0,0,0,0,0,0,0
-41.18273457,174.830054,Wellington City,2018,property_damage,100,FALSE,straight,,fine,,darkness_not_lit,,0,0,0,0,2,0,0,0,0,0,0,0,0,0,0,0,0,0,0,0
-41.21680769,174.8908978,Hutt City,2018,property_damage,50,TRUE,straight,,fine,,daylight,traffic_lights,0,0,0,0,2,0,0,0,0,0,0,0,0,0,0,0,0,0,0,0
-40.87207578,175.0362064,Kapiti Coast District,2018,property_damage,50,TRUE,curved_view_open,,fine,,daylight,giveway_sign,0,0,0,0,2,0,0,0,0,0,0,0,0,0,0,0,0,0,0,0
-40.62255866,175.2882868,Horowhenua District,2018,property_damage,50,TRUE,straight,,fine,,daylight,giveway_sign,0,0,0,0,2,0,0,0,0,0,0,0,0,0,0,0,0,0,0,0
-39.48413304,176.9149538,Napier City,2018,property_damage,50,TRUE,curved_view_open,,fine,,daylight,stop_sign,0,0,0,0,2,0,0,0,0,0,0,0,0,0,0,0,0,0,0,0
-39.5107756,176.8770807,Napier City,2018,property_damage,50,TRUE,curved_view_open,,rain,,darkness_not_lit,giveway_sign,0,0,0,0,2,0,0,0,0,0,0,0,0,0,0,0,0,0,0,0
-39.5107756,176.8770807,Napier City,2018,property_damage,50,TRUE,curved_view_open,,fine,,daylight,giveway_sign,0,0,0,0,2,0,0,0,0,0,0,0,0,0,0,0,0,0,0,0
-41.2291042,173.4240796,Nelson City,2018,property_damage,100,FALSE,curved_view_open,,rain,,daylight,,0,0,0,0,2,0,0,0,0,0,0,0,0,0,0,0,0,0,0,0
-40.28924242,175.7582384,Palmerston North City,2018,property_damage,50,TRUE,straight,,rain,,daylight,giveway_sign,0,0,0,0,2,0,0,0,0,0,0,0,0,0,0,0,0,0,0,0
-40.35446051,175.6119297,Palmerston North City,2018,property_damage,50,FALSE,straight,,rain,,darkness_not_lit,,0,0,0,0,2,0,0,0,0,0,0,0,0,0,0,0,0,0,0,0
-39.53093116,176.8467999,Napier City,2018,property_damage,50,FALSE,curved_view_open,,fine,,daylight,,0,0,0,0,2,0,0,0,0,0,0,0,0,0,0,0,0,0,0,0
-41.14030729,174.8683595,Porirua City,2018,property_damage,50,FALSE,straight,,fine,,daylight,,0,0,0,0,2,0,0,0,0,0,0,0,0,0,0,0,0,0,0,0
-41.3155936,174.8145559,Wellington City,2018,property_damage,30,FALSE,straight,,fine,,daylight,,0,0,0,0,2,0,0,0,0,0,0,0,0,0,0,0,0,0,0,0
-41.2739084,173.2762069,Nelson City,2018,property_damage,50,TRUE,curved_view_open,,fine,,daylight,giveway_sign,0,0,0,0,2,0,0,0,0,0,0,0,0,0,0,0,0,0,0,0
-41.21041663,174.8790963,Hutt City,2018,property_damage,50,TRUE,curved_view_open,,rain,,darkness_not_lit,giveway_sign,0,0,0,0,2,0,0,0,0,0,0,0,0,0,0,0,0,0,0,0
-39.93487906,175.0553815,Wanganui District,2018,property_damage,50,TRUE,straight,,fine,,daylight,traffic_lights,0,0,0,0,2,0,0,0,0,0,0,0,0,0,0,0,0,0,0,0
-41.30152893,174.783732,Wellington City,2018,property_damage,50,FALSE,straight,,fine,,daylight,,0,0,0,0,2,0,0,0,0,0,0,0,0,0,0,0,0,0,0,0
-45.90181075,170.4227899,Dunedin City,2018,property_damage,50,TRUE,curved_view_open,,fine,,daylight,stop_sign,0,0,0,0,2,0,0,0,0,0,0,0,0,0,0,0,0,0,0,0
-43.53998492,172.6457278,Christchurch City,2018,property_damage,50,TRUE,straight,,fine,,darkness_not_lit,traffic_lights,0,0,0,0,2,0,0,0,0,0,0,0,0,0,0,0,0,0,0,0
-45.87378043,170.5033333,Dunedin City,2018,property_damage,30,FALSE,straight,,fine,,dawn_dusk,,0,0,0,0,2,0,0,0,0,0,0,0,0,0,0,0,0,0,0,0
-43.49058006,172.6610927,Christchurch City,2018,property_damage,60,FALSE,straight,,fine,,darkness_not_lit,,0,0,0,0,2,0,0,0,0,0,0,0,0,0,0,0,0,0,0,0
-43.64186531,172.4706084,Selwyn District,2018,property_damage,50,TRUE,straight,,fine,,darkness_not_lit,giveway_sign,0,0,0,0,2,0,0,0,0,0,0,0,0,0,0,0,0,0,0,0
-44.04486366,171.2680327,Timaru District,2018,property_damage,100,FALSE,straight,,fine,,daylight,giveway_sign,0,0,0,0,2,0,0,0,0,0,0,0,0,0,0,0,0,0,0,0
-43.53229574,172.5673583,Christchurch City,2018,property_damage,50,TRUE,straight,,fine,,daylight,traffic_lights,0,0,0,0,2,0,0,0,0,0,0,0,0,0,0,0,0,0,0,0
-45.02976608,168.6645974,Queenstown-Lakes District,2018,property_damage,50,TRUE,straight,,fine,,daylight,,0,0,0,0,2,0,0,0,0,0,0,0,0,0,0,0,0,0,0,0
-45.02976608,168.6645974,Queenstown-Lakes District,2018,property_damage,50,TRUE,straight,,fine,,daylight,,0,0,0,0,2,0,0,0,0,0,0,0,0,0,0,0,0,0,0,0
-44.71199701,169.1555007,Queenstown-Lakes District,2018,property_damage,80,TRUE,straight,,fine,,daylight,stop_sign,0,0,0,0,2,0,0,0,0,0,0,0,0,0,0,0,0,0,0,0
-41.51310793,173.9682859,Marlborough District,2018,property_damage,50,TRUE,straight,,,,daylight,giveway_sign,0,0,0,0,2,0,0,0,0,0,0,0,0,0,0,0,0,0,0,0
-38.0122572,177.282014,Opotiki District,2018,property_damage,50,TRUE,straight,,fine,,daylight,stop_sign,0,0,0,0,2,0,0,0,0,0,0,0,0,0,0,0,0,0,0,0
-36.93509619,174.9147778,Auckland,2018,property_damage,50,TRUE,straight,,fine,,daylight,traffic_lights,0,0,0,0,2,0,0,0,0,0,0,0,0,0,0,0,0,0,0,0
-38.12755025,176.2108225,Rotorua District,2018,property_damage,50,TRUE,straight,,fine,,daylight,stop_sign,0,0,0,0,2,0,0,0,0,0,0,0,0,0,0,0,0,0,0,0
-36.76830473,174.7202406,Auckland,2018,property_damage,50,FALSE,straight,,fine,,daylight,stop_sign,0,0,0,0,2,0,0,0,0,0,0,0,0,0,0,0,0,0,0,0
-37.74627283,175.2922901,Hamilton City,2018,property_damage,80,TRUE,straight,,fine,,darkness_not_lit,giveway_sign,0,0,0,0,2,0,0,0,0,0,0,0,0,0,0,0,0,0,0,0
-36.90336476,174.8122805,Auckland,2018,property_damage,50,FALSE,straight,,fine,,daylight,giveway_sign,0,0,0,0,2,0,0,0,0,0,0,0,0,0,0,0,0,0,0,0
-37.68287535,176.226308,Tauranga City,2018,property_damage,70,TRUE,curved_view_open,,fine,,daylight,giveway_sign,0,0,0,0,2,0,0,0,0,0,0,0,0,0,0,0,0,0,0,0
-41.29319823,174.7755153,Wellington City,2018,property_damage,50,FALSE,straight,,fine,,daylight,,0,0,0,0,2,0,0,0,0,0,0,0,0,0,0,0,0,0,0,0
-41.29319823,174.7755153,Wellington City,2018,property_damage,50,FALSE,straight,,fine,,daylight,,0,0,0,0,2,0,0,0,0,0,0,0,0,0,0,0,0,0,0,0
-41.31689791,174.8032065,Wellington City,2018,property_damage,70,TRUE,curved_view_open,,fine,,daylight,giveway_sign,0,0,0,0,2,0,0,0,0,0,0,0,0,0,0,0,0,0,0,0
-41.53055103,173.9069097,Marlborough District,2018,property_damage,80,TRUE,straight,,fine,,daylight,giveway_sign,0,0,0,0,2,0,0,0,0,0,0,0,0,0,0,0,0,0,0,0
-41.0917608,174.8681498,Porirua City,2018,property_damage,50,TRUE,straight,,fine,,darkness_not_lit,traffic_lights,0,0,0,0,2,0,0,0,0,0,0,0,0,0,0,0,0,0,0,0
-41.31267002,174.7703692,Wellington City,2018,property_damage,50,TRUE,straight,,fine,,daylight,giveway_sign,0,0,0,0,2,0,0,0,0,0,0,0,0,0,0,0,0,0,0,0
-39.05902885,174.0828375,New Plymouth District,2018,property_damage,50,TRUE,straight,,rain,,daylight,stop_sign,0,0,0,0,2,0,0,0,0,0,0,0,0,0,0,0,0,0,0,0
-41.13822804,174.8798933,Porirua City,2018,property_damage,50,FALSE,straight,,rain,,daylight,,0,0,0,0,2,0,0,0,0,0,0,0,0,0,0,0,0,0,0,0
-41.53402488,173.9551119,Marlborough District,2018,property_damage,50,TRUE,straight,,fine,,daylight,giveway_sign,0,0,0,0,2,0,0,0,0,0,0,0,0,0,0,0,0,0,0,0
-41.53402488,173.9551119,Marlborough District,2018,property_damage,50,TRUE,straight,,fine,,daylight,giveway_sign,0,0,0,0,2,0,0,0,0,0,0,0,0,0,0,0,0,0,0,0
-41.53402488,173.9551119,Marlborough District,2018,property_damage,50,TRUE,straight,,fine,,daylight,giveway_sign,0,0,0,0,2,0,0,0,0,0,0,0,0,0,0,0,0,0,0,0
-41.53402488,173.9551119,Marlborough District,2018,property_damage,50,TRUE,straight,,fine,,daylight,giveway_sign,0,0,0,0,2,0,0,0,0,0,0,0,0,0,0,0,0,0,0,0
-43.5254236,172.6570616,Christchurch City,2018,property_damage,50,TRUE,straight,,mist,,darkness_not_lit,traffic_lights,0,0,0,0,2,0,0,0,0,0,0,0,0,0,0,0,0,0,0,0
-45.89709536,170.4944244,Dunedin City,2018,property_damage,50,TRUE,straight,,fine,,daylight,giveway_sign,0,0,0,0,2,0,0,0,0,0,0,0,0,0,0,0,0,0,0,0
-45.08739141,170.9761579,Waitaki District,2018,property_damage,50,TRUE,straight,,fine,,daylight,giveway_sign,0,0,0,0,2,0,0,0,0,0,0,0,0,0,0,0,0,0,0,0
-43.54750687,172.646835,Christchurch City,2018,property_damage,60,TRUE,straight,,fine,,darkness_not_lit,traffic_lights,0,0,0,0,2,0,0,0,0,0,0,0,0,0,0,0,0,0,0,0
-43.54750687,172.646835,Christchurch City,2018,property_damage,60,TRUE,straight,,fine,,daylight,traffic_lights,0,0,0,0,2,0,0,0,0,0,0,0,0,0,0,0,0,0,0,0
-43.90483951,171.755803,Ashburton District,2018,property_damage,50,TRUE,straight,,fine,,daylight,giveway_sign,0,0,0,0,2,0,0,0,0,0,0,0,0,0,0,0,0,0,0,0
-37.79473874,175.2842825,Hamilton City,2018,property_damage,50,TRUE,straight,,fine,,daylight,giveway_sign,0,0,0,0,2,0,0,0,0,0,0,0,0,0,0,0,0,0,0,0
-37.00941953,174.8905114,Auckland,2018,property_damage,50,FALSE,straight,,,,daylight,traffic_lights,0,0,0,0,2,0,0,0,0,0,0,0,0,0,0,0,0,0,0,0
-36.90488243,174.8132367,Auckland,2018,property_damage,100,FALSE,straight,,rain,,darkness_not_lit,,0,0,0,0,2,0,0,0,0,0,0,0,0,0,0,0,0,0,0,0
-38.67986018,176.0873812,Taupo District,2018,property_damage,50,TRUE,straight,,fine,,daylight,giveway_sign,0,0,0,0,2,0,0,0,0,0,0,0,0,0,0,0,0,0,0,0
-38.13683548,176.2352182,Rotorua District,2018,property_damage,60,TRUE,straight,,fine,,darkness_not_lit,traffic_lights,0,0,0,0,2,0,0,0,0,0,0,0,0,0,0,0,0,0,0,0
-36.98957812,174.915469,Auckland,2018,property_damage,60,TRUE,straight,,fine,,darkness_not_lit,giveway_sign,0,0,0,0,2,0,0,0,0,0,0,0,0,0,0,0,0,0,0,0
-37.78031744,175.2718602,Hamilton City,2018,property_damage,50,FALSE,straight,,rain,,darkness_not_lit,traffic_lights,0,0,0,0,2,0,0,0,0,0,0,0,0,0,0,0,0,0,0,0
-37.74762853,175.2405585,Hamilton City,2018,property_damage,50,TRUE,curved_view_open,,fine,,daylight,traffic_lights,0,0,0,0,2,0,0,0,0,0,0,0,0,0,0,0,0,0,0,0
-37.75478296,175.2429649,Hamilton City,2018,property_damage,50,TRUE,straight,,fine,,daylight,giveway_sign,0,0,0,0,2,0,0,0,0,0,0,0,0,0,0,0,0,0,0,0
-37.63538098,175.1735652,Waikato District,2018,property_damage,100,TRUE,straight,,rain,,darkness_not_lit,,0,0,0,0,2,0,0,0,0,0,0,0,0,0,0,0,0,0,0,0
-36.93898921,174.8534789,Auckland,2018,property_damage,100,FALSE,straight,,fine,,daylight,,0,0,0,0,2,0,0,0,0,0,0,0,0,0,0,0,0,0,0,0
-36.86451757,174.8421543,Auckland,2018,property_damage,50,TRUE,curved_view_open,,fine,,darkness_not_lit,stop_sign,0,0,0,0,2,0,0,0,0,0,0,0,0,0,0,0,0,0,0,0
-36.91505999,174.8706684,Auckland,2018,property_damage,60,FALSE,curved_view_open,,fine,,daylight,traffic_lights,0,0,0,0,2,0,0,0,0,0,0,0,0,0,0,0,0,0,0,0
-35.73557658,174.3110684,Whangarei District,2018,property_damage,50,TRUE,straight,,fine,,daylight,stop_sign,0,0,0,0,2,0,0,0,0,0,0,0,0,0,0,0,0,0,0,0
-36.78521834,174.7508414,Auckland,2018,property_damage,100,FALSE,straight,,fine,,daylight,,0,0,0,0,2,0,0,0,0,0,0,0,0,0,0,0,0,0,0,0
-36.84354775,174.7500287,Auckland,2018,property_damage,80,TRUE,straight,,fine,,darkness_not_lit,,0,0,0,0,2,0,0,0,0,0,0,0,0,0,0,0,0,0,0,0
-38.11826089,176.227601,Rotorua District,2018,property_damage,60,TRUE,straight,,rain,,darkness_not_lit,,0,0,0,0,2,0,0,0,0,0,0,0,0,0,0,0,0,0,0,0
-38.13690783,176.2394533,Rotorua District,2018,property_damage,60,TRUE,straight,,fine,,daylight,stop_sign,0,0,0,0,2,0,0,0,0,0,0,0,0,0,0,0,0,0,0,0
-36.87956571,174.702246,Auckland,2018,property_damage,50,FALSE,straight,,fine,,daylight,traffic_lights,0,0,0,0,2,0,0,0,0,0,0,0,0,0,0,0,0,0,0,0
-36.87790282,174.8542899,Auckland,2018,property_damage,50,TRUE,straight,,fine,,daylight,giveway_sign,0,0,0,0,2,0,0,0,0,0,0,0,0,0,0,0,0,0,0,0
-36.87790282,174.8542899,Auckland,2018,property_damage,50,TRUE,straight,,fine,,daylight,giveway_sign,0,0,0,0,2,0,0,0,0,0,0,0,0,0,0,0,0,0,0,0
-36.86612066,174.8515147,Auckland,2018,property_damage,50,TRUE,straight,,fine,,daylight,giveway_sign,0,0,0,0,2,0,0,0,0,0,0,0,0,0,0,0,0,0,0,0
-36.86612066,174.8515147,Auckland,2018,property_damage,50,TRUE,straight,,fine,,daylight,giveway_sign,0,0,0,0,2,0,0,0,0,0,0,0,0,0,0,0,0,0,0,0
-37.71298725,176.1429515,Tauranga City,2018,property_damage,50,TRUE,straight,,fine,,daylight,traffic_lights,0,0,0,0,2,0,0,0,0,0,0,0,0,0,0,0,0,0,0,0
-37.71298725,176.1429515,Tauranga City,2018,property_damage,50,TRUE,straight,,fine,,daylight,traffic_lights,0,0,0,0,2,0,0,0,0,0,0,0,0,0,0,0,0,0,0,0
-36.74654693,174.7226556,Auckland,2018,property_damage,100,FALSE,straight,,fine,,darkness_not_lit,,0,0,0,0,2,0,0,0,0,0,0,0,0,0,0,0,0,0,0,0
-35.22255316,173.9531861,Far North District,2018,property_damage,50,FALSE,straight,,fine,,daylight,,0,0,0,0,2,0,0,0,0,0,0,0,0,0,0,0,0,0,0,0
-36.86872526,174.7264165,Auckland,2018,property_damage,100,FALSE,straight,,rain,,daylight,,0,0,0,0,2,0,0,0,0,0,0,0,0,0,0,0,0,0,0,0
-36.90164393,174.6547461,Auckland,2018,property_damage,50,FALSE,straight,,fine,,daylight,,0,0,0,0,2,0,0,0,0,0,0,0,0,0,0,0,0,0,0,0
-37.7418568,175.2558971,Hamilton City,2018,property_damage,50,TRUE,straight,,fine,,daylight,traffic_lights,0,0,0,0,2,0,0,0,0,0,0,0,0,0,0,0,0,0,0,0
-37.66171629,175.5176416,Matamata-Piako District,2018,property_damage,50,TRUE,straight,,fine,,darkness_not_lit,stop_sign,0,0,0,0,2,0,0,0,0,0,0,0,0,0,0,0,0,0,0,0
-37.03673787,174.9102113,Auckland,2018,property_damage,100,FALSE,straight,,fine,,darkness_not_lit,,0,0,0,0,2,0,0,0,0,0,0,0,0,0,0,0,0,0,0,0
-36.90873889,174.6265918,Auckland,2018,property_damage,50,FALSE,straight,,fine,,darkness_not_lit,,0,0,0,0,2,0,0,0,0,0,0,0,0,0,0,0,0,0,0,0
-36.90906061,174.667096,Auckland,2018,property_damage,50,FALSE,straight,,fine,,daylight,,0,0,0,0,2,0,0,0,0,0,0,0,0,0,0,0,0,0,0,0
-36.90906061,174.667096,Auckland,2018,property_damage,50,FALSE,straight,,fine,,daylight,,0,0,0,0,2,0,0,0,0,0,0,0,0,0,0,0,0,0,0,0
-36.84072702,174.6517391,Auckland,2018,property_damage,50,FALSE,straight,,fine,,daylight,,0,0,0,0,2,0,0,0,0,0,0,0,0,0,0,0,0,0,0,0
-36.63004274,174.7664698,Auckland,2018,property_damage,50,TRUE,straight,,fine,,daylight,giveway_sign,0,0,0,0,2,0,0,0,0,0,0,0,0,0,0,0,0,0,0,0
-37.69250216,176.1633564,Tauranga City,2018,property_damage,50,FALSE,straight,,fine,,daylight,,0,0,0,0,2,0,0,0,0,0,0,0,0,0,0,0,0,0,0,0
-36.95735222,174.8526998,Auckland,2018,property_damage,50,TRUE,straight,,fine,,darkness_not_lit,traffic_lights,0,0,0,0,2,0,0,0,0,0,0,0,0,0,0,0,0,0,0,0
-36.95735222,174.8526998,Auckland,2018,property_damage,50,TRUE,straight,,fine,,daylight,traffic_lights,0,0,0,0,2,0,0,0,0,0,0,0,0,0,0,0,0,0,0,0
-36.95735222,174.8526998,Auckland,2018,property_damage,50,TRUE,straight,,fine,,dawn_dusk,traffic_lights,0,0,0,0,2,0,0,0,0,0,0,0,0,0,0,0,0,0,0,0
-41.21309841,174.9066313,Hutt City,2018,property_damage,50,FALSE,straight,,fine,,daylight,,0,0,0,0,2,0,0,0,0,0,0,0,0,0,0,0,0,0,0,0
-41.50802261,173.9592351,Marlborough District,2018,property_damage,50,TRUE,straight,,fine,,daylight,giveway_sign,0,0,0,0,2,0,0,0,0,0,0,0,0,0,0,0,0,0,0,0
-40.32733694,175.6373763,Palmerston North City,2018,property_damage,50,TRUE,straight,,fine,,daylight,giveway_sign,0,0,0,0,2,0,0,0,0,0,0,0,0,0,0,0,0,0,0,0
-39.63124817,176.8529989,Hastings District,2018,property_damage,50,FALSE,straight,,rain,,daylight,,0,0,0,0,2,0,0,0,0,0,0,0,0,0,0,0,0,0,0,0
-40.08245807,175.2526196,Rangitikei District,2018,property_damage,100,TRUE,straight,,rain,,dawn_dusk,giveway_sign,0,0,0,0,2,0,0,0,0,0,0,0,0,0,0,0,0,0,0,0
-41.20318963,174.9055923,Hutt City,2018,property_damage,100,FALSE,straight,,rain,,dawn_dusk,,0,0,0,0,2,0,0,0,0,0,0,0,0,0,0,0,0,0,0,0
-38.66513763,178.0216017,Gisborne District,2018,property_damage,50,TRUE,straight,,rain,,daylight,giveway_sign,0,0,0,0,2,0,0,0,0,0,0,0,0,0,0,0,0,0,0,0
-38.99613941,175.8051216,Taupo District,2018,property_damage,100,FALSE,straight,,fine,,daylight,giveway_sign,0,0,0,0,2,0,0,0,0,0,0,0,0,0,0,0,0,0,0,0
-41.51095742,173.9594222,Marlborough District,2018,property_damage,50,TRUE,curved_view_open,,rain,,darkness_not_lit,giveway_sign,0,0,0,0,2,0,0,0,0,0,0,0,0,0,0,0,0,0,0,0
-41.51496677,173.9603682,Marlborough District,2018,property_damage,50,TRUE,straight,,fine,,daylight,giveway_sign,0,0,0,0,2,0,0,0,0,0,0,0,0,0,0,0,0,0,0,0
-41.18591184,174.9556567,Hutt City,2018,property_damage,50,FALSE,straight,,fine,,daylight,,0,0,0,0,2,0,0,0,0,0,0,0,0,0,0,0,0,0,0,0
-39.62055915,176.8167102,Hastings District,2018,property_damage,50,TRUE,straight,,fine,,daylight,giveway_sign,0,0,0,0,2,0,0,0,0,0,0,0,0,0,0,0,0,0,0,0
-39.05898902,174.0977,New Plymouth District,2018,property_damage,50,TRUE,curved_view_open,,fine,,daylight,giveway_sign,0,0,0,0,2,0,0,0,0,0,0,0,0,0,0,0,0,0,0,0
-38.66964879,177.9983264,Gisborne District,2018,property_damage,50,TRUE,straight,,rain,,daylight,stop_sign,0,0,0,0,2,0,0,0,0,0,0,0,0,0,0,0,0,0,0,0
-41.21554121,174.8105586,Wellington City,2018,property_damage,50,FALSE,straight,,fine,,daylight,,0,0,0,0,2,0,0,0,0,0,0,0,0,0,0,0,0,0,0,0
-39.9989452,176.5595957,Central Hawkes Bay District,2018,property_damage,50,TRUE,straight,,rain,,daylight,giveway_sign,0,0,0,0,2,0,0,0,0,0,0,0,0,0,0,0,0,0,0,0
-43.52409073,172.5691741,Christchurch City,2018,property_damage,50,TRUE,straight,,rain,,daylight,giveway_sign,0,0,0,0,2,0,0,0,0,0,0,0,0,0,0,0,0,0,0,0
-43.52409073,172.5691741,Christchurch City,2018,property_damage,50,TRUE,straight,,rain,,daylight,giveway_sign,0,0,0,0,2,0,0,0,0,0,0,0,0,0,0,0,0,0,0,0
-43.54996042,172.6367436,Christchurch City,2018,property_damage,50,FALSE,straight,,fine,,daylight,,0,0,0,0,2,0,0,0,0,0,0,0,0,0,0,0,0,0,0,0
-43.9068496,171.75271,Ashburton District,2018,property_damage,50,TRUE,straight,,fine,,daylight,giveway_sign,0,0,0,0,2,0,0,0,0,0,0,0,0,0,0,0,0,0,0,0