latitude,longitude,local_government_area,year,severity,speed_limit,intersection,road_position_horizontal,road_wet,weather,crash_type,lighting,traffic_controls,casualties,fatalities,serious_injuries,minor_injuries,car_sedan,car_utility,car_van,car_4x4,car_station_wagon,motor_cycle,truck_small,truck_large,bus,taxi,bicycle,scooter,pedestrian,inanimate,train,tram
-36.77317132,174.6754646,Auckland,2018,property_damage,50,TRUE,straight,,fine,,daylight,giveway_sign,0,0,0,0,2,0,0,0,0,0,0,0,0,0,0,0,0,0,0,0
-45.02119599,168.7040594,Queenstown-Lakes District,2018,property_damage,70,FALSE,straight,,fine,,daylight,,0,0,0,0,2,0,0,0,0,0,0,0,0,0,0,0,0,0,0,0
-36.9245159,174.9130313,Auckland,2018,property_damage,60,FALSE,straight,,rain,,daylight,,0,0,0,0,2,0,0,0,0,0,0,0,0,0,0,0,0,0,0,0
-43.49890335,172.5590867,Christchurch City,2018,property_damage,60,FALSE,straight,,fine,,daylight,,0,0,0,0,2,0,0,0,0,0,0,0,0,0,0,0,0,0,0,0
-43.54745126,172.6292693,Christchurch City,2018,property_damage,60,FALSE,straight,,fine,,daylight,,0,0,0,0,2,0,0,0,0,0,0,0,0,0,0,0,0,0,0,0
-38.65533566,177.9207003,Gisborne District,2018,property_damage,100,FALSE,curved_view_open,,fine,,darkness_not_lit,,0,0,0,0,2,0,0,0,0,0,0,0,0,0,0,0,0,0,0,0
-39.68670464,176.567154,Hastings District,2018,property_damage,100,FALSE,curved_view_open,,fine,,daylight,,0,0,0,0,2,0,0,0,0,0,0,0,0,0,0,0,0,0,0,0
-46.41297635,168.3483339,Invercargill City,2018,property_damage,50,FALSE,straight,,fine,,daylight,,0,0,0,0,2,0,0,0,0,0,0,0,0,0,0,0,0,0,0,0
-38.67048824,178.0399284,Gisborne District,2018,property_damage,50,FALSE,straight,,fine,,daylight,,0,0,0,0,2,0,0,0,0,0,0,0,0,0,0,0,0,0,0,0
-36.9989029,174.8277048,Auckland,2018,property_damage,100,FALSE,straight,,rain,,daylight,,0,0,0,0,2,0,0,0,0,0,0,0,0,0,0,0,0,0,0,0
-37.81143228,175.2821959,Hamilton City,2018,property_damage,60,FALSE,straight,,fine,,daylight,,0,0,0,0,2,0,0,0,0,0,0,0,0,0,0,0,0,0,0,0
-40.37084679,175.5890555,Palmerston North City,2018,property_damage,50,FALSE,straight,,fine,,dawn_dusk,,0,0,0,0,2,0,0,0,0,0,0,0,0,0,0,0,0,0,0,0
-38.45993053,176.0595846,Taupo District,2018,property_damage,100,FALSE,curved_view_open,,fine,,daylight,,0,0,0,0,2,0,0,0,0,0,0,0,0,0,0,0,0,0,0,0
-37.66851689,176.2271819,Tauranga City,2018,property_damage,50,FALSE,straight,,fine,,daylight,,0,0,0,0,2,0,0,0,0,0,0,0,0,0,0,0,0,0,0,0
-38.05040187,175.7802548,South Waikato District,2018,property_damage,50,TRUE,curved_view_open,,fine,,daylight,giveway_sign,0,0,0,0,2,0,0,0,0,0,0,0,0,0,0,0,0,0,0,0
-39.02262378,174.1901974,New Plymouth District,2018,property_damage,80,FALSE,straight,,fine,,daylight,,0,0,0,0,2,0,0,0,0,0,0,0,0,0,0,0,0,0,0,0
-41.30818583,174.8848402,Hutt City,2018,property_damage,50,FALSE,straight,,fine,,daylight,,0,0,0,0,2,0,0,0,0,0,0,0,0,0,0,0,0,0,0,0
-41.14384853,174.8677213,Porirua City,2018,property_damage,50,FALSE,straight,,fine,,daylight,,0,0,0,0,2,0,0,0,0,0,0,0,0,0,0,0,0,0,0,0
-41.26118348,174.9472419,Hutt City,2018,property_damage,50,FALSE,straight,,fine,,daylight,giveway_sign,0,0,0,0,2,0,0,0,0,0,0,0,0,0,0,0,0,0,0,0
-43.64575687,172.7096948,Christchurch City,2018,property_damage,50,FALSE,curved_view_open,,rain,,daylight,,0,0,0,0,2,0,0,0,0,0,0,0,0,0,0,0,0,0,0,0
-37.66594197,176.1907218,Tauranga City,2018,property_damage,50,FALSE,straight,,fine,,daylight,traffic_lights,0,0,0,0,2,0,0,0,0,0,0,0,0,0,0,0,0,0,0,0
-35.05862628,173.2581958,Far North District,2018,property_damage,100,FALSE,straight,,fine,,dawn_dusk,giveway_sign,0,0,0,0,2,0,0,0,0,0,0,0,0,0,0,0,0,0,0,0
-37.73886818,175.2158403,Hamilton City,2018,property_damage,50,TRUE,straight,,fine,,daylight,giveway_sign,0,0,0,0,2,0,0,0,0,0,0,0,0,0,0,0,0,0,0,0
-42.46524641,171.1987121,Grey District,2018,property_damage,50,TRUE,straight,,fine,,daylight,giveway_sign,0,0,0,0,2,0,0,0,0,0,0,0,0,0,0,0,0,0,0,0
-40.47843952,175.5146136,Horowhenua District,2018,property_damage,100,FALSE,straight,,fine,,dawn_dusk,,0,0,0,0,2,0,0,0,0,0,0,0,0,0,0,0,0,0,0,0
-37.87110256,175.8803437,Matamata-Piako District,2018,property_damage,100,FALSE,straight,,fine,,daylight,,0,0,0,0,2,0,0,0,0,0,0,0,0,0,0,0,0,0,0,0
-36.88217436,174.7188875,Auckland,2018,property_damage,50,FALSE,straight,,rain,,daylight,,0,0,0,0,2,0,0,0,0,0,0,0,0,0,0,0,0,0,0,0
-36.89961993,174.8090159,Auckland,2018,property_damage,100,FALSE,straight,,fine,,daylight,,0,0,0,0,2,0,0,0,0,0,0,0,0,0,0,0,0,0,0,0
-36.85129329,174.7711226,Auckland,2018,property_damage,50,FALSE,straight,,fine,,daylight,,0,0,0,0,2,0,0,0,0,0,0,0,0,0,0,0,0,0,0,0
-41.49969049,173.9625148,Marlborough District,2018,property_damage,50,FALSE,curved_view_open,,fine,,daylight,,0,0,0,0,2,0,0,0,0,0,0,0,0,0,0,0,0,0,0,0
-41.51240582,173.9596353,Marlborough District,2018,property_damage,50,FALSE,curved_view_open,,rain,,daylight,,0,0,0,0,2,0,0,0,0,0,0,0,0,0,0,0,0,0,0,0
-41.27538788,173.279031,Nelson City,2018,property_damage,50,TRUE,curved_view_open,,fine,,daylight,,0,0,0,0,2,0,0,0,0,0,0,0,0,0,0,0,0,0,0,0
-36.8989358,174.8516565,Auckland,2018,property_damage,50,TRUE,curved_view_open,,fine,,daylight,giveway_sign,0,0,0,0,2,0,0,0,0,0,0,0,0,0,0,0,0,0,0,0
-36.90490309,174.7215972,Auckland,2018,property_damage,50,FALSE,straight,,fine,,daylight,,0,0,0,0,2,0,0,0,0,0,0,0,0,0,0,0,0,0,0,0
-37.01098054,175.0242465,Auckland,2018,property_damage,100,FALSE,straight,,fine,,daylight,,0,0,0,0,2,0,0,0,0,0,0,0,0,0,0,0,0,0,0,0
-35.94083705,173.8710587,Kaipara District,2018,property_damage,50,FALSE,curved_view_open,,rain,,daylight,,0,0,0,0,2,0,0,0,0,0,0,0,0,0,0,0,0,0,0,0
-35.22818235,173.9482411,Far North District,2018,property_damage,30,FALSE,straight,,rain,,daylight,,0,0,0,0,2,0,0,0,0,0,0,0,0,0,0,0,0,0,0,0
-35.72650054,174.3149552,Whangarei District,2018,property_damage,50,FALSE,straight,,fine,,daylight,,0,0,0,0,2,0,0,0,0,0,0,0,0,0,0,0,0,0,0,0
-39.94124067,175.0220171,Wanganui District,2018,property_damage,50,FALSE,straight,,fine,,daylight,,0,0,0,0,2,0,0,0,0,0,0,0,0,0,0,0,0,0,0,0
-41.24235734,174.8218837,Wellington City,2018,property_damage,100,FALSE,straight,,fine,,daylight,,0,0,0,0,2,0,0,0,0,0,0,0,0,0,0,0,0,0,0,0
-41.29307755,174.7230118,Wellington City,2018,property_damage,50,FALSE,straight,,fine,,daylight,,0,0,0,0,2,0,0,0,0,0,0,0,0,0,0,0,0,0,0,0
-37.94869565,176.3710469,Western Bay Of Plenty District,2018,property_damage,100,FALSE,curved_view_open,,rain,,daylight,,0,0,0,0,2,0,0,0,0,0,0,0,0,0,0,0,0,0,0,0
-36.70962862,174.7398885,Auckland,2018,property_damage,50,FALSE,curved_view_open,,fine,,daylight,giveway_sign,0,0,0,0,2,0,0,0,0,0,0,0,0,0,0,0,0,0,0,0
-39.49244843,176.909539,Napier City,2018,property_damage,50,FALSE,straight,,fine,,daylight,,0,0,0,0,2,0,0,0,0,0,0,0,0,0,0,0,0,0,0,0
-37.0855313,174.9364889,Auckland,2018,property_damage,100,FALSE,straight,,fine,,daylight,,0,0,0,0,2,0,0,0,0,0,0,0,0,0,0,0,0,0,0,0
-38.99189584,175.7636371,Taupo District,2018,property_damage,100,FALSE,curved_view_open,,rain,,daylight,,0,0,0,0,2,0,0,0,0,0,0,0,0,0,0,0,0,0,0,0
-36.96927048,174.8749039,Auckland,2018,property_damage,100,FALSE,straight,,fine,,daylight,,0,0,0,0,2,0,0,0,0,0,0,0,0,0,0,0,0,0,0,0
-36.91040903,174.6896753,Auckland,2018,property_damage,60,FALSE,straight,,,,daylight,,0,0,0,0,2,0,0,0,0,0,0,0,0,0,0,0,0,0,0,0
-36.8932008,174.7780831,Auckland,2018,property_damage,50,FALSE,straight,,fine,,daylight,,0,0,0,0,2,0,0,0,0,0,0,0,0,0,0,0,0,0,0,0
-39.03263508,174.1570457,New Plymouth District,2018,property_damage,80,FALSE,straight,,fine,,darkness_not_lit,,0,0,0,0,2,0,0,0,0,0,0,0,0,0,0,0,0,0,0,0
-36.93849885,174.9072054,Auckland,2018,property_damage,50,FALSE,straight,,fine,,daylight,,0,0,0,0,2,0,0,0,0,0,0,0,0,0,0,0,0,0,0,0
-36.91505601,174.7244409,Auckland,2018,property_damage,50,FALSE,straight,,fine,,daylight,,0,0,0,0,2,0,0,0,0,0,0,0,0,0,0,0,0,0,0,0
-36.89756611,174.8024135,Auckland,2018,property_damage,50,FALSE,straight,,fine,,daylight,,0,0,0,0,2,0,0,0,0,0,0,0,0,0,0,0,0,0,0,0
-36.86859363,174.7305082,Auckland,2018,property_damage,100,FALSE,straight,,fine,,daylight,,0,0,0,0,2,0,0,0,0,0,0,0,0,0,0,0,0,0,0,0
-36.94419761,174.8816329,Auckland,2018,property_damage,50,FALSE,straight,,fine,,daylight,,0,0,0,0,2,0,0,0,0,0,0,0,0,0,0,0,0,0,0,0
-36.90240785,174.9051056,Auckland,2018,property_damage,60,FALSE,straight,,fine,,daylight,,0,0,0,0,2,0,0,0,0,0,0,0,0,0,0,0,0,0,0,0
-37.72288484,176.1349989,Tauranga City,2018,property_damage,50,FALSE,straight,,fine,,daylight,,0,0,0,0,2,0,0,0,0,0,0,0,0,0,0,0,0,0,0,0
-45.84439922,170.6316722,Dunedin City,2018,property_damage,50,FALSE,curved_view_open,,rain,,daylight,,0,0,0,0,2,0,0,0,0,0,0,0,0,0,0,0,0,0,0,0
-36.90015249,174.8371526,Auckland,2018,property_damage,50,FALSE,curved_view_open,,rain,,daylight,,0,0,0,0,2,0,0,0,0,0,0,0,0,0,0,0,0,0,0,0
-37.02747138,174.8900258,Auckland,2018,property_damage,50,FALSE,straight,,fine,,daylight,,0,0,0,0,2,0,0,0,0,0,0,0,0,0,0,0,0,0,0,0
-41.28406161,174.7397548,Wellington City,2018,property_damage,50,FALSE,straight,,fine,,daylight,,0,0,0,0,2,0,0,0,0,0,0,0,0,0,0,0,0,0,0,0
-41.30440844,174.7920284,Wellington City,2018,property_damage,50,FALSE,straight,,fine,,daylight,,0,0,0,0,2,0,0,0,0,0,0,0,0,0,0,0,0,0,0,0
-38.65874608,178.0085796,Gisborne District,2018,property_damage,50,FALSE,straight,,fine,,daylight,,0,0,0,0,2,0,0,0,0,0,0,0,0,0,0,0,0,0,0,0
-36.89376718,174.6924168,Auckland,2018,property_damage,50,FALSE,straight,,fine,,daylight,,0,0,0,0,2,0,0,0,0,0,0,0,0,0,0,0,0,0,0,0
-36.89070257,174.75942,Auckland,2018,property_damage,50,FALSE,straight,,fine,,daylight,,0,0,0,0,2,0,0,0,0,0,0,0,0,0,0,0,0,0,0,0
-36.8512961,174.7447321,Auckland,2018,property_damage,40,FALSE,straight,,fine,,daylight,,0,0,0,0,2,0,0,0,0,0,0,0,0,0,0,0,0,0,0,0
-37.19918854,174.8898271,Auckland,2018,property_damage,50,TRUE,straight,,fine,,darkness_not_lit,,0,0,0,0,2,0,0,0,0,0,0,0,0,0,0,0,0,0,0,0
-36.94161324,174.9085855,Auckland,2018,property_damage,80,FALSE,straight,,fine,,daylight,,0,0,0,0,2,0,0,0,0,0,0,0,0,0,0,0,0,0,0,0
-36.8516004,174.7583325,Auckland,2018,property_damage,50,FALSE,straight,,fine,,darkness_not_lit,,0,0,0,0,2,0,0,0,0,0,0,0,0,0,0,0,0,0,0,0
-36.79693176,174.7140103,Auckland,2018,property_damage,50,FALSE,curved_view_open,,rain,,daylight,,0,0,0,0,2,0,0,0,0,0,0,0,0,0,0,0,0,0,0,0
-39.53525945,176.8480046,Napier City,2018,property_damage,50,FALSE,straight,,fine,,daylight,,0,0,0,0,2,0,0,0,0,0,0,0,0,0,0,0,0,0,0,0
-40.35984968,175.6110192,Palmerston North City,2018,property_damage,50,FALSE,straight,,fine,,daylight,,0,0,0,0,2,0,0,0,0,0,0,0,0,0,0,0,0,0,0,0
-40.35984968,175.6110192,Palmerston North City,2018,property_damage,50,FALSE,straight,,fine,,darkness_not_lit,,0,0,0,0,2,0,0,0,0,0,0,0,0,0,0,0,0,0,0,0
-41.09381997,174.8689226,Porirua City,2018,property_damage,50,FALSE,straight,,fine,,daylight,,0,0,0,0,2,0,0,0,0,0,0,0,0,0,0,0,0,0,0,0
-40.61375955,175.2777383,Horowhenua District,2018,property_damage,50,TRUE,straight,,fine,,daylight,giveway_sign,0,0,0,0,2,0,0,0,0,0,0,0,0,0,0,0,0,0,0,0
-41.11616986,175.0634573,Upper Hutt City,2018,property_damage,100,FALSE,straight,,fine,,darkness_not_lit,,0,0,0,0,2,0,0,0,0,0,0,0,0,0,0,0,0,0,0,0
-37.95310475,175.7914422,South Waikato District,2018,property_damage,100,TRUE,curved_view_open,,rain,,daylight,giveway_sign,0,0,0,0,2,0,0,0,0,0,0,0,0,0,0,0,0,0,0,0
-36.87499763,174.6275026,Auckland,2018,property_damage,50,FALSE,straight,,fine,,dawn_dusk,traffic_lights,0,0,0,0,2,0,0,0,0,0,0,0,0,0,0,0,0,0,0,0
-38.88307912,175.262099,Ruapehu District,2018,property_damage,50,FALSE,straight,,fine,,daylight,,0,0,0,0,2,0,0,0,0,0,0,0,0,0,0,0,0,0,0,0
-36.96864407,174.8700472,Auckland,2018,property_damage,50,FALSE,straight,,fine,,darkness_not_lit,,0,0,0,0,2,0,0,0,0,0,0,0,0,0,0,0,0,0,0,0
-41.12494064,175.0681038,Upper Hutt City,2018,property_damage,50,FALSE,straight,,fine,,daylight,,0,0,0,0,2,0,0,0,0,0,0,0,0,0,0,0,0,0,0,0
-36.83038479,174.7459614,Auckland,2018,property_damage,80,FALSE,straight,,fine,,darkness_not_lit,,0,0,0,0,2,0,0,0,0,0,0,0,0,0,0,0,0,0,0,0
-43.52082534,172.6291478,Christchurch City,2018,property_damage,50,FALSE,straight,,rain,,daylight,,0,0,0,0,2,0,0,0,0,0,0,0,0,0,0,0,0,0,0,0
-37.04030575,174.9102895,Auckland,2018,property_damage,100,FALSE,straight,,fine,,daylight,,0,0,0,0,2,0,0,0,0,0,0,0,0,0,0,0,0,0,0,0
-36.79804802,174.7628121,Auckland,2018,property_damage,50,FALSE,straight,,fine,,daylight,traffic_lights,0,0,0,0,2,0,0,0,0,0,0,0,0,0,0,0,0,0,0,0
-36.80517698,174.7253807,Auckland,2018,property_damage,50,FALSE,straight,,fine,,daylight,,0,0,0,0,2,0,0,0,0,0,0,0,0,0,0,0,0,0,0,0
-36.72693307,174.6982095,Auckland,2018,property_damage,50,FALSE,straight,,fine,,daylight,traffic_lights,0,0,0,0,2,0,0,0,0,0,0,0,0,0,0,0,0,0,0,0
-36.88176984,174.6338512,Auckland,2018,property_damage,50,FALSE,straight,,fine,,daylight,,0,0,0,0,2,0,0,0,0,0,0,0,0,0,0,0,0,0,0,0
-46.4243289,168.3656414,Invercargill City,2018,property_damage,50,FALSE,straight,,rain,,daylight,,0,0,0,0,2,0,0,0,0,0,0,0,0,0,0,0,0,0,0,0
-36.89420658,174.8869918,Auckland,2018,property_damage,50,FALSE,straight,,fine,,daylight,,0,0,0,0,2,0,0,0,0,0,0,0,0,0,0,0,0,0,0,0
-36.75280654,174.7130056,Auckland,2018,property_damage,80,FALSE,straight,,fine,,daylight,,0,0,0,0,2,0,0,0,0,0,0,0,0,0,0,0,0,0,0,0
-36.8880813,174.7470952,Auckland,2018,property_damage,50,FALSE,straight,,fine,,darkness_not_lit,,0,0,0,0,2,0,0,0,0,0,0,0,0,0,0,0,0,0,0,0
-36.88166008,174.7491816,Auckland,2018,property_damage,50,FALSE,straight,,rain,,daylight,,0,0,0,0,2,0,0,0,0,0,0,0,0,0,0,0,0,0,0,0
-46.60007194,168.3463106,Invercargill City,2018,property_damage,50,FALSE,straight,,fine,,daylight,,0,0,0,0,2,0,0,0,0,0,0,0,0,0,0,0,0,0,0,0
-36.91343537,174.7841203,Auckland,2018,property_damage,50,FALSE,straight,,fine,,daylight,,0,0,0,0,2,0,0,0,0,0,0,0,0,0,0,0,0,0,0,0
-36.89705338,174.8094603,Auckland,2018,property_damage,50,FALSE,straight,,fine,,daylight,,0,0,0,0,2,0,0,0,0,0,0,0,0,0,0,0,0,0,0,0
-36.99931615,174.8516276,Auckland,2018,property_damage,60,FALSE,straight,,fine,,daylight,,0,0,0,0,2,0,0,0,0,0,0,0,0,0,0,0,0,0,0,0
-36.86191229,174.703851,Auckland,2018,property_damage,50,TRUE,straight,,fine,,daylight,giveway_sign,0,0,0,0,2,0,0,0,0,0,0,0,0,0,0,0,0,0,0,0
-36.90893109,174.6769368,Auckland,2018,property_damage,50,FALSE,straight,,fine,,daylight,,0,0,0,0,2,0,0,0,0,0,0,0,0,0,0,0,0,0,0,0
-41.15665854,174.8294713,Wellington City,2018,property_damage,50,TRUE,straight,,fine,,daylight,giveway_sign,0,0,0,0,2,0,0,0,0,0,0,0,0,0,0,0,0,0,0,0
-38.13560928,176.2538251,Rotorua District,2018,property_damage,50,FALSE,straight,,fine,,daylight,,0,0,0,0,2,0,0,0,0,0,0,0,0,0,0,0,0,0,0,0
-36.84556322,174.7709567,Auckland,2018,property_damage,50,FALSE,straight,,fine,,daylight,,0,0,0,0,2,0,0,0,0,0,0,0,0,0,0,0,0,0,0,0
-36.86432214,174.7623371,Auckland,2018,property_damage,50,FALSE,straight,,fine,,daylight,,0,0,0,0,2,0,0,0,0,0,0,0,0,0,0,0,0,0,0,0
-43.55848204,172.6866638,Christchurch City,2018,property_damage,50,FALSE,straight,,fine,,daylight,,0,0,0,0,2,0,0,0,0,0,0,0,0,0,0,0,0,0,0,0
-43.56160132,172.6751323,Christchurch City,2018,property_damage,50,FALSE,straight,,fine,,daylight,,0,0,0,0,2,0,0,0,0,0,0,0,0,0,0,0,0,0,0,0
-43.53872671,172.6523694,Christchurch City,2018,property_damage,50,FALSE,straight,,fine,,daylight,,0,0,0,0,2,0,0,0,0,0,0,0,0,0,0,0,0,0,0,0
-37.67307812,176.2336706,Tauranga City,2018,property_damage,50,FALSE,straight,,fine,,daylight,,0,0,0,0,2,0,0,0,0,0,0,0,0,0,0,0,0,0,0,0
-37.25132826,174.8869462,Waikato District,2018,property_damage,50,FALSE,straight,,fine,,daylight,,0,0,0,0,2,0,0,0,0,0,0,0,0,0,0,0,0,0,0,0
-37.79108347,175.2771296,Hamilton City,2018,property_damage,50,FALSE,straight,,fine,,daylight,,0,0,0,0,2,0,0,0,0,0,0,0,0,0,0,0,0,0,0,0
-36.81126712,175.5369102,Thames-Coromandel District,2018,property_damage,100,FALSE,straight,,fine,,daylight,,0,0,0,0,2,0,0,0,0,0,0,0,0,0,0,0,0,0,0,0
-38.03241896,177.1072416,Opotiki District,2018,property_damage,100,FALSE,curved_view_open,,fine,,daylight,,0,0,0,0,2,0,0,0,0,0,0,0,0,0,0,0,0,0,0,0
-36.95747658,174.7971199,Auckland,2018,property_damage,100,FALSE,straight,,rain,,dawn_dusk,,0,0,0,0,2,0,0,0,0,0,0,0,0,0,0,0,0,0,0,0
-43.51228813,172.6516799,Christchurch City,2018,property_damage,50,FALSE,straight,,fine,,daylight,,0,0,0,0,2,0,0,0,0,0,0,0,0,0,0,0,0,0,0,0
-35.70331987,174.312618,Whangarei District,2018,property_damage,50,FALSE,straight,,fine,,darkness_not_lit,,0,0,0,0,2,0,0,0,0,0,0,0,0,0,0,0,0,0,0,0
-37.69559078,176.1610726,Tauranga City,2018,property_damage,50,FALSE,straight,,fine,,darkness_not_lit,,0,0,0,0,2,0,0,0,0,0,0,0,0,0,0,0,0,0,0,0
-36.92220203,174.6483873,Auckland,2018,property_damage,50,FALSE,straight,,fine,,daylight,,0,0,0,0,2,0,0,0,0,0,0,0,0,0,0,0,0,0,0,0
-36.92068828,174.808144,Auckland,2018,property_damage,50,FALSE,straight,,rain,,darkness_not_lit,,0,0,0,0,2,0,0,0,0,0,0,0,0,0,0,0,0,0,0,0
-40.39779423,175.3457997,Manawatu District,2018,property_damage,100,FALSE,straight,,fine,,daylight,,0,0,0,0,2,0,0,0,0,0,0,0,0,0,0,0,0,0,0,0
-43.53402016,172.563831,Christchurch City,2018,property_damage,50,FALSE,straight,,fine,,daylight,,0,0,0,0,2,0,0,0,0,0,0,0,0,0,0,0,0,0,0,0
-41.28354591,174.7770447,Wellington City,2018,property_damage,50,FALSE,straight,,fine,,daylight,traffic_lights,0,0,0,0,2,0,0,0,0,0,0,0,0,0,0,0,0,0,0,0
-36.47698552,174.6553582,Auckland,2018,property_damage,100,FALSE,straight,,fine,,daylight,,0,0,0,0,2,0,0,0,0,0,0,0,0,0,0,0,0,0,0,0
-40.34148048,175.6234597,Palmerston North City,2018,property_damage,50,FALSE,straight,,fine,,daylight,,0,0,0,0,2,0,0,0,0,0,0,0,0,0,0,0,0,0,0,0
-37.79332609,175.3155469,Hamilton City,2018,property_damage,50,FALSE,straight,,fine,,daylight,,0,0,0,0,2,0,0,0,0,0,0,0,0,0,0,0,0,0,0,0
-37.05219286,174.9573325,Auckland,2018,property_damage,50,FALSE,straight,,fine,,daylight,,0,0,0,0,2,0,0,0,0,0,0,0,0,0,0,0,0,0,0,0
-41.13827145,174.8398381,Porirua City,2018,property_damage,50,FALSE,straight,,fine,,darkness_not_lit,,0,0,0,0,2,0,0,0,0,0,0,0,0,0,0,0,0,0,0,0
-37.6922267,176.1635488,Tauranga City,2018,property_damage,50,FALSE,straight,,fine,,daylight,traffic_lights,0,0,0,0,2,0,0,0,0,0,0,0,0,0,0,0,0,0,0,0
-37.87988544,175.4626064,Waipa District,2018,property_damage,50,FALSE,straight,,fine,,daylight,,0,0,0,0,2,0,0,0,0,0,0,0,0,0,0,0,0,0,0,0
-37.04595174,174.9228781,Auckland,2018,property_damage,50,FALSE,straight,,fine,,daylight,,0,0,0,0,2,0,0,0,0,0,0,0,0,0,0,0,0,0,0,0
-36.8464656,174.6291069,Auckland,2018,property_damage,100,FALSE,straight,,fine,,daylight,,0,0,0,0,2,0,0,0,0,0,0,0,0,0,0,0,0,0,0,0
-37.78993615,175.2999979,Hamilton City,2018,property_damage,50,FALSE,straight,,fine,,daylight,,0,0,0,0,2,0,0,0,0,0,0,0,0,0,0,0,0,0,0,0
-36.99416405,174.8857514,Auckland,2018,property_damage,60,FALSE,straight,,fine,,daylight,,0,0,0,0,2,0,0,0,0,0,0,0,0,0,0,0,0,0,0,0
-36.76431239,174.6950789,Auckland,2018,property_damage,100,FALSE,curved_view_open,,fine,,daylight,,0,0,0,0,2,0,0,0,0,0,0,0,0,0,0,0,0,0,0,0
-36.99985996,174.892567,Auckland,2018,property_damage,100,FALSE,straight,,fine,,daylight,,0,0,0,0,2,0,0,0,0,0,0,0,0,0,0,0,0,0,0,0
-37.02193739,174.8968016,Auckland,2018,property_damage,50,FALSE,straight,,rain,,daylight,,0,0,0,0,2,0,0,0,0,0,0,0,0,0,0,0,0,0,0,0
-37.76085699,175.2334661,Hamilton City,2018,property_damage,80,FALSE,straight,,rain,,daylight,,0,0,0,0,2,0,0,0,0,0,0,0,0,0,0,0,0,0,0,0
-39.58610996,176.9126636,Hastings District,2018,property_damage,50,FALSE,straight,,fine,,daylight,,0,0,0,0,2,0,0,0,0,0,0,0,0,0,0,0,0,0,0,0
-37.67027448,176.2143025,Tauranga City,2018,property_damage,70,FALSE,straight,,fine,,daylight,,0,0,0,0,2,0,0,0,0,0,0,0,0,0,0,0,0,0,0,0
-36.36824893,174.616414,Auckland,2018,property_damage,80,FALSE,curved_view_open,,fine,,daylight,,0,0,0,0,2,0,0,0,0,0,0,0,0,0,0,0,0,0,0,0
-37.69601282,176.1000986,Tauranga City,2018,property_damage,50,FALSE,straight,,fine,,daylight,,0,0,0,0,2,0,0,0,0,0,0,0,0,0,0,0,0,0,0,0
-36.91481275,174.8397604,Auckland,2018,property_damage,30,FALSE,straight,,fine,,daylight,,0,0,0,0,2,0,0,0,0,0,0,0,0,0,0,0,0,0,0,0
-37.67793192,176.1687678,Tauranga City,2018,property_damage,50,FALSE,straight,,fine,,daylight,,0,0,0,0,2,0,0,0,0,0,0,0,0,0,0,0,0,0,0,0
-38.68115807,176.0948502,Taupo District,2018,property_damage,50,FALSE,straight,,fine,,dawn_dusk,,0,0,0,0,2,0,0,0,0,0,0,0,0,0,0,0,0,0,0,0
-43.52563228,172.720493,Christchurch City,2018,property_damage,70,TRUE,straight,,fine,,daylight,giveway_sign,0,0,0,0,2,0,0,0,0,0,0,0,0,0,0,0,0,0,0,0
-43.58927422,172.3829807,Selwyn District,2018,property_damage,80,FALSE,straight,,fine,,daylight,,0,0,0,0,2,0,0,0,0,0,0,0,0,0,0,0,0,0,0,0
-36.94089696,174.8942176,Auckland,2018,property_damage,60,FALSE,straight,,fine,,daylight,,0,0,0,0,2,0,0,0,0,0,0,0,0,0,0,0,0,0,0,0
-41.19818922,174.9149039,Hutt City,2018,property_damage,100,FALSE,straight,,fine,,daylight,,0,0,0,0,2,0,0,0,0,0,0,0,0,0,0,0,0,0,0,0
-43.65918551,172.826991,Christchurch City,2018,property_damage,100,TRUE,curved_view_open,,rain,,daylight,,0,0,0,0,2,0,0,0,0,0,0,0,0,0,0,0,0,0,0,0
-36.75800754,174.7341476,Auckland,2018,property_damage,100,FALSE,straight,,fine,,daylight,,0,0,0,0,2,0,0,0,0,0,0,0,0,0,0,0,0,0,0,0
-41.29453449,174.7805556,Wellington City,2018,property_damage,50,FALSE,straight,,fine,,daylight,,0,0,0,0,2,0,0,0,0,0,0,0,0,0,0,0,0,0,0,0
-41.2245674,174.85687,Hutt City,2018,property_damage,100,FALSE,straight,,rain,,darkness_not_lit,,0,0,0,0,2,0,0,0,0,0,0,0,0,0,0,0,0,0,0,0
-35.78263477,173.7751464,Kaipara District,2018,property_damage,100,FALSE,curved_view_open,,fine,,daylight,,0,0,0,0,2,0,0,0,0,0,0,0,0,0,0,0,0,0,0,0
-41.20324456,174.9060828,Hutt City,2018,property_damage,100,FALSE,straight,,fine,,daylight,traffic_lights,0,0,0,0,2,0,0,0,0,0,0,0,0,0,0,0,0,0,0,0
-36.95747622,174.8539944,Auckland,2018,property_damage,50,FALSE,curved_view_open,,rain,,darkness_not_lit,,0,0,0,0,2,0,0,0,0,0,0,0,0,0,0,0,0,0,0,0
-35.69285507,174.3124023,Whangarei District,2018,property_damage,80,FALSE,straight,,fine,,daylight,,0,0,0,0,2,0,0,0,0,0,0,0,0,0,0,0,0,0,0,0
-41.24248829,174.8215771,Wellington City,2018,property_damage,80,FALSE,straight,,fine,,darkness_not_lit,,0,0,0,0,2,0,0,0,0,0,0,0,0,0,0,0,0,0,0,0
-43.51992017,172.65051,Christchurch City,2018,property_damage,50,FALSE,straight,,rain,,daylight,,0,0,0,0,2,0,0,0,0,0,0,0,0,0,0,0,0,0,0,0