latitude,longitude,local_government_area,year,severity,speed_limit,intersection,road_position_horizontal,road_wet,weather,crash_type,lighting,traffic_controls,casualties,fatalities,serious_injuries,minor_injuries,car_sedan,car_utility,car_van,car_4x4,car_station_wagon,motor_cycle,truck_small,truck_large,bus,taxi,bicycle,scooter,pedestrian,inanimate,train,tram
-36.97355852,174.8358381,Auckland,2018,property_damage,50,FALSE,straight,,fine,,daylight,,0,0,0,0,2,0,0,0,0,0,0,0,0,0,0,0,0,0,0,0
-41.19058649,174.9284306,Hutt City,2018,property_damage,100,FALSE,straight,,fine,,daylight,,0,0,0,0,2,0,0,0,0,0,0,0,0,0,0,0,0,0,0,0
-37.02286343,174.8980723,Auckland,2018,property_damage,50,FALSE,straight,,rain,,darkness_not_lit,,0,0,0,0,2,0,0,0,0,0,0,0,0,0,0,0,0,0,0,0
-38.13664749,176.1960504,Rotorua District,2018,property_damage,70,TRUE,straight,,fine,,darkness_not_lit,,0,0,0,0,2,0,0,0,0,0,0,0,0,0,0,0,0,0,0,0
-46.08511295,168.9564808,Gore District,2018,property_damage,50,TRUE,straight,,fine,,darkness_not_lit,giveway_sign,0,0,0,0,2,0,0,0,0,0,0,0,0,0,0,0,0,0,0,0
-36.88693362,174.7932653,Auckland,2018,property_damage,100,FALSE,straight,,fine,,daylight,,0,0,0,0,2,0,0,0,0,0,0,0,0,0,0,0,0,0,0,0
-36.96440795,174.8012703,Auckland,2018,property_damage,100,FALSE,straight,,fine,,darkness_not_lit,,0,0,0,0,2,0,0,0,0,0,0,0,0,0,0,0,0,0,0,0
-41.23916523,174.9077231,Hutt City,2018,property_damage,50,FALSE,straight,,fine,,dawn_dusk,,0,0,0,0,2,0,0,0,0,0,0,0,0,0,0,0,0,0,0,0
-36.70961048,174.7337197,Auckland,2018,property_damage,50,FALSE,straight,,fine,,darkness_not_lit,,0,0,0,0,2,0,0,0,0,0,0,0,0,0,0,0,0,0,0,0
-43.54586556,172.5032257,Christchurch City,2018,property_damage,70,FALSE,straight,,fine,,daylight,,0,0,0,0,2,0,0,0,0,0,0,0,0,0,0,0,0,0,0,0
-41.12103934,175.3374915,South Wairarapa District,2018,property_damage,70,FALSE,straight,,fine,,darkness_not_lit,,0,0,0,0,2,0,0,0,0,0,0,0,0,0,0,0,0,0,0,0
-43.52519151,172.6316579,Christchurch City,2018,property_damage,30,FALSE,straight,,fine,,darkness_not_lit,,0,0,0,0,2,0,0,0,0,0,0,0,0,0,0,0,0,0,0,0
-39.66711002,176.8789998,Hastings District,2018,property_damage,50,FALSE,straight,,rain,,daylight,,0,0,0,0,2,0,0,0,0,0,0,0,0,0,0,0,0,0,0,0
-38.05828776,176.9998047,Whakatane District,2018,property_damage,100,FALSE,straight,,rain,,daylight,,0,0,0,0,2,0,0,0,0,0,0,0,0,0,0,0,0,0,0,0
-36.98487787,174.8705457,Auckland,2018,property_damage,50,FALSE,straight,,fine,,daylight,,0,0,0,0,2,0,0,0,0,0,0,0,0,0,0,0,0,0,0,0
-36.89618396,174.8326584,Auckland,2018,property_damage,50,FALSE,straight,,fine,,daylight,,0,0,0,0,2,0,0,0,0,0,0,0,0,0,0,0,0,0,0,0
-45.87743735,170.4952313,Dunedin City,2018,property_damage,50,FALSE,curved_view_open,,fine,,daylight,,0,0,0,0,2,0,0,0,0,0,0,0,0,0,0,0,0,0,0,0
-37.27500163,175.5048104,Hauraki District,2018,property_damage,70,FALSE,straight,,fine,,darkness_not_lit,,0,0,0,0,2,0,0,0,0,0,0,0,0,0,0,0,0,0,0,0
-42.44793189,171.2161835,Grey District,2018,property_damage,30,FALSE,straight,,fine,,daylight,,0,0,0,0,2,0,0,0,0,0,0,0,0,0,0,0,0,0,0,0
-37.79508364,175.2957401,Hamilton City,2018,property_damage,50,FALSE,straight,,fine,,daylight,,0,0,0,0,2,0,0,0,0,0,0,0,0,0,0,0,0,0,0,0
-36.86860524,174.7235082,Auckland,2018,property_damage,80,FALSE,straight,,fine,,daylight,,0,0,0,0,2,0,0,0,0,0,0,0,0,0,0,0,0,0,0,0
-37.71112286,176.1658044,Tauranga City,2018,property_damage,50,FALSE,straight,,fine,,dawn_dusk,,0,0,0,0,2,0,0,0,0,0,0,0,0,0,0,0,0,0,0,0
-37.68614789,175.1738559,Waikato District,2018,property_damage,100,FALSE,straight,,fine,,daylight,,0,0,0,0,2,0,0,0,0,0,0,0,0,0,0,0,0,0,0,0
-39.31618175,174.2754148,Stratford District,2018,property_damage,100,FALSE,straight,,fine,,daylight,,0,0,0,0,2,0,0,0,0,0,0,0,0,0,0,0,0,0,0,0
-39.54460367,174.2171623,South Taranaki District,2018,property_damage,100,FALSE,curved_view_open,,fine,,darkness_not_lit,,0,0,0,0,2,0,0,0,0,0,0,0,0,0,0,0,0,0,0,0
-36.7843935,174.7505425,Auckland,2018,property_damage,100,FALSE,straight,,fine,,daylight,,0,0,0,0,2,0,0,0,0,0,0,0,0,0,0,0,0,0,0,0
-36.84877881,174.7837602,Auckland,2018,property_damage,50,TRUE,curved_view_open,,fine,,darkness_not_lit,giveway_sign,0,0,0,0,2,0,0,0,0,0,0,0,0,0,0,0,0,0,0,0
-41.11742798,175.0479773,Upper Hutt City,2018,property_damage,80,FALSE,straight,,fine,,daylight,,0,0,0,0,2,0,0,0,0,0,0,0,0,0,0,0,0,0,0,0
-41.49612891,173.9640315,Marlborough District,2018,property_damage,100,FALSE,curved_view_open,,fine,,daylight,,0,0,0,0,2,0,0,0,0,0,0,0,0,0,0,0,0,0,0,0
-38.70923805,176.0884155,Taupo District,2018,property_damage,50,FALSE,straight,,fine,,daylight,,0,0,0,0,2,0,0,0,0,0,0,0,0,0,0,0,0,0,0,0
-36.90485387,174.6797096,Auckland,2018,property_damage,50,FALSE,straight,,fine,,darkness_not_lit,,0,0,0,0,2,0,0,0,0,0,0,0,0,0,0,0,0,0,0,0
-36.94718478,174.7928578,Auckland,2018,property_damage,100,FALSE,straight,,rain,,daylight,,0,0,0,0,2,0,0,0,0,0,0,0,0,0,0,0,0,0,0,0
-36.83391068,174.7433952,Auckland,2018,property_damage,80,FALSE,straight,,rain,,daylight,,0,0,0,0,2,0,0,0,0,0,0,0,0,0,0,0,0,0,0,0
-35.64403109,174.2961292,Whangarei District,2018,property_damage,80,FALSE,curved_view_open,,fine,,daylight,,0,0,0,0,2,0,0,0,0,0,0,0,0,0,0,0,0,0,0,0
-36.96371896,174.8068701,Auckland,2018,property_damage,50,FALSE,straight,,fine,,darkness_not_lit,,0,0,0,0,2,0,0,0,0,0,0,0,0,0,0,0,0,0,0,0
-35.11677025,173.2662805,Far North District,2018,property_damage,50,FALSE,straight,,fine,,daylight,,0,0,0,0,2,0,0,0,0,0,0,0,0,0,0,0,0,0,0,0
-39.0420871,174.1990167,New Plymouth District,2018,property_damage,100,FALSE,straight,,fine,,daylight,,0,0,0,0,2,0,0,0,0,0,0,0,0,0,0,0,0,0,0,0
-36.76546599,174.718956,Auckland,2018,property_damage,50,FALSE,straight,,fine,,daylight,,0,0,0,0,2,0,0,0,0,0,0,0,0,0,0,0,0,0,0,0
-36.89142312,174.7460155,Auckland,2018,property_damage,50,FALSE,straight,,fine,,daylight,,0,0,0,0,2,0,0,0,0,0,0,0,0,0,0,0,0,0,0,0
-37.0179288,174.9146183,Auckland,2018,property_damage,50,FALSE,straight,,fine,,daylight,giveway_sign,0,0,0,0,2,0,0,0,0,0,0,0,0,0,0,0,0,0,0,0
-37.82344449,175.2835884,Hamilton City,2018,property_damage,50,FALSE,straight,,fine,,daylight,,0,0,0,0,2,0,0,0,0,0,0,0,0,0,0,0,0,0,0,0
-38.23048116,176.2978096,Rotorua District,2018,property_damage,100,FALSE,straight,,fine,,daylight,,0,0,0,0,2,0,0,0,0,0,0,0,0,0,0,0,0,0,0,0
-45.87755988,170.5768358,Dunedin City,2018,property_damage,50,FALSE,curved_view_open,,fine,,daylight,,0,0,0,0,2,0,0,0,0,0,0,0,0,0,0,0,0,0,0,0
-43.51951375,172.6300839,Christchurch City,2018,property_damage,50,FALSE,straight,,fine,,daylight,,0,0,0,0,2,0,0,0,0,0,0,0,0,0,0,0,0,0,0,0
-43.55855824,172.7345547,Christchurch City,2018,property_damage,50,FALSE,straight,,fine,,daylight,,0,0,0,0,2,0,0,0,0,0,0,0,0,0,0,0,0,0,0,0
-41.14632418,174.8650271,Porirua City,2018,property_damage,50,TRUE,curved_view_open,,fine,,daylight,,0,0,0,0,2,0,0,0,0,0,0,0,0,0,0,0,0,0,0,0
-37.72425541,176.1723077,Tauranga City,2018,property_damage,100,FALSE,curved_view_open,,fine,,daylight,,0,0,0,0,2,0,0,0,0,0,0,0,0,0,0,0,0,0,0,0
-37.72207473,175.2165763,Hamilton City,2018,property_damage,80,FALSE,straight,,fine,,darkness_not_lit,,0,0,0,0,2,0,0,0,0,0,0,0,0,0,0,0,0,0,0,0
-36.98177175,174.8777497,Auckland,2018,property_damage,60,FALSE,straight,,fine,,darkness_not_lit,,0,0,0,0,2,0,0,0,0,0,0,0,0,0,0,0,0,0,0,0
-36.96158548,174.8900465,Auckland,2018,property_damage,50,FALSE,straight,,fine,,daylight,,0,0,0,0,2,0,0,0,0,0,0,0,0,0,0,0,0,0,0,0
-45.89595797,170.4775114,Dunedin City,2018,property_damage,50,FALSE,straight,,fine,,daylight,,0,0,0,0,2,0,0,0,0,0,0,0,0,0,0,0,0,0,0,0
-41.3347801,173.2091077,Nelson City,2018,property_damage,60,TRUE,straight,,fine,,dawn_dusk,giveway_sign,0,0,0,0,2,0,0,0,0,0,0,0,0,0,0,0,0,0,0,0
-45.85744844,170.5146794,Dunedin City,2018,property_damage,50,FALSE,straight,,fine,,darkness_not_lit,,0,0,0,0,2,0,0,0,0,0,0,0,0,0,0,0,0,0,0,0
-37.79886427,175.2811162,Hamilton City,2018,property_damage,50,FALSE,straight,,fine,,daylight,,0,0,0,0,2,0,0,0,0,0,0,0,0,0,0,0,0,0,0,0
-44.82929935,169.3355675,Central Otago District,2018,property_damage,100,FALSE,straight,,fine,,daylight,,0,0,0,0,2,0,0,0,0,0,0,0,0,0,0,0,0,0,0,0
-41.2819377,174.7738606,Wellington City,2018,property_damage,100,FALSE,straight,,fine,,daylight,,0,0,0,0,2,0,0,0,0,0,0,0,0,0,0,0,0,0,0,0
-36.91563514,174.7538301,Auckland,2018,property_damage,100,FALSE,straight,,rain,,daylight,,0,0,0,0,2,0,0,0,0,0,0,0,0,0,0,0,0,0,0,0
-38.68766511,176.0876019,Taupo District,2018,property_damage,50,FALSE,straight,,fine,,darkness_not_lit,giveway_sign,0,0,0,0,2,0,0,0,0,0,0,0,0,0,0,0,0,0,0,0
-40.73589669,175.1173099,Kapiti Coast District,2018,property_damage,50,FALSE,straight,,fine,,daylight,,0,0,0,0,2,0,0,0,0,0,0,0,0,0,0,0,0,0,0,0
-41.28772732,174.771653,Wellington City,2018,property_damage,100,FALSE,curved_view_open,,fine,,daylight,,0,0,0,0,2,0,0,0,0,0,0,0,0,0,0,0,0,0,0,0
-37.71928048,176.1319659,Tauranga City,2018,property_damage,50,FALSE,straight,,fine,,darkness_not_lit,,0,0,0,0,2,0,0,0,0,0,0,0,0,0,0,0,0,0,0,0
-36.90404993,174.9050005,Auckland,2018,property_damage,60,FALSE,straight,,fine,,daylight,,0,0,0,0,2,0,0,0,0,0,0,0,0,0,0,0,0,0,0,0
-41.29147983,174.7794694,Wellington City,2018,property_damage,50,FALSE,straight,,fine,,darkness_not_lit,,0,0,0,0,2,0,0,0,0,0,0,0,0,0,0,0,0,0,0,0
-41.22163256,174.9161366,Hutt City,2018,property_damage,50,FALSE,straight,,fine,,daylight,,0,0,0,0,2,0,0,0,0,0,0,0,0,0,0,0,0,0,0,0
-37.02126586,174.894267,Auckland,2018,property_damage,50,FALSE,straight,,fine,,daylight,,0,0,0,0,2,0,0,0,0,0,0,0,0,0,0,0,0,0,0,0
-35.27928845,174.0895693,Far North District,2018,property_damage,50,FALSE,straight,,fine,,daylight,,0,0,0,0,2,0,0,0,0,0,0,0,0,0,0,0,0,0,0,0
-37.1548046,174.9773722,Auckland,2018,property_damage,100,FALSE,straight,,fine,,darkness_not_lit,,0,0,0,0,2,0,0,0,0,0,0,0,0,0,0,0,0,0,0,0
-37.61196857,175.1867151,Waikato District,2018,property_damage,70,TRUE,straight,,fine,,darkness_not_lit,giveway_sign,0,0,0,0,2,0,0,0,0,0,0,0,0,0,0,0,0,0,0,0
-38.00655498,175.3457353,Waipa District,2018,property_damage,70,FALSE,straight,,rain,,daylight,,0,0,0,0,2,0,0,0,0,0,0,0,0,0,0,0,0,0,0,0
-40.33305982,175.6245811,Palmerston North City,2018,property_damage,50,FALSE,straight,,fine,,daylight,,0,0,0,0,2,0,0,0,0,0,0,0,0,0,0,0,0,0,0,0
-45.09833971,170.9706998,Waitaki District,2018,property_damage,50,FALSE,straight,,rain,,daylight,,0,0,0,0,2,0,0,0,0,0,0,0,0,0,0,0,0,0,0,0
-37.4866074,175.9297546,Western Bay Of Plenty District,2018,property_damage,100,FALSE,curved_view_open,,rain,,daylight,,0,0,0,0,2,0,0,0,0,0,0,0,0,0,0,0,0,0,0,0
-43.75263689,172.9419425,Christchurch City,2018,property_damage,100,FALSE,straight,,fine,,daylight,,0,0,0,0,2,0,0,0,0,0,0,0,0,0,0,0,0,0,0,0
-43.53216825,172.6396474,Christchurch City,2018,property_damage,30,FALSE,straight,,fine,,darkness_not_lit,traffic_lights,0,0,0,0,2,0,0,0,0,0,0,0,0,0,0,0,0,0,0,0
-35.67922092,174.3290631,Whangarei District,2018,property_damage,50,FALSE,straight,,fine,,daylight,,0,0,0,0,2,0,0,0,0,0,0,0,0,0,0,0,0,0,0,0
-43.54156639,172.662503,Christchurch City,2018,property_damage,50,FALSE,straight,,fine,,daylight,,0,0,0,0,2,0,0,0,0,0,0,0,0,0,0,0,0,0,0,0
-37.73281125,176.1539887,Tauranga City,2018,property_damage,100,FALSE,curved_view_open,,fine,,darkness_not_lit,,0,0,0,0,2,0,0,0,0,0,0,0,0,0,0,0,0,0,0,0
-43.53968959,172.6930613,Christchurch City,2018,property_damage,50,FALSE,curved_view_open,,fine,,daylight,,0,0,0,0,2,0,0,0,0,0,0,0,0,0,0,0,0,0,0,0
-43.53530456,172.6348637,Christchurch City,2018,property_damage,30,FALSE,straight,,fine,,daylight,,0,0,0,0,2,0,0,0,0,0,0,0,0,0,0,0,0,0,0,0
-36.87766287,174.7029443,Auckland,2018,property_damage,50,FALSE,straight,,rain,,darkness_not_lit,,0,0,0,0,2,0,0,0,0,0,0,0,0,0,0,0,0,0,0,0
-36.97026159,174.811664,Auckland,2018,property_damage,100,FALSE,straight,,rain,,daylight,,0,0,0,0,2,0,0,0,0,0,0,0,0,0,0,0,0,0,0,0
-36.94709529,174.856157,Auckland,2018,property_damage,100,FALSE,straight,,rain,,daylight,,0,0,0,0,2,0,0,0,0,0,0,0,0,0,0,0,0,0,0,0
-40.9501242,175.6459451,Masterton District,2018,property_damage,50,FALSE,straight,,fine,,daylight,,0,0,0,0,2,0,0,0,0,0,0,0,0,0,0,0,0,0,0,0
-39.61998777,176.8157355,Hastings District,2018,property_damage,50,FALSE,straight,,fine,,darkness_not_lit,giveway_sign,0,0,0,0,2,0,0,0,0,0,0,0,0,0,0,0,0,0,0,0
-36.91071753,174.8451956,Auckland,2018,property_damage,50,FALSE,straight,,fine,,dawn_dusk,,0,0,0,0,2,0,0,0,0,0,0,0,0,0,0,0,0,0,0,0
-41.15528634,174.839277,Wellington City,2018,property_damage,100,FALSE,straight,,fine,,daylight,,0,0,0,0,2,0,0,0,0,0,0,0,0,0,0,0,0,0,0,0
-37.72928586,176.1402604,Tauranga City,2018,property_damage,50,FALSE,straight,,fine,,daylight,,0,0,0,0,2,0,0,0,0,0,0,0,0,0,0,0,0,0,0,0
-41.50583847,173.9323866,Marlborough District,2018,property_damage,50,FALSE,straight,,fine,,daylight,,0,0,0,0,2,0,0,0,0,0,0,0,0,0,0,0,0,0,0,0
-41.31293625,173.2326453,Nelson City,2018,property_damage,50,FALSE,straight,,fine,,daylight,,0,0,0,0,2,0,0,0,0,0,0,0,0,0,0,0,0,0,0,0
-40.34211806,175.6239435,Palmerston North City,2018,property_damage,50,FALSE,straight,,fine,,daylight,traffic_lights,0,0,0,0,2,0,0,0,0,0,0,0,0,0,0,0,0,0,0,0
-36.9624433,174.8808689,Auckland,2018,property_damage,60,FALSE,straight,,fine,,daylight,traffic_lights,0,0,0,0,2,0,0,0,0,0,0,0,0,0,0,0,0,0,0,0
-43.49744756,172.7162939,Christchurch City,2018,property_damage,50,TRUE,curved_view_open,,fine,,daylight,giveway_sign,0,0,0,0,2,0,0,0,0,0,0,0,0,0,0,0,0,0,0,0
-46.42071525,168.3569024,Invercargill City,2018,property_damage,50,FALSE,straight,,rain,,daylight,,0,0,0,0,2,0,0,0,0,0,0,0,0,0,0,0,0,0,0,0
-36.96013176,174.8890784,Auckland,2018,property_damage,60,FALSE,straight,,rain,,daylight,,0,0,0,0,2,0,0,0,0,0,0,0,0,0,0,0,0,0,0,0
-36.98470829,174.8875177,Auckland,2018,property_damage,60,FALSE,straight,,fine,,daylight,,0,0,0,0,2,0,0,0,0,0,0,0,0,0,0,0,0,0,0,0
-36.83993113,174.7440477,Auckland,2018,property_damage,80,FALSE,straight,,fine,,daylight,,0,0,0,0,2,0,0,0,0,0,0,0,0,0,0,0,0,0,0,0
-36.95979386,174.7982526,Auckland,2018,property_damage,100,FALSE,straight,,rain,,daylight,,0,0,0,0,2,0,0,0,0,0,0,0,0,0,0,0,0,0,0,0
-37.78889004,175.2595412,Hamilton City,2018,property_damage,50,FALSE,straight,,rain,,daylight,,0,0,0,0,2,0,0,0,0,0,0,0,0,0,0,0,0,0,0,0
-36.79357776,174.7566914,Auckland,2018,property_damage,100,FALSE,straight,,fine,,darkness_not_lit,,0,0,0,0,2,0,0,0,0,0,0,0,0,0,0,0,0,0,0,0
-45.89197441,170.4919867,Dunedin City,2018,property_damage,50,FALSE,curved_view_open,,fine,,daylight,,0,0,0,0,2,0,0,0,0,0,0,0,0,0,0,0,0,0,0,0
-36.79539722,174.7531129,Auckland,2018,property_damage,50,FALSE,straight,,rain,,daylight,,0,0,0,0,2,0,0,0,0,0,0,0,0,0,0,0,0,0,0,0
-36.92439469,174.8379588,Auckland,2018,property_damage,50,FALSE,straight,,fine,,daylight,,0,0,0,0,2,0,0,0,0,0,0,0,0,0,0,0,0,0,0,0
-36.85316816,174.6418113,Auckland,2018,property_damage,100,FALSE,straight,,fine,,daylight,,0,0,0,0,2,0,0,0,0,0,0,0,0,0,0,0,0,0,0,0
-36.54693115,174.6749692,Auckland,2018,property_damage,100,FALSE,curved_view_open,,fine,,daylight,,0,0,0,0,2,0,0,0,0,0,0,0,0,0,0,0,0,0,0,0
-41.29269997,174.7739492,Wellington City,2018,minor_injury,50,TRUE,straight,,rain,,darkness_not_lit,traffic_lights,1,0,0,1,2,0,0,0,0,0,0,0,0,0,0,0,0,0,0,0
-41.31091515,174.7790303,Wellington City,2018,minor_injury,40,TRUE,straight,,fine,,darkness_not_lit,traffic_lights,1,0,0,1,2,0,0,0,0,0,0,0,0,0,0,0,0,0,0,0
-41.12089189,174.8541463,Porirua City,2018,minor_injury,100,TRUE,straight,,fine,,darkness_not_lit,traffic_lights,1,0,0,1,2,0,0,0,0,0,0,0,0,0,0,0,0,0,0,0
-41.20304945,174.9058983,Hutt City,2018,minor_injury,100,TRUE,straight,,rain,,darkness_not_lit,traffic_lights,1,0,0,1,2,0,0,0,0,0,0,0,0,0,0,0,0,0,0,0
-40.17453983,175.3848996,Rangitikei District,2018,minor_injury,50,TRUE,straight,,fine,,darkness_not_lit,giveway_sign,1,0,0,1,2,0,0,0,0,0,0,0,0,0,0,0,0,0,0,0
-39.51123179,176.8919777,Napier City,2018,minor_injury,50,TRUE,straight,,fine,,daylight,giveway_sign,1,0,0,1,2,0,0,0,0,0,0,0,0,0,0,0,0,0,0,0
-41.37939363,173.1138758,Tasman District,2018,minor_injury,80,TRUE,straight,,fine,,daylight,giveway_sign,1,0,0,1,2,0,0,0,0,0,0,0,0,0,0,0,0,0,0,0
-39.50401879,176.8965042,Napier City,2018,minor_injury,50,TRUE,straight,,fine,,darkness_not_lit,traffic_lights,1,0,0,1,2,0,0,0,0,0,0,0,0,0,0,0,0,0,0,0
-39.05771129,174.0840193,New Plymouth District,2018,minor_injury,50,TRUE,straight,,rain,,daylight,stop_sign,1,0,0,1,2,0,0,0,0,0,0,0,0,0,0,0,0,0,0,0
-39.05394582,174.0945131,New Plymouth District,2018,minor_injury,50,TRUE,straight,,fine,,darkness_not_lit,traffic_lights,1,0,0,1,2,0,0,0,0,0,0,0,0,0,0,0,0,0,0,0
-37.74337436,175.2287188,Hamilton City,2018,minor_injury,60,TRUE,curved_view_open,,fine,,daylight,giveway_sign,1,0,0,1,2,0,0,0,0,0,0,0,0,0,0,0,0,0,0,0
-37.80319487,175.300307,Hamilton City,2018,minor_injury,80,TRUE,straight,,fine,,daylight,giveway_sign,1,0,0,1,2,0,0,0,0,0,0,0,0,0,0,0,0,0,0,0
-37.00925897,174.8904063,Auckland,2018,minor_injury,50,TRUE,straight,,fine,,darkness_not_lit,traffic_lights,1,0,0,1,2,0,0,0,0,0,0,0,0,0,0,0,0,0,0,0
-37.00925897,174.8904063,Auckland,2018,minor_injury,50,TRUE,straight,,fine,,darkness_not_lit,traffic_lights,1,0,0,1,2,0,0,0,0,0,0,0,0,0,0,0,0,0,0,0
-36.85790872,174.7614495,Auckland,2018,minor_injury,50,TRUE,straight,,rain,,darkness_not_lit,traffic_lights,1,0,0,1,2,0,0,0,0,0,0,0,0,0,0,0,0,0,0,0
-36.85790872,174.7614495,Auckland,2018,minor_injury,50,TRUE,straight,,rain,,darkness_not_lit,traffic_lights,1,0,0,1,2,0,0,0,0,0,0,0,0,0,0,0,0,0,0,0
-36.41781576,174.6528186,Auckland,2018,minor_injury,100,TRUE,straight,,fine,,daylight,stop_sign,1,0,0,1,2,0,0,0,0,0,0,0,0,0,0,0,0,0,0,0
-37.79786552,175.3037189,Hamilton City,2018,minor_injury,50,TRUE,straight,,fine,,daylight,traffic_lights,1,0,0,1,2,0,0,0,0,0,0,0,0,0,0,0,0,0,0,0
-36.86570099,174.7611348,Auckland,2018,minor_injury,50,TRUE,straight,,fine,,darkness_not_lit,stop_sign,1,0,0,1,2,0,0,0,0,0,0,0,0,0,0,0,0,0,0,0
-36.89439491,174.7993427,Auckland,2018,minor_injury,50,TRUE,straight,,fine,,daylight,traffic_lights,1,0,0,1,2,0,0,0,0,0,0,0,0,0,0,0,0,0,0,0
-36.89439491,174.7993427,Auckland,2018,minor_injury,50,TRUE,straight,,fine,,daylight,traffic_lights,1,0,0,1,2,0,0,0,0,0,0,0,0,0,0,0,0,0,0,0
-36.81104048,174.7435938,Auckland,2018,minor_injury,50,TRUE,straight,,rain,,darkness_not_lit,traffic_lights,1,0,0,1,2,0,0,0,0,0,0,0,0,0,0,0,0,0,0,0
-36.79735654,174.7789803,Auckland,2018,minor_injury,50,TRUE,straight,,fine,,darkness_not_lit,traffic_lights,1,0,0,1,2,0,0,0,0,0,0,0,0,0,0,0,0,0,0,0
-36.75264182,174.715679,Auckland,2018,minor_injury,80,TRUE,straight,,fine,,darkness_not_lit,traffic_lights,1,0,0,1,2,0,0,0,0,0,0,0,0,0,0,0,0,0,0,0
-36.75264182,174.715679,Auckland,2018,minor_injury,80,TRUE,straight,,fine,,darkness_not_lit,traffic_lights,1,0,0,1,2,0,0,0,0,0,0,0,0,0,0,0,0,0,0,0
-36.88992792,174.6784062,Auckland,2018,minor_injury,50,TRUE,curved_view_open,,fine,,darkness_not_lit,stop_sign,1,0,0,1,2,0,0,0,0,0,0,0,0,0,0,0,0,0,0,0
-37.84594081,175.3069532,Hamilton City,2018,minor_injury,100,TRUE,curved_view_open,,fine,,daylight,stop_sign,1,0,0,1,2,0,0,0,0,0,0,0,0,0,0,0,0,0,0,0
-36.78155433,174.7295908,Auckland,2018,minor_injury,50,TRUE,straight,,fine,,daylight,giveway_sign,1,0,0,1,2,0,0,0,0,0,0,0,0,0,0,0,0,0,0,0
-37.79647623,175.3326341,Hamilton City,2018,minor_injury,80,TRUE,straight,,fine,,daylight,stop_sign,1,0,0,1,2,0,0,0,0,0,0,0,0,0,0,0,0,0,0,0
-36.91537444,174.7592683,Auckland,2018,minor_injury,50,TRUE,straight,,rain,,darkness_not_lit,traffic_lights,1,0,0,1,2,0,0,0,0,0,0,0,0,0,0,0,0,0,0,0
-37.95363484,176.9866515,Whakatane District,2018,minor_injury,50,TRUE,straight,,fine,,daylight,giveway_sign,1,0,0,1,2,0,0,0,0,0,0,0,0,0,0,0,0,0,0,0
-36.88747199,174.7754254,Auckland,2018,minor_injury,50,TRUE,straight,,fine,,daylight,giveway_sign,1,0,0,1,2,0,0,0,0,0,0,0,0,0,0,0,0,0,0,0
-36.88747199,174.7754254,Auckland,2018,minor_injury,50,TRUE,straight,,fine,,daylight,giveway_sign,1,0,0,1,2,0,0,0,0,0,0,0,0,0,0,0,0,0,0,0
-36.7181074,174.7133878,Auckland,2018,minor_injury,60,TRUE,straight,,fine,,daylight,traffic_lights,1,0,0,1,2,0,0,0,0,0,0,0,0,0,0,0,0,0,0,0
-36.7181074,174.7133878,Auckland,2018,minor_injury,60,TRUE,straight,,fine,,daylight,traffic_lights,1,0,0,1,2,0,0,0,0,0,0,0,0,0,0,0,0,0,0,0
-36.97069431,174.9049196,Auckland,2018,minor_injury,60,TRUE,straight,,fine,,darkness_not_lit,giveway_sign,1,0,0,1,2,0,0,0,0,0,0,0,0,0,0,0,0,0,0,0
-36.89678191,174.8324594,Auckland,2018,minor_injury,50,TRUE,straight,,rain,,darkness_not_lit,giveway_sign,1,0,0,1,2,0,0,0,0,0,0,0,0,0,0,0,0,0,0,0
-36.96857497,174.8229242,Auckland,2018,minor_injury,50,TRUE,straight,,fine,,daylight,traffic_lights,1,0,0,1,2,0,0,0,0,0,0,0,0,0,0,0,0,0,0,0
-36.96857497,174.8229242,Auckland,2018,minor_injury,50,TRUE,straight,,fine,,daylight,traffic_lights,1,0,0,1,2,0,0,0,0,0,0,0,0,0,0,0,0,0,0,0
-37.79463554,175.2474972,Hamilton City,2018,minor_injury,50,TRUE,straight,,fine,,daylight,giveway_sign,1,0,0,1,2,0,0,0,0,0,0,0,0,0,0,0,0,0,0,0
-36.79263848,174.7241804,Auckland,2018,minor_injury,50,TRUE,straight,,fine,,daylight,giveway_sign,1,0,0,1,2,0,0,0,0,0,0,0,0,0,0,0,0,0,0,0
-36.95183132,174.8385169,Auckland,2018,minor_injury,50,TRUE,straight,,fine,,daylight,traffic_lights,1,0,0,1,2,0,0,0,0,0,0,0,0,0,0,0,0,0,0,0
-36.95183132,174.8385169,Auckland,2018,minor_injury,60,TRUE,curved_view_open,,fine,,darkness_not_lit,traffic_lights,1,0,0,1,2,0,0,0,0,0,0,0,0,0,0,0,0,0,0,0
-37.04026095,174.9153028,Auckland,2018,minor_injury,50,TRUE,straight,,fine,,daylight,traffic_lights,1,0,0,1,2,0,0,0,0,0,0,0,0,0,0,0,0,0,0,0
-37.04026095,174.9153028,Auckland,2018,minor_injury,50,TRUE,straight,,fine,,daylight,traffic_lights,1,0,0,1,2,0,0,0,0,0,0,0,0,0,0,0,0,0,0,0
-36.86820949,174.7259337,Auckland,2018,minor_injury,50,TRUE,straight,,fine,,daylight,giveway_sign,1,0,0,1,2,0,0,0,0,0,0,0,0,0,0,0,0,0,0,0
-36.92091754,174.7828465,Auckland,2018,minor_injury,50,TRUE,straight,,fine,,dawn_dusk,stop_sign,1,0,0,1,2,0,0,0,0,0,0,0,0,0,0,0,0,0,0,0