latitude,longitude,local_government_area,year,severity,speed_limit,intersection,road_position_horizontal,road_wet,weather,crash_type,lighting,traffic_controls,casualties,fatalities,serious_injuries,minor_injuries,car_sedan,car_utility,car_van,car_4x4,car_station_wagon,motor_cycle,truck_small,truck_large,bus,taxi,bicycle,scooter,pedestrian,inanimate,train,tram
-36.99707548,174.849663,Auckland,2018,minor_injury,100,TRUE,curved_view_open,,fine,,darkness_not_lit,,1,0,0,1,2,0,0,0,0,0,0,0,0,0,0,0,0,0,0,0
-37.68048523,175.6894325,Matamata-Piako District,2018,minor_injury,100,FALSE,straight,,fine,,darkness_not_lit,,1,0,0,1,2,0,0,0,0,0,0,0,0,0,0,0,0,0,0,0
-37.77357237,175.2641381,Hamilton City,2018,minor_injury,60,TRUE,straight,,fine,,daylight,giveway_sign,1,0,0,1,2,0,0,0,0,0,0,0,0,0,0,0,0,0,0,0
-40.10812035,175.3207144,Rangitikei District,2018,minor_injury,100,TRUE,straight,,fine,,daylight,giveway_sign,1,0,0,1,2,0,0,0,0,0,0,0,0,0,0,0,0,0,0,0
-39.05142742,174.1073827,New Plymouth District,2018,minor_injury,60,FALSE,curved_view_open,,fine,,daylight,,1,0,0,1,2,0,0,0,0,0,0,0,0,0,0,0,0,0,0,0
-39.07277962,174.0602747,New Plymouth District,2018,minor_injury,50,TRUE,straight,,fine,,daylight,,1,0,0,1,2,0,0,0,0,0,0,0,0,0,0,0,0,0,0,0
-37.77552537,175.2810797,Hamilton City,2018,minor_injury,50,TRUE,straight,,fine,,daylight,giveway_sign,1,0,0,1,2,0,0,0,0,0,0,0,0,0,0,0,0,0,0,0
-43.37293309,172.5106508,Waimakariri District,2018,minor_injury,100,TRUE,straight,,fine,,dawn_dusk,stop_sign,1,0,0,1,2,0,0,0,0,0,0,0,0,0,0,0,0,0,0,0
-37.20655184,174.9139662,Auckland,2018,minor_injury,50,TRUE,straight,,fine,,daylight,giveway_sign,1,0,0,1,2,0,0,0,0,0,0,0,0,0,0,0,0,0,0,0
-36.90578073,174.7746488,Auckland,2018,minor_injury,50,FALSE,straight,,fine,,darkness_not_lit,,1,0,0,1,2,0,0,0,0,0,0,0,0,0,0,0,0,0,0,0
-36.92391982,174.7725545,Auckland,2018,minor_injury,100,FALSE,curved_view_open,,fine,,daylight,,1,0,0,1,2,0,0,0,0,0,0,0,0,0,0,0,0,0,0,0
-36.91950391,174.75796,Auckland,2018,minor_injury,50,FALSE,curved_view_open,,fine,,daylight,,1,0,0,1,2,0,0,0,0,0,0,0,0,0,0,0,0,0,0,0
-41.11008754,173.011148,Tasman District,2018,minor_injury,50,TRUE,straight,,fine,,daylight,giveway_sign,1,0,0,1,2,0,0,0,0,0,0,0,0,0,0,0,0,0,0,0
-36.9809034,174.8642245,Auckland,2018,minor_injury,50,TRUE,straight,,fine,,darkness_not_lit,giveway_sign,1,0,0,1,2,0,0,0,0,0,0,0,0,0,0,0,0,0,0,0
-36.9809034,174.8642245,Auckland,2018,minor_injury,50,TRUE,straight,,fine,,darkness_not_lit,giveway_sign,1,0,0,1,2,0,0,0,0,0,0,0,0,0,0,0,0,0,0,0
-36.85181976,174.7544681,Auckland,2018,minor_injury,80,FALSE,straight,,fine,,daylight,traffic_lights,1,0,0,1,2,0,0,0,0,0,0,0,0,0,0,0,0,0,0,0
-36.93980219,174.8475812,Auckland,2018,minor_injury,50,TRUE,straight,,fine,,daylight,stop_sign,1,0,0,1,2,0,0,0,0,0,0,0,0,0,0,0,0,0,0,0
-36.92489754,174.7879013,Auckland,2018,minor_injury,50,TRUE,straight,,rain,,darkness_not_lit,stop_sign,1,0,0,1,2,0,0,0,0,0,0,0,0,0,0,0,0,0,0,0
-37.03794867,174.923407,Auckland,2018,minor_injury,50,TRUE,straight,,rain,,daylight,stop_sign,1,0,0,1,2,0,0,0,0,0,0,0,0,0,0,0,0,0,0,0
-37.03794867,174.923407,Auckland,2018,minor_injury,50,TRUE,straight,,rain,,darkness_not_lit,stop_sign,1,0,0,1,2,0,0,0,0,0,0,0,0,0,0,0,0,0,0,0
-41.50807806,173.9558209,Marlborough District,2018,minor_injury,50,TRUE,curved_view_open,,fine,,daylight,giveway_sign,1,0,0,1,2,0,0,0,0,0,0,0,0,0,0,0,0,0,0,0
-39.93460789,174.980406,Wanganui District,2018,minor_injury,50,TRUE,straight,,fine,,darkness_not_lit,giveway_sign,1,0,0,1,2,0,0,0,0,0,0,0,0,0,0,0,0,0,0,0
-43.54015578,172.6123567,Christchurch City,2018,minor_injury,50,TRUE,curved_view_open,,fine,,darkness_not_lit,traffic_lights,1,0,0,1,2,0,0,0,0,0,0,0,0,0,0,0,0,0,0,0
-46.10529395,168.9412864,Gore District,2018,minor_injury,50,TRUE,straight,,fine,,daylight,giveway_sign,1,0,0,1,2,0,0,0,0,0,0,0,0,0,0,0,0,0,0,0
-36.99395834,174.8799708,Auckland,2018,minor_injury,60,TRUE,straight,,fine,,daylight,traffic_lights,1,0,0,1,2,0,0,0,0,0,0,0,0,0,0,0,0,0,0,0
-36.89411273,174.7451566,Auckland,2018,minor_injury,50,TRUE,straight,,fine,,darkness_not_lit,stop_sign,1,0,0,1,2,0,0,0,0,0,0,0,0,0,0,0,0,0,0,0
-36.81074858,174.7426007,Auckland,2018,minor_injury,50,FALSE,curved_view_open,,fine,,daylight,,1,0,0,1,2,0,0,0,0,0,0,0,0,0,0,0,0,0,0,0
-37.73502298,176.1084196,Tauranga City,2018,minor_injury,100,TRUE,curved_view_open,,fine,,daylight,giveway_sign,1,0,0,1,2,0,0,0,0,0,0,0,0,0,0,0,0,0,0,0
-41.22327558,174.910494,Hutt City,2018,minor_injury,50,TRUE,straight,,fine,,darkness_not_lit,giveway_sign,1,0,0,1,2,0,0,0,0,0,0,0,0,0,0,0,0,0,0,0
-41.32553243,174.7907313,Wellington City,2018,minor_injury,50,TRUE,curved_view_open,,fine,,daylight,,1,0,0,1,2,0,0,0,0,0,0,0,0,0,0,0,0,0,0,0
-37.74882766,175.2386313,Hamilton City,2018,minor_injury,50,TRUE,curved_view_open,,fine,,daylight,giveway_sign,1,0,0,1,2,0,0,0,0,0,0,0,0,0,0,0,0,0,0,0
-36.79009958,174.7621032,Auckland,2018,minor_injury,50,TRUE,straight,,fine,,darkness_not_lit,traffic_lights,1,0,0,1,2,0,0,0,0,0,0,0,0,0,0,0,0,0,0,0
-36.72077381,174.7084869,Auckland,2018,minor_injury,50,TRUE,straight,,fine,,daylight,giveway_sign,1,0,0,1,2,0,0,0,0,0,0,0,0,0,0,0,0,0,0,0
-36.75140138,174.7334724,Auckland,2018,minor_injury,50,TRUE,straight,,fine,,daylight,giveway_sign,1,0,0,1,2,0,0,0,0,0,0,0,0,0,0,0,0,0,0,0
-36.79686845,174.7651611,Auckland,2018,minor_injury,50,TRUE,straight,,fine,,daylight,traffic_lights,1,0,0,1,2,0,0,0,0,0,0,0,0,0,0,0,0,0,0,0
-35.66997394,174.1982042,Whangarei District,2018,minor_injury,100,TRUE,curved_view_open,,fine,,darkness_not_lit,giveway_sign,1,0,0,1,2,0,0,0,0,0,0,0,0,0,0,0,0,0,0,0
-37.22489518,174.8698208,Auckland,2018,minor_injury,100,TRUE,curved_view_open,,fine,,daylight,stop_sign,1,0,0,1,2,0,0,0,0,0,0,0,0,0,0,0,0,0,0,0
-37.22489518,174.8698208,Auckland,2018,minor_injury,100,TRUE,straight,,fine,,daylight,stop_sign,1,0,0,1,2,0,0,0,0,0,0,0,0,0,0,0,0,0,0,0
-36.76737155,174.5556385,Auckland,2018,minor_injury,80,TRUE,straight,,fine,,daylight,giveway_sign,1,0,0,1,2,0,0,0,0,0,0,0,0,0,0,0,0,0,0,0
-37.7952553,175.2692175,Hamilton City,2018,minor_injury,50,TRUE,curved_view_open,,fine,,dawn_dusk,giveway_sign,1,0,0,1,2,0,0,0,0,0,0,0,0,0,0,0,0,0,0,0
-37.78706148,175.2632553,Hamilton City,2018,minor_injury,60,TRUE,straight,,rain,,daylight,traffic_lights,1,0,0,1,2,0,0,0,0,0,0,0,0,0,0,0,0,0,0,0
-36.95301551,174.8837141,Auckland,2018,minor_injury,50,TRUE,straight,,fine,,daylight,giveway_sign,1,0,0,1,2,0,0,0,0,0,0,0,0,0,0,0,0,0,0,0
-37.05992089,174.9461389,Auckland,2018,minor_injury,50,TRUE,straight,,rain,,darkness_not_lit,,1,0,0,1,2,0,0,0,0,0,0,0,0,0,0,0,0,0,0,0
-39.63958149,176.849676,Hastings District,2018,minor_injury,50,TRUE,straight,,fine,,daylight,giveway_sign,1,0,0,1,2,0,0,0,0,0,0,0,0,0,0,0,0,0,0,0
-41.20683624,174.9256994,Hutt City,2018,minor_injury,50,TRUE,straight,,fine,,daylight,stop_sign,1,0,0,1,2,0,0,0,0,0,0,0,0,0,0,0,0,0,0,0
-44.40177684,171.2483413,Timaru District,2018,minor_injury,50,FALSE,straight,,fine,,daylight,,1,0,0,1,2,0,0,0,0,0,0,0,0,0,0,0,0,0,0,0
-36.8326545,174.6213572,Auckland,2018,minor_injury,50,TRUE,straight,,fine,,daylight,traffic_lights,1,0,0,1,2,0,0,0,0,0,0,0,0,0,0,0,0,0,0,0
-37.05741358,174.9407444,Auckland,2018,minor_injury,50,TRUE,straight,,rain,,daylight,giveway_sign,1,0,0,1,2,0,0,0,0,0,0,0,0,0,0,0,0,0,0,0
-40.28312893,175.7562373,Palmerston North City,2018,minor_injury,50,TRUE,straight,,fine,,daylight,giveway_sign,1,0,0,1,2,0,0,0,0,0,0,0,0,0,0,0,0,0,0,0
-43.5218409,172.6727596,Christchurch City,2018,minor_injury,50,TRUE,straight,,fine,,daylight,stop_sign,1,0,0,1,2,0,0,0,0,0,0,0,0,0,0,0,0,0,0,0
-43.56995946,172.5219253,Christchurch City,2018,minor_injury,80,TRUE,straight,,rain,,darkness_not_lit,stop_sign,1,0,0,1,2,0,0,0,0,0,0,0,0,0,0,0,0,0,0,0
-44.82996698,169.3336529,Central Otago District,2018,minor_injury,100,FALSE,curved_view_open,,fine,,darkness_not_lit,,1,0,0,1,2,0,0,0,0,0,0,0,0,0,0,0,0,0,0,0
-36.8845791,174.7892158,Auckland,2018,minor_injury,100,FALSE,straight,,rain,,daylight,,1,0,0,1,2,0,0,0,0,0,0,0,0,0,0,0,0,0,0,0
-36.80770022,174.706684,Auckland,2018,minor_injury,50,FALSE,curved_view_open,,rain,,daylight,,1,0,0,1,2,0,0,0,0,0,0,0,0,0,0,0,0,0,0,0
-36.91565093,174.8263331,Auckland,2018,minor_injury,50,TRUE,straight,,fine,,darkness_not_lit,traffic_lights,1,0,0,1,2,0,0,0,0,0,0,0,0,0,0,0,0,0,0,0
-36.91565093,174.8263331,Auckland,2018,minor_injury,60,TRUE,straight,,fine,,darkness_not_lit,traffic_lights,1,0,0,1,2,0,0,0,0,0,0,0,0,0,0,0,0,0,0,0
-37.69551718,176.0500504,Western Bay Of Plenty District,2018,minor_injury,90,TRUE,straight,,rain,,daylight,stop_sign,1,0,0,1,2,0,0,0,0,0,0,0,0,0,0,0,0,0,0,0
-36.92251152,174.7696817,Auckland,2018,minor_injury,100,FALSE,straight,,fine,,daylight,,1,0,0,1,2,0,0,0,0,0,0,0,0,0,0,0,0,0,0,0
-41.22500043,174.8551524,Hutt City,2018,minor_injury,100,FALSE,straight,,fine,,daylight,,1,0,0,1,2,0,0,0,0,0,0,0,0,0,0,0,0,0,0,0
-41.22899072,174.8006929,Wellington City,2018,minor_injury,50,FALSE,straight,,fine,,daylight,,1,0,0,1,2,0,0,0,0,0,0,0,0,0,0,0,0,0,0,0
-41.21397453,174.9059411,Hutt City,2018,minor_injury,50,TRUE,straight,,fine,,daylight,stop_sign,1,0,0,1,2,0,0,0,0,0,0,0,0,0,0,0,0,0,0,0
-43.62228245,172.4049037,Selwyn District,2018,minor_injury,80,TRUE,curved_view_open,,fine,,daylight,stop_sign,1,0,0,1,2,0,0,0,0,0,0,0,0,0,0,0,0,0,0,0
-37.02713148,174.8665231,Auckland,2018,minor_injury,60,TRUE,straight,,fine,,daylight,giveway_sign,1,0,0,1,2,0,0,0,0,0,0,0,0,0,0,0,0,0,0,0
-36.89364512,174.593716,Auckland,2018,minor_injury,70,TRUE,straight,,rain,,dawn_dusk,giveway_sign,1,0,0,1,2,0,0,0,0,0,0,0,0,0,0,0,0,0,0,0
-37.80509304,175.2599896,Hamilton City,2018,minor_injury,60,TRUE,curved_view_open,,fine,,daylight,giveway_sign,1,0,0,1,2,0,0,0,0,0,0,0,0,0,0,0,0,0,0,0
-36.81045033,174.7371124,Auckland,2018,minor_injury,50,TRUE,straight,,rain,,daylight,stop_sign,1,0,0,1,2,0,0,0,0,0,0,0,0,0,0,0,0,0,0,0
-37.74486223,175.291611,Hamilton City,2018,minor_injury,80,TRUE,straight,,fine,,daylight,giveway_sign,1,0,0,1,2,0,0,0,0,0,0,0,0,0,0,0,0,0,0,0
-36.96776978,174.8579957,Auckland,2018,minor_injury,50,FALSE,straight,,fine,,daylight,,1,0,0,1,2,0,0,0,0,0,0,0,0,0,0,0,0,0,0,0
-37.78586232,175.2646948,Hamilton City,2018,minor_injury,50,TRUE,straight,,fine,,daylight,traffic_lights,1,0,0,1,2,0,0,0,0,0,0,0,0,0,0,0,0,0,0,0
-36.8536363,174.6300667,Auckland,2018,minor_injury,50,TRUE,straight,,fine,,daylight,giveway_sign,1,0,0,1,2,0,0,0,0,0,0,0,0,0,0,0,0,0,0,0
-43.43713918,172.6375799,Christchurch City,2018,minor_injury,60,TRUE,straight,,fine,,dawn_dusk,stop_sign,1,0,0,1,2,0,0,0,0,0,0,0,0,0,0,0,0,0,0,0
-43.49281673,172.6112867,Christchurch City,2018,minor_injury,50,TRUE,straight,,fine,,daylight,traffic_lights,1,0,0,1,2,0,0,0,0,0,0,0,0,0,0,0,0,0,0,0
-43.49281673,172.6112867,Christchurch City,2018,minor_injury,50,TRUE,straight,,fine,,darkness_not_lit,traffic_lights,1,0,0,1,2,0,0,0,0,0,0,0,0,0,0,0,0,0,0,0
-43.53987593,172.6396634,Christchurch City,2018,minor_injury,50,TRUE,straight,,rain,,daylight,traffic_lights,1,0,0,1,2,0,0,0,0,0,0,0,0,0,0,0,0,0,0,0
-39.48170044,176.8884458,Napier City,2018,minor_injury,50,TRUE,curved_view_open,,rain,,daylight,giveway_sign,1,0,0,1,2,0,0,0,0,0,0,0,0,0,0,0,0,0,0,0
-41.13765717,175.0307473,Upper Hutt City,2018,minor_injury,50,TRUE,straight,,fine,,darkness_not_lit,traffic_lights,1,0,0,1,2,0,0,0,0,0,0,0,0,0,0,0,0,0,0,0
-41.12568736,175.0580974,Upper Hutt City,2018,minor_injury,50,FALSE,straight,,fine,,daylight,,1,0,0,1,2,0,0,0,0,0,0,0,0,0,0,0,0,0,0,0
-40.90634762,174.9977103,Kapiti Coast District,2018,minor_injury,50,TRUE,straight,,fine,,daylight,traffic_lights,1,0,0,1,2,0,0,0,0,0,0,0,0,0,0,0,0,0,0,0
-43.54005694,172.6177663,Christchurch City,2018,minor_injury,50,TRUE,straight,,fine,,daylight,traffic_lights,1,0,0,1,2,0,0,0,0,0,0,0,0,0,0,0,0,0,0,0
-36.88872061,174.755088,Auckland,2018,minor_injury,50,TRUE,straight,,fine,,daylight,traffic_lights,1,0,0,1,2,0,0,0,0,0,0,0,0,0,0,0,0,0,0,0
-36.88872061,174.755088,Auckland,2018,minor_injury,50,TRUE,straight,,fine,,daylight,traffic_lights,1,0,0,1,2,0,0,0,0,0,0,0,0,0,0,0,0,0,0,0
-36.85366686,174.7618232,Auckland,2018,minor_injury,50,TRUE,curved_view_open,,fine,,daylight,traffic_lights,1,0,0,1,2,0,0,0,0,0,0,0,0,0,0,0,0,0,0,0
-36.96975683,174.8600323,Auckland,2018,minor_injury,50,TRUE,straight,,fine,,daylight,,1,0,0,1,2,0,0,0,0,0,0,0,0,0,0,0,0,0,0,0
-36.71674937,174.7429713,Auckland,2018,minor_injury,50,TRUE,straight,,fine,,darkness_not_lit,traffic_lights,1,0,0,1,2,0,0,0,0,0,0,0,0,0,0,0,0,0,0,0
-36.71674937,174.7429713,Auckland,2018,minor_injury,50,TRUE,straight,,fine,,darkness_not_lit,traffic_lights,1,0,0,1,2,0,0,0,0,0,0,0,0,0,0,0,0,0,0,0
-35.28062349,174.0559513,Far North District,2018,minor_injury,70,TRUE,straight,,fine,,daylight,,1,0,0,1,2,0,0,0,0,0,0,0,0,0,0,0,0,0,0,0
-37.69836123,176.1592287,Tauranga City,2018,minor_injury,50,TRUE,straight,,fine,,daylight,traffic_lights,1,0,0,1,2,0,0,0,0,0,0,0,0,0,0,0,0,0,0,0
-37.69836123,176.1592287,Tauranga City,2018,minor_injury,50,TRUE,straight,,fine,,daylight,traffic_lights,1,0,0,1,2,0,0,0,0,0,0,0,0,0,0,0,0,0,0,0
-38.6886864,176.0744961,Taupo District,2018,minor_injury,50,TRUE,straight,,fine,,darkness_not_lit,stop_sign,1,0,0,1,2,0,0,0,0,0,0,0,0,0,0,0,0,0,0,0
-36.84712443,174.836163,Auckland,2018,minor_injury,50,FALSE,curved_view_open,,fine,,darkness_not_lit,,1,0,0,1,2,0,0,0,0,0,0,0,0,0,0,0,0,0,0,0
-36.89811825,174.7735174,Auckland,2018,minor_injury,50,TRUE,straight,,rain,,daylight,giveway_sign,1,0,0,1,2,0,0,0,0,0,0,0,0,0,0,0,0,0,0,0
-37.03436586,174.9075099,Auckland,2018,minor_injury,50,FALSE,straight,,fine,,daylight,,1,0,0,1,2,0,0,0,0,0,0,0,0,0,0,0,0,0,0,0
-37.7266012,176.1685057,Tauranga City,2018,minor_injury,50,TRUE,straight,,fine,,darkness_not_lit,traffic_lights,1,0,0,1,2,0,0,0,0,0,0,0,0,0,0,0,0,0,0,0
-36.97970633,174.8520285,Auckland,2018,minor_injury,50,TRUE,straight,,rain,,darkness_not_lit,giveway_sign,1,0,0,1,2,0,0,0,0,0,0,0,0,0,0,0,0,0,0,0
-37.79099584,175.2793298,Hamilton City,2018,minor_injury,50,TRUE,curved_view_open,,fine,,darkness_not_lit,giveway_sign,1,0,0,1,2,0,0,0,0,0,0,0,0,0,0,0,0,0,0,0
-36.96166883,174.883669,Auckland,2018,minor_injury,60,TRUE,straight,,fine,,dawn_dusk,traffic_lights,1,0,0,1,2,0,0,0,0,0,0,0,0,0,0,0,0,0,0,0
-36.80642215,174.7065548,Auckland,2018,minor_injury,50,TRUE,curved_view_open,,rain,,daylight,stop_sign,1,0,0,1,2,0,0,0,0,0,0,0,0,0,0,0,0,0,0,0
-37.64519502,176.1876237,Tauranga City,2018,minor_injury,50,TRUE,straight,,rain,,daylight,giveway_sign,1,0,0,1,2,0,0,0,0,0,0,0,0,0,0,0,0,0,0,0
-36.90025246,174.8095022,Auckland,2018,minor_injury,100,FALSE,straight,,fine,,daylight,,1,0,0,1,2,0,0,0,0,0,0,0,0,0,0,0,0,0,0,0
-36.87931152,174.7403205,Auckland,2018,minor_injury,50,TRUE,straight,,fine,,daylight,stop_sign,1,0,0,1,2,0,0,0,0,0,0,0,0,0,0,0,0,0,0,0
-38.6867581,176.0751951,Taupo District,2018,minor_injury,50,TRUE,straight,,rain,,daylight,stop_sign,1,0,0,1,2,0,0,0,0,0,0,0,0,0,0,0,0,0,0,0
-41.14570048,175.0148618,Upper Hutt City,2018,minor_injury,50,FALSE,straight,,fine,,daylight,,1,0,0,1,2,0,0,0,0,0,0,0,0,0,0,0,0,0,0,0
-41.27818389,174.7801349,Wellington City,2018,minor_injury,50,TRUE,curved_view_open,,fine,,daylight,traffic_lights,1,0,0,1,2,0,0,0,0,0,0,0,0,0,0,0,0,0,0,0
-38.99270785,174.2394855,New Plymouth District,2018,minor_injury,50,TRUE,straight,,rain,,daylight,giveway_sign,1,0,0,1,2,0,0,0,0,0,0,0,0,0,0,0,0,0,0,0
-39.64261524,176.8494484,Hastings District,2018,minor_injury,50,TRUE,straight,,fine,,daylight,stop_sign,1,0,0,1,2,0,0,0,0,0,0,0,0,0,0,0,0,0,0,0
-39.64261524,176.8494484,Hastings District,2018,minor_injury,50,TRUE,straight,,fine,,daylight,stop_sign,1,0,0,1,2,0,0,0,0,0,0,0,0,0,0,0,0,0,0,0
-39.63567546,176.8571821,Hastings District,2018,minor_injury,50,TRUE,straight,,fine,,darkness_not_lit,traffic_lights,1,0,0,1,2,0,0,0,0,0,0,0,0,0,0,0,0,0,0,0
-41.25670101,174.9326304,Hutt City,2018,minor_injury,50,TRUE,straight,,fine,,darkness_not_lit,giveway_sign,1,0,0,1,2,0,0,0,0,0,0,0,0,0,0,0,0,0,0,0
-38.67491608,178.0439382,Gisborne District,2018,minor_injury,50,TRUE,straight,,fine,,daylight,stop_sign,1,0,0,1,2,0,0,0,0,0,0,0,0,0,0,0,0,0,0,0
-40.20011876,175.3929622,Manawatu District,2018,minor_injury,100,TRUE,curved_view_open,,fine,,daylight,giveway_sign,1,0,0,1,2,0,0,0,0,0,0,0,0,0,0,0,0,0,0,0
-40.3332272,175.8510138,Tararua District,2018,minor_injury,100,TRUE,straight,,fine,,daylight,giveway_sign,1,0,0,1,2,0,0,0,0,0,0,0,0,0,0,0,0,0,0,0
-36.86170512,174.6495433,Auckland,2018,minor_injury,50,FALSE,straight,,fine,,darkness_not_lit,,1,0,0,1,2,0,0,0,0,0,0,0,0,0,0,0,0,0,0,0
-43.52874464,172.6506076,Christchurch City,2018,minor_injury,50,TRUE,straight,,fine,,daylight,traffic_lights,1,0,0,1,2,0,0,0,0,0,0,0,0,0,0,0,0,0,0,0
-43.5209051,172.625992,Christchurch City,2018,minor_injury,50,TRUE,straight,,fine,,daylight,traffic_lights,1,0,0,1,2,0,0,0,0,0,0,0,0,0,0,0,0,0,0,0
-37.02163119,174.9041003,Auckland,2018,minor_injury,50,TRUE,straight,,rain,,daylight,giveway_sign,1,0,0,1,2,0,0,0,0,0,0,0,0,0,0,0,0,0,0,0
-37.02163119,174.9041003,Auckland,2018,minor_injury,50,TRUE,straight,,rain,,daylight,giveway_sign,1,0,0,1,2,0,0,0,0,0,0,0,0,0,0,0,0,0,0,0
-37.07168221,174.9318399,Auckland,2018,minor_injury,50,TRUE,straight,,fine,,daylight,giveway_sign,1,0,0,1,2,0,0,0,0,0,0,0,0,0,0,0,0,0,0,0
-36.84847551,174.7483691,Auckland,2018,minor_injury,50,TRUE,straight,,fine,,daylight,giveway_sign,1,0,0,1,2,0,0,0,0,0,0,0,0,0,0,0,0,0,0,0
-39.33951449,174.2848083,Stratford District,2018,minor_injury,50,FALSE,straight,,rain,,darkness_not_lit,,1,0,0,1,2,0,0,0,0,0,0,0,0,0,0,0,0,0,0,0
-41.22134891,174.8880582,Hutt City,2018,minor_injury,50,TRUE,straight,,fine,,daylight,giveway_sign,1,0,0,1,2,0,0,0,0,0,0,0,0,0,0,0,0,0,0,0
-45.90614464,170.5098111,Dunedin City,2018,minor_injury,50,TRUE,straight,,fine,,daylight,giveway_sign,1,0,0,1,2,0,0,0,0,0,0,0,0,0,0,0,0,0,0,0
-45.88704285,170.5064121,Dunedin City,2018,minor_injury,60,TRUE,straight,,rain,,daylight,traffic_lights,1,0,0,1,2,0,0,0,0,0,0,0,0,0,0,0,0,0,0,0
-43.89862771,171.7566919,Ashburton District,2018,minor_injury,50,TRUE,straight,,fine,,daylight,giveway_sign,1,0,0,1,2,0,0,0,0,0,0,0,0,0,0,0,0,0,0,0
-43.51953373,172.6012042,Christchurch City,2018,minor_injury,50,TRUE,straight,,fine,,daylight,traffic_lights,1,0,0,1,2,0,0,0,0,0,0,0,0,0,0,0,0,0,0,0
-36.97543165,174.7929026,Auckland,2018,minor_injury,50,TRUE,straight,,fine,,darkness_not_lit,traffic_lights,1,0,0,1,2,0,0,0,0,0,0,0,0,0,0,0,0,0,0,0
-36.88731889,174.7940149,Auckland,2018,minor_injury,100,FALSE,straight,,rain,,daylight,,1,0,0,1,2,0,0,0,0,0,0,0,0,0,0,0,0,0,0,0
-36.88927857,174.7751643,Auckland,2018,minor_injury,50,TRUE,straight,,fine,,daylight,giveway_sign,1,0,0,1,2,0,0,0,0,0,0,0,0,0,0,0,0,0,0,0
-37.79481566,175.2475026,Hamilton City,2018,minor_injury,50,TRUE,curved_view_open,,fine,,daylight,giveway_sign,1,0,0,1,2,0,0,0,0,0,0,0,0,0,0,0,0,0,0,0
-37.78395972,175.2731753,Hamilton City,2018,minor_injury,50,TRUE,curved_view_open,,rain,,dawn_dusk,giveway_sign,1,0,0,1,2,0,0,0,0,0,0,0,0,0,0,0,0,0,0,0
-37.75424099,175.2898688,Hamilton City,2018,minor_injury,50,TRUE,curved_view_open,,fine,,daylight,giveway_sign,1,0,0,1,2,0,0,0,0,0,0,0,0,0,0,0,0,0,0,0
-37.72518564,176.1668686,Tauranga City,2018,minor_injury,50,TRUE,curved_view_open,,fine,,daylight,giveway_sign,1,0,0,1,2,0,0,0,0,0,0,0,0,0,0,0,0,0,0,0
-37.79734358,175.3183751,Hamilton City,2018,minor_injury,50,TRUE,straight,,mist,,darkness_not_lit,stop_sign,1,0,0,1,2,0,0,0,0,0,0,0,0,0,0,0,0,0,0,0
-37.03913541,174.9308011,Auckland,2018,minor_injury,80,TRUE,straight,,fine,,daylight,giveway_sign,1,0,0,1,2,0,0,0,0,0,0,0,0,0,0,0,0,0,0,0
-37.03638281,174.8946988,Auckland,2018,minor_injury,50,TRUE,straight,,rain,,daylight,giveway_sign,1,0,0,1,2,0,0,0,0,0,0,0,0,0,0,0,0,0,0,0
-37.81985707,175.2827053,Hamilton City,2018,minor_injury,50,TRUE,curved_view_open,,fine,,daylight,giveway_sign,1,0,0,1,2,0,0,0,0,0,0,0,0,0,0,0,0,0,0,0
-36.90250015,174.6560441,Auckland,2018,minor_injury,50,FALSE,straight,,rain,,darkness_not_lit,,1,0,0,1,2,0,0,0,0,0,0,0,0,0,0,0,0,0,0,0
-41.3129573,174.7844258,Wellington City,2018,minor_injury,50,TRUE,straight,,rain,,daylight,traffic_lights,1,0,0,1,2,0,0,0,0,0,0,0,0,0,0,0,0,0,0,0
-41.19563945,174.9198142,Hutt City,2018,minor_injury,100,FALSE,straight,,fine,,daylight,,1,0,0,1,2,0,0,0,0,0,0,0,0,0,0,0,0,0,0,0
-38.64859636,178.0147029,Gisborne District,2018,minor_injury,50,TRUE,straight,,fine,,daylight,,1,0,0,1,2,0,0,0,0,0,0,0,0,0,0,0,0,0,0,0
-41.51744099,173.9498586,Marlborough District,2018,minor_injury,50,TRUE,straight,,fine,,daylight,giveway_sign,1,0,0,1,2,0,0,0,0,0,0,0,0,0,0,0,0,0,0,0
-43.55303107,172.6368119,Christchurch City,2018,minor_injury,50,TRUE,straight,,fine,,daylight,traffic_lights,1,0,0,1,2,0,0,0,0,0,0,0,0,0,0,0,0,0,0,0
-45.0330421,168.6626865,Queenstown-Lakes District,2018,minor_injury,50,FALSE,straight,,fine,,dawn_dusk,,1,0,0,1,2,0,0,0,0,0,0,0,0,0,0,0,0,0,0,0
-46.42017703,168.3600459,Invercargill City,2018,minor_injury,50,TRUE,straight,,fine,,daylight,giveway_sign,1,0,0,1,2,0,0,0,0,0,0,0,0,0,0,0,0,0,0,0
-43.53408698,172.586665,Christchurch City,2018,minor_injury,50,TRUE,straight,,fine,,darkness_not_lit,giveway_sign,1,0,0,1,2,0,0,0,0,0,0,0,0,0,0,0,0,0,0,0
-43.50259419,172.6327107,Christchurch City,2018,minor_injury,50,TRUE,straight,,fine,,dawn_dusk,traffic_lights,1,0,0,1,2,0,0,0,0,0,0,0,0,0,0,0,0,0,0,0
-38.14232892,176.2470397,Rotorua District,2018,minor_injury,50,TRUE,straight,,fine,,daylight,giveway_sign,1,0,0,1,2,0,0,0,0,0,0,0,0,0,0,0,0,0,0,0
-36.86073618,174.7622435,Auckland,2018,minor_injury,50,FALSE,straight,,rain,,darkness_not_lit,,1,0,0,1,2,0,0,0,0,0,0,0,0,0,0,0,0,0,0,0
-41.21594958,174.8850042,Hutt City,2018,minor_injury,50,TRUE,straight,,fine,,daylight,giveway_sign,1,0,0,1,2,0,0,0,0,0,0,0,0,0,0,0,0,0,0,0
-36.86019937,174.7454842,Auckland,2018,minor_injury,50,TRUE,straight,,rain,,darkness_not_lit,stop_sign,1,0,0,1,2,0,0,0,0,0,0,0,0,0,0,0,0,0,0,0
-45.87010655,170.5168851,Dunedin City,2018,minor_injury,50,TRUE,straight,,fine,,daylight,giveway_sign,1,0,0,1,2,0,0,0,0,0,0,0,0,0,0,0,0,0,0,0