latitude,longitude,local_government_area,year,severity,speed_limit,intersection,road_position_horizontal,road_wet,weather,crash_type,lighting,traffic_controls,casualties,fatalities,serious_injuries,minor_injuries,car_sedan,car_utility,car_van,car_4x4,car_station_wagon,motor_cycle,truck_small,truck_large,bus,taxi,bicycle,scooter,pedestrian,inanimate,train,tram
-36.9478836,174.5212767,Auckland,2018,minor_injury,70,FALSE,curved_view_open,,rain,,daylight,,1,0,0,1,2,0,0,0,0,0,0,0,0,0,0,0,0,0,0,0
-36.97116746,174.8196161,Auckland,2018,minor_injury,50,TRUE,straight,,rain,,daylight,giveway_sign,1,0,0,1,2,0,0,0,0,0,0,0,0,0,0,0,0,0,0,0
-37.01963378,174.9212141,Auckland,2018,minor_injury,60,TRUE,straight,,rain,,darkness_not_lit,,1,0,0,1,2,0,0,0,0,0,0,0,0,0,0,0,0,0,0,0
-39.90736325,175.0565472,Wanganui District,2018,minor_injury,50,FALSE,straight,,fine,,daylight,,1,0,0,1,2,0,0,0,0,0,0,0,0,0,0,0,0,0,0,0
-41.21467907,174.9014646,Hutt City,2018,minor_injury,50,TRUE,straight,,fine,,daylight,giveway_sign,1,0,0,1,2,0,0,0,0,0,0,0,0,0,0,0,0,0,0,0
-41.34232969,173.1819281,Tasman District,2018,minor_injury,50,TRUE,straight,,fine,,darkness_not_lit,giveway_sign,1,0,0,1,2,0,0,0,0,0,0,0,0,0,0,0,0,0,0,0
-41.27681198,174.7715607,Wellington City,2018,minor_injury,50,TRUE,straight,,fine,,darkness_not_lit,giveway_sign,1,0,0,1,2,0,0,0,0,0,0,0,0,0,0,0,0,0,0,0
-40.35238763,175.6199383,Palmerston North City,2018,minor_injury,50,TRUE,straight,,fine,,daylight,traffic_lights,1,0,0,1,2,0,0,0,0,0,0,0,0,0,0,0,0,0,0,0
-45.53694979,170.7025006,Waitaki District,2018,minor_injury,100,TRUE,curved_view_open,,fine,,daylight,,1,0,0,1,2,0,0,0,0,0,0,0,0,0,0,0,0,0,0,0
-36.94933325,174.8473173,Auckland,2018,minor_injury,50,TRUE,straight,,fine,,daylight,stop_sign,1,0,0,1,2,0,0,0,0,0,0,0,0,0,0,0,0,0,0,0
-36.99672775,174.8752633,Auckland,2018,minor_injury,60,TRUE,straight,,fine,,darkness_not_lit,traffic_lights,1,0,0,1,2,0,0,0,0,0,0,0,0,0,0,0,0,0,0,0
-36.86438731,174.7469368,Auckland,2018,minor_injury,50,TRUE,straight,,fine,,daylight,giveway_sign,1,0,0,1,2,0,0,0,0,0,0,0,0,0,0,0,0,0,0,0
-37.0451937,174.9218245,Auckland,2018,minor_injury,50,FALSE,straight,,fine,,daylight,,1,0,0,1,2,0,0,0,0,0,0,0,0,0,0,0,0,0,0,0
-36.80741849,174.7581846,Auckland,2018,minor_injury,100,FALSE,straight,,fine,,darkness_not_lit,,1,0,0,1,2,0,0,0,0,0,0,0,0,0,0,0,0,0,0,0
-36.94216995,174.8483345,Auckland,2018,minor_injury,50,TRUE,straight,,fine,,daylight,stop_sign,1,0,0,1,2,0,0,0,0,0,0,0,0,0,0,0,0,0,0,0
-43.5452583,172.5959222,Christchurch City,2018,minor_injury,50,FALSE,straight,,rain,,daylight,,1,0,0,1,2,0,0,0,0,0,0,0,0,0,0,0,0,0,0,0
-46.09774446,168.942113,Gore District,2018,minor_injury,50,TRUE,straight,,fine,,daylight,stop_sign,1,0,0,1,2,0,0,0,0,0,0,0,0,0,0,0,0,0,0,0
-45.09602958,170.9719001,Waitaki District,2018,minor_injury,50,FALSE,straight,,rain,,daylight,,1,0,0,1,2,0,0,0,0,0,0,0,0,0,0,0,0,0,0,0
-37.19276953,174.980942,Auckland,2018,minor_injury,70,FALSE,straight,,rain,,darkness_not_lit,,1,0,0,1,2,0,0,0,0,0,0,0,0,0,0,0,0,0,0,0
-36.91682718,174.7964909,Auckland,2018,minor_injury,50,TRUE,straight,,rain,,dawn_dusk,stop_sign,1,0,0,1,2,0,0,0,0,0,0,0,0,0,0,0,0,0,0,0
-36.84521593,174.7376968,Auckland,2018,minor_injury,50,FALSE,straight,,fine,,darkness_not_lit,,1,0,0,1,2,0,0,0,0,0,0,0,0,0,0,0,0,0,0,0
-37.78089291,175.3030101,Hamilton City,2018,minor_injury,60,TRUE,straight,,fine,,daylight,traffic_lights,1,0,0,1,2,0,0,0,0,0,0,0,0,0,0,0,0,0,0,0
-40.35246518,175.6005497,Palmerston North City,2018,minor_injury,50,TRUE,straight,,fine,,daylight,giveway_sign,1,0,0,1,2,0,0,0,0,0,0,0,0,0,0,0,0,0,0,0
-41.11902786,174.9453079,Porirua City,2018,minor_injury,100,FALSE,straight,,fine,,daylight,,1,0,0,1,2,0,0,0,0,0,0,0,0,0,0,0,0,0,0,0
-36.91629231,174.7684716,Auckland,2018,minor_injury,50,TRUE,straight,,fine,,darkness_not_lit,traffic_lights,1,0,0,1,2,0,0,0,0,0,0,0,0,0,0,0,0,0,0,0
-43.54282234,172.5222883,Christchurch City,2018,minor_injury,50,FALSE,straight,,fine,,daylight,,1,0,0,1,2,0,0,0,0,0,0,0,0,0,0,0,0,0,0,0
-36.85581834,174.6300121,Auckland,2018,minor_injury,50,FALSE,straight,,fine,,daylight,,1,0,0,1,2,0,0,0,0,0,0,0,0,0,0,0,0,0,0,0
-46.42017868,168.3472645,Invercargill City,2018,minor_injury,50,TRUE,straight,,fine,,daylight,giveway_sign,1,0,0,1,2,0,0,0,0,0,0,0,0,0,0,0,0,0,0,0
-43.46148732,172.6581525,Christchurch City,2018,minor_injury,70,FALSE,straight,,fine,,daylight,,1,0,0,1,2,0,0,0,0,0,0,0,0,0,0,0,0,0,0,0
-45.88571493,170.4971404,Dunedin City,2018,minor_injury,50,FALSE,straight,,fine,,dawn_dusk,,1,0,0,1,2,0,0,0,0,0,0,0,0,0,0,0,0,0,0,0
-46.42017606,168.347421,Invercargill City,2018,minor_injury,50,TRUE,straight,,fine,,darkness_not_lit,giveway_sign,1,0,0,1,2,0,0,0,0,0,0,0,0,0,0,0,0,0,0,0
-40.22616612,175.6470309,Manawatu District,2018,minor_injury,80,TRUE,straight,,fine,,daylight,giveway_sign,1,0,0,1,2,0,0,0,0,0,0,0,0,0,0,0,0,0,0,0
-43.54580894,172.6451738,Christchurch City,2018,minor_injury,50,TRUE,straight,,fine,,darkness_not_lit,stop_sign,1,0,0,1,2,0,0,0,0,0,0,0,0,0,0,0,0,0,0,0
-36.81895481,174.7503093,Auckland,2018,minor_injury,80,FALSE,straight,,fine,,daylight,,1,0,0,1,2,0,0,0,0,0,0,0,0,0,0,0,0,0,0,0
-36.76520004,174.7186476,Auckland,2018,minor_injury,50,TRUE,straight,,fine,,daylight,traffic_lights,1,0,0,1,2,0,0,0,0,0,0,0,0,0,0,0,0,0,0,0
-36.89576005,174.8524327,Auckland,2018,minor_injury,50,FALSE,straight,,fine,,daylight,,1,0,0,1,2,0,0,0,0,0,0,0,0,0,0,0,0,0,0,0
-43.50810324,172.6464958,Christchurch City,2018,minor_injury,50,TRUE,straight,,rain,,daylight,giveway_sign,1,0,0,1,2,0,0,0,0,0,0,0,0,0,0,0,0,0,0,0
-37.03686355,174.8603417,Auckland,2018,minor_injury,50,TRUE,straight,,fine,,daylight,giveway_sign,1,0,0,1,2,0,0,0,0,0,0,0,0,0,0,0,0,0,0,0
-36.92081247,174.7675657,Auckland,2018,minor_injury,50,TRUE,curved_view_open,,fine,,darkness_not_lit,giveway_sign,1,0,0,1,2,0,0,0,0,0,0,0,0,0,0,0,0,0,0,0
-37.90864685,175.468706,Waipa District,2018,minor_injury,50,TRUE,straight,,fine,,daylight,giveway_sign,1,0,0,1,2,0,0,0,0,0,0,0,0,0,0,0,0,0,0,0
-40.21870783,175.5666831,Manawatu District,2018,minor_injury,50,TRUE,straight,,fine,,daylight,,1,0,0,1,2,0,0,0,0,0,0,0,0,0,0,0,0,0,0,0
-36.96634139,174.8086731,Auckland,2018,minor_injury,50,TRUE,straight,,fine,,daylight,giveway_sign,1,0,0,1,2,0,0,0,0,0,0,0,0,0,0,0,0,0,0,0
-36.86177907,174.6258649,Auckland,2018,minor_injury,50,FALSE,straight,,fine,,darkness_not_lit,,1,0,0,1,2,0,0,0,0,0,0,0,0,0,0,0,0,0,0,0
-43.55793712,172.645016,Christchurch City,2018,minor_injury,50,TRUE,straight,,fine,,daylight,giveway_sign,1,0,0,1,2,0,0,0,0,0,0,0,0,0,0,0,0,0,0,0
-41.20383426,174.8161155,Wellington City,2018,minor_injury,50,TRUE,curved_view_open,,rain,,daylight,giveway_sign,1,0,0,1,2,0,0,0,0,0,0,0,0,0,0,0,0,0,0,0
-43.47661865,172.5191131,Christchurch City,2018,minor_injury,80,TRUE,curved_view_open,,fine,,daylight,giveway_sign,1,0,0,1,2,0,0,0,0,0,0,0,0,0,0,0,0,0,0,0
-36.90514387,174.761727,Auckland,2018,minor_injury,50,TRUE,straight,,fine,,dawn_dusk,giveway_sign,1,0,0,1,2,0,0,0,0,0,0,0,0,0,0,0,0,0,0,0
-43.50018233,172.6876829,Christchurch City,2018,minor_injury,50,TRUE,straight,,fine,,daylight,giveway_sign,1,0,0,1,2,0,0,0,0,0,0,0,0,0,0,0,0,0,0,0
-36.97142076,174.9235845,Auckland,2018,minor_injury,80,TRUE,straight,,rain,,daylight,giveway_sign,1,0,0,1,2,0,0,0,0,0,0,0,0,0,0,0,0,0,0,0
-45.09955886,170.9699068,Waitaki District,2018,minor_injury,50,FALSE,straight,,fine,,daylight,,1,0,0,1,2,0,0,0,0,0,0,0,0,0,0,0,0,0,0,0
-39.90917738,175.0548351,Wanganui District,2018,minor_injury,50,TRUE,straight,,fine,,darkness_not_lit,giveway_sign,1,0,0,1,2,0,0,0,0,0,0,0,0,0,0,0,0,0,0,0
-36.91645206,174.8392498,Auckland,2018,minor_injury,50,TRUE,straight,,fine,,daylight,traffic_lights,1,0,0,1,2,0,0,0,0,0,0,0,0,0,0,0,0,0,0,0
-36.74454752,174.6930312,Auckland,2018,minor_injury,50,FALSE,straight,,fine,,daylight,,1,0,0,1,2,0,0,0,0,0,0,0,0,0,0,0,0,0,0,0
-35.69740932,174.3188762,Whangarei District,2018,minor_injury,50,FALSE,straight,,fine,,darkness_not_lit,,1,0,0,1,2,0,0,0,0,0,0,0,0,0,0,0,0,0,0,0
-39.92578132,175.0400148,Wanganui District,2018,minor_injury,50,FALSE,straight,,fine,,daylight,,1,0,0,1,2,0,0,0,0,0,0,0,0,0,0,0,0,0,0,0
-41.23999043,174.8263048,Wellington City,2018,minor_injury,100,FALSE,straight,,rain,,darkness_not_lit,,1,0,0,1,2,0,0,0,0,0,0,0,0,0,0,0,0,0,0,0
-36.8182298,174.6149428,Auckland,2018,minor_injury,50,TRUE,straight,,fine,,darkness_not_lit,traffic_lights,1,0,0,1,2,0,0,0,0,0,0,0,0,0,0,0,0,0,0,0
-41.02503907,175.5274308,Carterton District,2018,minor_injury,50,FALSE,straight,,fine,,daylight,,1,0,0,1,2,0,0,0,0,0,0,0,0,0,0,0,0,0,0,0
-36.99129376,174.8843097,Auckland,2018,minor_injury,60,FALSE,straight,,fine,,daylight,,1,0,0,1,2,0,0,0,0,0,0,0,0,0,0,0,0,0,0,0
-36.83166239,174.7448915,Auckland,2018,minor_injury,80,FALSE,straight,,fine,,daylight,,1,0,0,1,2,0,0,0,0,0,0,0,0,0,0,0,0,0,0,0
-36.72228153,174.7089458,Auckland,2018,minor_injury,50,TRUE,straight,,fine,,dawn_dusk,giveway_sign,1,0,0,1,2,0,0,0,0,0,0,0,0,0,0,0,0,0,0,0
-41.1296818,174.8362385,Porirua City,2018,minor_injury,70,TRUE,curved_view_open,,fine,,daylight,giveway_sign,1,0,0,1,2,0,0,0,0,0,0,0,0,0,0,0,0,0,0,0
-36.81904525,174.750289,Auckland,2018,minor_injury,80,FALSE,straight,,fine,,daylight,,1,0,0,1,2,0,0,0,0,0,0,0,0,0,0,0,0,0,0,0
-36.86866498,174.7385869,Auckland,2018,minor_injury,80,FALSE,straight,,fine,,daylight,,1,0,0,1,2,0,0,0,0,0,0,0,0,0,0,0,0,0,0,0
-37.660923,176.2033588,Tauranga City,2018,minor_injury,50,FALSE,straight,,fine,,daylight,,1,0,0,1,2,0,0,0,0,0,0,0,0,0,0,0,0,0,0,0
-36.96690931,174.9188769,Auckland,2018,minor_injury,60,TRUE,straight,,fine,,daylight,traffic_lights,1,0,0,1,2,0,0,0,0,0,0,0,0,0,0,0,0,0,0,0
-36.84872545,174.7926975,Auckland,2018,minor_injury,50,FALSE,curved_view_open,,fine,,darkness_not_lit,,1,0,0,1,2,0,0,0,0,0,0,0,0,0,0,0,0,0,0,0
-45.07527429,170.9873211,Waitaki District,2018,minor_injury,50,FALSE,straight,,fine,,darkness_not_lit,,1,0,0,1,2,0,0,0,0,0,0,0,0,0,0,0,0,0,0,0
-37.67079373,176.2150843,Tauranga City,2018,minor_injury,70,FALSE,straight,,rain,,daylight,,1,0,0,1,2,0,0,0,0,0,0,0,0,0,0,0,0,0,0,0
-36.88698633,174.7933563,Auckland,2018,minor_injury,100,FALSE,straight,,fine,,darkness_not_lit,,1,0,0,1,2,0,0,0,0,0,0,0,0,0,0,0,0,0,0,0
-36.91181805,174.7753611,Auckland,2018,minor_injury,50,FALSE,straight,,fine,,daylight,,1,0,0,1,2,0,0,0,0,0,0,0,0,0,0,0,0,0,0,0
-36.98782864,174.8594274,Auckland,2018,minor_injury,50,FALSE,straight,,fine,,darkness_not_lit,,1,0,0,1,2,0,0,0,0,0,0,0,0,0,0,0,0,0,0,0
-36.86932347,174.7708994,Auckland,2018,minor_injury,80,FALSE,straight,,rain,,dawn_dusk,,1,0,0,1,2,0,0,0,0,0,0,0,0,0,0,0,0,0,0,0
-37.75306703,176.0807603,Tauranga City,2018,minor_injury,100,FALSE,straight,,fine,,daylight,,1,0,0,1,2,0,0,0,0,0,0,0,0,0,0,0,0,0,0,0
-37.79107175,176.324754,Western Bay Of Plenty District,2018,minor_injury,50,TRUE,straight,,fine,,daylight,,1,0,0,1,2,0,0,0,0,0,0,0,0,0,0,0,0,0,0,0
-40.33119152,175.630688,Palmerston North City,2018,minor_injury,50,TRUE,straight,,fine,,daylight,giveway_sign,1,0,0,1,2,0,0,0,0,0,0,0,0,0,0,0,0,0,0,0
-36.75606779,174.7018202,Auckland,2018,minor_injury,50,FALSE,straight,,fine,,daylight,,1,0,0,1,2,0,0,0,0,0,0,0,0,0,0,0,0,0,0,0
-36.90938036,174.8143982,Auckland,2018,minor_injury,50,FALSE,straight,,rain,,daylight,,1,0,0,1,2,0,0,0,0,0,0,0,0,0,0,0,0,0,0,0
-44.05763491,171.3902108,Timaru District,2018,minor_injury,100,FALSE,straight,,fine,,darkness_not_lit,,1,0,0,1,2,0,0,0,0,0,0,0,0,0,0,0,0,0,0,0
-41.04924005,172.9591975,Tasman District,2018,minor_injury,100,FALSE,curved_view_open,,fine,,daylight,,1,0,0,1,2,0,0,0,0,0,0,0,0,0,0,0,0,0,0,0
-37.78991561,175.325819,Hamilton City,2018,minor_injury,50,FALSE,straight,,fine,,daylight,,1,0,0,1,2,0,0,0,0,0,0,0,0,0,0,0,0,0,0,0
-35.95434331,174.4521542,Whangarei District,2018,minor_injury,100,FALSE,straight,,fine,,daylight,,1,0,0,1,2,0,0,0,0,0,0,0,0,0,0,0,0,0,0,0
-39.52104119,176.8720121,Napier City,2018,minor_injury,50,FALSE,straight,,fine,,daylight,,1,0,0,1,2,0,0,0,0,0,0,0,0,0,0,0,0,0,0,0
-36.74147663,174.7073442,Auckland,2018,minor_injury,50,FALSE,straight,,fine,,daylight,,1,0,0,1,2,0,0,0,0,0,0,0,0,0,0,0,0,0,0,0
-36.76130202,175.5102173,Thames-Coromandel District,2018,minor_injury,100,FALSE,curved_view_open,,fine,,daylight,,1,0,0,1,2,0,0,0,0,0,0,0,0,0,0,0,0,0,0,0
-36.90063567,174.9054543,Auckland,2018,minor_injury,60,FALSE,straight,,fine,,daylight,,1,0,0,1,2,0,0,0,0,0,0,0,0,0,0,0,0,0,0,0
-36.96678704,174.8424036,Auckland,2018,minor_injury,50,FALSE,straight,,rain,,daylight,,1,0,0,1,2,0,0,0,0,0,0,0,0,0,0,0,0,0,0,0
-45.83947051,169.9023192,Clutha District,2018,minor_injury,100,FALSE,straight,,fine,,daylight,,1,0,0,1,2,0,0,0,0,0,0,0,0,0,0,0,0,0,0,0
-39.5015744,176.9108068,Napier City,2018,minor_injury,50,FALSE,straight,,fine,,daylight,,1,0,0,1,2,0,0,0,0,0,0,0,0,0,0,0,0,0,0,0
-36.17752533,175.4816368,Auckland,2018,minor_injury,100,FALSE,curved_view_open,,fine,,daylight,,1,0,0,1,2,0,0,0,0,0,0,0,0,0,0,0,0,0,0,0
-43.61366104,172.6649752,Christchurch City,2018,minor_injury,100,FALSE,curved_view_open,,rain,,daylight,,1,0,0,1,2,0,0,0,0,0,0,0,0,0,0,0,0,0,0,0
-45.06236042,167.9942581,Southland District,2018,minor_injury,100,FALSE,straight,,fine,,daylight,,1,0,0,1,2,0,0,0,0,0,0,0,0,0,0,0,0,0,0,0
-41.33847928,173.17881,Tasman District,2018,minor_injury,50,FALSE,straight,,fine,,daylight,,1,0,0,1,2,0,0,0,0,0,0,0,0,0,0,0,0,0,0,0
-40.46346859,175.2902476,Horowhenua District,2018,minor_injury,70,FALSE,straight,,fine,,daylight,,1,0,0,1,2,0,0,0,0,0,0,0,0,0,0,0,0,0,0,0
-36.7315018,174.7140102,Auckland,2018,minor_injury,50,TRUE,straight,,rain,,daylight,,1,0,0,1,2,0,0,0,0,0,0,0,0,0,0,0,0,0,0,0
-37.69954096,176.1325972,Tauranga City,2018,minor_injury,80,FALSE,curved_view_open,,fine,,daylight,,1,0,0,1,2,0,0,0,0,0,0,0,0,0,0,0,0,0,0,0
-45.06868432,170.9934214,Waitaki District,2018,minor_injury,50,FALSE,straight,,rain,,daylight,,1,0,0,1,2,0,0,0,0,0,0,0,0,0,0,0,0,0,0,0
-37.00137041,175.0286101,Auckland,2018,minor_injury,80,FALSE,curved_view_open,,fine,,daylight,giveway_sign,1,0,0,1,2,0,0,0,0,0,0,0,0,0,0,0,0,0,0,0
-36.74909771,174.7245271,Auckland,2018,minor_injury,100,FALSE,straight,,fine,,daylight,,1,0,0,1,2,0,0,0,0,0,0,0,0,0,0,0,0,0,0,0
-41.21284254,174.8789152,Hutt City,2018,minor_injury,50,FALSE,curved_view_open,,fine,,daylight,,1,0,0,1,2,0,0,0,0,0,0,0,0,0,0,0,0,0,0,0
-35.88932204,174.4299493,Whangarei District,2018,minor_injury,100,FALSE,straight,,rain,,daylight,,1,0,0,1,2,0,0,0,0,0,0,0,0,0,0,0,0,0,0,0
-40.62283683,175.2856128,Horowhenua District,2018,minor_injury,50,FALSE,straight,,fine,,daylight,,1,0,0,1,2,0,0,0,0,0,0,0,0,0,0,0,0,0,0,0
-44.388593,171.244579,Timaru District,2018,minor_injury,50,FALSE,curved_view_open,,rain,,daylight,,1,0,0,1,2,0,0,0,0,0,0,0,0,0,0,0,0,0,0,0
-37.79749954,175.3086022,Hamilton City,2018,minor_injury,50,FALSE,straight,,fine,,darkness_not_lit,,1,0,0,1,2,0,0,0,0,0,0,0,0,0,0,0,0,0,0,0
-36.70849721,174.6665249,Auckland,2018,minor_injury,80,FALSE,curved_view_open,,fine,,darkness_not_lit,,1,0,0,1,2,0,0,0,0,0,0,0,0,0,0,0,0,0,0,0
-37.20985858,175.6130706,Thames-Coromandel District,2018,minor_injury,100,FALSE,straight,,fine,,daylight,,1,0,0,1,2,0,0,0,0,0,0,0,0,0,0,0,0,0,0,0
-37.19705273,174.9217367,Auckland,2018,minor_injury,70,TRUE,straight,,fine,,daylight,giveway_sign,1,0,0,1,2,0,0,0,0,0,0,0,0,0,0,0,0,0,0,0
-41.49302313,173.9153111,Marlborough District,2018,minor_injury,100,FALSE,curved_view_open,,fine,,daylight,,1,0,0,1,2,0,0,0,0,0,0,0,0,0,0,0,0,0,0,0
-39.62072706,176.8102326,Hastings District,2018,minor_injury,50,FALSE,straight,,fine,,dawn_dusk,,1,0,0,1,2,0,0,0,0,0,0,0,0,0,0,0,0,0,0,0
-37.07100714,174.9279086,Auckland,2018,minor_injury,100,FALSE,straight,,rain,,daylight,,1,0,0,1,2,0,0,0,0,0,0,0,0,0,0,0,0,0,0,0
-43.51685673,172.5360415,Christchurch City,2018,minor_injury,60,FALSE,straight,,fine,,darkness_not_lit,,1,0,0,1,2,0,0,0,0,0,0,0,0,0,0,0,0,0,0,0
-40.75468199,175.1656071,Kapiti Coast District,2018,minor_injury,100,FALSE,straight,,fine,,daylight,,1,0,0,1,2,0,0,0,0,0,0,0,0,0,0,0,0,0,0,0
-43.48932797,172.6609266,Christchurch City,2018,minor_injury,80,TRUE,straight,,fine,,daylight,giveway_sign,1,0,0,1,2,0,0,0,0,0,0,0,0,0,0,0,0,0,0,0
-36.92522728,174.8481948,Auckland,2018,minor_injury,100,FALSE,straight,,rain,,daylight,,1,0,0,1,2,0,0,0,0,0,0,0,0,0,0,0,0,0,0,0
-37.06769961,174.942255,Auckland,2018,minor_injury,50,TRUE,straight,,fine,,daylight,giveway_sign,1,0,0,1,2,0,0,0,0,0,0,0,0,0,0,0,0,0,0,0
-35.38244409,174.0633758,Far North District,2018,minor_injury,50,FALSE,curved_view_open,,fine,,daylight,,1,0,0,1,2,0,0,0,0,0,0,0,0,0,0,0,0,0,0,0
-41.5292222,173.935611,Marlborough District,2018,minor_injury,50,TRUE,straight,,fine,,daylight,,1,0,0,1,2,0,0,0,0,0,0,0,0,0,0,0,0,0,0,0
-44.73638654,171.0408211,Waimate District,2018,minor_injury,50,TRUE,straight,,fine,,daylight,stop_sign,1,0,0,1,2,0,0,0,0,0,0,0,0,0,0,0,0,0,0,0
-37.04854563,174.9268791,Auckland,2018,minor_injury,50,FALSE,curved_view_open,,fine,,daylight,,1,0,0,1,2,0,0,0,0,0,0,0,0,0,0,0,0,0,0,0
-36.89299027,174.6254158,Auckland,2018,minor_injury,50,FALSE,straight,,fine,,daylight,,1,0,0,1,2,0,0,0,0,0,0,0,0,0,0,0,0,0,0,0
-36.91323289,174.7474219,Auckland,2018,minor_injury,50,FALSE,straight,,fine,,daylight,,1,0,0,1,2,0,0,0,0,0,0,0,0,0,0,0,0,0,0,0
-36.91860401,174.839975,Auckland,2018,minor_injury,100,FALSE,straight,,fine,,daylight,,1,0,0,1,2,0,0,0,0,0,0,0,0,0,0,0,0,0,0,0
-37.57084709,175.5078981,Matamata-Piako District,2018,minor_injury,100,FALSE,curved_view_open,,fine,,darkness_not_lit,,1,0,0,1,2,0,0,0,0,0,0,0,0,0,0,0,0,0,0,0
-36.9903307,174.8870612,Auckland,2018,minor_injury,100,FALSE,straight,,rain,,daylight,,1,0,0,1,2,0,0,0,0,0,0,0,0,0,0,0,0,0,0,0
-36.96564902,174.7978849,Auckland,2018,minor_injury,100,FALSE,straight,,fine,,daylight,,1,0,0,1,2,0,0,0,0,0,0,0,0,0,0,0,0,0,0,0
-41.2230247,174.8089398,Wellington City,2018,minor_injury,100,FALSE,straight,,rain,,darkness_not_lit,,1,0,0,1,2,0,0,0,0,0,0,0,0,0,0,0,0,0,0,0
-41.21871969,174.8764352,Hutt City,2018,minor_injury,100,FALSE,straight,,rain,,daylight,,1,0,0,1,2,0,0,0,0,0,0,0,0,0,0,0,0,0,0,0
-41.14010822,174.8533651,Porirua City,2018,minor_injury,50,FALSE,straight,,rain,,darkness_not_lit,,1,0,0,1,2,0,0,0,0,0,0,0,0,0,0,0,0,0,0,0
-36.86274224,174.7812469,Auckland,2018,minor_injury,50,TRUE,straight,,fine,,daylight,,1,0,0,1,2,0,0,0,0,0,0,0,0,0,0,0,0,0,0,0
-36.86342387,174.7651657,Auckland,2018,minor_injury,80,FALSE,straight,,fine,,daylight,,1,0,0,1,2,0,0,0,0,0,0,0,0,0,0,0,0,0,0,0
-36.92638273,174.8486605,Auckland,2018,minor_injury,100,FALSE,straight,,fine,,daylight,,1,0,0,1,2,0,0,0,0,0,0,0,0,0,0,0,0,0,0,0
-36.868303,174.7692155,Auckland,2018,minor_injury,80,FALSE,straight,,fine,,daylight,,1,0,0,1,2,0,0,0,0,0,0,0,0,0,0,0,0,0,0,0
-37.76611506,175.3011212,Hamilton City,2018,minor_injury,50,FALSE,straight,,,,daylight,,1,0,0,1,2,0,0,0,0,0,0,0,0,0,0,0,0,0,0,0
-37.76433768,175.3072186,Hamilton City,2018,minor_injury,50,FALSE,straight,,fine,,dawn_dusk,,1,0,0,1,2,0,0,0,0,0,0,0,0,0,0,0,0,0,0,0
-39.24367697,176.6843698,Hastings District,2018,minor_injury,100,FALSE,straight,,rain,,darkness_not_lit,,1,0,0,1,2,0,0,0,0,0,0,0,0,0,0,0,0,0,0,0
-37.01245256,174.8765938,Auckland,2018,minor_injury,50,FALSE,straight,,fine,,daylight,,1,0,0,1,2,0,0,0,0,0,0,0,0,0,0,0,0,0,0,0
-36.99236843,174.8630549,Auckland,2018,minor_injury,60,FALSE,straight,,fine,,daylight,,1,0,0,1,2,0,0,0,0,0,0,0,0,0,0,0,0,0,0,0
-44.55854751,171.1707258,Waimate District,2018,minor_injury,100,FALSE,curved_view_open,,fine,,daylight,,1,0,0,1,2,0,0,0,0,0,0,0,0,0,0,0,0,0,0,0
-36.9884171,174.8826994,Auckland,2018,minor_injury,60,FALSE,straight,,rain,,darkness_not_lit,traffic_lights,1,0,0,1,2,0,0,0,0,0,0,0,0,0,0,0,0,0,0,0
-43.54571292,172.6962492,Christchurch City,2018,minor_injury,70,FALSE,straight,,fine,,daylight,,1,0,0,1,2,0,0,0,0,0,0,0,0,0,0,0,0,0,0,0
-43.51504887,172.5908037,Christchurch City,2018,minor_injury,50,FALSE,straight,,fine,,daylight,,1,0,0,1,2,0,0,0,0,0,0,0,0,0,0,0,0,0,0,0
-36.86386611,174.6652159,Auckland,2018,minor_injury,100,FALSE,straight,,fine,,darkness_not_lit,,1,0,0,1,2,0,0,0,0,0,0,0,0,0,0,0,0,0,0,0
-36.93723888,174.8425901,Auckland,2018,minor_injury,50,FALSE,straight,,rain,,darkness_not_lit,,1,0,0,1,2,0,0,0,0,0,0,0,0,0,0,0,0,0,0,0
-41.77667656,172.1765544,Tasman District,2018,minor_injury,100,FALSE,straight,,fine,,darkness_not_lit,,1,0,0,1,2,0,0,0,0,0,0,0,0,0,0,0,0,0,0,0
-37.0380727,174.9123921,Auckland,2018,minor_injury,50,FALSE,straight,,fine,,darkness_not_lit,,1,0,0,1,2,0,0,0,0,0,0,0,0,0,0,0,0,0,0,0
-36.98322288,174.8834365,Auckland,2018,minor_injury,100,FALSE,straight,,rain,,daylight,,1,0,0,1,2,0,0,0,0,0,0,0,0,0,0,0,0,0,0,0
-35.56929219,173.9630251,Far North District,2018,minor_injury,100,FALSE,curved_view_open,,fine,,daylight,,1,0,0,1,2,0,0,0,0,0,0,0,0,0,0,0,0,0,0,0
-35.10748103,173.2586241,Far North District,2018,minor_injury,50,FALSE,straight,,fine,,daylight,,1,0,0,1,2,0,0,0,0,0,0,0,0,0,0,0,0,0,0,0
-41.27598394,173.285744,Nelson City,2018,minor_injury,50,FALSE,straight,,fine,,daylight,,1,0,0,1,2,0,0,0,0,0,0,0,0,0,0,0,0,0,0,0
-43.55917712,172.5295633,Christchurch City,2018,minor_injury,50,FALSE,straight,,fine,,daylight,,1,0,0,1,2,0,0,0,0,0,0,0,0,0,0,0,0,0,0,0
-35.68775447,174.2913549,Whangarei District,2018,minor_injury,50,FALSE,straight,,rain,,dawn_dusk,,1,0,0,1,2,0,0,0,0,0,0,0,0,0,0,0,0,0,0,0
-41.15804326,174.8375426,Wellington City,2018,minor_injury,100,FALSE,straight,,fine,,daylight,,1,0,0,1,2,0,0,0,0,0,0,0,0,0,0,0,0,0,0,0
-35.24768421,173.9286285,Far North District,2018,minor_injury,80,FALSE,straight,,fine,,daylight,,1,0,0,1,2,0,0,0,0,0,0,0,0,0,0,0,0,0,0,0
-43.53424099,172.6860467,Christchurch City,2018,minor_injury,50,TRUE,straight,,fine,,daylight,,1,0,0,1,2,0,0,0,0,0,0,0,0,0,0,0,0,0,0,0
-36.99380673,174.8442577,Auckland,2018,minor_injury,100,FALSE,straight,,fine,,daylight,,1,0,0,1,2,0,0,0,0,0,0,0,0,0,0,0,0,0,0,0
-37.80058137,175.285973,Hamilton City,2018,minor_injury,80,FALSE,straight,,fine,,daylight,,1,0,0,1,2,0,0,0,0,0,0,0,0,0,0,0,0,0,0,0