latitude,longitude,local_government_area,year,severity,speed_limit,intersection,road_position_horizontal,road_wet,weather,crash_type,lighting,traffic_controls,casualties,fatalities,serious_injuries,minor_injuries,car_sedan,car_utility,car_van,car_4x4,car_station_wagon,motor_cycle,truck_small,truck_large,bus,taxi,bicycle,scooter,pedestrian,inanimate,train,tram
-43.6762683,172.5023621,Selwyn District,2018,minor_injury,100,TRUE,straight,,rain,,darkness_not_lit,stop_sign,1,0,0,1,2,0,0,0,0,0,0,0,0,0,0,0,0,0,0,0
-43.56402872,172.5357663,Christchurch City,2018,minor_injury,100,FALSE,straight,,fine,,daylight,,1,0,0,1,2,0,0,0,0,0,0,0,0,0,0,0,0,0,0,0
-41.14042479,174.8443068,Porirua City,2018,minor_injury,100,FALSE,straight,,fine,,daylight,,1,0,0,1,2,0,0,0,0,0,0,0,0,0,0,0,0,0,0,0
-36.99390664,174.8889025,Auckland,2018,minor_injury,100,FALSE,straight,,fine,,daylight,,1,0,0,1,2,0,0,0,0,0,0,0,0,0,0,0,0,0,0,0
-36.88368377,174.7882187,Auckland,2018,minor_injury,100,FALSE,straight,,fine,,darkness_not_lit,,1,0,0,1,2,0,0,0,0,0,0,0,0,0,0,0,0,0,0,0
-41.22952887,174.892362,Hutt City,2018,minor_injury,50,TRUE,straight,,fine,,daylight,giveway_sign,1,0,0,1,2,0,0,0,0,0,0,0,0,0,0,0,0,0,0,0
-36.52657501,174.6777132,Auckland,2018,minor_injury,80,FALSE,straight,,fine,,daylight,,1,0,0,1,2,0,0,0,0,0,0,0,0,0,0,0,0,0,0,0
-36.91529535,174.8440936,Auckland,2018,minor_injury,80,FALSE,straight,,rain,,daylight,,1,0,0,1,2,0,0,0,0,0,0,0,0,0,0,0,0,0,0,0
-43.52855958,172.5869998,Christchurch City,2018,minor_injury,50,FALSE,straight,,fine,,daylight,,1,0,0,1,2,0,0,0,0,0,0,0,0,0,0,0,0,0,0,0
-36.74924395,174.7005942,Auckland,2018,minor_injury,50,FALSE,straight,,rain,,daylight,,1,0,0,1,2,0,0,0,0,0,0,0,0,0,0,0,0,0,0,0
-36.88972631,174.6254925,Auckland,2018,minor_injury,50,FALSE,straight,,fine,,daylight,,1,0,0,1,2,0,0,0,0,0,0,0,0,0,0,0,0,0,0,0
-38.62128583,176.098876,Taupo District,2018,minor_injury,100,FALSE,straight,,fine,,daylight,,1,0,0,1,2,0,0,0,0,0,0,0,0,0,0,0,0,0,0,0
-38.66412006,176.0799251,Taupo District,2018,minor_injury,80,FALSE,curved_view_open,,fine,,daylight,,1,0,0,1,2,0,0,0,0,0,0,0,0,0,0,0,0,0,0,0
-36.98102345,174.882315,Auckland,2018,minor_injury,100,FALSE,straight,,fine,,daylight,,1,0,0,1,2,0,0,0,0,0,0,0,0,0,0,0,0,0,0,0
-39.58407811,176.8490079,Hastings District,2018,minor_injury,100,FALSE,straight,,rain,,daylight,,1,0,0,1,2,0,0,0,0,0,0,0,0,0,0,0,0,0,0,0
-36.88257121,174.9972104,Auckland,2018,minor_injury,50,FALSE,straight,,fine,,daylight,,1,0,0,1,2,0,0,0,0,0,0,0,0,0,0,0,0,0,0,0
-43.60294239,172.7168766,Christchurch City,2018,minor_injury,50,TRUE,curved_view_open,,fine,,darkness_not_lit,stop_sign,1,0,0,1,2,0,0,0,0,0,0,0,0,0,0,0,0,0,0,0
-36.72632619,174.7147573,Auckland,2018,minor_injury,100,FALSE,straight,,fine,,daylight,,1,0,0,1,2,0,0,0,0,0,0,0,0,0,0,0,0,0,0,0
-37.7782942,175.2405873,Hamilton City,2018,minor_injury,40,FALSE,straight,,fine,,daylight,,1,0,0,1,2,0,0,0,0,0,0,0,0,0,0,0,0,0,0,0
-43.4838962,172.5914097,Christchurch City,2018,minor_injury,50,FALSE,straight,,fine,,daylight,,1,0,0,1,2,0,0,0,0,0,0,0,0,0,0,0,0,0,0,0
-37.00222434,174.8150745,Auckland,2018,minor_injury,100,FALSE,straight,,fine,,daylight,,1,0,0,1,2,0,0,0,0,0,0,0,0,0,0,0,0,0,0,0
-35.79272585,174.2977985,Whangarei District,2018,minor_injury,100,FALSE,straight,,fine,,daylight,,1,0,0,1,2,0,0,0,0,0,0,0,0,0,0,0,0,0,0,0
-36.87169448,174.6961142,Auckland,2018,minor_injury,80,FALSE,straight,,fine,,darkness_not_lit,,1,0,0,1,2,0,0,0,0,0,0,0,0,0,0,0,0,0,0,0
-45.88835762,170.4736797,Dunedin City,2018,minor_injury,50,FALSE,straight,,fine,,dawn_dusk,,1,0,0,1,2,0,0,0,0,0,0,0,0,0,0,0,0,0,0,0
-37.19897387,174.9037925,Auckland,2018,minor_injury,50,TRUE,straight,,rain,,daylight,,1,0,0,1,2,0,0,0,0,0,0,0,0,0,0,0,0,0,0,0
-36.91735773,174.6138991,Auckland,2018,minor_injury,70,FALSE,straight,,fine,,darkness_not_lit,,1,0,0,1,2,0,0,0,0,0,0,0,0,0,0,0,0,0,0,0
-36.92440189,174.648996,Auckland,2018,minor_injury,50,FALSE,straight,,rain,,darkness_not_lit,,1,0,0,1,2,0,0,0,0,0,0,0,0,0,0,0,0,0,0,0
-37.88285072,175.7319549,Matamata-Piako District,2018,minor_injury,100,FALSE,straight,,fine,,daylight,,1,0,0,1,2,0,0,0,0,0,0,0,0,0,0,0,0,0,0,0
-36.84174417,174.6230519,Auckland,2018,minor_injury,80,FALSE,curved_view_open,,rain,,daylight,,1,0,0,1,2,0,0,0,0,0,0,0,0,0,0,0,0,0,0,0
-37.04608058,174.9420749,Auckland,2018,minor_injury,70,FALSE,straight,,fine,,darkness_not_lit,,1,0,0,1,2,0,0,0,0,0,0,0,0,0,0,0,0,0,0,0
-35.77861136,174.4400008,Whangarei District,2018,minor_injury,100,FALSE,curved_view_open,,fine,,daylight,,1,0,0,1,2,0,0,0,0,0,0,0,0,0,0,0,0,0,0,0
-36.86398529,174.6650727,Auckland,2018,minor_injury,100,FALSE,straight,,rain,,daylight,,1,0,0,1,2,0,0,0,0,0,0,0,0,0,0,0,0,0,0,0
-37.22429977,175.0401469,Waikato District,2018,minor_injury,90,FALSE,straight,,fine,,daylight,,1,0,0,1,2,0,0,0,0,0,0,0,0,0,0,0,0,0,0,0
-37.66840252,175.4832354,Matamata-Piako District,2018,minor_injury,100,FALSE,straight,,mist,,daylight,,1,0,0,1,2,0,0,0,0,0,0,0,0,0,0,0,0,0,0,0
-37.69816473,176.2048602,Tauranga City,2018,minor_injury,100,FALSE,straight,,fine,,darkness_not_lit,,1,0,0,1,2,0,0,0,0,0,0,0,0,0,0,0,0,0,0,0
-37.01733585,174.9200772,Auckland,2018,minor_injury,60,FALSE,straight,,fine,,dawn_dusk,,1,0,0,1,2,0,0,0,0,0,0,0,0,0,0,0,0,0,0,0
-37.72094808,176.1108593,Tauranga City,2018,minor_injury,60,TRUE,straight,,fine,,daylight,,1,0,0,1,2,0,0,0,0,0,0,0,0,0,0,0,0,0,0,0
-37.04344913,174.9502943,Auckland,2018,minor_injury,70,FALSE,straight,,fine,,daylight,,1,0,0,1,2,0,0,0,0,0,0,0,0,0,0,0,0,0,0,0
-37.79353903,175.3106705,Hamilton City,2018,minor_injury,50,FALSE,straight,,,,daylight,,1,0,0,1,2,0,0,0,0,0,0,0,0,0,0,0,0,0,0,0
-44.3407563,171.2372637,Timaru District,2018,minor_injury,100,FALSE,straight,,fine,,daylight,,1,0,0,1,2,0,0,0,0,0,0,0,0,0,0,0,0,0,0,0
-36.91961771,174.8414475,Auckland,2018,minor_injury,100,FALSE,straight,,fine,,daylight,,1,0,0,1,2,0,0,0,0,0,0,0,0,0,0,0,0,0,0,0
-36.97160871,174.8190537,Auckland,2018,minor_injury,50,FALSE,straight,,fine,,darkness_not_lit,,1,0,0,1,2,0,0,0,0,0,0,0,0,0,0,0,0,0,0,0
-37.78870636,176.3717948,Western Bay Of Plenty District,2018,minor_injury,100,FALSE,curved_view_open,,fine,,darkness_not_lit,,1,0,0,1,2,0,0,0,0,0,0,0,0,0,0,0,0,0,0,0
-37.00088714,174.8732754,Auckland,2018,minor_injury,50,FALSE,straight,,rain,,darkness_not_lit,,1,0,0,1,2,0,0,0,0,0,0,0,0,0,0,0,0,0,0,0
-46.37256287,168.5154425,Southland District,2018,minor_injury,100,FALSE,straight,,rain,,daylight,,1,0,0,1,2,0,0,0,0,0,0,0,0,0,0,0,0,0,0,0
-39.92784907,175.0458801,Wanganui District,2018,minor_injury,50,FALSE,straight,,fine,,daylight,,1,0,0,1,2,0,0,0,0,0,0,0,0,0,0,0,0,0,0,0
-37.7827873,175.2525882,Hamilton City,2018,minor_injury,60,TRUE,curved_view_open,,fine,,daylight,giveway_sign,1,0,0,1,2,0,0,0,0,0,0,0,0,0,0,0,0,0,0,0
-43.55122932,172.5988287,Christchurch City,2018,minor_injury,50,FALSE,straight,,fine,,daylight,,1,0,0,1,2,0,0,0,0,0,0,0,0,0,0,0,0,0,0,0
-36.94684409,174.7927376,Auckland,2018,minor_injury,50,FALSE,straight,,fine,,daylight,,1,0,0,1,2,0,0,0,0,0,0,0,0,0,0,0,0,0,0,0
-37.24856646,175.028321,Waikato District,2018,minor_injury,100,FALSE,straight,,fine,,daylight,,1,0,0,1,2,0,0,0,0,0,0,0,0,0,0,0,0,0,0,0
-37.66341149,176.0123183,Western Bay Of Plenty District,2018,minor_injury,100,FALSE,curved_view_open,,fine,,daylight,,1,0,0,1,2,0,0,0,0,0,0,0,0,0,0,0,0,0,0,0
-36.79285861,174.7717485,Auckland,2018,minor_injury,50,FALSE,straight,,fine,,daylight,,1,0,0,1,2,0,0,0,0,0,0,0,0,0,0,0,0,0,0,0
-43.53989774,172.6323729,Christchurch City,2018,minor_injury,50,FALSE,straight,,fine,,daylight,,1,0,0,1,2,0,0,0,0,0,0,0,0,0,0,0,0,0,0,0
-41.09508,173.0119671,Tasman District,2018,minor_injury,80,FALSE,straight,,rain,,daylight,,1,0,0,1,2,0,0,0,0,0,0,0,0,0,0,0,0,0,0,0
-36.9065895,174.8177217,Auckland,2018,minor_injury,100,FALSE,straight,,fine,,darkness_not_lit,,1,0,0,1,2,0,0,0,0,0,0,0,0,0,0,0,0,0,0,0
-39.64375588,176.8506301,Hastings District,2018,minor_injury,50,FALSE,straight,,fine,,daylight,,1,0,0,1,2,0,0,0,0,0,0,0,0,0,0,0,0,0,0,0
-36.89293797,174.6206678,Auckland,2018,minor_injury,50,FALSE,straight,,fine,,daylight,,1,0,0,1,2,0,0,0,0,0,0,0,0,0,0,0,0,0,0,0
-41.28463306,174.7731336,Wellington City,2018,minor_injury,60,FALSE,straight,,fine,,daylight,,1,0,0,1,2,0,0,0,0,0,0,0,0,0,0,0,0,0,0,0
-39.61491259,176.7947281,Hastings District,2018,minor_injury,70,FALSE,straight,,fine,,dawn_dusk,,1,0,0,1,2,0,0,0,0,0,0,0,0,0,0,0,0,0,0,0
-37.11300014,174.6565665,Auckland,2018,minor_injury,100,FALSE,curved_view_open,,fine,,daylight,,1,0,0,1,2,0,0,0,0,0,0,0,0,0,0,0,0,0,0,0
-40.35375374,175.6029305,Palmerston North City,2018,minor_injury,50,FALSE,straight,,fine,,daylight,,1,0,0,1,2,0,0,0,0,0,0,0,0,0,0,0,0,0,0,0
-36.95987427,174.7982994,Auckland,2018,minor_injury,100,FALSE,straight,,fine,,daylight,,1,0,0,1,2,0,0,0,0,0,0,0,0,0,0,0,0,0,0,0
-36.70956357,174.7394057,Auckland,2018,minor_injury,50,FALSE,straight,,fine,,daylight,,1,0,0,1,2,0,0,0,0,0,0,0,0,0,0,0,0,0,0,0
-36.93122676,174.7865783,Auckland,2018,minor_injury,100,FALSE,straight,,fine,,daylight,,1,0,0,1,2,0,0,0,0,0,0,0,0,0,0,0,0,0,0,0
-37.39903434,175.4668369,Hauraki District,2018,minor_injury,100,FALSE,straight,,fine,,daylight,,1,0,0,1,2,0,0,0,0,0,0,0,0,0,0,0,0,0,0,0
-39.71894335,176.7705866,Hastings District,2018,minor_injury,100,FALSE,curved_view_open,,rain,,daylight,,1,0,0,1,2,0,0,0,0,0,0,0,0,0,0,0,0,0,0,0
-41.23624554,174.8324053,Wellington City,2018,minor_injury,100,FALSE,straight,,fine,,darkness_not_lit,,1,0,0,1,2,0,0,0,0,0,0,0,0,0,0,0,0,0,0,0
-36.9191518,174.9131105,Auckland,2018,minor_injury,60,FALSE,straight,,fine,,daylight,,1,0,0,1,2,0,0,0,0,0,0,0,0,0,0,0,0,0,0,0
-43.49427064,172.6098798,Christchurch City,2018,minor_injury,50,TRUE,straight,,fine,,dawn_dusk,,1,0,0,1,2,0,0,0,0,0,0,0,0,0,0,0,0,0,0,0
-39.06269098,174.057893,New Plymouth District,2018,minor_injury,50,FALSE,straight,,fine,,daylight,,1,0,0,1,2,0,0,0,0,0,0,0,0,0,0,0,0,0,0,0
-36.863666,174.7658555,Auckland,2018,minor_injury,80,FALSE,straight,,fine,,daylight,,1,0,0,1,2,0,0,0,0,0,0,0,0,0,0,0,0,0,0,0
-35.33988446,173.9670296,Far North District,2018,minor_injury,80,FALSE,straight,,rain,,daylight,,1,0,0,1,2,0,0,0,0,0,0,0,0,0,0,0,0,0,0,0
-37.00386024,174.7838717,Auckland,2018,minor_injury,20,FALSE,straight,,fine,,darkness_not_lit,,1,0,0,1,2,0,0,0,0,0,0,0,0,0,0,0,0,0,0,0
-39.55096209,176.8573778,Hastings District,2018,minor_injury,100,FALSE,straight,,fine,,daylight,,1,0,0,1,2,0,0,0,0,0,0,0,0,0,0,0,0,0,0,0
-41.2276113,174.8473877,Wellington City,2018,minor_injury,100,FALSE,straight,,fine,,daylight,,1,0,0,1,2,0,0,0,0,0,0,0,0,0,0,0,0,0,0,0
-36.98658747,174.8849688,Auckland,2018,minor_injury,100,FALSE,straight,,rain,,daylight,,1,0,0,1,2,0,0,0,0,0,0,0,0,0,0,0,0,0,0,0
-39.14402719,176.9751184,Hastings District,2018,minor_injury,100,FALSE,curved_view_open,,rain,,daylight,,1,0,0,1,2,0,0,0,0,0,0,0,0,0,0,0,0,0,0,0
-36.74615435,174.722378,Auckland,2018,minor_injury,100,FALSE,straight,,fine,,daylight,,1,0,0,1,2,0,0,0,0,0,0,0,0,0,0,0,0,0,0,0
-40.62318299,175.3139024,Horowhenua District,2018,minor_injury,100,FALSE,straight,,fine,,daylight,,1,0,0,1,2,0,0,0,0,0,0,0,0,0,0,0,0,0,0,0
-41.00607545,174.9361786,Kapiti Coast District,2018,minor_injury,70,FALSE,curved_view_open,,fine,,daylight,,1,0,0,1,2,0,0,0,0,0,0,0,0,0,0,0,0,0,0,0
-46.1510058,169.8614304,Clutha District,2018,minor_injury,100,FALSE,curved_view_open,,fine,,daylight,,1,0,0,1,2,0,0,0,0,0,0,0,0,0,0,0,0,0,0,0
-36.85969074,174.7863806,Auckland,2018,minor_injury,50,FALSE,straight,,fine,,daylight,,1,0,0,1,2,0,0,0,0,0,0,0,0,0,0,0,0,0,0,0
-37.80735791,175.2850462,Hamilton City,2018,minor_injury,60,FALSE,straight,,rain,,daylight,,1,0,0,1,2,0,0,0,0,0,0,0,0,0,0,0,0,0,0,0
-36.96248119,174.7939915,Auckland,2018,minor_injury,50,FALSE,straight,,fine,,daylight,,1,0,0,1,2,0,0,0,0,0,0,0,0,0,0,0,0,0,0,0
-41.24915613,174.7712071,Wellington City,2018,minor_injury,50,FALSE,straight,,fine,,daylight,,1,0,0,1,2,0,0,0,0,0,0,0,0,0,0,0,0,0,0,0
-37.6912296,176.2426341,Tauranga City,2018,minor_injury,50,TRUE,straight,,fine,,daylight,traffic_lights,1,0,0,1,2,0,0,0,0,0,0,0,0,0,0,0,0,0,0,0
-36.88854012,174.6500757,Auckland,2018,minor_injury,50,FALSE,straight,,fine,,daylight,,1,0,0,1,2,0,0,0,0,0,0,0,0,0,0,0,0,0,0,0
-43.53153265,172.5874621,Christchurch City,2018,minor_injury,50,FALSE,straight,,rain,,daylight,,1,0,0,1,2,0,0,0,0,0,0,0,0,0,0,0,0,0,0,0
-36.9128194,174.6632266,Auckland,2018,minor_injury,50,FALSE,straight,,rain,,darkness_not_lit,,1,0,0,1,2,0,0,0,0,0,0,0,0,0,0,0,0,0,0,0
-46.39477277,168.3701659,Invercargill City,2018,minor_injury,50,TRUE,straight,,fine,,dawn_dusk,giveway_sign,1,0,0,1,2,0,0,0,0,0,0,0,0,0,0,0,0,0,0,0
-39.52154949,176.8713543,Napier City,2018,minor_injury,50,FALSE,straight,,fine,,dawn_dusk,,1,0,0,1,2,0,0,0,0,0,0,0,0,0,0,0,0,0,0,0
-43.84775448,171.6244569,Ashburton District,2018,minor_injury,100,FALSE,curved_view_open,,fine,,dawn_dusk,,1,0,0,1,2,0,0,0,0,0,0,0,0,0,0,0,0,0,0,0
-36.98109749,174.7823626,Auckland,2018,minor_injury,50,FALSE,straight,,fine,,daylight,,1,0,0,1,2,0,0,0,0,0,0,0,0,0,0,0,0,0,0,0
-36.91716533,174.8362586,Auckland,2018,minor_injury,100,FALSE,straight,,fine,,daylight,,1,0,0,1,2,0,0,0,0,0,0,0,0,0,0,0,0,0,0,0
-36.78600104,174.751554,Auckland,2018,minor_injury,100,FALSE,straight,,fine,,daylight,,1,0,0,1,2,0,0,0,0,0,0,0,0,0,0,0,0,0,0,0
-38.56038253,175.9272533,Taupo District,2018,minor_injury,100,FALSE,straight,,rain,,daylight,,1,0,0,1,2,0,0,0,0,0,0,0,0,0,0,0,0,0,0,0
-37.82950152,174.9486059,Waikato District,2018,minor_injury,100,FALSE,straight,,fine,,daylight,,1,0,0,1,2,0,0,0,0,0,0,0,0,0,0,0,0,0,0,0
-38.18451517,175.2123934,Otorohanga District,2018,minor_injury,50,TRUE,straight,,fine,,daylight,giveway_sign,1,0,0,1,2,0,0,0,0,0,0,0,0,0,0,0,0,0,0,0
-40.30541982,175.546221,Manawatu District,2018,minor_injury,100,FALSE,curved_view_open,,rain,,daylight,,1,0,0,1,2,0,0,0,0,0,0,0,0,0,0,0,0,0,0,0
-37.68564924,176.1655706,Tauranga City,2018,minor_injury,50,FALSE,straight,,fine,,daylight,,1,0,0,1,2,0,0,0,0,0,0,0,0,0,0,0,0,0,0,0
-39.41057471,175.2844102,Ruapehu District,2018,minor_injury,100,FALSE,straight,,fine,,daylight,,1,0,0,1,2,0,0,0,0,0,0,0,0,0,0,0,0,0,0,0
-43.15468486,172.7296061,Hurunui District,2018,minor_injury,50,FALSE,straight,,fine,,daylight,,1,0,0,1,2,0,0,0,0,0,0,0,0,0,0,0,0,0,0,0
-40.95055261,175.6695434,Masterton District,2018,minor_injury,30,FALSE,straight,,fine,,daylight,,1,0,0,1,2,0,0,0,0,0,0,0,0,0,0,0,0,0,0,0
-37.4131624,175.9463869,Western Bay Of Plenty District,2018,minor_injury,50,FALSE,straight,,fine,,daylight,,1,0,0,1,2,0,0,0,0,0,0,0,0,0,0,0,0,0,0,0
-37.69243519,176.2729931,Tauranga City,2018,minor_injury,60,FALSE,straight,,fine,,darkness_not_lit,,1,0,0,1,2,0,0,0,0,0,0,0,0,0,0,0,0,0,0,0
-39.90774497,175.022564,Wanganui District,2018,minor_injury,50,FALSE,straight,,fine,,daylight,,1,0,0,1,2,0,0,0,0,0,0,0,0,0,0,0,0,0,0,0
-39.57848812,174.2957185,South Taranaki District,2018,minor_injury,50,FALSE,straight,,fine,,daylight,,1,0,0,1,2,0,0,0,0,0,0,0,0,0,0,0,0,0,0,0
-37.10064988,174.9510851,Auckland,2018,minor_injury,50,FALSE,straight,,fine,,dawn_dusk,,1,0,0,1,2,0,0,0,0,0,0,0,0,0,0,0,0,0,0,0
-41.10380087,174.879399,Porirua City,2018,minor_injury,80,FALSE,curved_view_open,,rain,,daylight,,1,0,0,1,2,0,0,0,0,0,0,0,0,0,0,0,0,0,0,0
-36.8442224,174.751345,Auckland,2018,minor_injury,80,FALSE,curved_view_open,,fine,,daylight,,1,0,0,1,2,0,0,0,0,0,0,0,0,0,0,0,0,0,0,0
-36.79795583,174.7834997,Auckland,2018,minor_injury,50,FALSE,straight,,fine,,daylight,,1,0,0,1,2,0,0,0,0,0,0,0,0,0,0,0,0,0,0,0
-39.18269665,174.2201928,New Plymouth District,2018,minor_injury,100,FALSE,straight,,fine,,daylight,,1,0,0,1,2,0,0,0,0,0,0,0,0,0,0,0,0,0,0,0
-36.94335614,174.8976921,Auckland,2018,minor_injury,60,FALSE,straight,,fine,,darkness_not_lit,,1,0,0,1,2,0,0,0,0,0,0,0,0,0,0,0,0,0,0,0
-37.54559602,175.1583345,Waikato District,2018,minor_injury,70,FALSE,straight,,fine,,daylight,,1,0,0,1,2,0,0,0,0,0,0,0,0,0,0,0,0,0,0,0
-37.7695809,175.2626995,Hamilton City,2018,minor_injury,60,FALSE,straight,,fine,,darkness_not_lit,traffic_lights,1,0,0,1,2,0,0,0,0,0,0,0,0,0,0,0,0,0,0,0
-41.14762518,174.9891225,Hutt City,2018,minor_injury,100,FALSE,straight,,fine,,daylight,,1,0,0,1,2,0,0,0,0,0,0,0,0,0,0,0,0,0,0,0
-36.84029637,174.6515952,Auckland,2018,minor_injury,50,FALSE,straight,,fine,,daylight,,1,0,0,1,2,0,0,0,0,0,0,0,0,0,0,0,0,0,0,0
-40.02182982,176.2676828,Central Hawkes Bay District,2018,minor_injury,100,TRUE,curved_view_open,,fine,,darkness_not_lit,,1,0,0,1,2,0,0,0,0,0,0,0,0,0,0,0,0,0,0,0
-36.97515988,174.8196438,Auckland,2018,minor_injury,100,FALSE,straight,,rain,,darkness_not_lit,,1,0,0,1,2,0,0,0,0,0,0,0,0,0,0,0,0,0,0,0
-39.06990076,174.0900664,New Plymouth District,2018,minor_injury,50,FALSE,straight,,rain,,daylight,,1,0,0,1,2,0,0,0,0,0,0,0,0,0,0,0,0,0,0,0
-36.90370178,174.750751,Auckland,2018,minor_injury,50,TRUE,straight,,rain,,darkness_not_lit,giveway_sign,1,0,0,1,2,0,0,0,0,0,0,0,0,0,0,0,0,0,0,0
-38.66896845,178.0154382,Gisborne District,2018,minor_injury,50,FALSE,straight,,fine,,dawn_dusk,,1,0,0,1,2,0,0,0,0,0,0,0,0,0,0,0,0,0,0,0
-36.90677075,174.6843759,Auckland,2018,minor_injury,50,FALSE,straight,,fine,,darkness_not_lit,,1,0,0,1,2,0,0,0,0,0,0,0,0,0,0,0,0,0,0,0
-39.59920017,176.905601,Hastings District,2018,minor_injury,100,FALSE,straight,,fine,,daylight,,1,0,0,1,2,0,0,0,0,0,0,0,0,0,0,0,0,0,0,0
-39.48333159,173.9507291,South Taranaki District,2018,minor_injury,100,TRUE,curved_view_open,,fine,,daylight,giveway_sign,1,0,0,1,2,0,0,0,0,0,0,0,0,0,0,0,0,0,0,0
-36.84979222,174.8396699,Auckland,2018,minor_injury,50,TRUE,straight,,fine,,daylight,giveway_sign,1,0,0,1,2,0,0,0,0,0,0,0,0,0,0,0,0,0,0,0
-36.98985864,174.844859,Auckland,2018,minor_injury,50,FALSE,straight,,rain,,daylight,,1,0,0,1,2,0,0,0,0,0,0,0,0,0,0,0,0,0,0,0
-36.88164693,174.676957,Auckland,2018,minor_injury,50,FALSE,straight,,fine,,darkness_not_lit,,1,0,0,1,2,0,0,0,0,0,0,0,0,0,0,0,0,0,0,0
-46.38664395,168.3427196,Invercargill City,2018,minor_injury,50,TRUE,straight,,rain,,daylight,,1,0,0,1,2,0,0,0,0,0,0,0,0,0,0,0,0,0,0,0
-37.70949972,176.1631723,Tauranga City,2018,minor_injury,50,FALSE,straight,,fine,,daylight,,1,0,0,1,2,0,0,0,0,0,0,0,0,0,0,0,0,0,0,0
-41.32457741,174.7750527,Wellington City,2018,minor_injury,50,FALSE,straight,,fine,,daylight,,1,0,0,1,2,0,0,0,0,0,0,0,0,0,0,0,0,0,0,0
-35.77614333,174.4480766,Whangarei District,2018,minor_injury,70,FALSE,curved_view_open,,fine,,daylight,,1,0,0,1,2,0,0,0,0,0,0,0,0,0,0,0,0,0,0,0
-36.72104576,174.711516,Auckland,2018,minor_injury,50,FALSE,straight,,fine,,daylight,,1,0,0,1,2,0,0,0,0,0,0,0,0,0,0,0,0,0,0,0
-36.99760369,174.9235811,Auckland,2018,minor_injury,80,FALSE,straight,,fine,,daylight,,1,0,0,1,2,0,0,0,0,0,0,0,0,0,0,0,0,0,0,0
-36.57339138,174.6695282,Auckland,2018,minor_injury,100,FALSE,straight,,fine,,daylight,,1,0,0,1,2,0,0,0,0,0,0,0,0,0,0,0,0,0,0,0
-36.92034551,174.9306858,Auckland,2018,minor_injury,50,FALSE,straight,,fine,,darkness_not_lit,,1,0,0,1,2,0,0,0,0,0,0,0,0,0,0,0,0,0,0,0
-37.77410016,175.2455127,Hamilton City,2018,minor_injury,80,FALSE,straight,,rain,,darkness_not_lit,,1,0,0,1,2,0,0,0,0,0,0,0,0,0,0,0,0,0,0,0
-38.17025168,175.7697396,South Waikato District,2018,minor_injury,100,FALSE,curved_view_open,,rain,,darkness_not_lit,,1,0,0,1,2,0,0,0,0,0,0,0,0,0,0,0,0,0,0,0
-41.23057896,174.9197863,Hutt City,2018,minor_injury,80,FALSE,curved_view_open,,fine,,daylight,,1,0,0,1,2,0,0,0,0,0,0,0,0,0,0,0,0,0,0,0
-45.94205223,170.3391552,Dunedin City,2018,minor_injury,60,TRUE,straight,,fine,,darkness_not_lit,,1,0,0,1,2,0,0,0,0,0,0,0,0,0,0,0,0,0,0,0
-36.90056076,174.6664621,Auckland,2018,minor_injury,50,TRUE,curved_view_open,,fine,,darkness_not_lit,giveway_sign,1,0,0,1,2,0,0,0,0,0,0,0,0,0,0,0,0,0,0,0
-36.67402105,174.6837072,Auckland,2018,minor_injury,100,FALSE,straight,,fine,,darkness_not_lit,,1,0,0,1,2,0,0,0,0,0,0,0,0,0,0,0,0,0,0,0
-36.865408,174.6664609,Auckland,2018,minor_injury,50,FALSE,straight,,fine,,darkness_not_lit,,1,0,0,1,2,0,0,0,0,0,0,0,0,0,0,0,0,0,0,0
-38.0006525,175.889097,South Waikato District,2018,minor_injury,100,FALSE,straight,,fine,,darkness_not_lit,,1,0,0,1,2,0,0,0,0,0,0,0,0,0,0,0,0,0,0,0
-37.79021664,175.2599109,Hamilton City,2018,minor_injury,60,FALSE,straight,,fine,,dawn_dusk,,1,0,0,1,2,0,0,0,0,0,0,0,0,0,0,0,0,0,0,0
-36.77458912,174.7213558,Auckland,2018,minor_injury,50,FALSE,straight,,rain,,daylight,,1,0,0,1,2,0,0,0,0,0,0,0,0,0,0,0,0,0,0,0
-46.41158855,168.3474111,Invercargill City,2018,minor_injury,50,FALSE,straight,,fine,,daylight,,1,0,0,1,2,0,0,0,0,0,0,0,0,0,0,0,0,0,0,0
-43.54289127,172.6659987,Christchurch City,2018,minor_injury,50,FALSE,straight,,rain,,daylight,,1,0,0,1,2,0,0,0,0,0,0,0,0,0,0,0,0,0,0,0
-41.34142298,173.1741208,Tasman District,2018,minor_injury,50,FALSE,straight,,fine,,daylight,,1,0,0,1,2,0,0,0,0,0,0,0,0,0,0,0,0,0,0,0
-36.9619626,174.8650653,Auckland,2018,minor_injury,100,FALSE,straight,,fine,,darkness_not_lit,,1,0,0,1,2,0,0,0,0,0,0,0,0,0,0,0,0,0,0,0
-35.11139458,173.2585925,Far North District,2018,minor_injury,50,FALSE,straight,,fine,,daylight,,1,0,0,1,2,0,0,0,0,0,0,0,0,0,0,0,0,0,0,0
-46.40641526,168.3532129,Invercargill City,2018,minor_injury,50,FALSE,straight,,fine,,daylight,,1,0,0,1,2,0,0,0,0,0,0,0,0,0,0,0,0,0,0,0
-38.97139897,175.7701336,Taupo District,2018,minor_injury,100,FALSE,straight,,rain,,daylight,,1,0,0,1,2,0,0,0,0,0,0,0,0,0,0,0,0,0,0,0
-43.48187901,172.5964191,Christchurch City,2018,minor_injury,50,FALSE,straight,,fine,,daylight,,1,0,0,1,2,0,0,0,0,0,0,0,0,0,0,0,0,0,0,0
-37.76284581,175.2889991,Hamilton City,2018,minor_injury,50,TRUE,curved_view_open,,rain,,darkness_not_lit,,1,0,0,1,2,0,0,0,0,0,0,0,0,0,0,0,0,0,0,0
-36.80137827,174.6350893,Auckland,2018,minor_injury,100,FALSE,straight,,rain,,daylight,,1,0,0,1,2,0,0,0,0,0,0,0,0,0,0,0,0,0,0,0
-37.19473179,174.9041704,Auckland,2018,minor_injury,50,TRUE,straight,,rain,,darkness_not_lit,giveway_sign,1,0,0,1,2,0,0,0,0,0,0,0,0,0,0,0,0,0,0,0
-36.78172723,174.7381333,Auckland,2018,minor_injury,50,FALSE,straight,,fine,,daylight,,1,0,0,1,2,0,0,0,0,0,0,0,0,0,0,0,0,0,0,0