latitude,longitude,local_government_area,year,severity,speed_limit,intersection,road_position_horizontal,road_wet,weather,crash_type,lighting,traffic_controls,casualties,fatalities,serious_injuries,minor_injuries,car_sedan,car_utility,car_van,car_4x4,car_station_wagon,motor_cycle,truck_small,truck_large,bus,taxi,bicycle,scooter,pedestrian,inanimate,train,tram
-41.32480413,173.2163768,Nelson City,2018,minor_injury,50,TRUE,straight,,rain,,darkness_not_lit,giveway_sign,1,0,0,1,2,0,0,0,0,0,0,0,0,0,0,0,0,0,0,0
-36.91328442,174.8458973,Auckland,2018,minor_injury,50,TRUE,straight,,fine,,daylight,giveway_sign,1,0,0,1,2,0,0,0,0,0,0,0,0,0,0,0,0,0,0,0
-41.30104557,174.7997359,Wellington City,2018,minor_injury,50,FALSE,straight,,fine,,daylight,,1,0,0,1,2,0,0,0,0,0,0,0,0,0,0,0,0,0,0,0
-36.8720438,174.6861371,Auckland,2018,minor_injury,100,FALSE,straight,,fine,,daylight,,1,0,0,1,2,0,0,0,0,0,0,0,0,0,0,0,0,0,0,0
-43.54781898,172.6826463,Christchurch City,2018,minor_injury,50,TRUE,straight,,fine,,darkness_not_lit,giveway_sign,1,0,0,1,2,0,0,0,0,0,0,0,0,0,0,0,0,0,0,0
-37.72619862,176.1780964,Tauranga City,2018,minor_injury,50,FALSE,straight,,fine,,daylight,,1,0,0,1,2,0,0,0,0,0,0,0,0,0,0,0,0,0,0,0
-41.21321483,174.9185985,Hutt City,2018,minor_injury,50,FALSE,straight,,fine,,darkness_not_lit,,1,0,0,1,2,0,0,0,0,0,0,0,0,0,0,0,0,0,0,0
-39.02105363,174.1481703,New Plymouth District,2018,minor_injury,50,FALSE,straight,,fine,,daylight,,1,0,0,1,2,0,0,0,0,0,0,0,0,0,0,0,0,0,0,0
-43.77419829,171.9978718,Ashburton District,2018,minor_injury,100,FALSE,straight,,fine,,daylight,,1,0,0,1,2,0,0,0,0,0,0,0,0,0,0,0,0,0,0,0
-43.55441625,172.5935706,Christchurch City,2018,minor_injury,50,FALSE,straight,,rain,,dawn_dusk,,1,0,0,1,2,0,0,0,0,0,0,0,0,0,0,0,0,0,0,0
-37.7146167,176.1832606,Tauranga City,2018,minor_injury,100,FALSE,straight,,fine,,daylight,,1,0,0,1,2,0,0,0,0,0,0,0,0,0,0,0,0,0,0,0
-45.89633503,170.4644617,Dunedin City,2018,minor_injury,60,FALSE,straight,,fine,,daylight,,1,0,0,1,2,0,0,0,0,0,0,0,0,0,0,0,0,0,0,0
-36.96606821,174.9151492,Auckland,2018,minor_injury,60,TRUE,straight,,fine,,darkness_not_lit,traffic_lights,1,0,0,1,2,0,0,0,0,0,0,0,0,0,0,0,0,0,0,0
-37.79163023,175.2893649,Hamilton City,2018,minor_injury,50,FALSE,straight,,fine,,daylight,,1,0,0,1,2,0,0,0,0,0,0,0,0,0,0,0,0,0,0,0
-43.55303801,172.4780967,Christchurch City,2018,minor_injury,70,FALSE,straight,,fine,,daylight,,1,0,0,1,2,0,0,0,0,0,0,0,0,0,0,0,0,0,0,0
-43.50995311,172.5641776,Christchurch City,2018,minor_injury,50,FALSE,straight,,fine,,daylight,,1,0,0,1,2,0,0,0,0,0,0,0,0,0,0,0,0,0,0,0
-43.54116293,172.6852063,Christchurch City,2018,minor_injury,60,TRUE,straight,,fine,,daylight,traffic_lights,1,0,0,1,2,0,0,0,0,0,0,0,0,0,0,0,0,0,0,0
-38.64324875,178.0018836,Gisborne District,2018,minor_injury,50,FALSE,straight,,fine,,dawn_dusk,,1,0,0,1,2,0,0,0,0,0,0,0,0,0,0,0,0,0,0,0
-36.78961654,174.7162455,Auckland,2018,minor_injury,50,FALSE,straight,,fine,,daylight,,1,0,0,1,2,0,0,0,0,0,0,0,0,0,0,0,0,0,0,0
-36.9079727,174.8391135,Auckland,2018,minor_injury,50,FALSE,straight,,fine,,daylight,,1,0,0,1,2,0,0,0,0,0,0,0,0,0,0,0,0,0,0,0
-36.9231067,174.885616,Auckland,2018,minor_injury,50,FALSE,straight,,rain,,daylight,,1,0,0,1,2,0,0,0,0,0,0,0,0,0,0,0,0,0,0,0
-36.92989894,174.8937769,Auckland,2018,minor_injury,50,FALSE,curved_view_open,,fine,,daylight,,1,0,0,1,2,0,0,0,0,0,0,0,0,0,0,0,0,0,0,0
-41.21230776,174.8906727,Hutt City,2018,minor_injury,50,FALSE,straight,,fine,,daylight,,1,0,0,1,2,0,0,0,0,0,0,0,0,0,0,0,0,0,0,0
-36.87607056,174.8428694,Auckland,2018,minor_injury,50,FALSE,curved_view_open,,fine,,darkness_not_lit,,1,0,0,1,2,0,0,0,0,0,0,0,0,0,0,0,0,0,0,0
-36.76642001,174.7290043,Auckland,2018,minor_injury,50,FALSE,straight,,fine,,daylight,,1,0,0,1,2,0,0,0,0,0,0,0,0,0,0,0,0,0,0,0
-36.88729376,174.8193735,Auckland,2018,minor_injury,50,FALSE,straight,,fine,,dawn_dusk,,1,0,0,1,2,0,0,0,0,0,0,0,0,0,0,0,0,0,0,0
-36.90324361,174.843579,Auckland,2018,minor_injury,50,FALSE,straight,,fine,,dawn_dusk,,1,0,0,1,2,0,0,0,0,0,0,0,0,0,0,0,0,0,0,0
-35.05216948,173.2583838,Far North District,2018,minor_injury,100,FALSE,curved_view_open,,fine,,dawn_dusk,,1,0,0,1,2,0,0,0,0,0,0,0,0,0,0,0,0,0,0,0
-37.04731641,174.9259822,Auckland,2018,minor_injury,50,FALSE,straight,,fine,,daylight,,1,0,0,1,2,0,0,0,0,0,0,0,0,0,0,0,0,0,0,0
-35.09707166,173.2685095,Far North District,2018,minor_injury,50,FALSE,curved_view_open,,rain,,darkness_not_lit,,1,0,0,1,2,0,0,0,0,0,0,0,0,0,0,0,0,0,0,0
-36.90013659,174.8989104,Auckland,2018,minor_injury,50,FALSE,straight,,fine,,daylight,stop_sign,1,0,0,1,2,0,0,0,0,0,0,0,0,0,0,0,0,0,0,0
-43.53856074,172.5838124,Christchurch City,2018,minor_injury,60,FALSE,straight,,fine,,daylight,,1,0,0,1,2,0,0,0,0,0,0,0,0,0,0,0,0,0,0,0
-35.68778982,174.3286969,Whangarei District,2018,minor_injury,50,FALSE,curved_view_open,,fine,,daylight,,1,0,0,1,2,0,0,0,0,0,0,0,0,0,0,0,0,0,0,0
-36.90805804,174.6322006,Auckland,2018,minor_injury,50,FALSE,curved_view_open,,fine,,daylight,,1,0,0,1,2,0,0,0,0,0,0,0,0,0,0,0,0,0,0,0
-36.81127275,174.7443501,Auckland,2018,minor_injury,50,FALSE,straight,,fine,,daylight,traffic_lights,1,0,0,1,2,0,0,0,0,0,0,0,0,0,0,0,0,0,0,0
-36.91700868,174.6793812,Auckland,2018,minor_injury,50,FALSE,curved_view_open,,fine,,daylight,,1,0,0,1,2,0,0,0,0,0,0,0,0,0,0,0,0,0,0,0
-43.51716562,172.5525446,Christchurch City,2018,minor_injury,50,FALSE,straight,,fine,,darkness_not_lit,,1,0,0,1,2,0,0,0,0,0,0,0,0,0,0,0,0,0,0,0
-43.54730937,172.5588702,Christchurch City,2018,minor_injury,50,FALSE,curved_view_open,,fine,,daylight,,1,0,0,1,2,0,0,0,0,0,0,0,0,0,0,0,0,0,0,0
-41.09476281,174.8691041,Porirua City,2018,minor_injury,50,FALSE,straight,,fine,,daylight,,1,0,0,1,2,0,0,0,0,0,0,0,0,0,0,0,0,0,0,0
-36.92405497,174.8307771,Auckland,2018,minor_injury,50,FALSE,straight,,fine,,daylight,,1,0,0,1,2,0,0,0,0,0,0,0,0,0,0,0,0,0,0,0
-37.83501131,175.3641162,Waikato District,2018,minor_injury,100,FALSE,straight,,fine,,daylight,,1,0,0,1,2,0,0,0,0,0,0,0,0,0,0,0,0,0,0,0
-37.72203283,176.1449901,Tauranga City,2018,minor_injury,50,TRUE,straight,,fine,,dawn_dusk,giveway_sign,1,0,0,1,2,0,0,0,0,0,0,0,0,0,0,0,0,0,0,0
-39.58855872,176.9110904,Hastings District,2018,minor_injury,50,FALSE,straight,,fine,,daylight,,1,0,0,1,2,0,0,0,0,0,0,0,0,0,0,0,0,0,0,0
-36.86659956,174.6676199,Auckland,2018,minor_injury,100,FALSE,straight,,fine,,daylight,,1,0,0,1,2,0,0,0,0,0,0,0,0,0,0,0,0,0,0,0
-45.88486227,170.4993052,Dunedin City,2018,minor_injury,50,FALSE,straight,,fine,,daylight,,1,0,0,1,2,0,0,0,0,0,0,0,0,0,0,0,0,0,0,0
-43.50041144,172.6371893,Christchurch City,2018,minor_injury,50,TRUE,straight,,fine,,darkness_not_lit,,1,0,0,1,2,0,0,0,0,0,0,0,0,0,0,0,0,0,0,0
-40.89828713,175.0017887,Kapiti Coast District,2018,minor_injury,50,TRUE,straight,,fine,,daylight,giveway_sign,1,0,0,1,2,0,0,0,0,0,0,0,0,0,0,0,0,0,0,0
-36.82083484,174.4320579,Auckland,2018,minor_injury,50,FALSE,straight,,fine,,darkness_not_lit,,1,0,0,1,2,0,0,0,0,0,0,0,0,0,0,0,0,0,0,0
-36.62741884,174.7278169,Auckland,2018,minor_injury,50,FALSE,curved_view_open,,fine,,darkness_not_lit,,1,0,0,1,2,0,0,0,0,0,0,0,0,0,0,0,0,0,0,0
-36.8957573,174.7032678,Auckland,2018,minor_injury,50,FALSE,straight,,fine,,daylight,,1,0,0,1,2,0,0,0,0,0,0,0,0,0,0,0,0,0,0,0
-41.23899425,174.9169302,Hutt City,2018,minor_injury,50,FALSE,straight,,fine,,daylight,,1,0,0,1,2,0,0,0,0,0,0,0,0,0,0,0,0,0,0,0
-36.9308806,174.7862222,Auckland,2018,minor_injury,100,FALSE,curved_view_open,,fine,,daylight,,1,0,0,1,2,0,0,0,0,0,0,0,0,0,0,0,0,0,0,0
-46.39877981,168.3471882,Invercargill City,2018,minor_injury,50,FALSE,straight,,fine,,daylight,,1,0,0,1,2,0,0,0,0,0,0,0,0,0,0,0,0,0,0,0
-41.32908238,174.8182282,Wellington City,2018,minor_injury,50,FALSE,straight,,fine,,daylight,,1,0,0,1,2,0,0,0,0,0,0,0,0,0,0,0,0,0,0,0
-38.13687511,176.2363949,Rotorua District,2018,minor_injury,60,FALSE,straight,,fine,,daylight,,1,0,0,1,2,0,0,0,0,0,0,0,0,0,0,0,0,0,0,0
-45.90213675,170.3951082,Dunedin City,2018,minor_injury,100,FALSE,straight,,fine,,daylight,,1,0,0,1,2,0,0,0,0,0,0,0,0,0,0,0,0,0,0,0
-36.95287031,174.8025034,Auckland,2018,minor_injury,60,FALSE,straight,,fine,,daylight,,1,0,0,1,2,0,0,0,0,0,0,0,0,0,0,0,0,0,0,0
-37.78243796,175.2981872,Hamilton City,2018,minor_injury,50,FALSE,straight,,fine,,daylight,,1,0,0,1,2,0,0,0,0,0,0,0,0,0,0,0,0,0,0,0
-43.38855856,172.5695426,Waimakariri District,2018,minor_injury,100,FALSE,straight,,fine,,daylight,,1,0,0,1,2,0,0,0,0,0,0,0,0,0,0,0,0,0,0,0
-40.33141789,175.6282604,Palmerston North City,2018,minor_injury,50,FALSE,straight,,fine,,daylight,,1,0,0,1,2,0,0,0,0,0,0,0,0,0,0,0,0,0,0,0
-37.74921065,175.2360212,Hamilton City,2018,minor_injury,50,FALSE,straight,,rain,,daylight,,1,0,0,1,2,0,0,0,0,0,0,0,0,0,0,0,0,0,0,0
-45.87718532,170.5038637,Dunedin City,2018,minor_injury,50,FALSE,curved_view_open,,fine,,daylight,,1,0,0,1,2,0,0,0,0,0,0,0,0,0,0,0,0,0,0,0
-36.84753697,174.7618731,Auckland,2018,minor_injury,50,FALSE,straight,,rain,,darkness_not_lit,,1,0,0,1,2,0,0,0,0,0,0,0,0,0,0,0,0,0,0,0
-36.82322024,174.750171,Auckland,2018,minor_injury,80,FALSE,straight,,fine,,darkness_not_lit,,1,0,0,1,2,0,0,0,0,0,0,0,0,0,0,0,0,0,0,0
-39.51750728,176.897945,Napier City,2018,minor_injury,50,FALSE,straight,,fine,,daylight,,1,0,0,1,2,0,0,0,0,0,0,0,0,0,0,0,0,0,0,0
-39.93538109,175.0524708,Wanganui District,2018,minor_injury,50,FALSE,straight,,fine,,daylight,,1,0,0,1,2,0,0,0,0,0,0,0,0,0,0,0,0,0,0,0
-40.82611263,175.0978609,Kapiti Coast District,2018,minor_injury,100,TRUE,straight,,fine,,daylight,stop_sign,5,0,0,5,2,0,0,0,0,0,0,0,0,0,0,0,0,0,0,0
-38.91503118,177.8104254,Gisborne District,2018,serious_injury,100,FALSE,straight,,fine,,daylight,,2,0,2,0,2,0,0,0,0,0,0,0,0,0,0,0,0,0,0,0
-43.50299494,172.7024135,Christchurch City,2018,serious_injury,70,FALSE,straight,,fine,,daylight,,2,0,2,0,2,0,0,0,0,0,0,0,0,0,0,0,0,0,0,0
-35.78993548,174.3023894,Whangarei District,2018,serious_injury,100,FALSE,curved_view_open,,fine,,darkness_not_lit,,2,0,2,0,2,0,0,0,0,0,0,0,0,0,0,0,0,0,0,0
-39.67795103,176.8346747,Hastings District,2018,serious_injury,100,FALSE,straight,,fine,,daylight,,2,0,2,0,2,0,0,0,0,0,0,0,0,0,0,0,0,0,0,0
-36.39786915,174.7058837,Auckland,2018,serious_injury,100,FALSE,curved_view_open,,rain,,darkness_not_lit,,2,0,2,0,2,0,0,0,0,0,0,0,0,0,0,0,0,0,0,0
-36.92696165,174.9928449,Auckland,2018,serious_injury,100,FALSE,curved_view_open,,rain,,daylight,giveway_sign,2,0,2,0,2,0,0,0,0,0,0,0,0,0,0,0,0,0,0,0
-36.36806038,174.6143592,Auckland,2018,serious_injury,80,FALSE,curved_view_open,,fine,,daylight,,2,0,2,0,2,0,0,0,0,0,0,0,0,0,0,0,0,0,0,0
-41.47890072,173.9647702,Marlborough District,2018,serious_injury,100,FALSE,curved_view_open,,fine,,darkness_not_lit,,2,0,2,0,2,0,0,0,0,0,0,0,0,0,0,0,0,0,0,0
-37.79245911,175.2879824,Hamilton City,2018,serious_injury,50,TRUE,straight,,rain,,darkness_not_lit,traffic_lights,1,0,1,0,2,0,0,0,0,0,0,0,0,0,0,0,0,0,0,0
-37.78044484,175.2717959,Hamilton City,2018,serious_injury,50,TRUE,straight,,fine,,dawn_dusk,traffic_lights,1,0,1,0,2,0,0,0,0,0,0,0,0,0,0,0,0,0,0,0
-36.92880481,174.9125547,Auckland,2018,serious_injury,60,TRUE,straight,,rain,,darkness_not_lit,traffic_lights,1,0,1,0,2,0,0,0,0,0,0,0,0,0,0,0,0,0,0,0
-36.88235629,174.8080362,Auckland,2018,serious_injury,50,TRUE,straight,,rain,,daylight,traffic_lights,1,0,1,0,2,0,0,0,0,0,0,0,0,0,0,0,0,0,0,0
-36.71878195,174.7122383,Auckland,2018,serious_injury,60,TRUE,straight,,fine,,daylight,traffic_lights,1,0,1,0,2,0,0,0,0,0,0,0,0,0,0,0,0,0,0,0
-36.91124512,174.6546168,Auckland,2018,serious_injury,50,TRUE,straight,,rain,,darkness_not_lit,traffic_lights,1,0,1,0,2,0,0,0,0,0,0,0,0,0,0,0,0,0,0,0
-40.36370571,175.5945876,Palmerston North City,2018,serious_injury,50,TRUE,straight,,fine,,daylight,traffic_lights,1,0,1,0,2,0,0,0,0,0,0,0,0,0,0,0,0,0,0,0
-40.36370571,175.5945876,Palmerston North City,2018,serious_injury,50,TRUE,straight,,fine,,daylight,traffic_lights,1,0,1,0,2,0,0,0,0,0,0,0,0,0,0,0,0,0,0,0
-43.55487272,172.5928,Christchurch City,2018,serious_injury,50,TRUE,straight,,fine,,darkness_not_lit,traffic_lights,1,0,1,0,2,0,0,0,0,0,0,0,0,0,0,0,0,0,0,0
-40.22243338,175.5696912,Manawatu District,2018,serious_injury,50,TRUE,straight,,fine,,daylight,giveway_sign,1,0,1,0,2,0,0,0,0,0,0,0,0,0,0,0,0,0,0,0
-43.55444292,172.4742218,Christchurch City,2018,serious_injury,70,TRUE,straight,,fine,,daylight,stop_sign,1,0,1,0,2,0,0,0,0,0,0,0,0,0,0,0,0,0,0,0
-43.45736535,172.6243567,Christchurch City,2018,serious_injury,60,TRUE,straight,,fine,,daylight,giveway_sign,1,0,1,0,2,0,0,0,0,0,0,0,0,0,0,0,0,0,0,0
-44.96104471,168.7224808,Queenstown-Lakes District,2018,serious_injury,100,TRUE,straight,,fine,,daylight,stop_sign,1,0,1,0,2,0,0,0,0,0,0,0,0,0,0,0,0,0,0,0
-41.28047226,173.2498446,Nelson City,2018,serious_injury,50,TRUE,curved_view_open,,fine,,daylight,traffic_lights,1,0,1,0,2,0,0,0,0,0,0,0,0,0,0,0,0,0,0,0
-41.29101595,173.2434953,Nelson City,2018,serious_injury,50,TRUE,straight,,fine,,daylight,giveway_sign,1,0,1,0,2,0,0,0,0,0,0,0,0,0,0,0,0,0,0,0
-43.56024579,172.4577656,Christchurch City,2018,serious_injury,100,TRUE,straight,,rain,,daylight,stop_sign,1,0,1,0,2,0,0,0,0,0,0,0,0,0,0,0,0,0,0,0
-43.56024579,172.4577656,Selwyn District,2018,serious_injury,100,TRUE,straight,,rain,,daylight,stop_sign,1,0,1,0,2,0,0,0,0,0,0,0,0,0,0,0,0,0,0,0
-43.5043095,172.7058707,Christchurch City,2018,serious_injury,70,TRUE,straight,,fine,,darkness_not_lit,traffic_lights,1,0,1,0,2,0,0,0,0,0,0,0,0,0,0,0,0,0,0,0
-37.77593723,175.2793554,Hamilton City,2018,serious_injury,50,TRUE,straight,,fine,,darkness_not_lit,giveway_sign,1,0,1,0,2,0,0,0,0,0,0,0,0,0,0,0,0,0,0,0
-43.5466101,172.6065839,Christchurch City,2018,serious_injury,50,FALSE,straight,,fine,,daylight,,1,0,1,0,2,0,0,0,0,0,0,0,0,0,0,0,0,0,0,0
-43.5466101,172.6065839,Christchurch City,2018,serious_injury,50,FALSE,straight,,fine,,daylight,,1,0,1,0,2,0,0,0,0,0,0,0,0,0,0,0,0,0,0,0
-37.80343627,175.2809502,Hamilton City,2018,serious_injury,50,TRUE,straight,,fine,,darkness_not_lit,traffic_lights,1,0,1,0,2,0,0,0,0,0,0,0,0,0,0,0,0,0,0,0
-43.32146296,172.6656108,Waimakariri District,2018,serious_injury,50,FALSE,straight,,fine,,daylight,,1,0,1,0,2,0,0,0,0,0,0,0,0,0,0,0,0,0,0,0
-37.74762853,175.2405585,Hamilton City,2018,serious_injury,50,TRUE,straight,,rain,,daylight,traffic_lights,1,0,1,0,2,0,0,0,0,0,0,0,0,0,0,0,0,0,0,0
-46.26251673,169.7397542,Clutha District,2018,serious_injury,100,TRUE,straight,,fine,,daylight,giveway_sign,1,0,1,0,2,0,0,0,0,0,0,0,0,0,0,0,0,0,0,0
-37.22945651,174.7500844,Auckland,2018,serious_injury,100,TRUE,straight,,fine,,daylight,stop_sign,1,0,1,0,2,0,0,0,0,0,0,0,0,0,0,0,0,0,0,0
-36.91267776,174.8233213,Auckland,2018,serious_injury,100,FALSE,straight,,fine,,darkness_not_lit,,1,0,1,0,2,0,0,0,0,0,0,0,0,0,0,0,0,0,0,0
-39.49818641,176.9055015,Napier City,2018,serious_injury,50,TRUE,straight,,fine,,darkness_not_lit,giveway_sign,1,0,1,0,2,0,0,0,0,0,0,0,0,0,0,0,0,0,0,0
-43.59141281,172.5104451,Selwyn District,2018,serious_injury,50,TRUE,straight,,fine,,daylight,stop_sign,1,0,1,0,2,0,0,0,0,0,0,0,0,0,0,0,0,0,0,0
-37.75228678,175.2669733,Hamilton City,2018,serious_injury,50,TRUE,straight,,rain,,daylight,stop_sign,1,0,1,0,2,0,0,0,0,0,0,0,0,0,0,0,0,0,0,0
-36.90767133,174.7951874,Auckland,2018,serious_injury,50,TRUE,straight,,rain,,daylight,stop_sign,1,0,1,0,2,0,0,0,0,0,0,0,0,0,0,0,0,0,0,0
-39.33367461,174.2726115,Stratford District,2018,serious_injury,50,TRUE,straight,,rain,,daylight,giveway_sign,1,0,1,0,2,0,0,0,0,0,0,0,0,0,0,0,0,0,0,0
-46.37520907,168.3472702,Invercargill City,2018,serious_injury,50,TRUE,straight,,rain,,daylight,traffic_lights,1,0,1,0,2,0,0,0,0,0,0,0,0,0,0,0,0,0,0,0
-46.39292145,168.3615938,Invercargill City,2018,serious_injury,50,TRUE,straight,,fine,,daylight,giveway_sign,1,0,1,0,2,0,0,0,0,0,0,0,0,0,0,0,0,0,0,0
-36.62829208,174.4939451,Auckland,2018,serious_injury,100,FALSE,curved_view_open,,rain,,daylight,,1,0,1,0,2,0,0,0,0,0,0,0,0,0,0,0,0,0,0,0
-38.08760188,176.1940143,Rotorua District,2018,serious_injury,100,FALSE,curved_view_open,,fine,,daylight,,1,0,1,0,2,0,0,0,0,0,0,0,0,0,0,0,0,0,0,0
-38.00515647,175.3254194,Waipa District,2018,serious_injury,50,TRUE,straight,,fine,,daylight,stop_sign,1,0,1,0,2,0,0,0,0,0,0,0,0,0,0,0,0,0,0,0
-43.57422232,172.5185601,Selwyn District,2018,serious_injury,80,FALSE,straight,,rain,,darkness_not_lit,,1,0,1,0,2,0,0,0,0,0,0,0,0,0,0,0,0,0,0,0
-39.53060111,176.9020162,Napier City,2018,serious_injury,100,FALSE,straight,,fine,,daylight,,1,0,1,0,2,0,0,0,0,0,0,0,0,0,0,0,0,0,0,0
-37.84264428,176.1214225,Western Bay Of Plenty District,2018,serious_injury,100,FALSE,straight,,,,dawn_dusk,,1,0,1,0,2,0,0,0,0,0,0,0,0,0,0,0,0,0,0,0
-39.5775823,174.2766185,South Taranaki District,2018,serious_injury,50,TRUE,straight,,fine,,daylight,giveway_sign,1,0,1,0,2,0,0,0,0,0,0,0,0,0,0,0,0,0,0,0
-36.90425877,174.7496526,Auckland,2018,serious_injury,50,FALSE,curved_view_open,,rain,,daylight,,1,0,1,0,2,0,0,0,0,0,0,0,0,0,0,0,0,0,0,0
-38.26087018,175.8963529,South Waikato District,2018,serious_injury,100,FALSE,curved_view_open,,rain,,darkness_not_lit,,1,0,1,0,2,0,0,0,0,0,0,0,0,0,0,0,0,0,0,0
-39.60748085,176.7815252,Hastings District,2018,serious_injury,70,FALSE,straight,,fine,,daylight,,1,0,1,0,2,0,0,0,0,0,0,0,0,0,0,0,0,0,0,0
-41.2443997,174.8186109,Wellington City,2018,serious_injury,100,FALSE,curved_view_open,,rain,,darkness_not_lit,,1,0,1,0,2,0,0,0,0,0,0,0,0,0,0,0,0,0,0,0
-39.94109035,174.9832731,Wanganui District,2018,serious_injury,50,TRUE,straight,,fine,,darkness_not_lit,,1,0,1,0,2,0,0,0,0,0,0,0,0,0,0,0,0,0,0,0
-40.054933,175.4840583,Rangitikei District,2018,serious_injury,100,FALSE,curved_view_open,,fine,,darkness_not_lit,,1,0,1,0,2,0,0,0,0,0,0,0,0,0,0,0,0,0,0,0
-45.25583826,169.3929912,Central Otago District,2018,serious_injury,50,FALSE,curved_view_open,,fine,,daylight,,1,0,1,0,2,0,0,0,0,0,0,0,0,0,0,0,0,0,0,0
-43.27478774,172.689639,Waimakariri District,2018,serious_injury,100,FALSE,curved_view_open,,fine,,dawn_dusk,stop_sign,1,0,1,0,2,0,0,0,0,0,0,0,0,0,0,0,0,0,0,0
-39.94835576,175.0252231,Wanganui District,2018,serious_injury,50,FALSE,straight,,fine,,daylight,,1,0,1,0,2,0,0,0,0,0,0,0,0,0,0,0,0,0,0,0
-43.54103725,172.6853431,Christchurch City,2018,serious_injury,50,TRUE,straight,,fine,,daylight,traffic_lights,1,0,1,0,2,0,0,0,0,0,0,0,0,0,0,0,0,0,0,0
-43.5560974,172.621664,Christchurch City,2018,serious_injury,50,FALSE,straight,,fine,,daylight,,1,0,1,0,2,0,0,0,0,0,0,0,0,0,0,0,0,0,0,0
-39.59131951,174.2694991,South Taranaki District,2018,minor_injury,50,TRUE,straight,,rain,,daylight,giveway_sign,2,0,0,2,2,0,0,0,0,0,0,0,0,0,0,0,0,0,0,0
-39.59131951,174.2694991,South Taranaki District,2018,minor_injury,50,TRUE,straight,,rain,,daylight,giveway_sign,2,0,0,2,2,0,0,0,0,0,0,0,0,0,0,0,0,0,0,0
-36.86624205,174.6382433,Auckland,2018,minor_injury,50,TRUE,straight,,rain,,daylight,stop_sign,2,0,0,2,2,0,0,0,0,0,0,0,0,0,0,0,0,0,0,0
-35.9343913,173.8808766,Kaipara District,2018,minor_injury,50,TRUE,straight,,fine,,daylight,stop_sign,2,0,0,2,2,0,0,0,0,0,0,0,0,0,0,0,0,0,0,0
-37.78044484,175.2717959,Hamilton City,2018,minor_injury,50,TRUE,straight,,fine,,dawn_dusk,traffic_lights,2,0,0,2,2,0,0,0,0,0,0,0,0,0,0,0,0,0,0,0
-36.86982785,174.7775635,Auckland,2018,minor_injury,50,TRUE,straight,,fine,,darkness_not_lit,traffic_lights,2,0,0,2,2,0,0,0,0,0,0,0,0,0,0,0,0,0,0,0
-37.04796453,174.9260323,Auckland,2018,minor_injury,50,TRUE,straight,,fine,,darkness_not_lit,traffic_lights,2,0,0,2,2,0,0,0,0,0,0,0,0,0,0,0,0,0,0,0
-36.72214641,174.7051694,Auckland,2018,minor_injury,50,TRUE,straight,,rain,,daylight,giveway_sign,2,0,0,2,2,0,0,0,0,0,0,0,0,0,0,0,0,0,0,0
-36.89774488,174.9064261,Auckland,2018,minor_injury,60,TRUE,straight,,fine,,darkness_not_lit,traffic_lights,2,0,0,2,2,0,0,0,0,0,0,0,0,0,0,0,0,0,0,0
-36.95421613,174.9050593,Auckland,2018,minor_injury,80,TRUE,straight,,fine,,darkness_not_lit,traffic_lights,2,0,0,2,2,0,0,0,0,0,0,0,0,0,0,0,0,0,0,0
-36.88875046,174.7976953,Auckland,2018,minor_injury,50,TRUE,straight,,fine,,daylight,giveway_sign,2,0,0,2,2,0,0,0,0,0,0,0,0,0,0,0,0,0,0,0
-36.88278985,174.7714797,Auckland,2018,minor_injury,50,TRUE,straight,,fine,,darkness_not_lit,traffic_lights,2,0,0,2,2,0,0,0,0,0,0,0,0,0,0,0,0,0,0,0
-36.87825612,174.7726876,Auckland,2018,minor_injury,50,TRUE,straight,,rain,,daylight,traffic_lights,2,0,0,2,2,0,0,0,0,0,0,0,0,0,0,0,0,0,0,0
-38.31103751,176.3775734,Rotorua District,2018,minor_injury,100,TRUE,straight,,fine,,daylight,giveway_sign,2,0,0,2,2,0,0,0,0,0,0,0,0,0,0,0,0,0,0,0
-36.91137716,174.8182057,Auckland,2018,minor_injury,50,TRUE,straight,,fine,,darkness_not_lit,traffic_lights,2,0,0,2,2,0,0,0,0,0,0,0,0,0,0,0,0,0,0,0
-36.62478104,174.672649,Auckland,2018,minor_injury,50,TRUE,curved_view_open,,rain,,darkness_not_lit,stop_sign,2,0,0,2,2,0,0,0,0,0,0,0,0,0,0,0,0,0,0,0
-36.75195573,174.732544,Auckland,2018,minor_injury,50,TRUE,straight,,rain,,darkness_not_lit,giveway_sign,2,0,0,2,2,0,0,0,0,0,0,0,0,0,0,0,0,0,0,0
-36.91816032,174.8255061,Auckland,2018,minor_injury,50,FALSE,straight,,fine,,daylight,,2,0,0,2,2,0,0,0,0,0,0,0,0,0,0,0,0,0,0,0
-36.91816032,174.8255061,Auckland,2018,minor_injury,50,FALSE,straight,,fine,,daylight,,2,0,0,2,2,0,0,0,0,0,0,0,0,0,0,0,0,0,0,0
-37.79544827,175.2941388,Hamilton City,2018,minor_injury,50,TRUE,straight,,fine,,daylight,stop_sign,2,0,0,2,2,0,0,0,0,0,0,0,0,0,0,0,0,0,0,0
-37.79544827,175.2941388,Hamilton City,2018,minor_injury,50,TRUE,straight,,fine,,daylight,stop_sign,2,0,0,2,2,0,0,0,0,0,0,0,0,0,0,0,0,0,0,0
-36.76667837,174.7403367,Auckland,2018,minor_injury,100,FALSE,straight,,fine,,daylight,,2,0,0,2,2,0,0,0,0,0,0,0,0,0,0,0,0,0,0,0
-36.76667837,174.7403367,Auckland,2018,minor_injury,100,FALSE,straight,,fine,,daylight,,2,0,0,2,2,0,0,0,0,0,0,0,0,0,0,0,0,0,0,0
-35.79617727,174.2929191,Whangarei District,2018,minor_injury,100,TRUE,straight,,fine,,daylight,giveway_sign,2,0,0,2,2,0,0,0,0,0,0,0,0,0,0,0,0,0,0,0
-36.9188042,174.8473998,Auckland,2018,minor_injury,50,TRUE,straight,,rain,,daylight,traffic_lights,2,0,0,2,2,0,0,0,0,0,0,0,0,0,0,0,0,0,0,0