latitude,longitude,local_government_area,year,severity,speed_limit,intersection,road_position_horizontal,road_wet,weather,crash_type,lighting,traffic_controls,casualties,fatalities,serious_injuries,minor_injuries,car_sedan,car_utility,car_van,car_4x4,car_station_wagon,motor_cycle,truck_small,truck_large,bus,taxi,bicycle,scooter,pedestrian,inanimate,train,tram
-44.73483712,171.0475924,Waimate District,2018,minor_injury,50,TRUE,straight,,fine,,daylight,giveway_sign,2,0,0,2,2,0,0,0,0,0,0,0,0,0,0,0,0,0,0,0
-35.30150503,173.9597425,Far North District,2018,minor_injury,100,TRUE,straight,,fine,,daylight,giveway_sign,2,0,0,2,2,0,0,0,0,0,0,0,0,0,0,0,0,0,0,0
-36.88404659,174.8053495,Auckland,2018,minor_injury,50,TRUE,straight,,fine,,daylight,giveway_sign,2,0,0,2,2,0,0,0,0,0,0,0,0,0,0,0,0,0,0,0
-36.71069308,174.6680613,Auckland,2018,minor_injury,80,TRUE,straight,,rain,,dawn_dusk,giveway_sign,2,0,0,2,2,0,0,0,0,0,0,0,0,0,0,0,0,0,0,0
-41.32071215,174.8092497,Wellington City,2018,minor_injury,70,TRUE,straight,,rain,,daylight,giveway_sign,2,0,0,2,2,0,0,0,0,0,0,0,0,0,0,0,0,0,0,0
-40.36557491,175.5518998,Palmerston North City,2018,minor_injury,100,TRUE,straight,,fine,,daylight,stop_sign,2,0,0,2,2,0,0,0,0,0,0,0,0,0,0,0,0,0,0,0
-40.36557491,175.5518998,Palmerston North City,2018,minor_injury,100,TRUE,straight,,fine,,daylight,stop_sign,2,0,0,2,2,0,0,0,0,0,0,0,0,0,0,0,0,0,0,0
-41.29059925,174.7711575,Wellington City,2018,minor_injury,50,TRUE,straight,,fine,,daylight,stop_sign,2,0,0,2,2,0,0,0,0,0,0,0,0,0,0,0,0,0,0,0
-41.29083864,174.7737435,Wellington City,2018,minor_injury,50,TRUE,straight,,fine,,darkness_not_lit,traffic_lights,2,0,0,2,2,0,0,0,0,0,0,0,0,0,0,0,0,0,0,0
-43.53742686,172.5965562,Christchurch City,2018,minor_injury,50,TRUE,straight,,fine,,darkness_not_lit,traffic_lights,2,0,0,2,2,0,0,0,0,0,0,0,0,0,0,0,0,0,0,0
-43.53742686,172.5965562,Christchurch City,2018,minor_injury,50,TRUE,straight,,fine,,darkness_not_lit,traffic_lights,2,0,0,2,2,0,0,0,0,0,0,0,0,0,0,0,0,0,0,0
-40.2935801,175.6121942,Palmerston North City,2018,minor_injury,100,TRUE,straight,,fine,,daylight,stop_sign,2,0,0,2,2,0,0,0,0,0,0,0,0,0,0,0,0,0,0,0
-45.88017748,170.4786385,Dunedin City,2018,minor_injury,50,TRUE,straight,,fine,,daylight,stop_sign,2,0,0,2,2,0,0,0,0,0,0,0,0,0,0,0,0,0,0,0
-36.96678301,174.8251617,Auckland,2018,minor_injury,50,FALSE,straight,,fine,,daylight,,2,0,0,2,2,0,0,0,0,0,0,0,0,0,0,0,0,0,0,0
-36.90923771,174.8423988,Auckland,2018,minor_injury,50,TRUE,straight,,fine,,daylight,traffic_lights,2,0,0,2,2,0,0,0,0,0,0,0,0,0,0,0,0,0,0,0
-37.1190062,174.9358671,Auckland,2018,minor_injury,100,TRUE,curved_view_open,,fine,,daylight,stop_sign,2,0,0,2,2,0,0,0,0,0,0,0,0,0,0,0,0,0,0,0
-43.52664951,172.6123813,Christchurch City,2018,minor_injury,50,TRUE,straight,,fine,,daylight,traffic_lights,2,0,0,2,2,0,0,0,0,0,0,0,0,0,0,0,0,0,0,0
-43.52664951,172.6123813,Christchurch City,2018,minor_injury,50,TRUE,straight,,fine,,daylight,traffic_lights,2,0,0,2,2,0,0,0,0,0,0,0,0,0,0,0,0,0,0,0
-43.53427204,172.6746107,Christchurch City,2018,minor_injury,60,TRUE,straight,,fine,,daylight,giveway_sign,2,0,0,2,2,0,0,0,0,0,0,0,0,0,0,0,0,0,0,0
-36.79289082,174.7421176,Auckland,2018,minor_injury,50,TRUE,straight,,rain,,daylight,giveway_sign,2,0,0,2,2,0,0,0,0,0,0,0,0,0,0,0,0,0,0,0
-35.93644239,173.8666315,Kaipara District,2018,minor_injury,50,TRUE,straight,,fine,,daylight,stop_sign,2,0,0,2,2,0,0,0,0,0,0,0,0,0,0,0,0,0,0,0
-35.88476374,174.4514587,Whangarei District,2018,minor_injury,70,TRUE,straight,,rain,,daylight,,2,0,0,2,2,0,0,0,0,0,0,0,0,0,0,0,0,0,0,0
-41.31235991,174.7956151,Wellington City,2018,minor_injury,50,TRUE,curved_view_open,,fine,,daylight,giveway_sign,2,0,0,2,2,0,0,0,0,0,0,0,0,0,0,0,0,0,0,0
-41.31235991,174.7956151,Wellington City,2018,minor_injury,50,TRUE,curved_view_open,,fine,,daylight,giveway_sign,2,0,0,2,2,0,0,0,0,0,0,0,0,0,0,0,0,0,0,0
-44.39478838,171.247018,Timaru District,2018,minor_injury,50,TRUE,straight,,fine,,dawn_dusk,stop_sign,2,0,0,2,2,0,0,0,0,0,0,0,0,0,0,0,0,0,0,0
-46.41297189,168.353748,Invercargill City,2018,minor_injury,50,TRUE,straight,,rain,,daylight,traffic_lights,2,0,0,2,2,0,0,0,0,0,0,0,0,0,0,0,0,0,0,0
-44.9401712,168.8296769,Queenstown-Lakes District,2018,minor_injury,50,TRUE,straight,,fine,,daylight,giveway_sign,2,0,0,2,2,0,0,0,0,0,0,0,0,0,0,0,0,0,0,0
-43.56024579,172.4577656,Christchurch City,2018,minor_injury,100,TRUE,straight,,fine,,daylight,stop_sign,2,0,0,2,2,0,0,0,0,0,0,0,0,0,0,0,0,0,0,0
-43.56024579,172.4577656,Selwyn District,2018,minor_injury,100,TRUE,straight,,fine,,daylight,stop_sign,2,0,0,2,2,0,0,0,0,0,0,0,0,0,0,0,0,0,0,0
-35.66960812,174.2995257,Whangarei District,2018,minor_injury,60,TRUE,curved_view_open,,fine,,daylight,giveway_sign,2,0,0,2,2,0,0,0,0,0,0,0,0,0,0,0,0,0,0,0
-37.7323315,175.2872193,Hamilton City,2018,minor_injury,60,TRUE,curved_view_open,,fine,,darkness_not_lit,giveway_sign,2,0,0,2,2,0,0,0,0,0,0,0,0,0,0,0,0,0,0,0
-40.40761136,175.6061015,Palmerston North City,2018,minor_injury,100,TRUE,straight,,fine,,dawn_dusk,giveway_sign,2,0,0,2,2,0,0,0,0,0,0,0,0,0,0,0,0,0,0,0
-46.41672561,168.3537539,Invercargill City,2018,minor_injury,50,TRUE,straight,,fine,,daylight,giveway_sign,2,0,0,2,2,0,0,0,0,0,0,0,0,0,0,0,0,0,0,0
-37.2615874,174.955625,Waikato District,2018,minor_injury,70,FALSE,curved_view_open,,rain,,darkness_not_lit,,2,0,0,2,2,0,0,0,0,0,0,0,0,0,0,0,0,0,0,0
-37.30920113,175.0674425,Waikato District,2018,minor_injury,100,TRUE,straight,,rain,,daylight,giveway_sign,2,0,0,2,2,0,0,0,0,0,0,0,0,0,0,0,0,0,0,0
-40.22491341,175.567129,Manawatu District,2018,minor_injury,50,TRUE,straight,,rain,,dawn_dusk,giveway_sign,2,0,0,2,2,0,0,0,0,0,0,0,0,0,0,0,0,0,0,0
-36.96335859,174.8685701,Auckland,2018,minor_injury,60,TRUE,straight,,fine,,darkness_not_lit,traffic_lights,2,0,0,2,2,0,0,0,0,0,0,0,0,0,0,0,0,0,0,0
-36.65022517,174.6689372,Auckland,2018,minor_injury,100,TRUE,straight,,fine,,daylight,stop_sign,2,0,0,2,2,0,0,0,0,0,0,0,0,0,0,0,0,0,0,0
-37.06780669,174.9450695,Auckland,2018,minor_injury,50,TRUE,straight,,fine,,daylight,stop_sign,2,0,0,2,2,0,0,0,0,0,0,0,0,0,0,0,0,0,0,0
-36.94052653,174.7902988,Auckland,2018,minor_injury,50,TRUE,straight,,rain,,darkness_not_lit,giveway_sign,2,0,0,2,2,0,0,0,0,0,0,0,0,0,0,0,0,0,0,0
-36.85620461,174.7394599,Auckland,2018,minor_injury,50,TRUE,curved_view_open,,fine,,darkness_not_lit,giveway_sign,2,0,0,2,2,0,0,0,0,0,0,0,0,0,0,0,0,0,0,0
-41.28625437,173.7677256,Marlborough District,2018,minor_injury,70,TRUE,straight,,fine,,daylight,giveway_sign,2,0,0,2,2,0,0,0,0,0,0,0,0,0,0,0,0,0,0,0
-43.30773599,172.6348601,Waimakariri District,2018,minor_injury,50,TRUE,straight,,fine,,daylight,stop_sign,2,0,0,2,2,0,0,0,0,0,0,0,0,0,0,0,0,0,0,0
-43.30773599,172.6348601,Waimakariri District,2018,minor_injury,50,TRUE,straight,,fine,,daylight,stop_sign,2,0,0,2,2,0,0,0,0,0,0,0,0,0,0,0,0,0,0,0
-37.07369587,174.9321609,Auckland,2018,minor_injury,50,TRUE,straight,,fine,,daylight,traffic_lights,2,0,0,2,2,0,0,0,0,0,0,0,0,0,0,0,0,0,0,0
-37.07369587,174.9321609,Auckland,2018,minor_injury,50,TRUE,straight,,fine,,daylight,traffic_lights,2,0,0,2,2,0,0,0,0,0,0,0,0,0,0,0,0,0,0,0
-42.45049579,171.2073553,Grey District,2018,minor_injury,50,TRUE,straight,,fine,,daylight,stop_sign,2,0,0,2,2,0,0,0,0,0,0,0,0,0,0,0,0,0,0,0
-35.89836762,174.441735,Whangarei District,2018,minor_injury,100,TRUE,curved_view_open,,rain,,daylight,stop_sign,2,0,0,2,2,0,0,0,0,0,0,0,0,0,0,0,0,0,0,0
-44.4084738,171.2512058,Timaru District,2018,minor_injury,50,TRUE,straight,,fine,,dawn_dusk,stop_sign,2,0,0,2,2,0,0,0,0,0,0,0,0,0,0,0,0,0,0,0
-38.66385303,178.019858,Gisborne District,2018,minor_injury,50,FALSE,straight,,fine,,daylight,,2,0,0,2,2,0,0,0,0,0,0,0,0,0,0,0,0,0,0,0
-35.93839761,173.8717748,Kaipara District,2018,minor_injury,50,TRUE,straight,,fine,,daylight,stop_sign,2,0,0,2,2,0,0,0,0,0,0,0,0,0,0,0,0,0,0,0
-38.11826089,176.227601,Rotorua District,2018,minor_injury,60,TRUE,straight,,fine,,daylight,giveway_sign,2,0,0,2,2,0,0,0,0,0,0,0,0,0,0,0,0,0,0,0
-37.03756949,174.9117387,Auckland,2018,minor_injury,50,TRUE,straight,,fine,,daylight,traffic_lights,2,0,0,2,2,0,0,0,0,0,0,0,0,0,0,0,0,0,0,0
-45.88245668,170.4864869,Dunedin City,2018,minor_injury,50,TRUE,curved_view_open,,fine,,daylight,giveway_sign,2,0,0,2,2,0,0,0,0,0,0,0,0,0,0,0,0,0,0,0
-41.31461314,174.8116137,Wellington City,2018,minor_injury,50,TRUE,curved_view_open,,rain,,daylight,stop_sign,2,0,0,2,2,0,0,0,0,0,0,0,0,0,0,0,0,0,0,0
-36.96743488,174.8586615,Auckland,2018,minor_injury,50,TRUE,straight,,rain,,darkness_not_lit,traffic_lights,2,0,0,2,2,0,0,0,0,0,0,0,0,0,0,0,0,0,0,0
-36.92539065,174.9202604,Auckland,2018,minor_injury,60,FALSE,straight,,fine,,daylight,,2,0,0,2,2,0,0,0,0,0,0,0,0,0,0,0,0,0,0,0
-36.61618544,174.6807153,Auckland,2018,minor_injury,70,FALSE,straight,,fine,,daylight,,2,0,0,2,2,0,0,0,0,0,0,0,0,0,0,0,0,0,0,0
-37.73053899,175.3070539,Waikato District,2018,minor_injury,100,FALSE,straight,,fine,,daylight,,2,0,0,2,2,0,0,0,0,0,0,0,0,0,0,0,0,0,0,0
-36.79637776,174.7660352,Auckland,2018,minor_injury,60,TRUE,straight,,fine,,daylight,traffic_lights,2,0,0,2,2,0,0,0,0,0,0,0,0,0,0,0,0,0,0,0
-37.22489518,174.8698208,Auckland,2018,minor_injury,100,TRUE,straight,,rain,,daylight,giveway_sign,2,0,0,2,2,0,0,0,0,0,0,0,0,0,0,0,0,0,0,0
-41.1206531,174.8816427,Porirua City,2018,minor_injury,50,TRUE,straight,,fine,,darkness_not_lit,,2,0,0,2,2,0,0,0,0,0,0,0,0,0,0,0,0,0,0,0
-41.17971773,174.9512401,Hutt City,2018,minor_injury,50,TRUE,straight,,fine,,daylight,,2,0,0,2,2,0,0,0,0,0,0,0,0,0,0,0,0,0,0,0
-44.38659629,171.2406087,Timaru District,2018,minor_injury,50,FALSE,straight,,fine,,darkness_not_lit,,2,0,0,2,2,0,0,0,0,0,0,0,0,0,0,0,0,0,0,0
-37.00468446,174.8805047,Auckland,2018,minor_injury,60,TRUE,straight,,fine,,dawn_dusk,giveway_sign,2,0,0,2,2,0,0,0,0,0,0,0,0,0,0,0,0,0,0,0
-37.02630702,174.8662219,Auckland,2018,minor_injury,60,TRUE,straight,,rain,,daylight,giveway_sign,2,0,0,2,2,0,0,0,0,0,0,0,0,0,0,0,0,0,0,0
-41.16647778,174.9844005,Hutt City,2018,minor_injury,50,FALSE,straight,,rain,,daylight,,2,0,0,2,2,0,0,0,0,0,0,0,0,0,0,0,0,0,0,0
-36.85976386,174.7664163,Auckland,2018,minor_injury,80,FALSE,straight,,fine,,darkness_not_lit,,2,0,0,2,2,0,0,0,0,0,0,0,0,0,0,0,0,0,0,0
-37.73156668,176.1624328,Tauranga City,2018,minor_injury,50,TRUE,straight,,fine,,daylight,,2,0,0,2,2,0,0,0,0,0,0,0,0,0,0,0,0,0,0,0
-45.88616309,170.3545091,Dunedin City,2018,minor_injury,50,FALSE,straight,,fine,,daylight,,2,0,0,2,2,0,0,0,0,0,0,0,0,0,0,0,0,0,0,0
-36.75071702,174.6940068,Auckland,2018,minor_injury,50,TRUE,straight,,fine,,darkness_not_lit,traffic_lights,2,0,0,2,2,0,0,0,0,0,0,0,0,0,0,0,0,0,0,0
-36.88393123,174.7861487,Auckland,2018,minor_injury,50,FALSE,straight,,fine,,daylight,,2,0,0,2,2,0,0,0,0,0,0,0,0,0,0,0,0,0,0,0
-36.78353835,174.7214439,Auckland,2018,minor_injury,50,TRUE,straight,,fine,,daylight,traffic_lights,2,0,0,2,2,0,0,0,0,0,0,0,0,0,0,0,0,0,0,0
-37.03574221,174.9093544,Auckland,2018,minor_injury,50,TRUE,straight,,fine,,daylight,traffic_lights,2,0,0,2,2,0,0,0,0,0,0,0,0,0,0,0,0,0,0,0
-37.75845226,175.2532685,Hamilton City,2018,minor_injury,40,TRUE,straight,,fine,,daylight,giveway_sign,2,0,0,2,2,0,0,0,0,0,0,0,0,0,0,0,0,0,0,0
-39.9207765,175.0505018,Wanganui District,2018,minor_injury,50,TRUE,curved_view_open,,fine,,darkness_not_lit,giveway_sign,2,0,0,2,2,0,0,0,0,0,0,0,0,0,0,0,0,0,0,0
-36.71674937,174.7429713,Auckland,2018,minor_injury,50,TRUE,straight,,fine,,daylight,traffic_lights,2,0,0,2,2,0,0,0,0,0,0,0,0,0,0,0,0,0,0,0
-36.90788969,174.7704326,Auckland,2018,minor_injury,50,TRUE,straight,,fine,,daylight,stop_sign,2,0,0,2,2,0,0,0,0,0,0,0,0,0,0,0,0,0,0,0
-36.8554616,174.7696373,Auckland,2018,minor_injury,50,TRUE,curved_view_open,,fine,,darkness_not_lit,giveway_sign,2,0,0,2,2,0,0,0,0,0,0,0,0,0,0,0,0,0,0,0
-36.8554616,174.7696373,Auckland,2018,minor_injury,50,TRUE,curved_view_open,,fine,,darkness_not_lit,traffic_lights,2,0,0,2,2,0,0,0,0,0,0,0,0,0,0,0,0,0,0,0
-35.85488389,174.4665835,Whangarei District,2018,minor_injury,100,TRUE,curved_view_open,,rain,,daylight,giveway_sign,2,0,0,2,2,0,0,0,0,0,0,0,0,0,0,0,0,0,0,0
-36.90999666,174.7663395,Auckland,2018,minor_injury,50,FALSE,straight,,rain,,dawn_dusk,,2,0,0,2,2,0,0,0,0,0,0,0,0,0,0,0,0,0,0,0
-40.45331905,175.8405583,Tararua District,2018,minor_injury,50,TRUE,straight,,fine,,daylight,giveway_sign,2,0,0,2,2,0,0,0,0,0,0,0,0,0,0,0,0,0,0,0
-42.38024532,172.4002761,Hurunui District,2018,minor_injury,100,FALSE,curved_view_open,,rain,,daylight,,2,0,0,2,2,0,0,0,0,0,0,0,0,0,0,0,0,0,0,0
-43.50804462,172.662863,Christchurch City,2018,minor_injury,50,TRUE,curved_view_open,,fine,,daylight,traffic_lights,2,0,0,2,2,0,0,0,0,0,0,0,0,0,0,0,0,0,0,0
-36.9952278,174.8743613,Auckland,2018,minor_injury,60,TRUE,straight,,fine,,darkness_not_lit,traffic_lights,2,0,0,2,2,0,0,0,0,0,0,0,0,0,0,0,0,0,0,0
-36.9952278,174.8743613,Auckland,2018,minor_injury,50,TRUE,straight,,fine,,daylight,traffic_lights,2,0,0,2,2,0,0,0,0,0,0,0,0,0,0,0,0,0,0,0
-36.87700847,174.7033224,Auckland,2018,minor_injury,50,TRUE,straight,,fine,,daylight,traffic_lights,2,0,0,2,2,0,0,0,0,0,0,0,0,0,0,0,0,0,0,0
-41.21291265,174.8977038,Hutt City,2018,minor_injury,50,FALSE,straight,,fine,,darkness_not_lit,,2,0,0,2,2,0,0,0,0,0,0,0,0,0,0,0,0,0,0,0
-45.98739048,169.7561291,Clutha District,2018,minor_injury,100,TRUE,straight,,fine,,daylight,,2,0,0,2,2,0,0,0,0,0,0,0,0,0,0,0,0,0,0,0
-36.88731094,174.789762,Auckland,2018,minor_injury,50,FALSE,straight,,fine,,daylight,,2,0,0,2,2,0,0,0,0,0,0,0,0,0,0,0,0,0,0,0
-43.50259419,172.6327107,Christchurch City,2018,minor_injury,50,TRUE,straight,,fine,,darkness_not_lit,traffic_lights,2,0,0,2,2,0,0,0,0,0,0,0,0,0,0,0,0,0,0,0
-43.53639361,172.640402,Christchurch City,2018,minor_injury,50,FALSE,straight,,fine,,daylight,,2,0,0,2,2,0,0,0,0,0,0,0,0,0,0,0,0,0,0,0
-36.96803655,174.929958,Auckland,2018,minor_injury,60,TRUE,straight,,fine,,daylight,giveway_sign,2,0,0,2,2,0,0,0,0,0,0,0,0,0,0,0,0,0,0,0
-39.64254779,176.8547336,Hastings District,2018,minor_injury,50,TRUE,straight,,fine,,daylight,giveway_sign,2,0,0,2,2,0,0,0,0,0,0,0,0,0,0,0,0,0,0,0
-44.97758459,169.2356425,Central Otago District,2018,minor_injury,100,TRUE,straight,,fine,,daylight,giveway_sign,2,0,0,2,2,0,0,0,0,0,0,0,0,0,0,0,0,0,0,0
-43.4833926,172.5767346,Christchurch City,2018,minor_injury,50,TRUE,straight,,fine,,daylight,,2,0,0,2,2,0,0,0,0,0,0,0,0,0,0,0,0,0,0,0
-39.03840137,177.4274871,Wairoa District,2018,minor_injury,50,TRUE,straight,,fine,,daylight,giveway_sign,2,0,0,2,2,0,0,0,0,0,0,0,0,0,0,0,0,0,0,0
-43.59700943,172.4634196,Selwyn District,2018,minor_injury,100,TRUE,straight,,rain,,daylight,stop_sign,2,0,0,2,2,0,0,0,0,0,0,0,0,0,0,0,0,0,0,0
-37.72584226,175.2742332,Hamilton City,2018,minor_injury,50,TRUE,straight,,fine,,daylight,giveway_sign,2,0,0,2,2,0,0,0,0,0,0,0,0,0,0,0,0,0,0,0
-36.71845904,174.7165082,Auckland,2018,minor_injury,50,TRUE,straight,,fine,,daylight,giveway_sign,2,0,0,2,2,0,0,0,0,0,0,0,0,0,0,0,0,0,0,0
-38.18372663,175.1948797,Otorohanga District,2018,minor_injury,100,TRUE,straight,,fine,,daylight,stop_sign,2,0,0,2,2,0,0,0,0,0,0,0,0,0,0,0,0,0,0,0
-43.5352672,172.5995039,Christchurch City,2018,minor_injury,50,TRUE,straight,,fine,,daylight,stop_sign,2,0,0,2,2,0,0,0,0,0,0,0,0,0,0,0,0,0,0,0
-45.86461475,170.5106236,Dunedin City,2018,minor_injury,50,TRUE,straight,,rain,,darkness_not_lit,traffic_lights,2,0,0,2,2,0,0,0,0,0,0,0,0,0,0,0,0,0,0,0
-36.92782335,174.9925193,Auckland,2018,minor_injury,100,TRUE,curved_view_open,,rain,,daylight,,2,0,0,2,2,0,0,0,0,0,0,0,0,0,0,0,0,0,0,0
-37.25934475,174.7130238,Auckland,2018,minor_injury,100,TRUE,straight,,fine,,daylight,stop_sign,2,0,0,2,2,0,0,0,0,0,0,0,0,0,0,0,0,0,0,0
-36.75869323,174.5922745,Auckland,2018,minor_injury,50,TRUE,straight,,fine,,daylight,giveway_sign,2,0,0,2,2,0,0,0,0,0,0,0,0,0,0,0,0,0,0,0
-42.36706207,173.6538003,Kaikoura District,2018,minor_injury,100,TRUE,straight,,rain,,daylight,giveway_sign,2,0,0,2,2,0,0,0,0,0,0,0,0,0,0,0,0,0,0,0
-41.18805035,174.9228117,Hutt City,2018,minor_injury,50,TRUE,curved_view_open,,fine,,daylight,stop_sign,2,0,0,2,2,0,0,0,0,0,0,0,0,0,0,0,0,0,0,0
-37.01782863,174.8654637,Auckland,2018,minor_injury,50,TRUE,straight,,fine,,daylight,traffic_lights,2,0,0,2,2,0,0,0,0,0,0,0,0,0,0,0,0,0,0,0
-36.87571752,174.8626177,Auckland,2018,minor_injury,50,TRUE,straight,,rain,,daylight,giveway_sign,2,0,0,2,2,0,0,0,0,0,0,0,0,0,0,0,0,0,0,0
-40.5501042,175.4141683,Horowhenua District,2018,minor_injury,50,TRUE,straight,,fine,,darkness_not_lit,giveway_sign,2,0,0,2,2,0,0,0,0,0,0,0,0,0,0,0,0,0,0,0
-36.62343375,174.6671628,Auckland,2018,minor_injury,70,TRUE,straight,,fine,,darkness_not_lit,traffic_lights,2,0,0,2,2,0,0,0,0,0,0,0,0,0,0,0,0,0,0,0
-40.36261736,175.6160954,Palmerston North City,2018,minor_injury,50,FALSE,straight,,fine,,daylight,,2,0,0,2,2,0,0,0,0,0,0,0,0,0,0,0,0,0,0,0
-36.90837799,174.6822674,Auckland,2018,minor_injury,50,FALSE,straight,,fine,,daylight,,2,0,0,2,2,0,0,0,0,0,0,0,0,0,0,0,0,0,0,0
-41.21789119,174.8901894,Hutt City,2018,minor_injury,50,FALSE,straight,,fine,,daylight,,2,0,0,2,2,0,0,0,0,0,0,0,0,0,0,0,0,0,0,0
-37.68523869,176.1627415,Tauranga City,2018,minor_injury,80,FALSE,straight,,fine,,daylight,,2,0,0,2,2,0,0,0,0,0,0,0,0,0,0,0,0,0,0,0
-36.92848834,174.8494635,Auckland,2018,minor_injury,100,FALSE,straight,,fine,,darkness_not_lit,,2,0,0,2,2,0,0,0,0,0,0,0,0,0,0,0,0,0,0,0
-37.25359784,175.235804,Waikato District,2018,minor_injury,70,FALSE,curved_view_open,,fine,,daylight,,2,0,0,2,2,0,0,0,0,0,0,0,0,0,0,0,0,0,0,0
-37.0174162,174.9201242,Auckland,2018,minor_injury,60,FALSE,straight,,fine,,daylight,,2,0,0,2,2,0,0,0,0,0,0,0,0,0,0,0,0,0,0,0
-36.98103514,174.8770238,Auckland,2018,minor_injury,50,FALSE,straight,,fine,,darkness_not_lit,,2,0,0,2,2,0,0,0,0,0,0,0,0,0,0,0,0,0,0,0
-36.92656413,174.8954682,Auckland,2018,minor_injury,60,FALSE,straight,,rain,,daylight,,2,0,0,2,2,0,0,0,0,0,0,0,0,0,0,0,0,0,0,0
-36.97722421,174.880907,Auckland,2018,minor_injury,100,FALSE,straight,,fine,,daylight,,2,0,0,2,2,0,0,0,0,0,0,0,0,0,0,0,0,0,0,0
-37.7836996,175.2898582,Hamilton City,2018,minor_injury,50,FALSE,straight,,rain,,daylight,,2,0,0,2,2,0,0,0,0,0,0,0,0,0,0,0,0,0,0,0
-36.89736197,174.8444811,Auckland,2018,minor_injury,50,FALSE,straight,,fine,,darkness_not_lit,,2,0,0,2,2,0,0,0,0,0,0,0,0,0,0,0,0,0,0,0
-43.54376809,172.5012747,Christchurch City,2018,minor_injury,50,FALSE,straight,,rain,,daylight,,2,0,0,2,2,0,0,0,0,0,0,0,0,0,0,0,0,0,0,0
-37.87213741,176.303678,Western Bay Of Plenty District,2018,minor_injury,100,FALSE,straight,,rain,,darkness_not_lit,,2,0,0,2,2,0,0,0,0,0,0,0,0,0,0,0,0,0,0,0
-45.26749905,169.3769165,Central Otago District,2018,minor_injury,100,FALSE,straight,,fine,,daylight,,2,0,0,2,2,0,0,0,0,0,0,0,0,0,0,0,0,0,0,0
-41.28676447,174.7745168,Wellington City,2018,minor_injury,50,FALSE,straight,,fine,,daylight,,2,0,0,2,2,0,0,0,0,0,0,0,0,0,0,0,0,0,0,0
-37.78704178,175.2731675,Hamilton City,2018,minor_injury,50,FALSE,straight,,fine,,daylight,,2,0,0,2,2,0,0,0,0,0,0,0,0,0,0,0,0,0,0,0
-37.66444952,176.1369121,Tauranga City,2018,minor_injury,50,FALSE,straight,,fine,,daylight,,2,0,0,2,2,0,0,0,0,0,0,0,0,0,0,0,0,0,0,0
-41.36836697,173.7624366,Marlborough District,2018,minor_injury,100,FALSE,straight,,fine,,dawn_dusk,,2,0,0,2,2,0,0,0,0,0,0,0,0,0,0,0,0,0,0,0
-37.7550555,175.2295574,Hamilton City,2018,minor_injury,50,TRUE,straight,,fine,,daylight,traffic_lights,2,0,0,2,2,0,0,0,0,0,0,0,0,0,0,0,0,0,0,0
-36.88330207,174.7878283,Auckland,2018,minor_injury,100,FALSE,straight,,fine,,daylight,,2,0,0,2,2,0,0,0,0,0,0,0,0,0,0,0,0,0,0,0
-36.7975141,174.6890633,Auckland,2018,minor_injury,50,FALSE,straight,,fine,,daylight,,2,0,0,2,2,0,0,0,0,0,0,0,0,0,0,0,0,0,0,0
-46.3472099,168.0186393,Southland District,2018,minor_injury,50,TRUE,straight,,rain,,daylight,,2,0,0,2,2,0,0,0,0,0,0,0,0,0,0,0,0,0,0,0
-46.0917237,168.9444182,Gore District,2018,minor_injury,50,FALSE,straight,,mist,,darkness_not_lit,,2,0,0,2,2,0,0,0,0,0,0,0,0,0,0,0,0,0,0,0
-45.8454161,170.511867,Dunedin City,2018,minor_injury,100,FALSE,straight,,fine,,darkness_not_lit,,2,0,0,2,2,0,0,0,0,0,0,0,0,0,0,0,0,0,0,0
-39.52445677,176.8741094,Napier City,2018,minor_injury,100,FALSE,straight,,rain,,daylight,,2,0,0,2,2,0,0,0,0,0,0,0,0,0,0,0,0,0,0,0
-36.85619835,174.6371203,Auckland,2018,minor_injury,50,FALSE,curved_view_open,,fine,,daylight,,2,0,0,2,2,0,0,0,0,0,0,0,0,0,0,0,0,0,0,0
-38.71888121,176.0811148,Taupo District,2018,minor_injury,30,FALSE,straight,,fine,,darkness_not_lit,,2,0,0,2,2,0,0,0,0,0,0,0,0,0,0,0,0,0,0,0
-37.93458589,175.7591031,South Waikato District,2018,minor_injury,100,FALSE,straight,,fine,,daylight,,2,0,0,2,2,0,0,0,0,0,0,0,0,0,0,0,0,0,0,0
-37.00830423,174.8931922,Auckland,2018,minor_injury,50,FALSE,straight,,fine,,daylight,,2,0,0,2,2,0,0,0,0,0,0,0,0,0,0,0,0,0,0,0
-41.30131482,173.2504975,Nelson City,2018,minor_injury,70,FALSE,straight,,fine,,daylight,,2,0,0,2,2,0,0,0,0,0,0,0,0,0,0,0,0,0,0,0
-39.76767719,174.6036949,South Taranaki District,2018,minor_injury,100,FALSE,straight,,fine,,daylight,,2,0,0,2,2,0,0,0,0,0,0,0,0,0,0,0,0,0,0,0
-36.8716387,174.7094408,Auckland,2018,minor_injury,80,FALSE,straight,,fine,,darkness_not_lit,,2,0,0,2,2,0,0,0,0,0,0,0,0,0,0,0,0,0,0,0
-37.99587061,176.88019,Whakatane District,2018,minor_injury,100,FALSE,straight,,fine,,daylight,,2,0,0,2,2,0,0,0,0,0,0,0,0,0,0,0,0,0,0,0
-45.88097604,170.505163,Dunedin City,2018,minor_injury,50,FALSE,curved_view_open,,fine,,daylight,,2,0,0,2,2,0,0,0,0,0,0,0,0,0,0,0,0,0,0,0
-46.40817415,168.3659197,Invercargill City,2018,minor_injury,50,TRUE,straight,,fine,,daylight,giveway_sign,2,0,0,2,2,0,0,0,0,0,0,0,0,0,0,0,0,0,0,0
-36.9827122,174.8945687,Auckland,2018,minor_injury,50,FALSE,curved_view_open,,fine,,darkness_not_lit,,2,0,0,2,2,0,0,0,0,0,0,0,0,0,0,0,0,0,0,0
-37.87650878,175.3676594,Waipa District,2018,minor_injury,100,FALSE,straight,,fine,,daylight,,2,0,0,2,2,0,0,0,0,0,0,0,0,0,0,0,0,0,0,0