latitude,longitude,local_government_area,year,severity,speed_limit,intersection,road_position_horizontal,road_wet,weather,crash_type,lighting,traffic_controls,casualties,fatalities,serious_injuries,minor_injuries,car_sedan,car_utility,car_van,car_4x4,car_station_wagon,motor_cycle,truck_small,truck_large,bus,taxi,bicycle,scooter,pedestrian,inanimate,train,tram
-36.81253147,174.7531449,Auckland,2018,minor_injury,100,FALSE,straight,,rain,,darkness_not_lit,,2,0,0,2,2,0,0,0,0,0,0,0,0,0,0,0,0,0,0,0
-37.78637496,175.2908378,Hamilton City,2018,minor_injury,50,FALSE,straight,,rain,,daylight,,2,0,0,2,2,0,0,0,0,0,0,0,0,0,0,0,0,0,0,0
-37.00106155,174.7919536,Auckland,2018,minor_injury,50,FALSE,straight,,rain,,daylight,,2,0,0,2,2,0,0,0,0,0,0,0,0,0,0,0,0,0,0,0
-35.26092731,173.9371235,Far North District,2018,minor_injury,80,FALSE,straight,,rain,,daylight,,2,0,0,2,2,0,0,0,0,0,0,0,0,0,0,0,0,0,0,0
-36.91333755,174.6486904,Auckland,2018,minor_injury,50,FALSE,straight,,fine,,daylight,,2,0,0,2,2,0,0,0,0,0,0,0,0,0,0,0,0,0,0,0
-37.78187083,175.2434771,Hamilton City,2018,minor_injury,50,FALSE,straight,,fine,,daylight,,2,0,0,2,2,0,0,0,0,0,0,0,0,0,0,0,0,0,0,0
-36.9155128,174.8288666,Auckland,2018,minor_injury,100,FALSE,straight,,fine,,darkness_not_lit,,2,0,0,2,2,0,0,0,0,0,0,0,0,0,0,0,0,0,0,0
-36.86831,174.7363577,Auckland,2018,minor_injury,80,FALSE,straight,,fine,,darkness_not_lit,,2,0,0,2,2,0,0,0,0,0,0,0,0,0,0,0,0,0,0,0
-45.87957224,170.3509174,Dunedin City,2018,minor_injury,50,FALSE,straight,,fine,,daylight,,2,0,0,2,2,0,0,0,0,0,0,0,0,0,0,0,0,0,0,0
-36.79306846,174.6152437,Auckland,2018,minor_injury,50,FALSE,straight,,mist,,daylight,,2,0,0,2,2,0,0,0,0,0,0,0,0,0,0,0,0,0,0,0
-40.34052722,175.5982663,Palmerston North City,2018,minor_injury,50,FALSE,curved_view_open,,fine,,darkness_not_lit,,2,0,0,2,2,0,0,0,0,0,0,0,0,0,0,0,0,0,0,0
-41.17428695,172.9829518,Tasman District,2018,minor_injury,100,FALSE,straight,,fine,,dawn_dusk,,2,0,0,2,2,0,0,0,0,0,0,0,0,0,0,0,0,0,0,0
-41.11566147,175.0836887,Upper Hutt City,2018,minor_injury,100,TRUE,straight,,fine,,darkness_not_lit,traffic_lights,2,0,0,2,2,0,0,0,0,0,0,0,0,0,0,0,0,0,0,0
-40.48646437,175.3557165,Horowhenua District,2018,minor_injury,100,FALSE,straight,,fine,,darkness_not_lit,,2,0,0,2,2,0,0,0,0,0,0,0,0,0,0,0,0,0,0,0
-41.31031275,174.824408,Wellington City,2018,minor_injury,50,FALSE,straight,,fine,,daylight,,2,0,0,2,2,0,0,0,0,0,0,0,0,0,0,0,0,0,0,0
-39.65928061,176.8650562,Hastings District,2018,minor_injury,70,FALSE,straight,,rain,,daylight,,2,0,0,2,2,0,0,0,0,0,0,0,0,0,0,0,0,0,0,0
-40.28443618,175.3050814,Manawatu District,2018,minor_injury,100,FALSE,straight,,fine,,daylight,giveway_sign,2,0,0,2,2,0,0,0,0,0,0,0,0,0,0,0,0,0,0,0
-37.03618697,174.8718377,Auckland,2018,minor_injury,50,FALSE,straight,,fine,,darkness_not_lit,,2,0,0,2,2,0,0,0,0,0,0,0,0,0,0,0,0,0,0,0
-36.81225838,174.7484305,Auckland,2018,minor_injury,50,FALSE,straight,,fine,,darkness_not_lit,,2,0,0,2,2,0,0,0,0,0,0,0,0,0,0,0,0,0,0,0
-43.5901541,172.5690624,Christchurch City,2018,minor_injury,60,FALSE,straight,,mist,,daylight,,2,0,0,2,2,0,0,0,0,0,0,0,0,0,0,0,0,0,0,0
-39.02236267,174.1910593,New Plymouth District,2018,minor_injury,80,FALSE,straight,,rain,,darkness_not_lit,,2,0,0,2,2,0,0,0,0,0,0,0,0,0,0,0,0,0,0,0
-37.19640915,174.9440501,Auckland,2018,minor_injury,100,FALSE,straight,,fine,,daylight,,2,0,0,2,2,0,0,0,0,0,0,0,0,0,0,0,0,0,0,0
-36.98504054,174.8960758,Auckland,2018,minor_injury,50,FALSE,straight,,rain,,dawn_dusk,,2,0,0,2,2,0,0,0,0,0,0,0,0,0,0,0,0,0,0,0
-41.22137544,174.8687689,Hutt City,2018,minor_injury,50,FALSE,curved_view_open,,rain,,daylight,,2,0,0,2,2,0,0,0,0,0,0,0,0,0,0,0,0,0,0,0
-46.41559025,168.3981514,Invercargill City,2018,minor_injury,50,FALSE,straight,,fine,,daylight,,2,0,0,2,2,0,0,0,0,0,0,0,0,0,0,0,0,0,0,0
-36.78975147,174.7508886,Auckland,2018,minor_injury,50,FALSE,straight,,fine,,daylight,,2,0,0,2,2,0,0,0,0,0,0,0,0,0,0,0,0,0,0,0
-36.27431557,174.5603585,Auckland,2018,minor_injury,100,FALSE,curved_view_open,,fine,,daylight,,2,0,0,2,2,0,0,0,0,0,0,0,0,0,0,0,0,0,0,0
-37.66312958,175.1543435,Waikato District,2018,minor_injury,50,TRUE,straight,,fine,,daylight,,2,0,0,2,2,0,0,0,0,0,0,0,0,0,0,0,0,0,0,0
-39.27081019,174.3624602,Stratford District,2018,minor_injury,100,TRUE,curved_view_open,,fine,,daylight,giveway_sign,2,0,0,2,2,0,0,0,0,0,0,0,0,0,0,0,0,0,0,0
-36.62515501,174.7223091,Auckland,2018,minor_injury,50,FALSE,curved_view_open,,rain,,darkness_not_lit,,2,0,0,2,2,0,0,0,0,0,0,0,0,0,0,0,0,0,0,0
-36.74361668,174.7239565,Auckland,2018,minor_injury,50,FALSE,straight,,fine,,daylight,,2,0,0,2,2,0,0,0,0,0,0,0,0,0,0,0,0,0,0,0
-36.78311395,174.5710848,Auckland,2018,minor_injury,80,FALSE,straight,,fine,,daylight,,2,0,0,2,2,0,0,0,0,0,0,0,0,0,0,0,0,0,0,0
-46.09954677,169.9832456,Clutha District,2018,minor_injury,100,FALSE,straight,,mist,,darkness_not_lit,,2,0,0,2,2,0,0,0,0,0,0,0,0,0,0,0,0,0,0,0
-36.91490072,174.7687089,Auckland,2018,minor_injury,50,FALSE,straight,,rain,,darkness_not_lit,,2,0,0,2,2,0,0,0,0,0,0,0,0,0,0,0,0,0,0,0
-36.85191228,174.7640485,Auckland,2018,minor_injury,30,FALSE,straight,,fine,,darkness_not_lit,traffic_lights,2,0,0,2,2,0,0,0,0,0,0,0,0,0,0,0,0,0,0,0
-38.4785128,175.0297627,Waitomo District,2018,minor_injury,100,FALSE,curved_view_open,,fine,,daylight,,2,0,0,2,2,0,0,0,0,0,0,0,0,0,0,0,0,0,0,0
-36.97278532,174.840369,Auckland,2018,minor_injury,50,FALSE,curved_view_open,,fine,,daylight,,2,0,0,2,2,0,0,0,0,0,0,0,0,0,0,0,0,0,0,0
-43.99997802,170.4507423,Mackenzie District,2018,minor_injury,100,FALSE,curved_view_open,,fine,,daylight,,2,0,0,2,2,0,0,0,0,0,0,0,0,0,0,0,0,0,0,0
-37.92552106,175.6784438,Matamata-Piako District,2018,minor_injury,100,FALSE,straight,,fine,,darkness_not_lit,,2,0,0,2,2,0,0,0,0,0,0,0,0,0,0,0,0,0,0,0
-43.51450359,172.6459511,Christchurch City,2018,minor_injury,50,FALSE,straight,,fine,,daylight,,2,0,0,2,2,0,0,0,0,0,0,0,0,0,0,0,0,0,0,0
-36.85211434,174.8287903,Auckland,2018,minor_injury,50,TRUE,straight,,fine,,daylight,stop_sign,4,0,0,4,2,0,0,0,0,0,0,0,0,0,0,0,0,0,0,0
-41.13528478,174.8781055,Porirua City,2018,minor_injury,50,TRUE,curved_view_open,,rain,,daylight,giveway_sign,4,0,0,4,2,0,0,0,0,0,0,0,0,0,0,0,0,0,0,0
-45.87669921,170.493177,Dunedin City,2018,minor_injury,50,TRUE,straight,,rain,,darkness_not_lit,giveway_sign,4,0,0,4,2,0,0,0,0,0,0,0,0,0,0,0,0,0,0,0
-39.63727432,176.8383068,Hastings District,2018,minor_injury,50,FALSE,straight,,fine,,daylight,,4,0,0,4,2,0,0,0,0,0,0,0,0,0,0,0,0,0,0,0
-43.54850549,172.6554081,Christchurch City,2018,minor_injury,60,TRUE,straight,,fine,,darkness_not_lit,traffic_lights,4,0,0,4,2,0,0,0,0,0,0,0,0,0,0,0,0,0,0,0
-37.7323315,175.2872193,Hamilton City,2018,minor_injury,60,TRUE,curved_view_open,,fine,,daylight,giveway_sign,4,0,0,4,2,0,0,0,0,0,0,0,0,0,0,0,0,0,0,0
-40.95963826,175.6466104,Masterton District,2018,minor_injury,50,TRUE,curved_view_open,,fine,,darkness_not_lit,giveway_sign,4,0,0,4,2,0,0,0,0,0,0,0,0,0,0,0,0,0,0,0
-36.90101272,174.7521822,Auckland,2018,minor_injury,50,TRUE,curved_view_open,,rain,,daylight,giveway_sign,4,0,0,4,2,0,0,0,0,0,0,0,0,0,0,0,0,0,0,0
-41.51216462,173.8687374,Marlborough District,2018,minor_injury,80,TRUE,straight,,fine,,darkness_not_lit,giveway_sign,4,0,0,4,2,0,0,0,0,0,0,0,0,0,0,0,0,0,0,0
-36.76520004,174.7186476,Auckland,2018,minor_injury,50,TRUE,straight,,fine,,dawn_dusk,traffic_lights,4,0,0,4,2,0,0,0,0,0,0,0,0,0,0,0,0,0,0,0
-36.97495521,174.7826462,Auckland,2018,minor_injury,50,TRUE,straight,,fine,,daylight,giveway_sign,4,0,0,4,2,0,0,0,0,0,0,0,0,0,0,0,0,0,0,0
-36.98053172,174.8763711,Auckland,2018,minor_injury,50,FALSE,straight,,rain,,daylight,,4,0,0,4,2,0,0,0,0,0,0,0,0,0,0,0,0,0,0,0
-35.15384691,173.8889704,Far North District,2018,minor_injury,100,FALSE,straight,,fine,,daylight,,4,0,0,4,2,0,0,0,0,0,0,0,0,0,0,0,0,0,0,0
-38.06296077,175.7707813,South Waikato District,2018,minor_injury,100,FALSE,curved_view_open,,fine,,daylight,,4,0,0,4,2,0,0,0,0,0,0,0,0,0,0,0,0,0,0,0
-43.54471941,172.6451678,Christchurch City,2018,minor_injury,50,TRUE,straight,,rain,,daylight,stop_sign,4,0,0,4,2,0,0,0,0,0,0,0,0,0,0,0,0,0,0,0
-45.86362763,170.5095211,Dunedin City,2018,minor_injury,50,FALSE,straight,,fine,,daylight,,4,0,0,4,2,0,0,0,0,0,0,0,0,0,0,0,0,0,0,0
-39.43582888,174.2999267,South Taranaki District,2018,minor_injury,50,FALSE,straight,,fine,,darkness_not_lit,,4,0,0,4,2,0,0,0,0,0,0,0,0,0,0,0,0,0,0,0
-36.95266367,174.8723404,Auckland,2018,minor_injury,50,TRUE,straight,,rain,,daylight,giveway_sign,4,0,0,4,2,0,0,0,0,0,0,0,0,0,0,0,0,0,0,0
-41.22270132,174.7606626,Wellington City,2018,minor_injury,60,FALSE,curved_view_open,,fine,,daylight,,4,0,0,4,2,0,0,0,0,0,0,0,0,0,0,0,0,0,0,0
-41.20159662,173.4698677,Nelson City,2018,minor_injury,100,FALSE,straight,,fine,,daylight,,4,0,0,4,2,0,0,0,0,0,0,0,0,0,0,0,0,0,0,0
-39.92859749,175.0330423,Wanganui District,2018,minor_injury,50,TRUE,straight,,fine,,daylight,traffic_lights,3,0,0,3,2,0,0,0,0,0,0,0,0,0,0,0,0,0,0,0
-40.17453983,175.3848996,Rangitikei District,2018,minor_injury,50,TRUE,straight,,fine,,daylight,giveway_sign,3,0,0,3,2,0,0,0,0,0,0,0,0,0,0,0,0,0,0,0
-37.32594066,175.0662084,Waikato District,2018,minor_injury,100,TRUE,straight,,mist,,darkness_not_lit,giveway_sign,3,0,0,3,2,0,0,0,0,0,0,0,0,0,0,0,0,0,0,0
-36.85021953,174.77241,Auckland,2018,minor_injury,50,TRUE,straight,,rain,,darkness_not_lit,traffic_lights,3,0,0,3,2,0,0,0,0,0,0,0,0,0,0,0,0,0,0,0
-37.65513392,175.2921022,Waikato District,2018,minor_injury,100,TRUE,straight,,fine,,daylight,giveway_sign,3,0,0,3,2,0,0,0,0,0,0,0,0,0,0,0,0,0,0,0
-36.89746195,174.8519576,Auckland,2018,minor_injury,50,TRUE,straight,,fine,,daylight,stop_sign,3,0,0,3,2,0,0,0,0,0,0,0,0,0,0,0,0,0,0,0
-36.7690155,174.7253093,Auckland,2018,minor_injury,50,TRUE,curved_view_open,,fine,,daylight,stop_sign,3,0,0,3,2,0,0,0,0,0,0,0,0,0,0,0,0,0,0,0
-43.50653931,172.5710061,Christchurch City,2018,minor_injury,50,TRUE,straight,,fine,,daylight,traffic_lights,3,0,0,3,2,0,0,0,0,0,0,0,0,0,0,0,0,0,0,0
-37.3905871,175.8454332,Hauraki District,2018,minor_injury,50,TRUE,straight,,fine,,daylight,stop_sign,3,0,0,3,2,0,0,0,0,0,0,0,0,0,0,0,0,0,0,0
-39.49829232,176.9154586,Napier City,2018,minor_injury,50,TRUE,straight,,fine,,daylight,stop_sign,3,0,0,3,2,0,0,0,0,0,0,0,0,0,0,0,0,0,0,0
-39.65997717,176.8345769,Hastings District,2018,minor_injury,50,TRUE,straight,,fine,,dawn_dusk,stop_sign,3,0,0,3,2,0,0,0,0,0,0,0,0,0,0,0,0,0,0,0
-45.85944885,170.5151956,Dunedin City,2018,minor_injury,50,TRUE,straight,,fine,,daylight,stop_sign,3,0,0,3,2,0,0,0,0,0,0,0,0,0,0,0,0,0,0,0
-45.8948886,170.5046299,Dunedin City,2018,minor_injury,50,FALSE,straight,,fine,,dawn_dusk,,3,0,0,3,2,0,0,0,0,0,0,0,0,0,0,0,0,0,0,0
-41.20942925,174.9095424,Hutt City,2018,minor_injury,50,TRUE,straight,,fine,,darkness_not_lit,traffic_lights,3,0,0,3,2,0,0,0,0,0,0,0,0,0,0,0,0,0,0,0
-36.85390678,174.6300612,Auckland,2018,minor_injury,50,FALSE,straight,,fine,,daylight,,3,0,0,3,2,0,0,0,0,0,0,0,0,0,0,0,0,0,0,0
-36.91038726,174.6521401,Auckland,2018,minor_injury,50,TRUE,straight,,fine,,daylight,traffic_lights,3,0,0,3,2,0,0,0,0,0,0,0,0,0,0,0,0,0,0,0
-36.91148056,174.7604921,Auckland,2018,minor_injury,50,FALSE,curved_view_open,,fine,,darkness_not_lit,,3,0,0,3,2,0,0,0,0,0,0,0,0,0,0,0,0,0,0,0
-39.64841273,176.8500732,Hastings District,2018,minor_injury,50,TRUE,straight,,rain,,daylight,stop_sign,3,0,0,3,2,0,0,0,0,0,0,0,0,0,0,0,0,0,0,0
-35.12449522,173.2872466,Far North District,2018,minor_injury,100,TRUE,straight,,fine,,daylight,,3,0,0,3,2,0,0,0,0,0,0,0,0,0,0,0,0,0,0,0
-36.92234612,174.79213,Auckland,2018,minor_injury,50,TRUE,straight,,fine,,daylight,stop_sign,3,0,0,3,2,0,0,0,0,0,0,0,0,0,0,0,0,0,0,0
-40.25454377,175.5984409,Manawatu District,2018,minor_injury,100,TRUE,straight,,rain,,darkness_not_lit,giveway_sign,3,0,0,3,2,0,0,0,0,0,0,0,0,0,0,0,0,0,0,0
-37.88365012,175.732064,Matamata-Piako District,2018,minor_injury,100,TRUE,straight,,fine,,daylight,giveway_sign,3,0,0,3,2,0,0,0,0,0,0,0,0,0,0,0,0,0,0,0
-43.5254236,172.6570616,Christchurch City,2018,minor_injury,50,TRUE,straight,,fine,,daylight,traffic_lights,3,0,0,3,2,0,0,0,0,0,0,0,0,0,0,0,0,0,0,0
-36.76664378,174.5163661,Auckland,2018,minor_injury,100,TRUE,straight,,fine,,daylight,stop_sign,3,0,0,3,2,0,0,0,0,0,0,0,0,0,0,0,0,0,0,0
-36.86424998,174.6290695,Auckland,2018,minor_injury,50,FALSE,straight,,fine,,daylight,,3,0,0,3,2,0,0,0,0,0,0,0,0,0,0,0,0,0,0,0
-36.89303982,174.7822089,Auckland,2018,minor_injury,50,FALSE,straight,,fine,,darkness_not_lit,,3,0,0,3,2,0,0,0,0,0,0,0,0,0,0,0,0,0,0,0
-37.72837396,175.4434978,Waikato District,2018,minor_injury,100,TRUE,curved_view_open,,fine,,darkness_not_lit,giveway_sign,3,0,0,3,2,0,0,0,0,0,0,0,0,0,0,0,0,0,0,0
-39.92672617,175.0416108,Wanganui District,2018,minor_injury,50,TRUE,straight,,fine,,daylight,stop_sign,3,0,0,3,2,0,0,0,0,0,0,0,0,0,0,0,0,0,0,0
-37.02713148,174.8665231,Auckland,2018,minor_injury,50,TRUE,straight,,fine,,daylight,giveway_sign,3,0,0,3,2,0,0,0,0,0,0,0,0,0,0,0,0,0,0,0
-40.89951359,175.001707,Kapiti Coast District,2018,minor_injury,50,TRUE,curved_view_open,,rain,,daylight,,3,0,0,3,2,0,0,0,0,0,0,0,0,0,0,0,0,0,0,0
-36.99968868,174.7969108,Auckland,2018,minor_injury,50,TRUE,straight,,fine,,daylight,,3,0,0,3,2,0,0,0,0,0,0,0,0,0,0,0,0,0,0,0
-39.07062191,174.0627046,New Plymouth District,2018,minor_injury,50,FALSE,straight,,fine,,daylight,,3,0,0,3,2,0,0,0,0,0,0,0,0,0,0,0,0,0,0,0
-36.86814794,174.7245861,Auckland,2018,minor_injury,50,FALSE,straight,,fine,,dawn_dusk,,3,0,0,3,2,0,0,0,0,0,0,0,0,0,0,0,0,0,0,0
-41.4510526,172.9579291,Tasman District,2018,minor_injury,100,FALSE,curved_view_open,,fine,,daylight,,3,0,0,3,2,0,0,0,0,0,0,0,0,0,0,0,0,0,0,0
-37.71217712,175.7893818,Matamata-Piako District,2018,minor_injury,100,FALSE,straight,,fine,,daylight,,3,0,0,3,2,0,0,0,0,0,0,0,0,0,0,0,0,0,0,0
-37.73245409,175.3031308,Waikato District,2018,minor_injury,80,FALSE,straight,,fine,,daylight,,3,0,0,3,2,0,0,0,0,0,0,0,0,0,0,0,0,0,0,0
-36.98631614,174.8344144,Auckland,2018,minor_injury,100,FALSE,straight,,rain,,daylight,,3,0,0,3,2,0,0,0,0,0,0,0,0,0,0,0,0,0,0,0
-43.3726637,171.9911407,Selwyn District,2018,minor_injury,100,TRUE,straight,,fine,,daylight,giveway_sign,3,0,0,3,2,0,0,0,0,0,0,0,0,0,0,0,0,0,0,0
-40.96457585,175.6094144,Carterton District,2018,minor_injury,100,FALSE,straight,,fine,,dawn_dusk,,3,0,0,3,2,0,0,0,0,0,0,0,0,0,0,0,0,0,0,0
-41.11860502,174.8557614,Porirua City,2018,minor_injury,100,FALSE,straight,,rain,,darkness_not_lit,,3,0,0,3,2,0,0,0,0,0,0,0,0,0,0,0,0,0,0,0
-45.88461379,170.4982338,Dunedin City,2018,minor_injury,50,FALSE,straight,,fine,,darkness_not_lit,,3,0,0,3,2,0,0,0,0,0,0,0,0,0,0,0,0,0,0,0
-37.13601614,174.7514754,Auckland,2018,minor_injury,50,FALSE,curved_view_open,,mist,,darkness_not_lit,,3,0,0,3,2,0,0,0,0,0,0,0,0,0,0,0,0,0,0,0
-36.95552304,174.8282509,Auckland,2018,minor_injury,50,FALSE,curved_view_open,,rain,,darkness_not_lit,,3,0,0,3,2,0,0,0,0,0,0,0,0,0,0,0,0,0,0,0
-40.38017389,175.5573156,Palmerston North City,2018,minor_injury,100,FALSE,curved_view_open,,fine,,daylight,,3,0,0,3,2,0,0,0,0,0,0,0,0,0,0,0,0,0,0,0
-36.790551,174.7461663,Auckland,2018,minor_injury,50,FALSE,straight,,fine,,daylight,,3,0,0,3,2,0,0,0,0,0,0,0,0,0,0,0,0,0,0,0
-35.39839504,173.9988251,Far North District,2018,minor_injury,100,FALSE,straight,,fine,,daylight,,3,0,0,3,2,0,0,0,0,0,0,0,0,0,0,0,0,0,0,0
-37.15184044,174.6053129,Auckland,2018,serious_injury,100,FALSE,straight,,fine,,daylight,,6,0,2,4,2,0,0,0,0,0,0,0,0,0,0,0,0,0,0,0
-37.01361139,174.9379437,Auckland,2018,fatality,80,FALSE,curved_view_open,,fine,,daylight,,2,1,1,0,2,0,0,0,0,0,0,0,0,0,0,0,0,0,0,0
-35.64515024,174.4099671,Whangarei District,2018,fatality,100,FALSE,curved_view_open,,rain,,daylight,,2,1,1,0,2,0,0,0,0,0,0,0,0,0,0,0,0,0,0,0
-43.75769634,172.338321,Selwyn District,2018,fatality,100,TRUE,straight,,fine,,daylight,giveway_sign,2,1,1,0,2,0,0,0,0,0,0,0,0,0,0,0,0,0,0,0
-36.95075972,174.905894,Auckland,2018,fatality,80,FALSE,straight,,rain,,darkness_not_lit,,2,1,1,0,2,0,0,0,0,0,0,0,0,0,0,0,0,0,0,0
-36.22888774,174.4899263,Auckland,2018,fatality,100,FALSE,curved_view_open,,fine,,daylight,,2,1,1,0,2,0,0,0,0,0,0,0,0,0,0,0,0,0,0,0
-36.83974936,174.5475713,Auckland,2018,fatality,80,FALSE,curved_view_open,,fine,,daylight,,2,1,1,0,2,0,0,0,0,0,0,0,0,0,0,0,0,0,0,0
-40.30925041,175.5891125,Manawatu District,2018,fatality,100,TRUE,straight,,fine,,daylight,stop_sign,4,1,0,3,2,0,0,0,0,0,0,0,0,0,0,0,0,0,0,0
-40.30925041,175.5891125,Manawatu District,2018,fatality,100,TRUE,straight,,fine,,daylight,stop_sign,4,1,0,3,2,0,0,0,0,0,0,0,0,0,0,0,0,0,0,0
-40.30925041,175.5891125,Palmerston North City,2018,fatality,100,TRUE,straight,,fine,,daylight,stop_sign,4,1,0,3,2,0,0,0,0,0,0,0,0,0,0,0,0,0,0,0
-39.59443185,174.2830885,South Taranaki District,2018,serious_injury,50,TRUE,straight,,fine,,daylight,giveway_sign,2,0,1,1,2,0,0,0,0,0,0,0,0,0,0,0,0,0,0,0
-36.81223771,174.7504478,Auckland,2018,serious_injury,50,TRUE,straight,,fine,,darkness_not_lit,traffic_lights,2,0,1,1,2,0,0,0,0,0,0,0,0,0,0,0,0,0,0,0
-46.41784985,168.3992754,Invercargill City,2018,serious_injury,50,TRUE,straight,,fine,,daylight,giveway_sign,2,0,1,1,2,0,0,0,0,0,0,0,0,0,0,0,0,0,0,0
-45.35162059,170.8232651,Waitaki District,2018,serious_injury,70,TRUE,straight,,fine,,daylight,stop_sign,2,0,1,1,2,0,0,0,0,0,0,0,0,0,0,0,0,0,0,0
-37.7735357,175.2702561,Hamilton City,2018,serious_injury,50,TRUE,straight,,rain,,daylight,giveway_sign,2,0,1,1,2,0,0,0,0,0,0,0,0,0,0,0,0,0,0,0
-41.22333648,174.9133351,Hutt City,2018,serious_injury,50,TRUE,straight,,fine,,daylight,traffic_lights,2,0,1,1,2,0,0,0,0,0,0,0,0,0,0,0,0,0,0,0
-41.22333648,174.9133351,Hutt City,2018,serious_injury,50,TRUE,straight,,fine,,daylight,traffic_lights,2,0,1,1,2,0,0,0,0,0,0,0,0,0,0,0,0,0,0,0
-41.52242224,173.9574342,Marlborough District,2018,serious_injury,50,TRUE,straight,,rain,,daylight,giveway_sign,2,0,1,1,2,0,0,0,0,0,0,0,0,0,0,0,0,0,0,0
-46.39861652,168.4201379,Invercargill City,2018,serious_injury,100,TRUE,straight,,rain,,daylight,giveway_sign,2,0,1,1,2,0,0,0,0,0,0,0,0,0,0,0,0,0,0,0
-43.33177576,172.5133004,Waimakariri District,2018,serious_injury,100,TRUE,straight,,fine,,daylight,stop_sign,2,0,1,1,2,0,0,0,0,0,0,0,0,0,0,0,0,0,0,0
-37.77509011,175.2969832,Hamilton City,2018,serious_injury,50,FALSE,straight,,fine,,daylight,,2,0,1,1,2,0,0,0,0,0,0,0,0,0,0,0,0,0,0,0
-36.89566299,174.6884074,Auckland,2018,serious_injury,50,FALSE,straight,,fine,,darkness_not_lit,,2,0,1,1,2,0,0,0,0,0,0,0,0,0,0,0,0,0,0,0
-37.99122564,175.8448718,South Waikato District,2018,serious_injury,100,TRUE,straight,,fine,,daylight,giveway_sign,2,0,1,1,2,0,0,0,0,0,0,0,0,0,0,0,0,0,0,0
-37.80403497,175.1405889,Waikato District,2018,serious_injury,100,FALSE,curved_view_open,,fine,,daylight,,2,0,1,1,2,0,0,0,0,0,0,0,0,0,0,0,0,0,0,0
-39.00096585,174.2526096,New Plymouth District,2018,serious_injury,50,TRUE,straight,,fine,,daylight,,2,0,1,1,2,0,0,0,0,0,0,0,0,0,0,0,0,0,0,0
-37.01782863,174.8654637,Auckland,2018,serious_injury,50,TRUE,straight,,fine,,darkness_not_lit,giveway_sign,2,0,1,1,2,0,0,0,0,0,0,0,0,0,0,0,0,0,0,0
-41.24996136,174.9509186,Hutt City,2018,serious_injury,50,FALSE,straight,,fine,,daylight,,2,0,1,1,2,0,0,0,0,0,0,0,0,0,0,0,0,0,0,0
-41.32838438,174.8036309,Wellington City,2018,serious_injury,50,TRUE,straight,,fine,,daylight,giveway_sign,2,0,1,1,2,0,0,0,0,0,0,0,0,0,0,0,0,0,0,0
-40.60656924,175.2996546,Horowhenua District,2018,serious_injury,70,FALSE,straight,,rain,,darkness_not_lit,,2,0,1,1,2,0,0,0,0,0,0,0,0,0,0,0,0,0,0,0
-37.88935387,175.7896456,Matamata-Piako District,2018,serious_injury,100,FALSE,straight,,fine,,darkness_not_lit,,2,0,1,1,2,0,0,0,0,0,0,0,0,0,0,0,0,0,0,0
-37.96310847,176.9265563,Whakatane District,2018,serious_injury,100,FALSE,straight,,rain,,daylight,,2,0,1,1,2,0,0,0,0,0,0,0,0,0,0,0,0,0,0,0
-46.33701047,168.3176263,Southland District,2018,serious_injury,100,FALSE,curved_view_open,,fine,,darkness_not_lit,,2,0,1,1,2,0,0,0,0,0,0,0,0,0,0,0,0,0,0,0
-35.8651977,173.9549071,Kaipara District,2018,serious_injury,100,FALSE,curved_view_open,,fine,,daylight,,2,0,1,1,2,0,0,0,0,0,0,0,0,0,0,0,0,0,0,0
-38.04435391,175.2780731,Waipa District,2018,serious_injury,100,FALSE,straight,,fine,,darkness_not_lit,,2,0,1,1,2,0,0,0,0,0,0,0,0,0,0,0,0,0,0,0
-36.630463,174.6627624,Auckland,2018,serious_injury,100,FALSE,straight,,fine,,daylight,,2,0,1,1,2,0,0,0,0,0,0,0,0,0,0,0,0,0,0,0
-35.34696147,173.9233365,Far North District,2018,serious_injury,100,FALSE,straight,,fine,,daylight,,2,0,1,1,2,0,0,0,0,0,0,0,0,0,0,0,0,0,0,0
-37.97813126,175.7399252,South Waikato District,2018,serious_injury,100,FALSE,curved_view_open,,fine,,darkness_not_lit,,2,0,1,1,2,0,0,0,0,0,0,0,0,0,0,0,0,0,0,0
-43.33055561,172.6030349,Waimakariri District,2018,serious_injury,100,FALSE,curved_view_open,,rain,,daylight,,2,0,1,1,2,0,0,0,0,0,0,0,0,0,0,0,0,0,0,0
-36.87310744,174.7281643,Auckland,2018,serious_injury,50,FALSE,curved_view_open,,fine,,daylight,,2,0,1,1,2,0,0,0,0,0,0,0,0,0,0,0,0,0,0,0
-36.9594993,174.8369155,Auckland,2018,serious_injury,50,FALSE,straight,,fine,,daylight,,2,0,1,1,2,0,0,0,0,0,0,0,0,0,0,0,0,0,0,0
-45.24846525,169.3830218,Central Otago District,2018,fatality,50,TRUE,straight,,fine,,daylight,giveway_sign,1,1,0,0,2,0,0,0,0,0,0,0,0,0,0,0,0,0,0,0
-38.64305237,176.0862477,Taupo District,2018,serious_injury,100,TRUE,straight,,rain,,daylight,giveway_sign,3,0,2,1,2,0,0,0,0,0,0,0,0,0,0,0,0,0,0,0
-45.8941103,170.348666,Dunedin City,2018,serious_injury,80,TRUE,curved_view_open,,fine,,daylight,,3,0,2,1,2,0,0,0,0,0,0,0,0,0,0,0,0,0,0,0
-37.75976171,175.2672129,Hamilton City,2018,serious_injury,50,TRUE,straight,,fine,,daylight,giveway_sign,3,0,2,1,2,0,0,0,0,0,0,0,0,0,0,0,0,0,0,0
-37.66539365,176.0154928,Western Bay Of Plenty District,2018,serious_injury,100,FALSE,straight,,fine,,daylight,,3,0,2,1,2,0,0,0,0,0,0,0,0,0,0,0,0,0,0,0
-37.79593216,175.2607324,Hamilton City,2018,serious_injury,80,FALSE,straight,,fine,,darkness_not_lit,,3,0,2,1,2,0,0,0,0,0,0,0,0,0,0,0,0,0,0,0