latitude,longitude,local_government_area,year,severity,speed_limit,intersection,road_position_horizontal,road_wet,weather,crash_type,lighting,traffic_controls,casualties,fatalities,serious_injuries,minor_injuries,car_sedan,car_utility,car_van,car_4x4,car_station_wagon,motor_cycle,truck_small,truck_large,bus,taxi,bicycle,scooter,pedestrian,inanimate,train,tram
-36.99253039,174.885329,Auckland,2018,serious_injury,50,TRUE,straight,,rain,,darkness_not_lit,traffic_lights,3,0,1,2,2,0,0,0,0,0,0,0,0,0,0,0,0,0,0,0
-36.89958444,174.9058097,Auckland,2018,serious_injury,50,TRUE,straight,,fine,,darkness_not_lit,stop_sign,3,0,1,2,2,0,0,0,0,0,0,0,0,0,0,0,0,0,0,0
-43.37293309,172.5106508,Waimakariri District,2018,serious_injury,100,TRUE,straight,,fine,,dawn_dusk,stop_sign,3,0,1,2,2,0,0,0,0,0,0,0,0,0,0,0,0,0,0,0
-43.50809202,172.6516422,Christchurch City,2018,serious_injury,50,TRUE,straight,,fine,,darkness_not_lit,traffic_lights,3,0,1,2,2,0,0,0,0,0,0,0,0,0,0,0,0,0,0,0
-36.94772395,174.8458972,Auckland,2018,serious_injury,50,TRUE,curved_view_open,,fine,,daylight,stop_sign,3,0,1,2,2,0,0,0,0,0,0,0,0,0,0,0,0,0,0,0
-36.94772395,174.8458972,Auckland,2018,serious_injury,50,TRUE,curved_view_open,,fine,,daylight,stop_sign,3,0,1,2,2,0,0,0,0,0,0,0,0,0,0,0,0,0,0,0
-40.40277212,175.5001997,Manawatu District,2018,serious_injury,100,TRUE,straight,,fine,,daylight,giveway_sign,3,0,1,2,2,0,0,0,0,0,0,0,0,0,0,0,0,0,0,0
-37.84168352,175.3057751,Hamilton City,2018,serious_injury,100,FALSE,straight,,fine,,darkness_not_lit,,3,0,1,2,2,0,0,0,0,0,0,0,0,0,0,0,0,0,0,0
-36.83446402,174.6496869,Auckland,2018,serious_injury,50,FALSE,straight,,fine,,darkness_not_lit,,3,0,1,2,2,0,0,0,0,0,0,0,0,0,0,0,0,0,0,0
-37.29977816,174.8893522,Waikato District,2018,serious_injury,100,FALSE,curved_view_open,,rain,,daylight,,3,0,1,2,2,0,0,0,0,0,0,0,0,0,0,0,0,0,0,0
-45.25261419,169.3575373,Central Otago District,2018,serious_injury,100,FALSE,curved_view_open,,fine,,daylight,,3,0,1,2,2,0,0,0,0,0,0,0,0,0,0,0,0,0,0,0
-37.73881551,176.150148,Tauranga City,2018,serious_injury,100,FALSE,curved_view_open,,rain,,daylight,,3,0,1,2,2,0,0,0,0,0,0,0,0,0,0,0,0,0,0,0
-39.51603695,176.8985487,Napier City,2018,serious_injury,50,FALSE,straight,,fine,,darkness_not_lit,,3,0,1,2,2,0,0,0,0,0,0,0,0,0,0,0,0,0,0,0
-36.13918473,174.5120116,Kaipara District,2018,serious_injury,100,FALSE,straight,,fine,,darkness_not_lit,,3,0,1,2,2,0,0,0,0,0,0,0,0,0,0,0,0,0,0,0
-45.86156645,169.3378301,Clutha District,2018,serious_injury,100,FALSE,straight,,rain,,darkness_not_lit,,3,0,1,2,2,0,0,0,0,0,0,0,0,0,0,0,0,0,0,0
-37.48952843,175.6069106,Matamata-Piako District,2018,serious_injury,100,TRUE,curved_view_open,,rain,,daylight,giveway_sign,5,0,1,4,2,0,0,0,0,0,0,0,0,0,0,0,0,0,0,0
-42.92292569,173.0921331,Hurunui District,2018,serious_injury,100,FALSE,curved_view_open,,rain,,daylight,,5,0,1,4,2,0,0,0,0,0,0,0,0,0,0,0,0,0,0,0
-43.54473386,172.6382852,Christchurch City,2018,serious_injury,50,TRUE,straight,,fine,,darkness_not_lit,stop_sign,5,0,1,4,2,0,0,0,0,0,0,0,0,0,0,0,0,0,0,0
-36.80430292,174.7604111,Auckland,2018,serious_injury,100,FALSE,curved_view_open,,,,darkness_not_lit,,5,0,3,2,2,0,0,0,0,0,0,0,0,0,0,0,0,0,0,0
-36.87448264,174.7797133,Auckland,2018,minor_injury,50,TRUE,straight,,fine,,darkness_not_lit,giveway_sign,6,0,0,6,2,0,0,0,0,0,0,0,0,0,0,0,0,0,0,0
-40.29558734,175.7429449,Palmerston North City,2018,minor_injury,100,FALSE,curved_view_open,,fine,,dawn_dusk,giveway_sign,6,0,0,6,2,0,0,0,0,0,0,0,0,0,0,0,0,0,0,0
-44.28526165,171.257749,Timaru District,2018,fatality,100,FALSE,straight,,fine,,daylight,,2,1,0,1,2,0,0,0,0,0,0,0,0,0,0,0,0,0,0,0
-41.28427163,174.7732074,Wellington City,2018,serious_injury,100,FALSE,straight,,fine,,daylight,,6,0,1,5,2,0,0,0,0,0,0,0,0,0,0,0,0,0,0,0
-36.30352889,174.5270617,Auckland,2018,fatality,70,TRUE,straight,,fine,,daylight,giveway_sign,3,1,1,1,2,0,0,0,0,0,0,0,0,0,0,0,0,0,0,0
-36.10551788,174.2488556,Kaipara District,2018,fatality,100,FALSE,curved_view_open,,rain,,daylight,,3,1,1,1,2,0,0,0,0,0,0,0,0,0,0,0,0,0,0,0
-40.15626256,176.1448097,Tararua District,2018,fatality,100,FALSE,curved_view_open,,fine,,daylight,,3,1,1,1,2,0,0,0,0,0,0,0,0,0,0,0,0,0,0,0
-40.24927132,175.5025801,Manawatu District,2018,serious_injury,100,TRUE,curved_view_open,,fine,,daylight,giveway_sign,4,0,1,3,2,0,0,0,0,0,0,0,0,0,0,0,0,0,0,0
-46.40740347,168.3691081,Invercargill City,2018,serious_injury,50,TRUE,straight,,rain,,daylight,stop_sign,4,0,1,3,2,0,0,0,0,0,0,0,0,0,0,0,0,0,0,0
-40.22011441,175.4242309,Manawatu District,2018,serious_injury,50,TRUE,straight,,fine,,daylight,giveway_sign,4,0,1,3,2,0,0,0,0,0,0,0,0,0,0,0,0,0,0,0
-36.94472381,175.1455252,Auckland,2018,serious_injury,100,FALSE,curved_view_open,,fine,,daylight,,4,0,1,3,2,0,0,0,0,0,0,0,0,0,0,0,0,0,0,0
-41.16755195,173.5129795,Nelson City,2018,serious_injury,100,FALSE,straight,,fine,,darkness_not_lit,,4,0,3,1,2,0,0,0,0,0,0,0,0,0,0,0,0,0,0,0
-40.39769925,175.6435385,Palmerston North City,2018,fatality,80,FALSE,straight,,fine,,daylight,,2,2,0,0,2,0,0,0,0,0,0,0,0,0,0,0,0,0,0,0
-43.53012447,172.2682686,Selwyn District,2018,serious_injury,100,TRUE,curved_view_open,,fine,,daylight,giveway_sign,4,0,2,2,2,0,0,0,0,0,0,0,0,0,0,0,0,0,0,0
-38.99490965,174.2751465,New Plymouth District,2018,serious_injury,100,FALSE,straight,,fine,,daylight,,4,0,2,2,2,0,0,0,0,0,0,0,0,0,0,0,0,0,0,0
-43.1454196,171.7449872,Selwyn District,2018,serious_injury,100,FALSE,curved_view_open,,rain,,daylight,,4,0,2,2,2,0,0,0,0,0,0,0,0,0,0,0,0,0,0,0
-37.64875947,175.977979,Western Bay Of Plenty District,2018,serious_injury,100,FALSE,straight,,fine,,daylight,,4,0,2,2,2,0,0,0,0,0,0,0,0,0,0,0,0,0,0,0
-40.30122389,175.4523775,Manawatu District,2018,fatality,100,TRUE,straight,,fine,,darkness_not_lit,giveway_sign,4,1,2,1,2,0,0,0,0,0,0,0,0,0,0,0,0,0,0,0
-41.29731205,173.2640747,Nelson City,2018,fatality,70,FALSE,straight,,rain,,darkness_not_lit,,4,1,2,1,2,0,0,0,0,0,0,0,0,0,0,0,0,0,0,0
-41.37089454,173.127134,Tasman District,2018,fatality,100,FALSE,straight,,fine,,darkness_not_lit,,3,3,0,0,2,0,0,0,0,0,0,0,0,0,0,0,0,0,0,0
-37.4107602,175.7731537,Hauraki District,2018,fatality,80,FALSE,curved_view_open,,fine,,darkness_not_lit,,4,1,3,0,2,0,0,0,0,0,0,0,0,0,0,0,0,0,0,0
-37.7323315,175.2872193,Hamilton City,2018,fatality,80,TRUE,curved_view_open,,fine,,darkness_not_lit,,5,1,3,1,2,0,0,0,0,0,0,0,0,0,0,0,0,0,0,0
-37.51916281,175.9195684,Western Bay Of Plenty District,2018,serious_injury,100,TRUE,straight,,fine,,daylight,stop_sign,5,0,2,3,2,0,0,0,0,0,0,0,0,0,0,0,0,0,0,0
-35.57911999,174.2866397,Whangarei District,2018,serious_injury,100,FALSE,straight,,fine,,daylight,,5,0,2,3,2,0,0,0,0,0,0,0,0,0,0,0,0,0,0,0
-36.92038291,174.877197,Auckland,2018,serious_injury,60,TRUE,straight,,rain,,daylight,giveway_sign,3,0,3,0,2,0,0,0,0,0,0,0,0,0,0,0,0,0,0,0
-36.11577646,174.3430707,Kaipara District,2018,serious_injury,100,FALSE,curved_view_open,,rain,,darkness_not_lit,,3,0,3,0,2,0,0,0,0,0,0,0,0,0,0,0,0,0,0,0
-40.2309082,175.5681429,Manawatu District,2018,fatality,50,FALSE,straight,,fine,,daylight,,3,1,0,2,2,0,0,0,0,0,0,0,0,0,0,0,0,0,0,0
-36.64060026,174.4733666,Auckland,2018,fatality,100,FALSE,curved_view_open,,fine,,daylight,,3,2,1,0,2,0,0,0,0,0,0,0,0,0,0,0,0,0,0,0
-39.77348442,174.5876003,South Taranaki District,2018,fatality,100,FALSE,curved_view_open,,fine,,daylight,,8,7,1,0,2,0,0,0,0,0,0,0,0,0,0,0,0,0,0,0
-43.83790135,171.8489445,Ashburton District,2018,serious_injury,100,FALSE,straight,,fine,,darkness_not_lit,,4,0,4,0,2,0,0,0,0,0,0,0,0,0,0,0,0,0,0,0
-40.74356858,175.1702917,Kapiti Coast District,2018,serious_injury,100,FALSE,curved_view_open,,fine,,daylight,,4,0,4,0,2,0,0,0,0,0,0,0,0,0,0,0,0,0,0,0
-37.15908389,174.8023331,Auckland,2018,serious_injury,100,FALSE,straight,,fine,,daylight,,4,0,4,0,2,0,0,0,0,0,0,0,0,0,0,0,0,0,0,0
-37.51528141,175.384477,Waikato District,2018,serious_injury,100,FALSE,curved_view_open,,fine,,daylight,,8,0,4,4,2,0,0,0,0,0,0,0,0,0,0,0,0,0,0,0
-42.48988988,173.5230625,Kaikoura District,2018,serious_injury,80,FALSE,straight,,fine,,daylight,,6,0,3,3,2,0,0,0,0,0,0,0,0,0,0,0,0,0,0,0
-40.96128793,174.9871039,Kapiti Coast District,2018,serious_injury,100,FALSE,straight,,fine,,darkness_not_lit,,6,0,6,0,2,0,0,0,0,0,0,0,0,0,0,0,0,0,0,0
-41.18076295,174.8356502,Wellington City,2018,property_damage,70,TRUE,curved_view_open,,fine,,daylight,giveway_sign,0,0,0,0,0,0,0,0,0,0,0,1,0,0,0,0,0,0,0,0
-41.18076295,174.8356502,Wellington City,2018,property_damage,70,TRUE,curved_view_open,,fine,,daylight,giveway_sign,0,0,0,0,0,0,0,0,0,0,0,1,0,0,0,0,0,0,0,0
-41.18076295,174.8356502,Wellington City,2018,property_damage,70,TRUE,curved_view_open,,fine,,daylight,giveway_sign,0,0,0,0,0,0,0,0,0,0,0,1,0,0,0,0,0,0,0,0
-40.98860371,174.9525592,Kapiti Coast District,2018,property_damage,70,TRUE,straight,,rain,,darkness_not_lit,stop_sign,0,0,0,0,0,0,0,0,0,0,0,1,0,0,0,0,0,0,0,0
-41.47942412,173.8733425,Marlborough District,2018,property_damage,100,TRUE,straight,,fine,,daylight,stop_sign,0,0,0,0,0,0,0,0,0,0,0,1,0,0,0,0,0,0,0,0
-38.16603505,176.2459582,Rotorua District,2018,property_damage,70,TRUE,curved_view_open,,fine,,daylight,giveway_sign,0,0,0,0,0,0,0,0,0,0,0,1,0,0,0,0,0,0,0,0
-36.84501327,174.7679385,Auckland,2018,property_damage,50,TRUE,straight,,fine,,daylight,traffic_lights,0,0,0,0,0,0,0,0,0,0,0,1,0,0,0,0,0,0,0,0
-36.97347419,174.8167166,Auckland,2018,property_damage,50,TRUE,straight,,fine,,daylight,traffic_lights,0,0,0,0,0,0,0,0,0,0,0,1,0,0,0,0,0,0,0,0
-36.87083947,174.7098605,Auckland,2018,property_damage,50,TRUE,curved_view_open,,fine,,daylight,traffic_lights,0,0,0,0,0,0,0,0,0,0,0,1,0,0,0,0,0,0,0,0
-36.87083947,174.7098605,Auckland,2018,property_damage,50,TRUE,curved_view_open,,fine,,daylight,traffic_lights,0,0,0,0,0,0,0,0,0,0,0,1,0,0,0,0,0,0,0,0
-36.96603832,174.7959845,Auckland,2018,property_damage,50,TRUE,straight,,fine,,daylight,giveway_sign,0,0,0,0,0,0,0,0,0,0,0,1,0,0,0,0,0,0,0,0
-36.75687392,174.7327666,Auckland,2018,property_damage,100,FALSE,straight,,fine,,daylight,,0,0,0,0,0,0,0,0,0,0,0,1,0,0,0,0,0,0,0,0
-36.90313394,174.8079092,Auckland,2018,property_damage,50,TRUE,straight,,fine,,daylight,giveway_sign,0,0,0,0,0,0,0,0,0,0,0,1,0,0,0,0,0,0,0,0
-37.05367823,174.962892,Auckland,2018,property_damage,50,FALSE,straight,,fine,,daylight,,0,0,0,0,0,0,0,0,0,0,0,1,0,0,0,0,0,0,0,0
-36.90335964,174.8419095,Auckland,2018,property_damage,50,TRUE,straight,,fine,,daylight,traffic_lights,0,0,0,0,0,0,0,0,0,0,0,1,0,0,0,0,0,0,0,0
-41.10588304,174.8676808,Porirua City,2018,property_damage,50,TRUE,curved_view_open,,fine,,daylight,giveway_sign,0,0,0,0,0,0,0,0,0,0,0,1,0,0,0,0,0,0,0,0
-39.57010949,176.8835887,Hastings District,2018,property_damage,100,FALSE,straight,,fine,,daylight,,0,0,0,0,0,0,0,0,0,0,0,1,0,0,0,0,0,0,0,0
-39.57010949,176.8835887,Hastings District,2018,property_damage,100,FALSE,straight,,fine,,daylight,,0,0,0,0,0,0,0,0,0,0,0,1,0,0,0,0,0,0,0,0
-39.57010949,176.8835887,Napier City,2018,property_damage,100,FALSE,straight,,fine,,daylight,,0,0,0,0,0,0,0,0,0,0,0,1,0,0,0,0,0,0,0,0
-41.30029293,174.7983297,Wellington City,2018,property_damage,50,FALSE,straight,,fine,,daylight,,0,0,0,0,0,0,0,0,0,0,0,1,0,0,0,0,0,0,0,0
-41.2934261,174.7811704,Wellington City,2018,property_damage,30,TRUE,straight,,fine,,daylight,traffic_lights,0,0,0,0,0,0,0,0,0,0,0,1,0,0,0,0,0,0,0,0
-41.2934261,174.7811704,Wellington City,2018,property_damage,30,TRUE,straight,,fine,,daylight,traffic_lights,0,0,0,0,0,0,0,0,0,0,0,1,0,0,0,0,0,0,0,0
-41.05586856,175.4961035,Carterton District,2018,property_damage,100,TRUE,straight,,fine,,daylight,giveway_sign,0,0,0,0,0,0,0,0,0,0,0,1,0,0,0,0,0,0,0,0
-40.26330482,176.025982,Tararua District,2018,property_damage,100,TRUE,straight,,fine,,daylight,stop_sign,0,0,0,0,0,0,0,0,0,0,0,1,0,0,0,0,0,0,0,0
-39.18352063,174.2206701,New Plymouth District,2018,property_damage,100,TRUE,straight,,fine,,daylight,giveway_sign,0,0,0,0,0,0,0,0,0,0,0,1,0,0,0,0,0,0,0,0
-45.88451536,170.501138,Dunedin City,2018,property_damage,60,TRUE,straight,,fine,,daylight,giveway_sign,0,0,0,0,0,0,0,0,0,0,0,1,0,0,0,0,0,0,0,0
-43.5883159,172.3856043,Selwyn District,2018,property_damage,80,TRUE,straight,,fine,,daylight,traffic_lights,0,0,0,0,0,0,0,0,0,0,0,1,0,0,0,0,0,0,0,0
-36.93904085,174.8513243,Auckland,2018,property_damage,50,TRUE,straight,,fine,,daylight,traffic_lights,0,0,0,0,0,0,0,0,0,0,0,1,0,0,0,0,0,0,0,0
-36.93904085,174.8513243,Auckland,2018,property_damage,50,TRUE,straight,,fine,,daylight,traffic_lights,0,0,0,0,0,0,0,0,0,0,0,1,0,0,0,0,0,0,0,0
-39.71040285,174.4488765,South Taranaki District,2018,property_damage,70,TRUE,straight,,fine,,daylight,giveway_sign,0,0,0,0,0,0,0,0,0,0,0,1,0,0,0,0,0,0,0,0
-39.47416758,175.5381705,Ruapehu District,2018,property_damage,100,FALSE,straight,,fine,,daylight,,0,0,0,0,0,0,0,0,0,0,0,1,0,0,0,0,0,0,0,0
-36.9893082,174.8730924,Auckland,2018,property_damage,60,FALSE,straight,,fine,,daylight,traffic_lights,0,0,0,0,0,0,0,0,0,0,0,1,0,0,0,0,0,0,0,0
-38.60880214,175.9999851,Taupo District,2018,property_damage,100,TRUE,straight,,mist,,daylight,stop_sign,0,0,0,0,0,0,0,0,0,0,0,1,0,0,0,0,0,0,0,0
-38.5821086,177.9267231,Gisborne District,2018,property_damage,100,TRUE,straight,,fine,,daylight,stop_sign,0,0,0,0,0,0,0,0,0,0,0,1,0,0,0,0,0,0,0,0
-35.19135995,173.9115992,Far North District,2018,property_damage,100,TRUE,straight,,fine,,daylight,stop_sign,0,0,0,0,0,0,0,0,0,0,0,1,0,0,0,0,0,0,0,0
-38.14471659,176.2470316,Rotorua District,2018,property_damage,50,TRUE,straight,,rain,,daylight,giveway_sign,0,0,0,0,0,0,0,0,0,0,0,1,0,0,0,0,0,0,0,0
-37.73673759,176.1422658,Tauranga City,2018,property_damage,60,TRUE,straight,,rain,,daylight,stop_sign,0,0,0,0,0,0,0,0,0,0,0,1,0,0,0,0,0,0,0,0
-37.69909432,176.1321135,Tauranga City,2018,property_damage,50,TRUE,straight,,fine,,daylight,stop_sign,0,0,0,0,0,0,0,0,0,0,0,1,0,0,0,0,0,0,0,0
-41.52938007,174.0054832,Marlborough District,2018,property_damage,50,TRUE,straight,,fine,,darkness_not_lit,giveway_sign,0,0,0,0,0,0,0,0,0,0,0,1,0,0,0,0,0,0,0,0
-43.53145412,172.5319941,Christchurch City,2018,property_damage,50,TRUE,straight,,rain,,daylight,traffic_lights,0,0,0,0,0,0,0,0,0,0,0,1,0,0,0,0,0,0,0,0
-46.43233257,168.3614726,Invercargill City,2018,property_damage,50,TRUE,straight,,fine,,daylight,giveway_sign,0,0,0,0,0,0,0,0,0,0,0,1,0,0,0,0,0,0,0,0
-38.23215066,175.8793695,South Waikato District,2018,property_damage,80,TRUE,straight,,fine,,daylight,giveway_sign,0,0,0,0,0,0,0,0,0,0,0,1,0,0,0,0,0,0,0,0
-36.84779049,174.6310865,Auckland,2018,property_damage,100,FALSE,straight,,fine,,daylight,,0,0,0,0,0,0,0,0,0,0,0,1,0,0,0,0,0,0,0,0
-37.10418898,174.9605493,Auckland,2018,property_damage,80,FALSE,curved_view_open,,fine,,daylight,,0,0,0,0,0,0,0,0,0,0,0,1,0,0,0,0,0,0,0,0
-44.29489948,171.2545183,Timaru District,2018,property_damage,100,TRUE,straight,,fine,,daylight,giveway_sign,0,0,0,0,0,0,0,0,0,0,0,1,0,0,0,0,0,0,0,0
-45.03800341,169.1948962,Central Otago District,2018,property_damage,50,TRUE,curved_view_open,,fine,,daylight,giveway_sign,0,0,0,0,0,0,0,0,0,0,0,1,0,0,0,0,0,0,0,0
-39.50170878,176.8864232,Napier City,2018,property_damage,50,TRUE,straight,,fine,,daylight,stop_sign,0,0,0,0,0,0,0,0,0,0,0,1,0,0,0,0,0,0,0,0
-36.95638095,174.8322359,Auckland,2018,property_damage,50,TRUE,curved_view_open,,fine,,daylight,,0,0,0,0,0,0,0,0,0,0,0,1,0,0,0,0,0,0,0,0
-38.63013686,177.9457203,Gisborne District,2018,property_damage,100,TRUE,straight,,fine,,daylight,stop_sign,0,0,0,0,0,0,0,0,0,0,0,1,0,0,0,0,0,0,0,0
-42.25585531,173.8090168,Kaikoura District,2018,property_damage,100,FALSE,curved_view_open,,fine,,darkness_not_lit,,0,0,0,0,0,0,0,0,0,0,0,1,0,0,0,0,0,0,0,0
-45.88850297,170.5003275,Dunedin City,2018,property_damage,50,TRUE,straight,,fine,,daylight,traffic_lights,0,0,0,0,0,0,0,0,0,0,0,1,0,0,0,0,0,0,0,0
-41.50816912,173.9557024,Marlborough District,2018,property_damage,50,TRUE,straight,,rain,,daylight,giveway_sign,0,0,0,0,0,0,0,0,0,0,0,1,0,0,0,0,0,0,0,0
-36.94710506,174.8457025,Auckland,2018,property_damage,50,TRUE,straight,,fine,,daylight,traffic_lights,0,0,0,0,0,0,0,0,0,0,0,1,0,0,0,0,0,0,0,0
-36.92601089,174.8917273,Auckland,2018,property_damage,60,TRUE,straight,,fine,,daylight,traffic_lights,0,0,0,0,0,0,0,0,0,0,0,1,0,0,0,0,0,0,0,0
-39.54448256,176.8425585,Napier City,2018,property_damage,50,TRUE,straight,,fine,,daylight,giveway_sign,0,0,0,0,0,0,0,0,0,0,0,1,0,0,0,0,0,0,0,0
-43.52051055,172.6964375,Christchurch City,2018,property_damage,50,TRUE,straight,,fine,,daylight,giveway_sign,0,0,0,0,0,0,0,0,0,0,0,1,0,0,0,0,0,0,0,0
-37.5516848,175.917997,Western Bay Of Plenty District,2018,property_damage,50,TRUE,straight,,fine,,daylight,giveway_sign,0,0,0,0,0,0,0,0,0,0,0,1,0,0,0,0,0,0,0,0
-37.68398158,176.2250636,Tauranga City,2018,property_damage,80,TRUE,curved_view_open,,fine,,daylight,giveway_sign,0,0,0,0,0,0,0,0,0,0,0,1,0,0,0,0,0,0,0,0
-41.29199049,174.781394,Wellington City,2018,property_damage,50,FALSE,straight,,fine,,daylight,,0,0,0,0,0,0,0,0,0,0,0,1,0,0,0,0,0,0,0,0
-37.28167819,175.3629403,Hauraki District,2018,property_damage,100,TRUE,straight,,fine,,daylight,,0,0,0,0,0,0,0,0,0,0,0,1,0,0,0,0,0,0,0,0
-37.0017666,174.7894304,Auckland,2018,property_damage,50,FALSE,straight,,fine,,daylight,traffic_lights,0,0,0,0,0,0,0,0,0,0,0,1,0,0,0,0,0,0,0,0
-36.99627585,174.8753421,Auckland,2018,property_damage,100,TRUE,curved_view_open,,fine,,daylight,,0,0,0,0,0,0,0,0,0,0,0,1,0,0,0,0,0,0,0,0
-36.85529858,174.7696896,Auckland,2018,property_damage,80,TRUE,straight,,fine,,daylight,,0,0,0,0,0,0,0,0,0,0,0,1,0,0,0,0,0,0,0,0
-38.18885012,175.2099672,Otorohanga District,2018,property_damage,50,TRUE,straight,,mist,,darkness_not_lit,stop_sign,0,0,0,0,0,0,0,0,0,0,0,1,0,0,0,0,0,0,0,0
-41.10675797,174.8670506,Porirua City,2018,property_damage,100,TRUE,straight,,fine,,daylight,,0,0,0,0,0,0,0,0,0,0,0,1,0,0,0,0,0,0,0,0
-46.09881601,168.9421248,Gore District,2018,property_damage,50,TRUE,straight,,fine,,daylight,giveway_sign,0,0,0,0,0,0,0,0,0,0,0,1,0,0,0,0,0,0,0,0
-36.771454,174.686004,Auckland,2018,property_damage,100,FALSE,straight,,rain,,daylight,,0,0,0,0,0,0,0,0,0,0,0,1,0,0,0,0,0,0,0,0
-41.23371727,174.90383,Hutt City,2018,property_damage,50,TRUE,curved_view_open,,fine,,daylight,giveway_sign,0,0,0,0,0,0,0,0,0,0,0,1,0,0,0,0,0,0,0,0
-36.92659955,174.795766,Auckland,2018,property_damage,50,FALSE,curved_view_open,,rain,,daylight,,0,0,0,0,0,0,0,0,0,0,0,1,0,0,0,0,0,0,0,0
-36.21302896,174.4799141,Kaipara District,2018,property_damage,100,FALSE,curved_view_open,,fine,,daylight,,0,0,0,0,0,0,0,0,0,0,0,1,0,0,0,0,0,0,0,0
-37.80081076,176.3988691,Western Bay Of Plenty District,2018,property_damage,100,TRUE,straight,,fine,,darkness_not_lit,giveway_sign,0,0,0,0,0,0,0,0,0,0,0,1,0,0,0,0,0,0,0,0
-43.93601216,171.6907507,Ashburton District,2018,property_damage,100,FALSE,straight,,rain,,darkness_not_lit,,0,0,0,0,0,0,0,0,0,0,0,1,0,0,0,0,0,0,0,0
-45.89346128,170.4978105,Dunedin City,2018,property_damage,50,FALSE,straight,,fine,,daylight,,0,0,0,0,0,0,0,0,0,0,0,1,0,0,0,0,0,0,0,0
-38.26345011,175.0274875,Waitomo District,2018,property_damage,100,FALSE,curved_view_open,,,,daylight,,0,0,0,0,0,0,0,0,0,0,0,1,0,0,0,0,0,0,0,0
-42.41198357,173.660161,Kaikoura District,2018,property_damage,100,FALSE,straight,,rain,,daylight,,0,0,0,0,0,0,0,0,0,0,0,1,0,0,0,0,0,0,0,0
-37.85975492,175.9538965,Western Bay Of Plenty District,2018,property_damage,100,FALSE,curved_view_open,,fine,,daylight,,0,0,0,0,0,0,0,0,0,0,0,1,0,0,0,0,0,0,0,0
-44.17142043,170.3293112,Mackenzie District,2018,property_damage,100,FALSE,straight,,fine,,daylight,,0,0,0,0,0,0,0,0,0,0,0,1,0,0,0,0,0,0,0,0
-36.92456882,174.9973964,Auckland,2018,property_damage,80,FALSE,curved_view_open,,fine,,daylight,,0,0,0,0,0,0,0,0,0,0,0,1,0,0,0,0,0,0,0,0
-43.3603544,172.4044588,Waimakariri District,2018,property_damage,100,FALSE,straight,,fine,,daylight,,0,0,0,0,0,0,0,0,0,0,0,1,0,0,0,0,0,0,0,0
-36.91937637,174.8202703,Auckland,2018,property_damage,50,FALSE,straight,,rain,,daylight,,0,0,0,0,0,0,0,0,0,0,0,1,0,0,0,0,0,0,0,0
-37.93362963,176.9110533,Whakatane District,2018,property_damage,100,FALSE,curved_view_open,,rain,,daylight,,0,0,0,0,0,0,0,0,0,0,0,1,0,0,0,0,0,0,0,0
-39.76436955,174.6449683,South Taranaki District,2018,property_damage,100,FALSE,straight,,fine,,daylight,,0,0,0,0,0,0,0,0,0,0,0,1,0,0,0,0,0,0,0,0
-37.80542852,175.2603519,Hamilton City,2018,property_damage,60,FALSE,straight,,fine,,daylight,,0,0,0,0,0,0,0,0,0,0,0,1,0,0,0,0,0,0,0,0
-40.13994223,176.1593251,Tararua District,2018,property_damage,100,TRUE,straight,,fine,,daylight,,0,0,0,0,0,0,0,0,0,0,0,1,0,0,0,0,0,0,0,0
-40.38071305,175.588126,Palmerston North City,2018,property_damage,50,FALSE,straight,,fine,,daylight,,0,0,0,0,0,0,0,0,0,0,0,1,0,0,0,0,0,0,0,0
-38.17503816,175.8605349,South Waikato District,2018,property_damage,100,FALSE,curved_view_open,,rain,,daylight,,0,0,0,0,0,0,0,0,0,0,0,1,0,0,0,0,0,0,0,0
-36.6676968,174.6323233,Auckland,2018,property_damage,50,FALSE,straight,,fine,,daylight,,0,0,0,0,0,0,0,0,0,0,0,1,0,0,0,0,0,0,0,0
-36.8380841,174.7415388,Auckland,2018,property_damage,80,FALSE,curved_view_open,,fine,,daylight,,0,0,0,0,0,0,0,0,0,0,0,1,0,0,0,0,0,0,0,0
-39.31125736,173.8011446,South Taranaki District,2018,property_damage,100,FALSE,straight,,rain,,daylight,,0,0,0,0,0,0,0,0,0,0,0,1,0,0,0,0,0,0,0,0
-38.20883058,175.8691776,South Waikato District,2018,property_damage,80,FALSE,straight,,fine,,darkness_not_lit,,0,0,0,0,0,0,0,0,0,0,0,1,0,0,0,0,0,0,0,0
-37.50634779,175.1657783,Waikato District,2018,property_damage,100,FALSE,straight,,rain,,daylight,,0,0,0,0,0,0,0,0,0,0,0,1,0,0,0,0,0,0,0,0
-37.03964105,174.9101491,Auckland,2018,property_damage,100,TRUE,straight,,fine,,darkness_not_lit,,0,0,0,0,0,0,0,0,0,0,0,1,0,0,0,0,0,0,0,0
-38.25920089,175.8942641,South Waikato District,2018,property_damage,100,FALSE,curved_view_open,,rain,,darkness_not_lit,,0,0,0,0,0,0,0,0,0,0,0,1,0,0,0,0,0,0,0,0
-34.88771237,173.1628214,Far North District,2018,property_damage,100,FALSE,curved_view_open,,fine,,daylight,,0,0,0,0,0,0,0,0,0,0,0,1,0,0,0,0,0,0,0,0