latitude,longitude,local_government_area,year,severity,speed_limit,intersection,road_position_horizontal,road_wet,weather,crash_type,lighting,traffic_controls,casualties,fatalities,serious_injuries,minor_injuries,car_sedan,car_utility,car_van,car_4x4,car_station_wagon,motor_cycle,truck_small,truck_large,bus,taxi,bicycle,scooter,pedestrian,inanimate,train,tram
-40.48839355,175.4359867,Horowhenua District,2018,property_damage,100,FALSE,straight,,fine,,daylight,,0,0,0,0,0,0,0,0,0,0,0,1,0,0,0,0,0,0,0,0
-43.47182171,172.5694095,Christchurch City,2018,property_damage,80,FALSE,straight,,fine,,daylight,,0,0,0,0,0,0,0,0,0,0,0,1,0,0,0,0,0,0,0,0
-37.14495916,174.8846823,Auckland,2018,property_damage,100,FALSE,straight,,rain,,darkness_not_lit,,0,0,0,0,0,0,0,0,0,0,0,1,0,0,0,0,0,0,0,0
-36.86919983,174.7707282,Auckland,2018,property_damage,80,FALSE,straight,,rain,,daylight,,0,0,0,0,0,0,0,0,0,0,0,1,0,0,0,0,0,0,0,0
-35.77848721,174.1716732,Whangarei District,2018,property_damage,100,FALSE,curved_view_open,,fine,,dawn_dusk,,0,0,0,0,0,0,0,0,0,0,0,1,0,0,0,0,0,0,0,0
-41.07910538,175.461845,South Wairarapa District,2018,property_damage,50,FALSE,straight,,fine,,daylight,,0,0,0,0,0,0,0,0,0,0,0,1,0,0,0,0,0,0,0,0
-37.85432786,175.8669628,Matamata-Piako District,2018,property_damage,100,FALSE,straight,,fine,,daylight,,0,0,0,0,0,0,0,0,0,0,0,1,0,0,0,0,0,0,0,0
-37.66544256,176.1852034,Tauranga City,2018,property_damage,70,FALSE,straight,,fine,,daylight,,0,0,0,0,0,0,0,0,0,0,0,1,0,0,0,0,0,0,0,0
-41.29924081,173.2388317,Nelson City,2018,property_damage,50,TRUE,curved_view_open,,fine,,daylight,giveway_sign,0,0,0,0,0,0,0,0,0,0,0,1,0,0,0,0,0,0,0,0
-38.05769173,176.6385786,Whakatane District,2018,property_damage,100,FALSE,curved_view_open,,fine,,darkness_not_lit,,0,0,0,0,0,0,0,0,0,0,0,1,0,0,0,0,0,0,0,0
-36.63023428,174.6304031,Auckland,2018,property_damage,80,FALSE,curved_view_open,,fine,,daylight,,0,0,0,0,0,0,0,0,0,0,0,1,0,0,0,0,0,0,0,0
-37.80704013,175.2669887,Hamilton City,2018,property_damage,60,FALSE,straight,,fine,,daylight,,0,0,0,0,0,0,0,0,0,0,0,1,0,0,0,0,0,0,0,0
-36.9044091,174.8294096,Auckland,2018,property_damage,50,FALSE,straight,,fine,,daylight,,0,0,0,0,0,0,0,0,0,0,0,1,0,0,0,0,0,0,0,0
-45.81423643,169.3599888,Clutha District,2018,property_damage,100,FALSE,straight,,rain,,daylight,,0,0,0,0,0,0,0,0,0,0,0,1,0,0,0,0,0,0,0,0
-36.91611341,174.8366711,Auckland,2018,property_damage,80,FALSE,curved_view_open,,fine,,daylight,,0,0,0,0,0,0,0,0,0,0,0,1,0,0,0,0,0,0,0,0
-45.8722315,170.5239675,Dunedin City,2018,property_damage,50,FALSE,curved_view_open,,fine,,daylight,,0,0,0,0,0,0,0,0,0,0,0,1,0,0,0,0,0,0,0,0
-37.02736834,174.968948,Auckland,2018,property_damage,80,FALSE,straight,,fine,,daylight,,0,0,0,0,0,0,0,0,0,0,0,1,0,0,0,0,0,0,0,0
-40.51317954,175.4552838,Horowhenua District,2018,property_damage,100,FALSE,curved_view_open,,rain,,darkness_not_lit,,0,0,0,0,0,0,0,0,0,0,0,1,0,0,0,0,0,0,0,0
-40.31100469,175.8393475,Tararua District,2018,property_damage,100,FALSE,curved_view_open,,fine,,daylight,,0,0,0,0,0,0,0,0,0,0,0,1,0,0,0,0,0,0,0,0
-36.84859683,174.7832738,Auckland,2018,property_damage,50,FALSE,straight,,fine,,daylight,,0,0,0,0,0,0,0,0,0,0,0,1,0,0,0,0,0,0,0,0
-39.33559419,174.3785802,Stratford District,2018,property_damage,100,FALSE,straight,,fine,,daylight,,0,0,0,0,0,0,0,0,0,0,0,1,0,0,0,0,0,0,0,0
-44.06393091,169.3841201,Westland District,2018,property_damage,100,FALSE,straight,,rain,,daylight,,0,0,0,0,0,0,0,0,0,0,0,1,0,0,0,0,0,0,0,0
-45.0027259,169.078281,Central Otago District,2018,property_damage,100,FALSE,curved_view_open,,fine,,darkness_not_lit,,0,0,0,0,0,0,0,0,0,0,0,1,0,0,0,0,0,0,0,0
-35.19759042,173.497978,Far North District,2018,property_damage,100,FALSE,curved_view_open,,fine,,darkness_not_lit,,0,0,0,0,0,0,0,0,0,0,0,1,0,0,0,0,0,0,0,0
-37.20042387,174.9178224,Auckland,2018,property_damage,50,FALSE,straight,,fine,,darkness_not_lit,,0,0,0,0,0,0,0,0,0,0,0,1,0,0,0,0,0,0,0,0
-40.73419463,175.1934689,Kapiti Coast District,2018,property_damage,100,FALSE,straight,,fine,,dawn_dusk,,0,0,0,0,0,0,0,0,0,0,0,1,0,0,0,0,0,0,0,0
-41.09504133,174.8691477,Porirua City,2018,property_damage,50,FALSE,straight,,fine,,daylight,,0,0,0,0,0,0,0,0,0,0,0,1,0,0,0,0,0,0,0,0
-42.57825114,172.7513149,Hurunui District,2018,property_damage,100,FALSE,straight,,fine,,darkness_not_lit,,0,0,0,0,0,0,0,0,0,0,0,1,0,0,0,0,0,0,0,0
-37.0741702,174.929046,Auckland,2018,property_damage,100,FALSE,curved_view_open,,fine,,daylight,,0,0,0,0,0,0,0,0,0,0,0,1,0,0,0,0,0,0,0,0
-37.35917171,175.26297,Waikato District,2018,property_damage,100,FALSE,straight,,fine,,daylight,,0,0,0,0,0,0,0,0,0,0,0,1,0,0,0,0,0,0,0,0
-43.04510889,172.7874491,Hurunui District,2018,property_damage,100,FALSE,straight,,rain,,daylight,,0,0,0,0,0,0,0,0,0,0,0,1,0,0,0,0,0,0,0,0
-43.51303916,172.690524,Christchurch City,2018,property_damage,50,FALSE,straight,,fine,,darkness_not_lit,stop_sign,0,0,0,0,0,0,0,0,0,0,0,1,0,0,0,0,0,0,0,0
-37.70249736,176.2985642,Tauranga City,2018,property_damage,60,FALSE,straight,,fine,,daylight,,0,0,0,0,0,0,0,0,0,0,0,1,0,0,0,0,0,0,0,0
-38.29900003,175.9544513,South Waikato District,2018,property_damage,100,FALSE,straight,,fine,,daylight,,0,0,0,0,0,0,0,0,0,0,0,1,0,0,0,0,0,0,0,0
-39.60590812,176.8387376,Hastings District,2018,property_damage,100,FALSE,straight,,fine,,daylight,,0,0,0,0,0,0,0,0,0,0,0,1,0,0,0,0,0,0,0,0
-37.83254167,175.0652521,Waikato District,2018,property_damage,100,FALSE,curved_view_open,,fine,,daylight,,0,0,0,0,0,0,0,0,0,0,0,1,0,0,0,0,0,0,0,0
-38.49251948,177.9542513,Gisborne District,2018,property_damage,100,FALSE,curved_view_open,,rain,,daylight,,0,0,0,0,0,0,0,0,0,0,0,1,0,0,0,0,0,0,0,0
-37.56312791,175.1596103,Waikato District,2018,property_damage,70,FALSE,curved_view_open,,fine,,darkness_not_lit,,0,0,0,0,0,0,0,0,0,0,0,1,0,0,0,0,0,0,0,0
-40.11842814,175.4418985,Rangitikei District,2018,property_damage,100,FALSE,straight,,rain,,darkness_not_lit,,0,0,0,0,0,0,0,0,0,0,0,1,0,0,0,0,0,0,0,0
-46.09408846,169.0290639,Gore District,2018,property_damage,100,FALSE,straight,,fine,,daylight,,0,0,0,0,0,0,0,0,0,0,0,1,0,0,0,0,0,0,0,0
-39.44928172,175.3750595,Ruapehu District,2018,property_damage,100,FALSE,curved_view_open,,fine,,daylight,,0,0,0,0,0,0,0,0,0,0,0,1,0,0,0,0,0,0,0,0
-37.73065011,175.3909729,Waikato District,2018,property_damage,100,FALSE,straight,,fine,,daylight,,0,0,0,0,0,0,0,0,0,0,0,1,0,0,0,0,0,0,0,0
-37.90346853,175.8533137,Matamata-Piako District,2018,property_damage,100,FALSE,straight,,rain,,daylight,,0,0,0,0,0,0,0,0,0,0,0,1,0,0,0,0,0,0,0,0
-37.5859582,175.0888579,Waikato District,2018,property_damage,100,TRUE,straight,,rain,,daylight,,0,0,0,0,0,0,0,0,0,0,0,1,0,0,0,0,0,0,0,0
-36.96851877,174.8596651,Auckland,2018,property_damage,50,FALSE,straight,,,,daylight,,0,0,0,0,0,0,0,0,0,0,0,1,0,0,0,0,0,0,0,0
-41.17337921,174.9816763,Hutt City,2018,property_damage,50,FALSE,straight,,fine,,darkness_not_lit,,0,0,0,0,0,0,0,0,0,0,0,1,0,0,0,0,0,0,0,0
-38.29964547,176.8158233,Whakatane District,2018,property_damage,100,FALSE,curved_view_open,,fine,,daylight,,0,0,0,0,0,0,0,0,0,0,0,1,0,0,0,0,0,0,0,0
-41.28882908,174.7981819,Wellington City,2018,property_damage,50,FALSE,straight,,fine,,daylight,,0,0,0,0,0,0,0,0,0,0,0,1,0,0,0,0,0,0,0,0
-38.46072786,176.0594121,Taupo District,2018,property_damage,100,FALSE,curved_view_open,,rain,,daylight,,0,0,0,0,0,0,0,0,0,0,0,1,0,0,0,0,0,0,0,0
-41.27423465,173.792169,Marlborough District,2018,property_damage,50,FALSE,curved_view_open,,fine,,darkness_not_lit,,0,0,0,0,0,0,0,0,0,0,0,1,0,0,0,0,0,0,0,0
-36.81598733,174.7510601,Auckland,2018,property_damage,80,FALSE,straight,,rain,,daylight,,0,0,0,0,0,0,0,0,0,0,0,1,0,0,0,0,0,0,0,0
-42.03463054,172.2462755,Tasman District,2018,property_damage,100,FALSE,curved_view_open,,mist,,darkness_not_lit,,0,0,0,0,0,0,0,0,0,0,0,1,0,0,0,0,0,0,0,0
-40.3976196,175.6434765,Palmerston North City,2018,property_damage,100,FALSE,straight,,fine,,daylight,,0,0,0,0,0,0,0,0,0,0,0,1,0,0,0,0,0,0,0,0
-37.61226154,175.6428973,Matamata-Piako District,2018,property_damage,100,FALSE,straight,,fine,,darkness_not_lit,,0,0,0,0,0,0,0,0,0,0,0,1,0,0,0,0,0,0,0,0
-36.88540589,174.7396173,Auckland,2018,property_damage,50,FALSE,straight,,fine,,daylight,,0,0,0,0,0,0,0,0,0,0,0,1,0,0,0,0,0,0,0,0
-39.66369464,176.8701619,Hastings District,2018,property_damage,70,FALSE,straight,,fine,,daylight,,0,0,0,0,0,0,0,0,0,0,0,1,0,0,0,0,0,0,0,0
-38.4569598,177.6423391,Gisborne District,2018,property_damage,100,FALSE,curved_view_open,,fine,,daylight,,0,0,0,0,0,0,0,0,0,0,0,1,0,0,0,0,0,0,0,0
-40.0836014,175.2591311,Rangitikei District,2018,property_damage,100,FALSE,straight,,rain,,darkness_not_lit,,0,0,0,0,0,0,0,0,0,0,0,1,0,0,0,0,0,0,0,0
-36.9952899,174.8664185,Auckland,2018,property_damage,50,TRUE,curved_view_open,,fine,,daylight,giveway_sign,0,0,0,0,0,0,0,0,0,0,0,1,0,0,0,0,0,0,0,0
-44.43775059,171.1208579,Timaru District,2018,property_damage,100,FALSE,straight,,fine,,daylight,,0,0,0,0,0,0,0,0,0,0,0,1,0,0,0,0,0,0,0,0
-38.46098253,176.0593198,Taupo District,2018,property_damage,100,FALSE,straight,,fine,,daylight,,0,0,0,0,0,0,0,0,0,0,0,1,0,0,0,0,0,0,0,0
-37.15561598,175.6180467,Thames-Coromandel District,2018,property_damage,100,FALSE,curved_view_open,,fine,,darkness_not_lit,,0,0,0,0,0,0,0,0,0,0,0,1,0,0,0,0,0,0,0,0
-45.89544877,170.3633234,Dunedin City,2018,property_damage,100,FALSE,straight,,fine,,daylight,,0,0,0,0,0,0,0,0,0,0,0,1,0,0,0,0,0,0,0,0
-36.86002483,174.7591537,Auckland,2018,property_damage,80,FALSE,curved_view_open,,fine,,dawn_dusk,,0,0,0,0,0,0,0,0,0,0,0,1,0,0,0,0,0,0,0,0
-36.16687379,173.9916973,Kaipara District,2018,property_damage,100,FALSE,curved_view_open,,mist,,daylight,,0,0,0,0,0,0,0,0,0,0,0,1,0,0,0,0,0,0,0,0
-37.88257411,175.2158662,Waipa District,2018,property_damage,100,FALSE,curved_view_open,,rain,,daylight,,0,0,0,0,0,0,0,0,0,0,0,1,0,0,0,0,0,0,0,0
-36.25362187,174.5765749,Auckland,2018,property_damage,100,FALSE,straight,,fine,,dawn_dusk,,0,0,0,0,0,0,0,0,0,0,0,1,0,0,0,0,0,0,0,0
-38.04240529,175.3455119,Waipa District,2018,property_damage,70,FALSE,straight,,rain,,darkness_not_lit,,0,0,0,0,0,0,0,0,0,0,0,1,0,0,0,0,0,0,0,0
-36.10757299,174.2583647,Kaipara District,2018,property_damage,100,FALSE,curved_view_open,,fine,,daylight,,0,0,0,0,0,0,0,0,0,0,0,1,0,0,0,0,0,0,0,0
-41.85384245,171.9816324,Buller District,2018,property_damage,100,FALSE,curved_view_open,,fine,,daylight,,0,0,0,0,0,0,0,0,0,0,0,1,0,0,0,0,0,0,0,0
-38.09999957,177.1397973,Whakatane District,2018,property_damage,100,TRUE,straight,,rain,,daylight,,0,0,0,0,0,0,0,0,0,0,0,1,0,0,0,0,0,0,0,0
-43.5910837,172.3779327,Selwyn District,2018,property_damage,80,FALSE,straight,,fine,,daylight,,0,0,0,0,0,0,0,0,0,0,0,1,0,0,0,0,0,0,0,0
-35.89240224,174.4339822,Whangarei District,2018,property_damage,100,FALSE,straight,,fine,,daylight,,0,0,0,0,0,0,0,0,0,0,0,1,0,0,0,0,0,0,0,0
-37.79026432,176.3386363,Western Bay Of Plenty District,2018,property_damage,70,FALSE,straight,,fine,,daylight,,0,0,0,0,0,0,0,0,0,0,0,1,0,0,0,0,0,0,0,0
-37.39644136,175.8504096,Hauraki District,2018,property_damage,50,FALSE,curved_view_open,,rain,,daylight,,0,0,0,0,0,0,0,0,0,0,0,1,0,0,0,0,0,0,0,0
-46.20319448,169.1245411,Gore District,2018,property_damage,100,FALSE,straight,,rain,,darkness_not_lit,,0,0,0,0,0,0,0,0,0,0,0,1,0,0,0,0,0,0,0,0
-39.28307496,175.7415747,Taupo District,2018,property_damage,100,FALSE,curved_view_open,,fine,,daylight,,0,0,0,0,0,0,0,0,0,0,0,1,0,0,0,0,0,0,0,0
-43.53417552,172.5303146,Christchurch City,2018,property_damage,50,TRUE,straight,,fine,,daylight,,0,0,0,0,0,0,0,0,0,0,0,1,0,0,0,0,0,0,0,0
-40.17453983,175.3848996,Rangitikei District,2018,minor_injury,50,TRUE,straight,,rain,,daylight,giveway_sign,1,0,0,1,0,0,0,0,0,0,0,1,0,0,0,0,0,0,0,0
-36.86060249,174.6116613,Auckland,2018,minor_injury,50,TRUE,curved_view_open,,fine,,daylight,giveway_sign,1,0,0,1,0,0,0,0,0,0,0,1,0,0,0,0,0,0,0,0
-36.86060249,174.6116613,Auckland,2018,minor_injury,50,TRUE,curved_view_open,,fine,,daylight,giveway_sign,1,0,0,1,0,0,0,0,0,0,0,1,0,0,0,0,0,0,0,0
-37.18787871,174.8863571,Auckland,2018,minor_injury,100,TRUE,straight,,fine,,daylight,stop_sign,1,0,0,1,0,0,0,0,0,0,0,1,0,0,0,0,0,0,0,0
-43.54939219,172.6598473,Christchurch City,2018,minor_injury,60,TRUE,straight,,fine,,daylight,traffic_lights,1,0,0,1,0,0,0,0,0,0,0,1,0,0,0,0,0,0,0,0
-36.84713517,174.8360511,Auckland,2018,minor_injury,50,FALSE,curved_view_open,,fine,,darkness_not_lit,,1,0,0,1,0,0,0,0,0,0,0,1,0,0,0,0,0,0,0,0
-35.73878565,174.3348848,Whangarei District,2018,minor_injury,50,TRUE,straight,,mist,,darkness_not_lit,giveway_sign,1,0,0,1,0,0,0,0,0,0,0,1,0,0,0,0,0,0,0,0
-35.73878565,174.3348848,Whangarei District,2018,minor_injury,50,TRUE,straight,,fine,,daylight,giveway_sign,1,0,0,1,0,0,0,0,0,0,0,1,0,0,0,0,0,0,0,0
-40.63400812,175.3027481,Horowhenua District,2018,minor_injury,100,TRUE,straight,,rain,,darkness_not_lit,giveway_sign,1,0,0,1,0,0,0,0,0,0,0,1,0,0,0,0,0,0,0,0
-40.63400812,175.3027481,Horowhenua District,2018,minor_injury,100,TRUE,straight,,rain,,darkness_not_lit,giveway_sign,1,0,0,1,0,0,0,0,0,0,0,1,0,0,0,0,0,0,0,0
-40.31909388,175.5746844,Manawatu District,2018,minor_injury,100,TRUE,straight,,fine,,daylight,stop_sign,1,0,0,1,0,0,0,0,0,0,0,1,0,0,0,0,0,0,0,0
-40.31909388,175.5746844,Palmerston North City,2018,minor_injury,100,TRUE,straight,,fine,,daylight,stop_sign,1,0,0,1,0,0,0,0,0,0,0,1,0,0,0,0,0,0,0,0
-41.23421204,174.9038682,Hutt City,2018,minor_injury,50,TRUE,curved_view_open,,fine,,daylight,giveway_sign,1,0,0,1,0,0,0,0,0,0,0,1,0,0,0,0,0,0,0,0
-37.70723763,176.15042,Tauranga City,2018,minor_injury,50,TRUE,straight,,fine,,daylight,traffic_lights,1,0,0,1,0,0,0,0,0,0,0,1,0,0,0,0,0,0,0,0
-37.66570375,176.1971834,Tauranga City,2018,minor_injury,70,TRUE,straight,,fine,,daylight,traffic_lights,1,0,0,1,0,0,0,0,0,0,0,1,0,0,0,0,0,0,0,0
-39.03175917,174.1599544,New Plymouth District,2018,minor_injury,80,TRUE,straight,,fine,,dawn_dusk,stop_sign,1,0,0,1,0,0,0,0,0,0,0,1,0,0,0,0,0,0,0,0
-39.03175917,174.1599544,New Plymouth District,2018,minor_injury,80,TRUE,straight,,fine,,dawn_dusk,stop_sign,1,0,0,1,0,0,0,0,0,0,0,1,0,0,0,0,0,0,0,0
-37.10418898,174.9605493,Auckland,2018,minor_injury,80,FALSE,curved_view_open,,rain,,daylight,,1,0,0,1,0,0,0,0,0,0,0,1,0,0,0,0,0,0,0,0
-36.61366564,174.7133322,Auckland,2018,minor_injury,60,TRUE,curved_view_open,,fine,,daylight,,1,0,0,1,0,0,0,0,0,0,0,1,0,0,0,0,0,0,0,0
-36.30238933,174.5252353,Auckland,2018,minor_injury,50,TRUE,straight,,mist,,daylight,giveway_sign,1,0,0,1,0,0,0,0,0,0,0,1,0,0,0,0,0,0,0,0
-36.98319667,174.7878156,Auckland,2018,minor_injury,50,TRUE,straight,,fine,,daylight,giveway_sign,1,0,0,1,0,0,0,0,0,0,0,1,0,0,0,0,0,0,0,0
-39.13388203,174.1478254,New Plymouth District,2018,minor_injury,100,FALSE,curved_view_open,,rain,,daylight,,1,0,0,1,0,0,0,0,0,0,0,1,0,0,0,0,0,0,0,0
-39.71888221,176.7708049,Hastings District,2018,minor_injury,100,FALSE,curved_view_open,,fine,,daylight,,1,0,0,1,0,0,0,0,0,0,0,1,0,0,0,0,0,0,0,0
-39.22511954,176.6898483,Hastings District,2018,minor_injury,100,FALSE,curved_view_open,,fine,,daylight,,1,0,0,1,0,0,0,0,0,0,0,1,0,0,0,0,0,0,0,0
-41.23838395,174.9119245,Hutt City,2018,minor_injury,50,FALSE,straight,,fine,,daylight,,1,0,0,1,0,0,0,0,0,0,0,1,0,0,0,0,0,0,0,0
-37.05178556,174.9177177,Auckland,2018,minor_injury,100,FALSE,straight,,rain,,darkness_not_lit,,1,0,0,1,0,0,0,0,0,0,0,1,0,0,0,0,0,0,0,0
-42.62683533,171.0792956,Westland District,2018,minor_injury,100,FALSE,straight,,fine,,daylight,,1,0,0,1,0,0,0,0,0,0,0,1,0,0,0,0,0,0,0,0
-37.26305423,174.975836,Waikato District,2018,minor_injury,100,FALSE,curved_view_open,,rain,,daylight,,1,0,0,1,0,0,0,0,0,0,0,1,0,0,0,0,0,0,0,0
-36.63282872,174.7382381,Auckland,2018,minor_injury,50,FALSE,straight,,fine,,daylight,,1,0,0,1,0,0,0,0,0,0,0,1,0,0,0,0,0,0,0,0
-41.34816574,173.1707798,Tasman District,2018,minor_injury,60,FALSE,straight,,fine,,daylight,,1,0,0,1,0,0,0,0,0,0,0,1,0,0,0,0,0,0,0,0
-38.95741055,175.7440995,Taupo District,2018,minor_injury,100,FALSE,curved_view_open,,rain,,daylight,,1,0,0,1,0,0,0,0,0,0,0,1,0,0,0,0,0,0,0,0
-40.41854068,175.4731817,Manawatu District,2018,minor_injury,100,FALSE,straight,,fine,,daylight,,1,0,0,1,0,0,0,0,0,0,0,1,0,0,0,0,0,0,0,0
-38.64761021,177.9999141,Gisborne District,2018,minor_injury,50,FALSE,straight,,fine,,daylight,,1,0,0,1,0,0,0,0,0,0,0,1,0,0,0,0,0,0,0,0
-43.62792856,171.6396701,Ashburton District,2018,minor_injury,50,TRUE,straight,,fine,,daylight,,1,0,0,1,0,0,0,0,0,0,0,1,0,0,0,0,0,0,0,0
-38.01193873,175.9364822,South Waikato District,2018,minor_injury,100,FALSE,curved_view_open,,fine,,daylight,,1,0,0,1,0,0,0,0,0,0,0,1,0,0,0,0,0,0,0,0
-36.78131874,174.7234673,Auckland,2018,minor_injury,50,TRUE,straight,,mist,,dawn_dusk,,1,0,0,1,0,0,0,0,0,0,0,1,0,0,0,0,0,0,0,0
-37.36394289,175.0904648,Waikato District,2018,minor_injury,100,FALSE,curved_view_open,,fine,,daylight,,1,0,0,1,0,0,0,0,0,0,0,1,0,0,0,0,0,0,0,0
-38.60496359,174.7853711,Waitomo District,2018,minor_injury,100,FALSE,curved_view_open,,mist,,darkness_not_lit,,1,0,0,1,0,0,0,0,0,0,0,1,0,0,0,0,0,0,0,0
-38.66940627,176.1024796,Taupo District,2018,minor_injury,100,FALSE,curved_view_open,,mist,,darkness_not_lit,,1,0,0,1,0,0,0,0,0,0,0,1,0,0,0,0,0,0,0,0
-37.09665849,174.8898083,Auckland,2018,minor_injury,100,FALSE,straight,,rain,,darkness_not_lit,,1,0,0,1,0,0,0,0,0,0,0,1,0,0,0,0,0,0,0,0
-42.6583863,173.3169532,Hurunui District,2018,minor_injury,100,FALSE,straight,,fine,,daylight,,1,0,0,1,0,0,0,0,0,0,0,1,0,0,0,0,0,0,0,0
-43.62347307,172.2930174,Selwyn District,2018,minor_injury,100,FALSE,straight,,fine,,darkness_not_lit,,1,0,0,1,0,0,0,0,0,0,0,1,0,0,0,0,0,0,0,0
-44.12951398,171.3065849,Timaru District,2018,minor_injury,100,FALSE,straight,,fine,,darkness_not_lit,,1,0,0,1,0,0,0,0,0,0,0,1,0,0,0,0,0,0,0,0
-38.63254835,176.2083461,Taupo District,2018,minor_injury,100,FALSE,straight,,fine,,darkness_not_lit,,1,0,0,1,0,0,0,0,0,0,0,1,0,0,0,0,0,0,0,0
-37.98243107,178.2690487,Gisborne District,2018,minor_injury,100,FALSE,curved_view_open,,fine,,daylight,,1,0,0,1,0,0,0,0,0,0,0,1,0,0,0,0,0,0,0,0
-38.94773369,177.3434646,Wairoa District,2018,minor_injury,100,FALSE,curved_view_open,,mist,,darkness_not_lit,,1,0,0,1,0,0,0,0,0,0,0,1,0,0,0,0,0,0,0,0
-37.92275112,175.3097956,Waipa District,2018,minor_injury,70,FALSE,straight,,fine,,daylight,,1,0,0,1,0,0,0,0,0,0,0,1,0,0,0,0,0,0,0,0
-43.35233228,172.4329795,Waimakariri District,2018,minor_injury,100,FALSE,straight,,fine,,daylight,,1,0,0,1,0,0,0,0,0,0,0,1,0,0,0,0,0,0,0,0
-40.63676095,175.2720169,Horowhenua District,2018,minor_injury,50,FALSE,straight,,fine,,daylight,,1,0,0,1,0,0,0,0,0,0,0,1,0,0,0,0,0,0,0,0
-41.33589848,173.1572787,Tasman District,2018,minor_injury,80,FALSE,straight,,fine,,daylight,,1,0,0,1,0,0,0,0,0,0,0,1,0,0,0,0,0,0,0,0
-37.91029266,177.5474906,Opotiki District,2018,minor_injury,100,FALSE,curved_view_open,,fine,,daylight,,1,0,0,1,0,0,0,0,0,0,0,1,0,0,0,0,0,0,0,0
-38.05120321,176.2105575,Rotorua District,2018,minor_injury,100,FALSE,curved_view_open,,fine,,daylight,,1,0,0,1,0,0,0,0,0,0,0,1,0,0,0,0,0,0,0,0
-37.04456408,174.9128249,Auckland,2018,minor_injury,100,FALSE,straight,,fine,,daylight,,1,0,0,1,0,0,0,0,0,0,0,1,0,0,0,0,0,0,0,0
-38.13832155,175.3222028,Otorohanga District,2018,minor_injury,100,FALSE,straight,,fine,,daylight,,1,0,0,1,0,0,0,0,0,0,0,1,0,0,0,0,0,0,0,0
-36.12098237,174.1063603,Kaipara District,2018,minor_injury,100,FALSE,curved_view_open,,fine,,daylight,,1,0,0,1,0,0,0,0,0,0,0,1,0,0,0,0,0,0,0,0
-41.21362848,174.9390673,Hutt City,2018,minor_injury,50,FALSE,curved_view_open,,fine,,daylight,,1,0,0,1,0,0,0,0,0,0,0,1,0,0,0,0,0,0,0,0
-45.89189718,170.3328653,Dunedin City,2018,serious_injury,50,TRUE,straight,,rain,,dawn_dusk,giveway_sign,1,0,1,0,0,0,0,0,0,0,0,1,0,0,0,0,0,0,0,0
-37.20040982,174.7383152,Auckland,2018,serious_injury,80,TRUE,curved_view_open,,fine,,daylight,,1,0,1,0,0,0,0,0,0,0,0,1,0,0,0,0,0,0,0,0
-41.37223059,173.9479583,Marlborough District,2018,serious_injury,100,TRUE,straight,,rain,,daylight,giveway_sign,1,0,1,0,0,0,0,0,0,0,0,1,0,0,0,0,0,0,0,0
-39.29246094,174.2659975,Stratford District,2018,serious_injury,70,FALSE,straight,,fine,,daylight,,1,0,1,0,0,0,0,0,0,0,0,1,0,0,0,0,0,0,0,0
-37.14463137,175.656471,Thames-Coromandel District,2018,serious_injury,100,FALSE,curved_view_open,,fine,,dawn_dusk,,1,0,1,0,0,0,0,0,0,0,0,1,0,0,0,0,0,0,0,0
-37.88904612,175.7904639,Matamata-Piako District,2018,serious_injury,100,FALSE,curved_view_open,,fine,,daylight,,1,0,1,0,0,0,0,0,0,0,0,1,0,0,0,0,0,0,0,0
-39.25129162,173.9044062,South Taranaki District,2018,serious_injury,100,FALSE,straight,,rain,,daylight,,1,0,1,0,0,0,0,0,0,0,0,1,0,0,0,0,0,0,0,0
-41.76262475,171.6181156,Buller District,2018,serious_injury,50,TRUE,curved_view_open,,rain,,daylight,giveway_sign,1,0,1,0,0,0,0,0,0,0,0,1,0,0,0,0,0,0,0,0
-37.8015434,177.6613283,Opotiki District,2018,serious_injury,100,FALSE,straight,,fine,,daylight,,1,0,1,0,0,0,0,0,0,0,0,1,0,0,0,0,0,0,0,0
-40.41613721,175.7261302,Tararua District,2018,serious_injury,80,FALSE,straight,,rain,,daylight,,1,0,1,0,0,0,0,0,0,0,0,1,0,0,0,0,0,0,0,0
-40.42707592,175.7404451,Tararua District,2018,serious_injury,100,FALSE,curved_view_open,,fine,,daylight,,1,0,1,0,0,0,0,0,0,0,0,1,0,0,0,0,0,0,0,0
-38.51302147,176.1135576,Taupo District,2018,minor_injury,100,FALSE,curved_view_open,,,,daylight,,2,0,0,2,0,0,0,0,0,0,0,1,0,0,0,0,0,0,0,0
-36.27969224,174.5173228,Auckland,2018,minor_injury,100,FALSE,straight,,fine,,daylight,,2,0,0,2,0,0,0,0,0,0,0,1,0,0,0,0,0,0,0,0
-41.14627352,175.0375788,Upper Hutt City,2018,minor_injury,70,FALSE,curved_view_open,,fine,,daylight,,3,0,0,3,0,0,0,0,0,0,0,1,0,0,0,0,0,0,0,0
-45.03392249,169.1921074,Central Otago District,2018,serious_injury,80,TRUE,straight,,fine,,daylight,,2,0,1,1,0,0,0,0,0,0,0,1,0,0,0,0,0,0,0,0
-37.91630008,175.5542347,Waipa District,2018,fatality,100,FALSE,curved_view_open,,fine,,darkness_not_lit,,1,1,0,0,0,0,0,0,0,0,0,1,0,0,0,0,0,0,0,0