latitude,longitude,local_government_area,year,severity,speed_limit,intersection,road_position_horizontal,road_wet,weather,crash_type,lighting,traffic_controls,casualties,fatalities,serious_injuries,minor_injuries,car_sedan,car_utility,car_van,car_4x4,car_station_wagon,motor_cycle,truck_small,truck_large,bus,taxi,bicycle,scooter,pedestrian,inanimate,train,tram
-39.27585181,174.2596122,Stratford District,2018,serious_injury,100,TRUE,straight,,rain,,daylight,giveway_sign,3,0,1,2,0,0,0,0,0,0,0,1,0,0,0,0,0,0,0,0
-39.17723247,175.4692301,Ruapehu District,2018,fatality,100,FALSE,curved_view_open,,fine,,dawn_dusk,,2,2,0,0,0,0,0,0,0,0,0,1,0,0,0,0,0,0,0,0
-41.14590954,175.0367692,Upper Hutt City,2018,property_damage,50,TRUE,curved_view_open,,rain,,darkness_not_lit,giveway_sign,0,0,0,0,1,0,0,0,0,0,0,0,0,0,0,0,0,1,0,0
-39.03374371,174.1533782,New Plymouth District,2018,property_damage,80,TRUE,straight,,fine,,daylight,giveway_sign,0,0,0,0,1,0,0,0,0,0,0,0,0,0,0,0,0,1,0,0
-39.60866791,176.8735775,Hastings District,2018,property_damage,80,TRUE,curved_view_open,,fine,,darkness_not_lit,giveway_sign,0,0,0,0,1,0,0,0,0,0,0,0,0,0,0,0,0,1,0,0
-39.5583942,176.8336813,Hastings District,2018,property_damage,70,TRUE,straight,,fine,,daylight,giveway_sign,0,0,0,0,1,0,0,0,0,0,0,0,0,0,0,0,0,1,0,0
-39.93375822,175.061679,Wanganui District,2018,property_damage,50,TRUE,curved_view_open,,rain,,daylight,giveway_sign,0,0,0,0,1,0,0,0,0,0,0,0,0,0,0,0,0,1,0,0
-39.93375822,175.061679,Wanganui District,2018,property_damage,50,TRUE,curved_view_open,,rain,,darkness_not_lit,giveway_sign,0,0,0,0,1,0,0,0,0,0,0,0,0,0,0,0,0,1,0,0
-39.64677538,176.8429571,Hastings District,2018,property_damage,50,TRUE,curved_view_open,,fine,,daylight,giveway_sign,0,0,0,0,1,0,0,0,0,0,0,0,0,0,0,0,0,1,0,0
-39.6522654,176.8168945,Hastings District,2018,property_damage,100,TRUE,curved_view_open,,mist,,darkness_not_lit,giveway_sign,0,0,0,0,1,0,0,0,0,0,0,0,0,0,0,0,0,1,0,0
-41.32492189,173.2160307,Nelson City,2018,property_damage,50,TRUE,straight,,fine,,darkness_not_lit,giveway_sign,0,0,0,0,1,0,0,0,0,0,0,0,0,0,0,0,0,1,0,0
-41.03313998,174.889152,Porirua City,2018,property_damage,50,TRUE,curved_view_open,,fine,,daylight,giveway_sign,0,0,0,0,1,0,0,0,0,0,0,0,0,0,0,0,0,1,0,0
-39.56401103,176.8520043,Hastings District,2018,property_damage,100,TRUE,curved_view_open,,rain,,daylight,giveway_sign,0,0,0,0,1,0,0,0,0,0,0,0,0,0,0,0,0,1,0,0
-39.06756811,174.0416329,New Plymouth District,2018,property_damage,100,TRUE,straight,,rain,,daylight,,0,0,0,0,1,0,0,0,0,0,0,0,0,0,0,0,0,1,0,0
-39.06756811,174.0416329,New Plymouth District,2018,property_damage,100,TRUE,straight,,rain,,daylight,,0,0,0,0,1,0,0,0,0,0,0,0,0,0,0,0,0,1,0,0
-39.49437142,176.9107396,Napier City,2018,property_damage,50,TRUE,straight,,fine,,darkness_not_lit,traffic_lights,0,0,0,0,1,0,0,0,0,0,0,0,0,0,0,0,0,1,0,0
-40.30917027,175.7618852,Palmerston North City,2018,property_damage,100,TRUE,curved_view_open,,rain,,daylight,giveway_sign,0,0,0,0,1,0,0,0,0,0,0,0,0,0,0,0,0,1,0,0
-40.33555588,175.6189807,Palmerston North City,2018,property_damage,50,TRUE,straight,,rain,,darkness_not_lit,giveway_sign,0,0,0,0,1,0,0,0,0,0,0,0,0,0,0,0,0,1,0,0
-40.96974655,175.602215,Carterton District,2018,property_damage,100,TRUE,curved_view_open,,rain,,daylight,giveway_sign,0,0,0,0,1,0,0,0,0,0,0,0,0,0,0,0,0,1,0,0
-36.92787401,174.9020458,Auckland,2018,property_damage,60,TRUE,straight,,rain,,daylight,traffic_lights,0,0,0,0,1,0,0,0,0,0,0,0,0,0,0,0,0,1,0,0
-37.75725438,175.283651,Hamilton City,2018,property_damage,50,TRUE,curved_view_open,,mist,,darkness_not_lit,giveway_sign,0,0,0,0,1,0,0,0,0,0,0,0,0,0,0,0,0,1,0,0
-37.32594066,175.0662084,Waikato District,2018,property_damage,100,TRUE,straight,,rain,,daylight,giveway_sign,0,0,0,0,1,0,0,0,0,0,0,0,0,0,0,0,0,1,0,0
-37.77754743,175.2743753,Hamilton City,2018,property_damage,50,TRUE,straight,,fine,,darkness_not_lit,traffic_lights,0,0,0,0,1,0,0,0,0,0,0,0,0,0,0,0,0,1,0,0
-36.89113513,174.7661067,Auckland,2018,property_damage,50,TRUE,curved_view_open,,fine,,darkness_not_lit,traffic_lights,0,0,0,0,1,0,0,0,0,0,0,0,0,0,0,0,0,1,0,0
-37.03281577,174.9058185,Auckland,2018,property_damage,50,TRUE,straight,,fine,,daylight,traffic_lights,0,0,0,0,1,0,0,0,0,0,0,0,0,0,0,0,0,1,0,0
-37.02346258,174.8989303,Auckland,2018,property_damage,50,TRUE,straight,,fine,,daylight,traffic_lights,0,0,0,0,1,0,0,0,0,0,0,0,0,0,0,0,0,1,0,0
-37.02346258,174.8989303,Auckland,2018,property_damage,50,TRUE,straight,,fine,,daylight,traffic_lights,0,0,0,0,1,0,0,0,0,0,0,0,0,0,0,0,0,1,0,0
-37.02346258,174.8989303,Auckland,2018,property_damage,50,TRUE,straight,,fine,,darkness_not_lit,traffic_lights,0,0,0,0,1,0,0,0,0,0,0,0,0,0,0,0,0,1,0,0
-37.02346258,174.8989303,Auckland,2018,property_damage,50,TRUE,straight,,fine,,darkness_not_lit,traffic_lights,0,0,0,0,1,0,0,0,0,0,0,0,0,0,0,0,0,1,0,0
-37.94321881,175.6684935,South Waikato District,2018,property_damage,100,TRUE,curved_view_open,,rain,,daylight,giveway_sign,0,0,0,0,1,0,0,0,0,0,0,0,0,0,0,0,0,1,0,0
-37.94321881,175.6684935,Matamata-Piako District,2018,property_damage,100,TRUE,curved_view_open,,rain,,daylight,giveway_sign,0,0,0,0,1,0,0,0,0,0,0,0,0,0,0,0,0,1,0,0
-36.86647469,174.7305613,Auckland,2018,property_damage,50,TRUE,straight,,fine,,darkness_not_lit,traffic_lights,0,0,0,0,1,0,0,0,0,0,0,0,0,0,0,0,0,1,0,0
-37.67043464,175.1505867,Waikato District,2018,property_damage,50,FALSE,curved_view_open,,fine,,daylight,,0,0,0,0,1,0,0,0,0,0,0,0,0,0,0,0,0,1,0,0
-36.95300538,174.7983513,Auckland,2018,property_damage,50,TRUE,straight,,fine,,darkness_not_lit,traffic_lights,0,0,0,0,1,0,0,0,0,0,0,0,0,0,0,0,0,1,0,0
-36.95300538,174.7983513,Auckland,2018,property_damage,50,TRUE,straight,,fine,,darkness_not_lit,traffic_lights,0,0,0,0,1,0,0,0,0,0,0,0,0,0,0,0,0,1,0,0
-36.97347419,174.8167166,Auckland,2018,property_damage,50,TRUE,curved_view_open,,fine,,darkness_not_lit,traffic_lights,0,0,0,0,1,0,0,0,0,0,0,0,0,0,0,0,0,1,0,0
-36.97393866,174.8851847,Auckland,2018,property_damage,50,TRUE,straight,,fine,,darkness_not_lit,giveway_sign,0,0,0,0,1,0,0,0,0,0,0,0,0,0,0,0,0,1,0,0
-36.97393866,174.8851847,Auckland,2018,property_damage,50,TRUE,straight,,fine,,darkness_not_lit,giveway_sign,0,0,0,0,1,0,0,0,0,0,0,0,0,0,0,0,0,1,0,0
-36.97393866,174.8851847,Auckland,2018,property_damage,50,TRUE,straight,,fine,,darkness_not_lit,giveway_sign,0,0,0,0,1,0,0,0,0,0,0,0,0,0,0,0,0,1,0,0
-35.23410609,173.9574313,Far North District,2018,property_damage,50,TRUE,curved_view_open,,rain,,darkness_not_lit,giveway_sign,0,0,0,0,1,0,0,0,0,0,0,0,0,0,0,0,0,1,0,0
-36.92797384,174.9020033,Auckland,2018,property_damage,60,TRUE,straight,,fine,,dawn_dusk,traffic_lights,0,0,0,0,1,0,0,0,0,0,0,0,0,0,0,0,0,1,0,0
-36.90915663,174.7585643,Auckland,2018,property_damage,50,TRUE,straight,,fine,,darkness_not_lit,traffic_lights,0,0,0,0,1,0,0,0,0,0,0,0,0,0,0,0,0,1,0,0
-36.90915663,174.7585643,Auckland,2018,property_damage,50,TRUE,straight,,fine,,darkness_not_lit,traffic_lights,0,0,0,0,1,0,0,0,0,0,0,0,0,0,0,0,0,1,0,0
-36.85126469,174.7584819,Auckland,2018,property_damage,50,TRUE,straight,,rain,,daylight,traffic_lights,0,0,0,0,1,0,0,0,0,0,0,0,0,0,0,0,0,1,0,0
-36.98576242,174.8841395,Auckland,2018,property_damage,50,TRUE,straight,,rain,,darkness_not_lit,traffic_lights,0,0,0,0,1,0,0,0,0,0,0,0,0,0,0,0,0,1,0,0
-36.78858485,174.7523749,Auckland,2018,property_damage,50,TRUE,straight,,rain,,daylight,traffic_lights,0,0,0,0,1,0,0,0,0,0,0,0,0,0,0,0,0,1,0,0
-36.78858485,174.7523749,Auckland,2018,property_damage,50,TRUE,curved_view_open,,rain,,darkness_not_lit,traffic_lights,0,0,0,0,1,0,0,0,0,0,0,0,0,0,0,0,0,1,0,0
-37.77841436,175.2728805,Hamilton City,2018,property_damage,60,TRUE,straight,,rain,,daylight,traffic_lights,0,0,0,0,1,0,0,0,0,0,0,0,0,0,0,0,0,1,0,0
-37.0246369,174.8953849,Auckland,2018,property_damage,50,TRUE,straight,,fine,,daylight,giveway_sign,0,0,0,0,1,0,0,0,0,0,0,0,0,0,0,0,0,1,0,0
-36.92643786,174.7951335,Auckland,2018,property_damage,50,TRUE,curved_view_open,,mist,,daylight,stop_sign,0,0,0,0,1,0,0,0,0,0,0,0,0,0,0,0,0,1,0,0
-36.89454644,174.6965525,Auckland,2018,property_damage,50,TRUE,curved_view_open,,rain,,daylight,traffic_lights,0,0,0,0,1,0,0,0,0,0,0,0,0,0,0,0,0,1,0,0
-36.77407842,174.7211427,Auckland,2018,property_damage,50,TRUE,curved_view_open,,fine,,darkness_not_lit,traffic_lights,0,0,0,0,1,0,0,0,0,0,0,0,0,0,0,0,0,1,0,0
-36.88247315,174.7175478,Auckland,2018,property_damage,50,TRUE,curved_view_open,,rain,,darkness_not_lit,,0,0,0,0,1,0,0,0,0,0,0,0,0,0,0,0,0,1,0,0
-36.93711962,174.8537255,Auckland,2018,property_damage,50,TRUE,curved_view_open,,fine,,darkness_not_lit,stop_sign,0,0,0,0,1,0,0,0,0,0,0,0,0,0,0,0,0,1,0,0
-36.93711962,174.8537255,Auckland,2018,property_damage,50,TRUE,curved_view_open,,fine,,darkness_not_lit,stop_sign,0,0,0,0,1,0,0,0,0,0,0,0,0,0,0,0,0,1,0,0
-36.98952751,174.8831538,Auckland,2018,property_damage,50,TRUE,straight,,rain,,darkness_not_lit,traffic_lights,0,0,0,0,1,0,0,0,0,0,0,0,0,0,0,0,0,1,0,0
-37.04377774,174.9146378,Auckland,2018,property_damage,50,TRUE,straight,,rain,,daylight,stop_sign,0,0,0,0,1,0,0,0,0,0,0,0,0,0,0,0,0,1,0,0
-36.87842509,174.7764613,Auckland,2018,property_damage,50,TRUE,straight,,fine,,darkness_not_lit,giveway_sign,0,0,0,0,1,0,0,0,0,0,0,0,0,0,0,0,0,1,0,0
-36.87842509,174.7764613,Auckland,2018,property_damage,50,TRUE,straight,,fine,,darkness_not_lit,giveway_sign,0,0,0,0,1,0,0,0,0,0,0,0,0,0,0,0,0,1,0,0
-37.79045542,175.2923151,Hamilton City,2018,property_damage,50,TRUE,curved_view_open,,fine,,darkness_not_lit,traffic_lights,0,0,0,0,1,0,0,0,0,0,0,0,0,0,0,0,0,1,0,0
-36.92134263,174.840647,Auckland,2018,property_damage,50,TRUE,curved_view_open,,fine,,daylight,traffic_lights,0,0,0,0,1,0,0,0,0,0,0,0,0,0,0,0,0,1,0,0
-36.95421613,174.9050593,Auckland,2018,property_damage,60,TRUE,curved_view_open,,fine,,darkness_not_lit,giveway_sign,0,0,0,0,1,0,0,0,0,0,0,0,0,0,0,0,0,1,0,0
-36.92519614,174.832174,Auckland,2018,property_damage,60,TRUE,straight,,fine,,darkness_not_lit,traffic_lights,0,0,0,0,1,0,0,0,0,0,0,0,0,0,0,0,0,1,0,0
-36.78009371,174.7499516,Auckland,2018,property_damage,50,TRUE,curved_view_open,,fine,,daylight,traffic_lights,0,0,0,0,1,0,0,0,0,0,0,0,0,0,0,0,0,1,0,0
-37.05511953,174.9585772,Auckland,2018,property_damage,50,TRUE,straight,,fine,,darkness_not_lit,stop_sign,0,0,0,0,1,0,0,0,0,0,0,0,0,0,0,0,0,1,0,0
-36.98553068,174.8851113,Auckland,2018,property_damage,60,TRUE,curved_view_open,,rain,,daylight,traffic_lights,0,0,0,0,1,0,0,0,0,0,0,0,0,0,0,0,0,1,0,0
-36.89889224,174.8509821,Auckland,2018,property_damage,50,TRUE,straight,,fine,,daylight,giveway_sign,0,0,0,0,1,0,0,0,0,0,0,0,0,0,0,0,0,1,0,0
-36.84500917,174.7736579,Auckland,2018,property_damage,50,TRUE,curved_view_open,,fine,,darkness_not_lit,traffic_lights,0,0,0,0,1,0,0,0,0,0,0,0,0,0,0,0,0,1,0,0
-36.84500917,174.7736579,Auckland,2018,property_damage,50,TRUE,straight,,fine,,darkness_not_lit,traffic_lights,0,0,0,0,1,0,0,0,0,0,0,0,0,0,0,0,0,1,0,0
-37.79273619,175.3285534,Hamilton City,2018,property_damage,50,TRUE,straight,,fine,,darkness_not_lit,giveway_sign,0,0,0,0,1,0,0,0,0,0,0,0,0,0,0,0,0,1,0,0
-36.97248081,174.8667936,Auckland,2018,property_damage,50,TRUE,curved_view_open,,rain,,darkness_not_lit,giveway_sign,0,0,0,0,1,0,0,0,0,0,0,0,0,0,0,0,0,1,0,0
-36.97248081,174.8667936,Auckland,2018,property_damage,50,TRUE,curved_view_open,,rain,,darkness_not_lit,giveway_sign,0,0,0,0,1,0,0,0,0,0,0,0,0,0,0,0,0,1,0,0
-37.77968612,175.2760871,Hamilton City,2018,property_damage,50,TRUE,curved_view_open,,fine,,daylight,traffic_lights,0,0,0,0,1,0,0,0,0,0,0,0,0,0,0,0,0,1,0,0
-37.66003149,175.1502864,Waikato District,2018,property_damage,50,TRUE,curved_view_open,,mist,,darkness_not_lit,stop_sign,0,0,0,0,1,0,0,0,0,0,0,0,0,0,0,0,0,1,0,0
-36.85986129,174.8296704,Auckland,2018,property_damage,50,TRUE,curved_view_open,,rain,,darkness_not_lit,traffic_lights,0,0,0,0,1,0,0,0,0,0,0,0,0,0,0,0,0,1,0,0
-36.81223771,174.7504478,Auckland,2018,property_damage,50,TRUE,curved_view_open,,fine,,darkness_not_lit,giveway_sign,0,0,0,0,1,0,0,0,0,0,0,0,0,0,0,0,0,1,0,0
-37.87260749,175.8425512,Matamata-Piako District,2018,property_damage,70,TRUE,straight,,fine,,dawn_dusk,stop_sign,0,0,0,0,1,0,0,0,0,0,0,0,0,0,0,0,0,1,0,0
-43.32552546,172.5988494,Waimakariri District,2018,property_damage,50,TRUE,straight,,mist,,darkness_not_lit,giveway_sign,0,0,0,0,1,0,0,0,0,0,0,0,0,0,0,0,0,1,0,0
-45.85865633,170.512281,Dunedin City,2018,property_damage,50,TRUE,straight,,fine,,darkness_not_lit,traffic_lights,0,0,0,0,1,0,0,0,0,0,0,0,0,0,0,0,0,1,0,0
-43.52655661,172.6506078,Christchurch City,2018,property_damage,50,TRUE,straight,,fine,,daylight,traffic_lights,0,0,0,0,1,0,0,0,0,0,0,0,0,0,0,0,0,1,0,0
-44.83555667,169.4266668,Central Otago District,2018,property_damage,100,TRUE,curved_view_open,,fine,,daylight,giveway_sign,0,0,0,0,1,0,0,0,0,0,0,0,0,0,0,0,0,1,0,0
-44.83555667,169.4266668,Central Otago District,2018,property_damage,100,TRUE,curved_view_open,,fine,,darkness_not_lit,giveway_sign,0,0,0,0,1,0,0,0,0,0,0,0,0,0,0,0,0,1,0,0
-37.89122582,175.4748437,Waipa District,2018,property_damage,50,TRUE,curved_view_open,,fine,,darkness_not_lit,stop_sign,0,0,0,0,1,0,0,0,0,0,0,0,0,0,0,0,0,1,0,0
-36.89787221,174.6433522,Auckland,2018,property_damage,50,TRUE,curved_view_open,,fine,,darkness_not_lit,giveway_sign,0,0,0,0,1,0,0,0,0,0,0,0,0,0,0,0,0,1,0,0
-36.87820194,174.6350543,Auckland,2018,property_damage,50,TRUE,curved_view_open,,mist,,darkness_not_lit,giveway_sign,0,0,0,0,1,0,0,0,0,0,0,0,0,0,0,0,0,1,0,0
-37.78160171,175.2888397,Hamilton City,2018,property_damage,50,TRUE,straight,,rain,,darkness_not_lit,traffic_lights,0,0,0,0,1,0,0,0,0,0,0,0,0,0,0,0,0,1,0,0
-37.69552524,176.1117574,Tauranga City,2018,property_damage,50,TRUE,curved_view_open,,rain,,daylight,giveway_sign,0,0,0,0,1,0,0,0,0,0,0,0,0,0,0,0,0,1,0,0
-37.77245619,175.2692241,Hamilton City,2018,property_damage,50,TRUE,straight,,rain,,daylight,traffic_lights,0,0,0,0,1,0,0,0,0,0,0,0,0,0,0,0,0,1,0,0
-36.85886626,174.7564351,Auckland,2018,property_damage,80,TRUE,straight,,fine,,darkness_not_lit,traffic_lights,0,0,0,0,1,0,0,0,0,0,0,0,0,0,0,0,0,1,0,0
-37.07115591,174.9281823,Auckland,2018,property_damage,100,FALSE,straight,,fine,,daylight,,0,0,0,0,1,0,0,0,0,0,0,0,0,0,0,0,0,1,0,0
-36.96270194,174.8696323,Auckland,2018,property_damage,50,TRUE,straight,,rain,,darkness_not_lit,traffic_lights,0,0,0,0,1,0,0,0,0,0,0,0,0,0,0,0,0,1,0,0
-36.88227153,174.6412674,Auckland,2018,property_damage,50,TRUE,curved_view_open,,rain,,daylight,,0,0,0,0,1,0,0,0,0,0,0,0,0,0,0,0,0,1,0,0
-36.92194223,174.7380448,Auckland,2018,property_damage,50,TRUE,curved_view_open,,fine,,daylight,,0,0,0,0,1,0,0,0,0,0,0,0,0,0,0,0,0,1,0,0
-37.8895135,175.4615401,Waipa District,2018,property_damage,50,FALSE,straight,,fine,,daylight,,0,0,0,0,1,0,0,0,0,0,0,0,0,0,0,0,0,1,0,0
-38.14812231,176.247023,Rotorua District,2018,property_damage,50,TRUE,straight,,fine,,darkness_not_lit,,0,0,0,0,1,0,0,0,0,0,0,0,0,0,0,0,0,1,0,0
-44.04429089,171.2694474,Timaru District,2018,property_damage,100,FALSE,straight,,rain,,darkness_not_lit,,0,0,0,0,1,0,0,0,0,0,0,0,0,0,0,0,0,1,0,0
-43.49032414,172.5936173,Christchurch City,2018,property_damage,50,TRUE,straight,,rain,,darkness_not_lit,traffic_lights,0,0,0,0,1,0,0,0,0,0,0,0,0,0,0,0,0,1,0,0
-43.49032414,172.5936173,Christchurch City,2018,property_damage,50,TRUE,straight,,rain,,darkness_not_lit,traffic_lights,0,0,0,0,1,0,0,0,0,0,0,0,0,0,0,0,0,1,0,0
-43.53421269,172.6426675,Christchurch City,2018,property_damage,30,TRUE,straight,,fine,,daylight,traffic_lights,0,0,0,0,1,0,0,0,0,0,0,0,0,0,0,0,0,1,0,0
-43.53421269,172.6426675,Christchurch City,2018,property_damage,50,TRUE,straight,,fine,,darkness_not_lit,traffic_lights,0,0,0,0,1,0,0,0,0,0,0,0,0,0,0,0,0,1,0,0
-43.52550318,172.6305794,Christchurch City,2018,property_damage,30,TRUE,straight,,fine,,darkness_not_lit,stop_sign,0,0,0,0,1,0,0,0,0,0,0,0,0,0,0,0,0,1,0,0
-36.71718173,174.7119453,Auckland,2018,property_damage,100,FALSE,straight,,fine,,daylight,,0,0,0,0,1,0,0,0,0,0,0,0,0,0,0,0,0,1,0,0
-36.71718173,174.7119453,Auckland,2018,property_damage,100,FALSE,straight,,fine,,daylight,,0,0,0,0,1,0,0,0,0,0,0,0,0,0,0,0,0,1,0,0
-36.9032368,174.8118061,Auckland,2018,property_damage,100,TRUE,straight,,fine,,daylight,giveway_sign,0,0,0,0,1,0,0,0,0,0,0,0,0,0,0,0,0,1,0,0
-36.95363828,174.7958393,Auckland,2018,property_damage,50,TRUE,straight,,rain,,darkness_not_lit,traffic_lights,0,0,0,0,1,0,0,0,0,0,0,0,0,0,0,0,0,1,0,0
-37.00280813,174.8857177,Auckland,2018,property_damage,60,TRUE,straight,,fine,,daylight,stop_sign,0,0,0,0,1,0,0,0,0,0,0,0,0,0,0,0,0,1,0,0
-36.84545769,174.761074,Auckland,2018,property_damage,50,TRUE,straight,,fine,,daylight,traffic_lights,0,0,0,0,1,0,0,0,0,0,0,0,0,0,0,0,0,1,0,0
-38.21744736,175.8730907,South Waikato District,2018,property_damage,60,TRUE,straight,,fine,,daylight,stop_sign,0,0,0,0,1,0,0,0,0,0,0,0,0,0,0,0,0,1,0,0
-36.88619614,174.7435064,Auckland,2018,property_damage,50,TRUE,straight,,fine,,darkness_not_lit,traffic_lights,0,0,0,0,1,0,0,0,0,0,0,0,0,0,0,0,0,1,0,0
-38.01025137,177.2871222,Opotiki District,2018,property_damage,50,TRUE,straight,,rain,,daylight,stop_sign,0,0,0,0,1,0,0,0,0,0,0,0,0,0,0,0,0,1,0,0
-37.73500188,176.1235188,Tauranga City,2018,property_damage,70,TRUE,straight,,fine,,daylight,giveway_sign,0,0,0,0,1,0,0,0,0,0,0,0,0,0,0,0,0,1,0,0
-35.86924457,174.4009236,Whangarei District,2018,property_damage,100,TRUE,straight,,fine,,darkness_not_lit,giveway_sign,0,0,0,0,1,0,0,0,0,0,0,0,0,0,0,0,0,1,0,0
-38.12894024,176.2418609,Rotorua District,2018,property_damage,50,TRUE,straight,,rain,,darkness_not_lit,traffic_lights,0,0,0,0,1,0,0,0,0,0,0,0,0,0,0,0,0,1,0,0
-38.12894024,176.2418609,Rotorua District,2018,property_damage,50,TRUE,straight,,rain,,darkness_not_lit,traffic_lights,0,0,0,0,1,0,0,0,0,0,0,0,0,0,0,0,0,1,0,0
-36.815544,174.7511733,Auckland,2018,property_damage,80,FALSE,curved_view_open,,rain,,daylight,,0,0,0,0,1,0,0,0,0,0,0,0,0,0,0,0,0,1,0,0
-40.36557491,175.5518998,Palmerston North City,2018,property_damage,100,TRUE,straight,,fine,,darkness_not_lit,stop_sign,0,0,0,0,1,0,0,0,0,0,0,0,0,0,0,0,0,1,0,0
-40.36557491,175.5518998,Palmerston North City,2018,property_damage,100,TRUE,straight,,fine,,darkness_not_lit,stop_sign,0,0,0,0,1,0,0,0,0,0,0,0,0,0,0,0,0,1,0,0
-38.65733462,178.0125117,Gisborne District,2018,property_damage,50,TRUE,straight,,fine,,darkness_not_lit,giveway_sign,0,0,0,0,1,0,0,0,0,0,0,0,0,0,0,0,0,1,0,0
-39.50592306,176.884833,Napier City,2018,property_damage,50,TRUE,straight,,fine,,daylight,traffic_lights,0,0,0,0,1,0,0,0,0,0,0,0,0,0,0,0,0,1,0,0
-41.10856381,174.9172271,Porirua City,2018,property_damage,80,TRUE,straight,,rain,,daylight,giveway_sign,0,0,0,0,1,0,0,0,0,0,0,0,0,0,0,0,0,1,0,0
-41.25456757,174.9517718,Hutt City,2018,property_damage,50,TRUE,curved_view_open,,rain,,darkness_not_lit,,0,0,0,0,1,0,0,0,0,0,0,0,0,0,0,0,0,1,0,0
-41.09071165,172.9967614,Tasman District,2018,property_damage,80,TRUE,curved_view_open,,rain,,darkness_not_lit,stop_sign,0,0,0,0,1,0,0,0,0,0,0,0,0,0,0,0,0,1,0,0
-39.92877879,175.0427133,Wanganui District,2018,property_damage,50,TRUE,straight,,rain,,darkness_not_lit,giveway_sign,0,0,0,0,1,0,0,0,0,0,0,0,0,0,0,0,0,1,0,0
-40.61574214,175.3215535,Horowhenua District,2018,property_damage,100,TRUE,straight,,rain,,darkness_not_lit,stop_sign,0,0,0,0,1,0,0,0,0,0,0,0,0,0,0,0,0,1,0,0
-45.85647043,170.3121595,Dunedin City,2018,property_damage,100,TRUE,straight,,fine,,daylight,stop_sign,0,0,0,0,1,0,0,0,0,0,0,0,0,0,0,0,0,1,0,0
-43.53706273,172.6031432,Christchurch City,2018,property_damage,60,TRUE,straight,,rain,,darkness_not_lit,traffic_lights,0,0,0,0,1,0,0,0,0,0,0,0,0,0,0,0,0,1,0,0
-46.40641598,168.3472663,Invercargill City,2018,property_damage,50,TRUE,straight,,fine,,darkness_not_lit,traffic_lights,0,0,0,0,1,0,0,0,0,0,0,0,0,0,0,0,0,1,0,0
-46.40641598,168.3472663,Invercargill City,2018,property_damage,50,TRUE,straight,,fine,,darkness_not_lit,traffic_lights,0,0,0,0,1,0,0,0,0,0,0,0,0,0,0,0,0,1,0,0
-43.52724464,172.6021434,Christchurch City,2018,property_damage,50,TRUE,straight,,fine,,darkness_not_lit,traffic_lights,0,0,0,0,1,0,0,0,0,0,0,0,0,0,0,0,0,1,0,0
-43.52724464,172.6021434,Christchurch City,2018,property_damage,50,TRUE,straight,,fine,,darkness_not_lit,traffic_lights,0,0,0,0,1,0,0,0,0,0,0,0,0,0,0,0,0,1,0,0
-45.91634885,170.2091857,Dunedin City,2018,property_damage,50,TRUE,curved_view_open,,fine,,darkness_not_lit,,0,0,0,0,1,0,0,0,0,0,0,0,0,0,0,0,0,1,0,0
-45.91634885,170.2091857,Dunedin City,2018,property_damage,70,TRUE,curved_view_open,,fine,,daylight,,0,0,0,0,1,0,0,0,0,0,0,0,0,0,0,0,0,1,0,0
-45.89986146,170.4550707,Dunedin City,2018,property_damage,100,FALSE,curved_view_open,,fine,,daylight,,0,0,0,0,1,0,0,0,0,0,0,0,0,0,0,0,0,1,0,0
-44.00219581,170.454913,Mackenzie District,2018,property_damage,100,TRUE,straight,,fine,,daylight,giveway_sign,0,0,0,0,1,0,0,0,0,0,0,0,0,0,0,0,0,1,0,0
-44.00219581,170.454913,Mackenzie District,2018,property_damage,100,TRUE,straight,,fine,,darkness_not_lit,giveway_sign,0,0,0,0,1,0,0,0,0,0,0,0,0,0,0,0,0,1,0,0
-40.29080999,175.6322613,Palmerston North City,2018,property_damage,100,TRUE,straight,,rain,,dawn_dusk,giveway_sign,0,0,0,0,1,0,0,0,0,0,0,0,0,0,0,0,0,1,0,0
-41.5135651,173.9588735,Marlborough District,2018,property_damage,50,TRUE,curved_view_open,,fine,,daylight,,0,0,0,0,1,0,0,0,0,0,0,0,0,0,0,0,0,1,0,0
-39.62871489,176.834863,Hastings District,2018,property_damage,50,TRUE,straight,,fine,,darkness_not_lit,giveway_sign,0,0,0,0,1,0,0,0,0,0,0,0,0,0,0,0,0,1,0,0
-41.27069004,173.2809929,Nelson City,2018,property_damage,50,TRUE,straight,,rain,,darkness_not_lit,traffic_lights,0,0,0,0,1,0,0,0,0,0,0,0,0,0,0,0,0,1,0,0
-41.33139538,173.2028588,Nelson City,2018,property_damage,100,TRUE,curved_view_open,,rain,,darkness_not_lit,giveway_sign,0,0,0,0,1,0,0,0,0,0,0,0,0,0,0,0,0,1,0,0
-41.33139538,173.2028588,Nelson City,2018,property_damage,100,TRUE,curved_view_open,,rain,,darkness_not_lit,giveway_sign,0,0,0,0,1,0,0,0,0,0,0,0,0,0,0,0,0,1,0,0