latitude,longitude,local_government_area,year,severity,speed_limit,intersection,road_position_horizontal,road_wet,weather,crash_type,lighting,traffic_controls,casualties,fatalities,serious_injuries,minor_injuries,car_sedan,car_utility,car_van,car_4x4,car_station_wagon,motor_cycle,truck_small,truck_large,bus,taxi,bicycle,scooter,pedestrian,inanimate,train,tram
-37.99746862,175.397257,Waipa District,2018,property_damage,100,FALSE,straight,,fine,,darkness_not_lit,,0,0,0,0,1,0,0,0,0,0,0,0,0,0,0,0,0,1,0,0
-36.91616108,174.7844756,Auckland,2018,property_damage,50,FALSE,straight,,fine,,daylight,traffic_lights,0,0,0,0,1,0,0,0,0,0,0,0,0,0,0,0,0,1,0,0
-36.89347487,174.930839,Auckland,2018,property_damage,50,FALSE,straight,,fine,,daylight,,0,0,0,0,1,0,0,0,0,0,0,0,0,0,0,0,0,1,0,0
-45.87203941,168.376578,Southland District,2018,property_damage,100,FALSE,straight,,rain,,daylight,,0,0,0,0,1,0,0,0,0,0,0,0,0,0,0,0,0,1,0,0
-45.07544313,169.2304336,Central Otago District,2018,property_damage,100,FALSE,curved_view_open,,rain,,daylight,,0,0,0,0,1,0,0,0,0,0,0,0,0,0,0,0,0,1,0,0
-38.10626548,175.19208,Otorohanga District,2018,property_damage,100,FALSE,curved_view_open,,mist,,dawn_dusk,,0,0,0,0,1,0,0,0,0,0,0,0,0,0,0,0,0,1,0,0
-39.59273355,174.2785852,South Taranaki District,2018,property_damage,50,FALSE,straight,,rain,,darkness_not_lit,,0,0,0,0,1,0,0,0,0,0,0,0,0,0,0,0,0,1,0,0
-39.23043414,175.3945475,Ruapehu District,2018,property_damage,100,FALSE,straight,,rain,,daylight,,0,0,0,0,1,0,0,0,0,0,0,0,0,0,0,0,0,1,0,0
-39.07680999,174.1027506,New Plymouth District,2018,property_damage,50,FALSE,straight,,fine,,daylight,,0,0,0,0,1,0,0,0,0,0,0,0,0,0,0,0,0,1,0,0
-39.04747209,174.1455819,New Plymouth District,2018,property_damage,80,FALSE,curved_view_open,,fine,,dawn_dusk,,0,0,0,0,1,0,0,0,0,0,0,0,0,0,0,0,0,1,0,0
-36.92449245,174.9345062,Auckland,2018,property_damage,80,FALSE,curved_view_open,,rain,,daylight,,0,0,0,0,1,0,0,0,0,0,0,0,0,0,0,0,0,1,0,0
-36.23499739,174.5109505,Auckland,2018,property_damage,100,FALSE,curved_view_open,,fine,,daylight,,0,0,0,0,1,0,0,0,0,0,0,0,0,0,0,0,0,1,0,0
-39.25142929,176.6855985,Hastings District,2018,property_damage,100,FALSE,curved_view_open,,rain,,daylight,,0,0,0,0,1,0,0,0,0,0,0,0,0,0,0,0,0,1,0,0
-36.84421157,174.7514681,Auckland,2018,property_damage,80,FALSE,straight,,rain,,daylight,,0,0,0,0,1,0,0,0,0,0,0,0,0,0,0,0,0,1,0,0
-36.91962327,174.7590292,Auckland,2018,property_damage,50,TRUE,curved_view_open,,fine,,daylight,giveway_sign,0,0,0,0,1,0,0,0,0,0,0,0,0,0,0,0,0,1,0,0
-39.61854324,176.7731607,Hastings District,2018,property_damage,50,FALSE,straight,,fine,,darkness_not_lit,,0,0,0,0,1,0,0,0,0,0,0,0,0,0,0,0,0,1,0,0
-45.857552,170.2271512,Dunedin City,2018,property_damage,50,FALSE,straight,,fine,,darkness_not_lit,,0,0,0,0,1,0,0,0,0,0,0,0,0,0,0,0,0,1,0,0
-42.01097316,172.2371592,Tasman District,2018,property_damage,100,FALSE,curved_view_open,,rain,,daylight,,0,0,0,0,1,0,0,0,0,0,0,0,0,0,0,0,0,1,0,0
-36.84465033,174.8241603,Auckland,2018,property_damage,50,FALSE,curved_view_open,,rain,,daylight,,0,0,0,0,1,0,0,0,0,0,0,0,0,0,0,0,0,1,0,0
-36.76097897,175.4977401,Thames-Coromandel District,2018,property_damage,50,FALSE,straight,,rain,,daylight,,0,0,0,0,1,0,0,0,0,0,0,0,0,0,0,0,0,1,0,0
-37.06520084,175.7964304,Thames-Coromandel District,2018,property_damage,100,FALSE,curved_view_open,,rain,,daylight,,0,0,0,0,1,0,0,0,0,0,0,0,0,0,0,0,0,1,0,0
-40.39537622,175.6914917,Palmerston North City,2018,property_damage,100,FALSE,curved_view_open,,rain,,daylight,,0,0,0,0,1,0,0,0,0,0,0,0,0,0,0,0,0,1,0,0
-40.07471457,175.1626455,Rangitikei District,2018,property_damage,100,FALSE,curved_view_open,,rain,,daylight,,0,0,0,0,1,0,0,0,0,0,0,0,0,0,0,0,0,1,0,0
-45.07875057,168.4823131,Queenstown-Lakes District,2018,property_damage,100,FALSE,curved_view_open,,fine,,daylight,,0,0,0,0,1,0,0,0,0,0,0,0,0,0,0,0,0,1,0,0
-37.41766024,175.8938391,Hauraki District,2018,property_damage,100,FALSE,curved_view_open,,rain,,daylight,,0,0,0,0,1,0,0,0,0,0,0,0,0,0,0,0,0,1,0,0
-37.44299542,175.8762589,Hauraki District,2018,property_damage,100,FALSE,curved_view_open,,rain,,daylight,,0,0,0,0,1,0,0,0,0,0,0,0,0,0,0,0,0,1,0,0
-39.04098186,174.1123152,New Plymouth District,2018,property_damage,50,FALSE,straight,,fine,,daylight,,0,0,0,0,1,0,0,0,0,0,0,0,0,0,0,0,0,1,0,0
-37.46346999,175.156841,Waikato District,2018,property_damage,100,FALSE,straight,,rain,,daylight,,0,0,0,0,1,0,0,0,0,0,0,0,0,0,0,0,0,1,0,0
-37.8686859,175.4677123,Waipa District,2018,property_damage,110,FALSE,straight,,fine,,daylight,,0,0,0,0,1,0,0,0,0,0,0,0,0,0,0,0,0,1,0,0
-36.95996141,174.6417432,Auckland,2018,property_damage,50,FALSE,curved_view_open,,fine,,dawn_dusk,,0,0,0,0,1,0,0,0,0,0,0,0,0,0,0,0,0,1,0,0
-36.05497474,173.9322026,Kaipara District,2018,property_damage,100,FALSE,straight,,fine,,daylight,,0,0,0,0,1,0,0,0,0,0,0,0,0,0,0,0,0,1,0,0
-37.13742434,174.7935107,Auckland,2018,property_damage,100,FALSE,curved_view_open,,rain,,darkness_not_lit,,0,0,0,0,1,0,0,0,0,0,0,0,0,0,0,0,0,1,0,0
-36.95040481,174.8450635,Auckland,2018,property_damage,50,FALSE,straight,,rain,,daylight,,0,0,0,0,1,0,0,0,0,0,0,0,0,0,0,0,0,1,0,0
-36.94058455,174.8389877,Auckland,2018,property_damage,50,FALSE,straight,,fine,,darkness_not_lit,,0,0,0,0,1,0,0,0,0,0,0,0,0,0,0,0,0,1,0,0
-41.22771977,174.8082221,Wellington City,2018,property_damage,100,FALSE,curved_view_open,,rain,,darkness_not_lit,,0,0,0,0,1,0,0,0,0,0,0,0,0,0,0,0,0,1,0,0
-43.49215226,172.7018359,Christchurch City,2018,property_damage,70,FALSE,straight,,fine,,darkness_not_lit,,0,0,0,0,1,0,0,0,0,0,0,0,0,0,0,0,0,1,0,0
-38.05846579,176.7352543,Kawerau District,2018,property_damage,100,FALSE,straight,,fine,,daylight,,0,0,0,0,1,0,0,0,0,0,0,0,0,0,0,0,0,1,0,0
-35.5406629,174.3104915,Whangarei District,2018,property_damage,100,FALSE,curved_view_open,,rain,,daylight,,0,0,0,0,1,0,0,0,0,0,0,0,0,0,0,0,0,1,0,0
-45.8516672,170.549959,Dunedin City,2018,property_damage,50,FALSE,curved_view_open,,fine,,darkness_not_lit,,0,0,0,0,1,0,0,0,0,0,0,0,0,0,0,0,0,1,0,0
-37.73172373,176.1999775,Tauranga City,2018,property_damage,50,FALSE,curved_view_open,,fine,,daylight,,0,0,0,0,1,0,0,0,0,0,0,0,0,0,0,0,0,1,0,0
-36.52242031,174.675736,Auckland,2018,property_damage,80,FALSE,straight,,fine,,daylight,,0,0,0,0,1,0,0,0,0,0,0,0,0,0,0,0,0,1,0,0
-36.92368162,174.6001789,Auckland,2018,property_damage,70,FALSE,curved_view_open,,rain,,daylight,,0,0,0,0,1,0,0,0,0,0,0,0,0,0,0,0,0,1,0,0
-43.97783021,171.3687047,Ashburton District,2018,property_damage,100,FALSE,straight,,fine,,daylight,,0,0,0,0,1,0,0,0,0,0,0,0,0,0,0,0,0,1,0,0
-41.27816947,174.7699736,Wellington City,2018,property_damage,30,FALSE,straight,,fine,,daylight,,0,0,0,0,1,0,0,0,0,0,0,0,0,0,0,0,0,1,0,0
-40.25803833,176.0286276,Tararua District,2018,property_damage,100,FALSE,curved_view_open,,fine,,daylight,,0,0,0,0,1,0,0,0,0,0,0,0,0,0,0,0,0,1,0,0
-43.56850927,172.5599167,Christchurch City,2018,property_damage,50,FALSE,curved_view_open,,fine,,darkness_not_lit,,0,0,0,0,1,0,0,0,0,0,0,0,0,0,0,0,0,1,0,0
-36.91951343,174.7197591,Auckland,2018,property_damage,50,FALSE,straight,,rain,,darkness_not_lit,,0,0,0,0,1,0,0,0,0,0,0,0,0,0,0,0,0,1,0,0
-43.38733864,172.6590387,Waimakariri District,2018,property_damage,50,FALSE,curved_view_open,,fine,,daylight,,0,0,0,0,1,0,0,0,0,0,0,0,0,0,0,0,0,1,0,0
-36.22363244,174.4891814,Kaipara District,2018,property_damage,100,FALSE,curved_view_open,,fine,,daylight,,0,0,0,0,1,0,0,0,0,0,0,0,0,0,0,0,0,1,0,0
-41.18785459,175.0307362,Upper Hutt City,2018,property_damage,80,FALSE,curved_view_open,,fine,,darkness_not_lit,,0,0,0,0,1,0,0,0,0,0,0,0,0,0,0,0,0,1,0,0
-41.18600589,174.9362369,Hutt City,2018,property_damage,100,FALSE,straight,,fine,,darkness_not_lit,,0,0,0,0,1,0,0,0,0,0,0,0,0,0,0,0,0,1,0,0
-36.81339358,174.7539717,Auckland,2018,property_damage,80,FALSE,curved_view_open,,rain,,daylight,,0,0,0,0,1,0,0,0,0,0,0,0,0,0,0,0,0,1,0,0
-38.05037792,175.7744085,South Waikato District,2018,property_damage,50,FALSE,curved_view_open,,rain,,darkness_not_lit,,0,0,0,0,1,0,0,0,0,0,0,0,0,0,0,0,0,1,0,0
-37.23387042,175.0196875,Waikato District,2018,property_damage,100,FALSE,curved_view_open,,fine,,daylight,,0,0,0,0,1,0,0,0,0,0,0,0,0,0,0,0,0,1,0,0
-39.71254952,174.4486881,South Taranaki District,2018,property_damage,70,FALSE,straight,,fine,,darkness_not_lit,,0,0,0,0,1,0,0,0,0,0,0,0,0,0,0,0,0,1,0,0
-36.86715535,174.7682019,Auckland,2018,property_damage,80,FALSE,curved_view_open,,fine,,darkness_not_lit,,0,0,0,0,1,0,0,0,0,0,0,0,0,0,0,0,0,1,0,0
-44.74321229,171.0551546,Waimate District,2018,property_damage,70,FALSE,straight,,fine,,daylight,,0,0,0,0,1,0,0,0,0,0,0,0,0,0,0,0,0,1,0,0
-41.10519487,174.8723414,Porirua City,2018,property_damage,50,TRUE,curved_view_open,,fine,,darkness_not_lit,,0,0,0,0,1,0,0,0,0,0,0,0,0,0,0,0,0,1,0,0
-37.80163864,176.0413092,Western Bay Of Plenty District,2018,property_damage,30,FALSE,curved_view_open,,rain,,daylight,,0,0,0,0,1,0,0,0,0,0,0,0,0,0,0,0,0,1,0,0
-37.79916941,175.2858273,Hamilton City,2018,property_damage,80,FALSE,curved_view_open,,fine,,daylight,,0,0,0,0,1,0,0,0,0,0,0,0,0,0,0,0,0,1,0,0
-35.47478702,174.1116107,Far North District,2018,property_damage,100,FALSE,curved_view_open,,fine,,daylight,,0,0,0,0,1,0,0,0,0,0,0,0,0,0,0,0,0,1,0,0
-36.76653266,174.4988189,Auckland,2018,property_damage,70,FALSE,straight,,mist,,daylight,,0,0,0,0,1,0,0,0,0,0,0,0,0,0,0,0,0,1,0,0
-39.04604184,177.4217055,Wairoa District,2018,property_damage,50,FALSE,straight,,rain,,darkness_not_lit,,0,0,0,0,1,0,0,0,0,0,0,0,0,0,0,0,0,1,0,0
-43.230374,170.1809089,Westland District,2018,property_damage,100,FALSE,curved_view_open,,fine,,darkness_not_lit,,0,0,0,0,1,0,0,0,0,0,0,0,0,0,0,0,0,1,0,0
-37.15429083,175.6399889,Thames-Coromandel District,2018,property_damage,100,FALSE,curved_view_open,,rain,,daylight,,0,0,0,0,1,0,0,0,0,0,0,0,0,0,0,0,0,1,0,0
-37.15392187,175.6403701,Thames-Coromandel District,2018,property_damage,100,FALSE,curved_view_open,,rain,,daylight,,0,0,0,0,1,0,0,0,0,0,0,0,0,0,0,0,0,1,0,0
-43.51019707,172.5596973,Christchurch City,2018,property_damage,50,FALSE,straight,,fine,,daylight,,0,0,0,0,1,0,0,0,0,0,0,0,0,0,0,0,0,1,0,0
-43.66955768,172.6647637,Christchurch City,2018,property_damage,100,FALSE,curved_view_open,,rain,,daylight,,0,0,0,0,1,0,0,0,0,0,0,0,0,0,0,0,0,1,0,0
-37.22691005,174.7375597,Auckland,2018,property_damage,50,FALSE,curved_view_open,,fine,,daylight,,0,0,0,0,1,0,0,0,0,0,0,0,0,0,0,0,0,1,0,0
-38.07889259,176.3291416,Rotorua District,2018,property_damage,100,FALSE,curved_view_open,,fine,,daylight,,0,0,0,0,1,0,0,0,0,0,0,0,0,0,0,0,0,1,0,0
-38.06725145,176.3279183,Rotorua District,2018,property_damage,100,FALSE,curved_view_open,,rain,,darkness_not_lit,,0,0,0,0,1,0,0,0,0,0,0,0,0,0,0,0,0,1,0,0
-39.51567359,176.8644344,Napier City,2018,property_damage,50,FALSE,straight,,fine,,darkness_not_lit,,0,0,0,0,1,0,0,0,0,0,0,0,0,0,0,0,0,1,0,0
-37.79519201,175.2794929,Hamilton City,2018,property_damage,50,FALSE,straight,,fine,,daylight,,0,0,0,0,1,0,0,0,0,0,0,0,0,0,0,0,0,1,0,0
-37.77002648,175.2313126,Hamilton City,2018,property_damage,50,FALSE,straight,,fine,,daylight,,0,0,0,0,1,0,0,0,0,0,0,0,0,0,0,0,0,1,0,0
-45.19427773,169.4064612,Central Otago District,2018,property_damage,100,FALSE,straight,,fine,,daylight,,0,0,0,0,1,0,0,0,0,0,0,0,0,0,0,0,0,1,0,0
-36.85721432,174.7578218,Auckland,2018,property_damage,50,FALSE,curved_view_open,,fine,,daylight,,0,0,0,0,1,0,0,0,0,0,0,0,0,0,0,0,0,1,0,0
-37.09204305,174.6293433,Auckland,2018,property_damage,100,FALSE,curved_view_open,,rain,,daylight,,0,0,0,0,1,0,0,0,0,0,0,0,0,0,0,0,0,1,0,0
-36.97231069,174.8844031,Auckland,2018,property_damage,50,FALSE,curved_view_open,,rain,,darkness_not_lit,,0,0,0,0,1,0,0,0,0,0,0,0,0,0,0,0,0,1,0,0
-37.21152805,175.8626875,Thames-Coromandel District,2018,property_damage,100,FALSE,curved_view_open,,rain,,darkness_not_lit,,0,0,0,0,1,0,0,0,0,0,0,0,0,0,0,0,0,1,0,0
-37.82721439,175.3389643,Waikato District,2018,property_damage,80,FALSE,straight,,fine,,daylight,,0,0,0,0,1,0,0,0,0,0,0,0,0,0,0,0,0,1,0,0
-45.6349634,170.5971219,Dunedin City,2018,property_damage,100,FALSE,curved_view_open,,fine,,daylight,,0,0,0,0,1,0,0,0,0,0,0,0,0,0,0,0,0,1,0,0
-40.44055487,175.2982882,Horowhenua District,2018,property_damage,100,FALSE,straight,,fine,,daylight,,0,0,0,0,1,0,0,0,0,0,0,0,0,0,0,0,0,1,0,0
-39.49602705,173.9067554,South Taranaki District,2018,property_damage,100,FALSE,straight,,rain,,darkness_not_lit,,0,0,0,0,1,0,0,0,0,0,0,0,0,0,0,0,0,1,0,0
-44.99564007,168.923731,Queenstown-Lakes District,2018,property_damage,100,FALSE,curved_view_open,,mist,,daylight,,0,0,0,0,1,0,0,0,0,0,0,0,0,0,0,0,0,1,0,0
-39.90662736,175.0574026,Wanganui District,2018,property_damage,50,FALSE,straight,,rain,,daylight,,0,0,0,0,1,0,0,0,0,0,0,0,0,0,0,0,0,1,0,0
-37.87052051,175.9312647,Matamata-Piako District,2018,property_damage,80,FALSE,curved_view_open,,rain,,daylight,,0,0,0,0,1,0,0,0,0,0,0,0,0,0,0,0,0,1,0,0
-36.96223878,174.7998826,Auckland,2018,property_damage,100,FALSE,curved_view_open,,rain,,dawn_dusk,,0,0,0,0,1,0,0,0,0,0,0,0,0,0,0,0,0,1,0,0
-36.96223878,174.7998826,Auckland,2018,property_damage,100,FALSE,curved_view_open,,rain,,daylight,,0,0,0,0,1,0,0,0,0,0,0,0,0,0,0,0,0,1,0,0
-41.2335472,173.0713809,Tasman District,2018,property_damage,80,FALSE,curved_view_open,,fine,,daylight,,0,0,0,0,1,0,0,0,0,0,0,0,0,0,0,0,0,1,0,0
-37.79861564,175.2860373,Hamilton City,2018,property_damage,80,FALSE,curved_view_open,,rain,,daylight,,0,0,0,0,1,0,0,0,0,0,0,0,0,0,0,0,0,1,0,0
-38.83710423,175.2647087,Ruapehu District,2018,property_damage,100,FALSE,curved_view_open,,fine,,darkness_not_lit,,0,0,0,0,1,0,0,0,0,0,0,0,0,0,0,0,0,1,0,0
-37.70225938,176.2909676,Tauranga City,2018,property_damage,50,FALSE,straight,,rain,,darkness_not_lit,,0,0,0,0,1,0,0,0,0,0,0,0,0,0,0,0,0,1,0,0
-38.02990025,176.3434359,Rotorua District,2018,property_damage,100,FALSE,straight,,rain,,darkness_not_lit,,0,0,0,0,1,0,0,0,0,0,0,0,0,0,0,0,0,1,0,0
-38.60214727,176.1206804,Taupo District,2018,property_damage,100,FALSE,curved_view_open,,fine,,daylight,,0,0,0,0,1,0,0,0,0,0,0,0,0,0,0,0,0,1,0,0
-37.60427588,175.9366436,Western Bay Of Plenty District,2018,property_damage,100,FALSE,curved_view_open,,fine,,daylight,,0,0,0,0,1,0,0,0,0,0,0,0,0,0,0,0,0,1,0,0
-41.50703621,173.9715865,Marlborough District,2018,property_damage,50,FALSE,straight,,rain,,darkness_not_lit,,0,0,0,0,1,0,0,0,0,0,0,0,0,0,0,0,0,1,0,0
-41.06543393,172.9849081,Tasman District,2018,property_damage,80,FALSE,straight,,fine,,daylight,,0,0,0,0,1,0,0,0,0,0,0,0,0,0,0,0,0,1,0,0
-37.2455326,174.7515047,Auckland,2018,property_damage,70,FALSE,curved_view_open,,rain,,daylight,,0,0,0,0,1,0,0,0,0,0,0,0,0,0,0,0,0,1,0,0
-36.86248892,174.7637869,Auckland,2018,property_damage,80,FALSE,straight,,fine,,darkness_not_lit,,0,0,0,0,1,0,0,0,0,0,0,0,0,0,0,0,0,1,0,0
-39.26116699,174.253554,Stratford District,2018,property_damage,100,FALSE,straight,,fine,,daylight,,0,0,0,0,1,0,0,0,0,0,0,0,0,0,0,0,0,1,0,0
-36.5981716,174.6578434,Auckland,2018,property_damage,100,FALSE,straight,,rain,,daylight,,0,0,0,0,1,0,0,0,0,0,0,0,0,0,0,0,0,1,0,0
-36.28754322,174.5476166,Auckland,2018,property_damage,100,FALSE,straight,,fine,,daylight,,0,0,0,0,1,0,0,0,0,0,0,0,0,0,0,0,0,1,0,0
-46.31041265,168.7759479,Southland District,2018,property_damage,100,FALSE,straight,,fine,,darkness_not_lit,,0,0,0,0,1,0,0,0,0,0,0,0,0,0,0,0,0,1,0,0
-43.48536596,172.6022081,Christchurch City,2018,property_damage,50,FALSE,straight,,fine,,daylight,,0,0,0,0,1,0,0,0,0,0,0,0,0,0,0,0,0,1,0,0
-41.2220039,174.8711131,Hutt City,2018,property_damage,50,FALSE,straight,,fine,,daylight,,0,0,0,0,1,0,0,0,0,0,0,0,0,0,0,0,0,1,0,0
-36.96013214,174.7997207,Auckland,2018,property_damage,50,FALSE,curved_view_open,,fine,,darkness_not_lit,,0,0,0,0,1,0,0,0,0,0,0,0,0,0,0,0,0,1,0,0
-37.00779322,174.8997878,Auckland,2018,property_damage,100,FALSE,straight,,fine,,dawn_dusk,,0,0,0,0,1,0,0,0,0,0,0,0,0,0,0,0,0,1,0,0
-37.00779322,174.8997878,Auckland,2018,property_damage,100,FALSE,straight,,rain,,dawn_dusk,,0,0,0,0,1,0,0,0,0,0,0,0,0,0,0,0,0,1,0,0
-37.19577607,174.8645956,Auckland,2018,property_damage,100,FALSE,straight,,rain,,daylight,,0,0,0,0,1,0,0,0,0,0,0,0,0,0,0,0,0,1,0,0
-46.00955755,169.2564209,Clutha District,2018,property_damage,100,FALSE,straight,,fine,,daylight,,0,0,0,0,1,0,0,0,0,0,0,0,0,0,0,0,0,1,0,0
-45.01516393,168.716238,Queenstown-Lakes District,2018,property_damage,50,FALSE,straight,,fine,,darkness_not_lit,,0,0,0,0,1,0,0,0,0,0,0,0,0,0,0,0,0,1,0,0
-44.83531804,169.426808,Central Otago District,2018,property_damage,100,FALSE,curved_view_open,,fine,,daylight,,0,0,0,0,1,0,0,0,0,0,0,0,0,0,0,0,0,1,0,0
-41.26109552,174.9829897,Hutt City,2018,property_damage,70,FALSE,straight,,fine,,daylight,,0,0,0,0,1,0,0,0,0,0,0,0,0,0,0,0,0,1,0,0
-39.05167359,174.2463863,New Plymouth District,2018,property_damage,100,FALSE,straight,,fine,,daylight,,0,0,0,0,1,0,0,0,0,0,0,0,0,0,0,0,0,1,0,0
-37.88439056,175.7964158,Matamata-Piako District,2018,property_damage,100,FALSE,straight,,fine,,daylight,,0,0,0,0,1,0,0,0,0,0,0,0,0,0,0,0,0,1,0,0
-37.15334682,175.6903483,Thames-Coromandel District,2018,property_damage,100,FALSE,curved_view_open,,fine,,daylight,,0,0,0,0,1,0,0,0,0,0,0,0,0,0,0,0,0,1,0,0
-38.2602087,175.1071006,Waitomo District,2018,property_damage,50,FALSE,curved_view_open,,fine,,darkness_not_lit,,0,0,0,0,1,0,0,0,0,0,0,0,0,0,0,0,0,1,0,0
-37.41394128,175.7922727,Hauraki District,2018,property_damage,100,FALSE,curved_view_open,,rain,,daylight,,0,0,0,0,1,0,0,0,0,0,0,0,0,0,0,0,0,1,0,0
-41.02479368,172.9265374,Tasman District,2018,property_damage,100,FALSE,curved_view_open,,fine,,dawn_dusk,,0,0,0,0,1,0,0,0,0,0,0,0,0,0,0,0,0,1,0,0
-37.75530199,176.4139179,Western Bay Of Plenty District,2018,property_damage,100,FALSE,curved_view_open,,fine,,dawn_dusk,,0,0,0,0,1,0,0,0,0,0,0,0,0,0,0,0,0,1,0,0
-37.71068822,175.5637843,Matamata-Piako District,2018,property_damage,100,FALSE,curved_view_open,,rain,,daylight,,0,0,0,0,1,0,0,0,0,0,0,0,0,0,0,0,0,1,0,0
-39.99370734,176.4557232,Central Hawkes Bay District,2018,property_damage,100,FALSE,straight,,fine,,daylight,,0,0,0,0,1,0,0,0,0,0,0,0,0,0,0,0,0,1,0,0
-40.00744426,176.3849571,Central Hawkes Bay District,2018,property_damage,100,FALSE,straight,,fine,,darkness_not_lit,,0,0,0,0,1,0,0,0,0,0,0,0,0,0,0,0,0,1,0,0
-41.32879603,174.7963174,Wellington City,2018,property_damage,50,FALSE,straight,,fine,,daylight,,0,0,0,0,1,0,0,0,0,0,0,0,0,0,0,0,0,1,0,0
-39.0693681,174.0756206,New Plymouth District,2018,property_damage,50,FALSE,straight,,fine,,daylight,,0,0,0,0,1,0,0,0,0,0,0,0,0,0,0,0,0,1,0,0
-43.61340509,172.4261703,Selwyn District,2018,property_damage,100,FALSE,straight,,fine,,darkness_not_lit,,0,0,0,0,1,0,0,0,0,0,0,0,0,0,0,0,0,1,0,0
-37.94326616,175.6604395,Matamata-Piako District,2018,property_damage,100,FALSE,curved_view_open,,rain,,daylight,,0,0,0,0,1,0,0,0,0,0,0,0,0,0,0,0,0,1,0,0
-36.96196254,174.7996739,Auckland,2018,property_damage,80,FALSE,curved_view_open,,rain,,daylight,,0,0,0,0,1,0,0,0,0,0,0,0,0,0,0,0,0,1,0,0
-41.78090806,172.2723584,Tasman District,2018,property_damage,100,FALSE,curved_view_open,,rain,,daylight,,0,0,0,0,1,0,0,0,0,0,0,0,0,0,0,0,0,1,0,0
-39.53215292,174.273389,South Taranaki District,2018,property_damage,100,FALSE,straight,,fine,,darkness_not_lit,,0,0,0,0,1,0,0,0,0,0,0,0,0,0,0,0,0,1,0,0
-36.89706764,175.4280451,Thames-Coromandel District,2018,property_damage,100,FALSE,curved_view_open,,rain,,daylight,,0,0,0,0,1,0,0,0,0,0,0,0,0,0,0,0,0,1,0,0
-37.27680242,175.5323974,Hauraki District,2018,property_damage,100,FALSE,straight,,fine,,daylight,,0,0,0,0,1,0,0,0,0,0,0,0,0,0,0,0,0,1,0,0
-37.04214071,174.9177786,Auckland,2018,property_damage,50,TRUE,straight,,fine,,daylight,stop_sign,0,0,0,0,1,0,0,0,0,0,0,0,0,0,0,0,0,1,0,0
-42.57215815,171.4827668,Grey District,2018,property_damage,100,FALSE,curved_view_open,,fine,,darkness_not_lit,,0,0,0,0,1,0,0,0,0,0,0,0,0,0,0,0,0,1,0,0
-39.92307523,175.0494003,Wanganui District,2018,property_damage,50,FALSE,straight,,fine,,darkness_not_lit,,0,0,0,0,1,0,0,0,0,0,0,0,0,0,0,0,0,1,0,0
-39.88771098,175.0058597,Wanganui District,2018,property_damage,100,FALSE,straight,,fine,,darkness_not_lit,,0,0,0,0,1,0,0,0,0,0,0,0,0,0,0,0,0,1,0,0
-43.73860745,172.0442771,Selwyn District,2018,property_damage,100,FALSE,straight,,fine,,daylight,,0,0,0,0,1,0,0,0,0,0,0,0,0,0,0,0,0,1,0,0
-35.75717769,174.3772333,Whangarei District,2018,property_damage,100,FALSE,straight,,mist,,darkness_not_lit,,0,0,0,0,1,0,0,0,0,0,0,0,0,0,0,0,0,1,0,0
-36.8770451,174.6293749,Auckland,2018,property_damage,50,FALSE,straight,,fine,,darkness_not_lit,,0,0,0,0,1,0,0,0,0,0,0,0,0,0,0,0,0,1,0,0
-41.20634287,173.5680181,Marlborough District,2018,property_damage,100,FALSE,curved_view_open,,fine,,daylight,,0,0,0,0,1,0,0,0,0,0,0,0,0,0,0,0,0,1,0,0
-37.69488632,176.1557589,Tauranga City,2018,property_damage,80,FALSE,straight,,fine,,daylight,,0,0,0,0,1,0,0,0,0,0,0,0,0,0,0,0,0,1,0,0
-44.0756282,170.9474423,Mackenzie District,2018,property_damage,100,FALSE,curved_view_open,,fine,,daylight,,0,0,0,0,1,0,0,0,0,0,0,0,0,0,0,0,0,1,0,0
-36.84339526,174.7536476,Auckland,2018,property_damage,50,TRUE,straight,,fine,,darkness_not_lit,giveway_sign,0,0,0,0,1,0,0,0,0,0,0,0,0,0,0,0,0,1,0,0
-37.88128956,175.9079556,Matamata-Piako District,2018,property_damage,100,FALSE,curved_view_open,,rain,,daylight,,0,0,0,0,1,0,0,0,0,0,0,0,0,0,0,0,0,1,0,0
-44.99241293,168.9362151,Queenstown-Lakes District,2018,property_damage,100,FALSE,curved_view_open,,rain,,daylight,,0,0,0,0,1,0,0,0,0,0,0,0,0,0,0,0,0,1,0,0
-36.89029134,174.5795967,Auckland,2018,property_damage,100,FALSE,curved_view_open,,fine,,darkness_not_lit,,0,0,0,0,1,0,0,0,0,0,0,0,0,0,0,0,0,1,0,0
-44.94577827,168.0168868,Southland District,2018,property_damage,100,FALSE,curved_view_open,,rain,,daylight,,0,0,0,0,1,0,0,0,0,0,0,0,0,0,0,0,0,1,0,0
-41.0639569,174.9383519,Porirua City,2018,property_damage,60,FALSE,straight,,fine,,daylight,,0,0,0,0,1,0,0,0,0,0,0,0,0,0,0,0,0,1,0,0