latitude,longitude,local_government_area,year,severity,speed_limit,intersection,road_position_horizontal,road_wet,weather,crash_type,lighting,traffic_controls,casualties,fatalities,serious_injuries,minor_injuries,car_sedan,car_utility,car_van,car_4x4,car_station_wagon,motor_cycle,truck_small,truck_large,bus,taxi,bicycle,scooter,pedestrian,inanimate,train,tram
-36.92084185,174.6392088,Auckland,2018,property_damage,50,FALSE,straight,,fine,,daylight,,0,0,0,0,1,0,0,0,0,0,0,0,0,0,0,0,0,1,0,0
-40.65397709,175.2773794,Horowhenua District,2018,property_damage,100,FALSE,straight,,rain,,daylight,,0,0,0,0,1,0,0,0,0,0,0,0,0,0,0,0,0,1,0,0
-45.04721958,171.0132451,Waitaki District,2018,property_damage,100,FALSE,straight,,fine,,darkness_not_lit,,0,0,0,0,1,0,0,0,0,0,0,0,0,0,0,0,0,1,0,0
-37.04097151,174.9855457,Auckland,2018,property_damage,100,FALSE,straight,,fine,,darkness_not_lit,,0,0,0,0,1,0,0,0,0,0,0,0,0,0,0,0,0,1,0,0
-37.83225516,175.3613582,Waikato District,2018,property_damage,80,FALSE,straight,,fine,,daylight,,0,0,0,0,1,0,0,0,0,0,0,0,0,0,0,0,0,1,0,0
-45.86405533,170.3821628,Dunedin City,2018,property_damage,80,FALSE,straight,,fine,,daylight,,0,0,0,0,1,0,0,0,0,0,0,0,0,0,0,0,0,1,0,0
-39.42578461,176.870188,Napier City,2018,property_damage,70,FALSE,straight,,rain,,darkness_not_lit,,0,0,0,0,1,0,0,0,0,0,0,0,0,0,0,0,0,1,0,0
-36.99767512,174.8631844,Auckland,2018,property_damage,80,FALSE,straight,,fine,,dawn_dusk,,0,0,0,0,1,0,0,0,0,0,0,0,0,0,0,0,0,1,0,0
-37.7269098,175.2076779,Hamilton City,2018,property_damage,100,FALSE,straight,,fine,,dawn_dusk,,0,0,0,0,1,0,0,0,0,0,0,0,0,0,0,0,0,1,0,0
-38.71480595,176.0832854,Taupo District,2018,property_damage,70,FALSE,curved_view_open,,fine,,darkness_not_lit,,0,0,0,0,1,0,0,0,0,0,0,0,0,0,0,0,0,1,0,0
-39.61483969,174.380516,South Taranaki District,2018,property_damage,100,FALSE,curved_view_open,,fine,,darkness_not_lit,,0,0,0,0,1,0,0,0,0,0,0,0,0,0,0,0,0,1,0,0
-39.59902037,175.763885,Rangitikei District,2018,property_damage,100,FALSE,straight,,fine,,daylight,,0,0,0,0,1,0,0,0,0,0,0,0,0,0,0,0,0,1,0,0
-36.72372777,174.7042638,Auckland,2018,property_damage,50,FALSE,curved_view_open,,fine,,darkness_not_lit,,0,0,0,0,1,0,0,0,0,0,0,0,0,0,0,0,0,1,0,0
-37.68607931,176.2307097,Tauranga City,2018,property_damage,20,FALSE,straight,,fine,,daylight,,0,0,0,0,1,0,0,0,0,0,0,0,0,0,0,0,0,1,0,0
-36.85749994,174.5487593,Auckland,2018,property_damage,80,FALSE,straight,,fine,,daylight,,0,0,0,0,1,0,0,0,0,0,0,0,0,0,0,0,0,1,0,0
-44.09029832,171.2429604,Timaru District,2018,property_damage,50,FALSE,straight,,fine,,daylight,,0,0,0,0,1,0,0,0,0,0,0,0,0,0,0,0,0,1,0,0
-43.48101785,172.7175703,Christchurch City,2018,property_damage,50,TRUE,curved_view_open,,fine,,daylight,,0,0,0,0,1,0,0,0,0,0,0,0,0,0,0,0,0,1,0,0
-39.1839405,173.922218,New Plymouth District,2018,property_damage,100,FALSE,curved_view_open,,fine,,daylight,,0,0,0,0,1,0,0,0,0,0,0,0,0,0,0,0,0,1,0,0
-39.5237931,174.232284,South Taranaki District,2018,property_damage,100,FALSE,curved_view_open,,rain,,darkness_not_lit,,0,0,0,0,1,0,0,0,0,0,0,0,0,0,0,0,0,1,0,0
-45.87392679,170.4719373,Dunedin City,2018,property_damage,50,FALSE,straight,,fine,,daylight,,0,0,0,0,1,0,0,0,0,0,0,0,0,0,0,0,0,1,0,0
-44.54709724,171.1775427,Waimate District,2018,property_damage,100,FALSE,straight,,fine,,darkness_not_lit,,0,0,0,0,1,0,0,0,0,0,0,0,0,0,0,0,0,1,0,0
-41.15789212,174.9745475,Hutt City,2018,property_damage,100,TRUE,curved_view_open,,fine,,darkness_not_lit,giveway_sign,0,0,0,0,1,0,0,0,0,0,0,0,0,0,0,0,0,1,0,0
-37.78510455,175.4415165,Waikato District,2018,property_damage,100,FALSE,straight,,fine,,darkness_not_lit,,0,0,0,0,1,0,0,0,0,0,0,0,0,0,0,0,0,1,0,0
-37.07865772,174.947844,Auckland,2018,property_damage,50,FALSE,straight,,fine,,darkness_not_lit,,0,0,0,0,1,0,0,0,0,0,0,0,0,0,0,0,0,1,0,0
-37.84278316,175.21472,Waipa District,2018,property_damage,100,FALSE,straight,,rain,,darkness_not_lit,,0,0,0,0,1,0,0,0,0,0,0,0,0,0,0,0,0,1,0,0
-40.22883095,175.5687931,Manawatu District,2018,property_damage,50,FALSE,straight,,rain,,darkness_not_lit,,0,0,0,0,1,0,0,0,0,0,0,0,0,0,0,0,0,1,0,0
-37.97281046,176.9211454,Whakatane District,2018,property_damage,100,FALSE,curved_view_open,,fine,,darkness_not_lit,,0,0,0,0,1,0,0,0,0,0,0,0,0,0,0,0,0,1,0,0
-40.85513844,172.8249519,Tasman District,2018,property_damage,80,FALSE,straight,,fine,,darkness_not_lit,,0,0,0,0,1,0,0,0,0,0,0,0,0,0,0,0,0,1,0,0
-43.51086375,172.5482487,Christchurch City,2018,property_damage,50,FALSE,straight,,fine,,dawn_dusk,,0,0,0,0,1,0,0,0,0,0,0,0,0,0,0,0,0,1,0,0
-39.89668247,175.0940765,Wanganui District,2018,property_damage,100,FALSE,curved_view_open,,fine,,darkness_not_lit,,0,0,0,0,1,0,0,0,0,0,0,0,0,0,0,0,0,1,0,0
-45.10392635,169.4515836,Central Otago District,2018,property_damage,100,FALSE,curved_view_open,,fine,,daylight,,0,0,0,0,1,0,0,0,0,0,0,0,0,0,0,0,0,1,0,0
-38.03177913,175.9956996,South Waikato District,2018,property_damage,100,FALSE,straight,,fine,,daylight,,0,0,0,0,1,0,0,0,0,0,0,0,0,0,0,0,0,1,0,0
-37.72240875,176.3477212,Tauranga City,2018,property_damage,50,TRUE,straight,,fine,,daylight,giveway_sign,0,0,0,0,1,0,0,0,0,0,0,0,0,0,0,0,0,1,0,0
-37.96850417,177.0139565,Whakatane District,2018,property_damage,80,FALSE,curved_view_open,,rain,,darkness_not_lit,,0,0,0,0,1,0,0,0,0,0,0,0,0,0,0,0,0,1,0,0
-45.9031158,170.4168119,Dunedin City,2018,property_damage,100,FALSE,straight,,fine,,darkness_not_lit,,0,0,0,0,1,0,0,0,0,0,0,0,0,0,0,0,0,1,0,0
-43.61722395,172.6549787,Christchurch City,2018,property_damage,100,FALSE,curved_view_open,,fine,,darkness_not_lit,,0,0,0,0,1,0,0,0,0,0,0,0,0,0,0,0,0,1,0,0
-38.12719005,176.3023676,Rotorua District,2018,property_damage,50,FALSE,curved_view_open,,fine,,daylight,,0,0,0,0,1,0,0,0,0,0,0,0,0,0,0,0,0,1,0,0
-39.04044511,177.4237117,Wairoa District,2018,property_damage,50,FALSE,straight,,rain,,darkness_not_lit,,0,0,0,0,1,0,0,0,0,0,0,0,0,0,0,0,0,1,0,0
-37.2353768,175.3942252,Hauraki District,2018,property_damage,70,FALSE,straight,,rain,,daylight,,0,0,0,0,1,0,0,0,0,0,0,0,0,0,0,0,0,1,0,0
-38.13639988,176.2107315,Rotorua District,2018,property_damage,50,TRUE,straight,,fine,,darkness_not_lit,,0,0,0,0,1,0,0,0,0,0,0,0,0,0,0,0,0,1,0,0
-35.60122351,174.2818713,Whangarei District,2018,property_damage,100,FALSE,straight,,fine,,daylight,,0,0,0,0,1,0,0,0,0,0,0,0,0,0,0,0,0,1,0,0
-45.24625965,169.3943883,Central Otago District,2018,property_damage,50,TRUE,straight,,fine,,darkness_not_lit,giveway_sign,0,0,0,0,1,0,0,0,0,0,0,0,0,0,0,0,0,1,0,0
-46.60091963,168.3410535,Invercargill City,2018,property_damage,50,FALSE,straight,,fine,,darkness_not_lit,,0,0,0,0,1,0,0,0,0,0,0,0,0,0,0,0,0,1,0,0
-43.15201085,172.7297901,Hurunui District,2018,property_damage,50,FALSE,straight,,fine,,darkness_not_lit,,0,0,0,0,1,0,0,0,0,0,0,0,0,0,0,0,0,1,0,0
-35.5489579,174.2785455,Whangarei District,2018,property_damage,100,FALSE,curved_view_open,,fine,,daylight,,0,0,0,0,1,0,0,0,0,0,0,0,0,0,0,0,0,1,0,0
-46.44603435,168.4044636,Invercargill City,2018,property_damage,100,FALSE,straight,,fine,,darkness_not_lit,,0,0,0,0,1,0,0,0,0,0,0,0,0,0,0,0,0,1,0,0
-37.77826144,175.4822079,Waikato District,2018,property_damage,100,FALSE,curved_view_open,,fine,,dawn_dusk,,0,0,0,0,1,0,0,0,0,0,0,0,0,0,0,0,0,1,0,0
-38.0947738,175.1835039,Otorohanga District,2018,property_damage,100,FALSE,curved_view_open,,fine,,daylight,,0,0,0,0,1,0,0,0,0,0,0,0,0,0,0,0,0,1,0,0
-39.07807251,174.1456373,New Plymouth District,2018,property_damage,80,FALSE,straight,,fine,,daylight,,0,0,0,0,1,0,0,0,0,0,0,0,0,0,0,0,0,1,0,0
-36.79068402,174.746315,Auckland,2018,property_damage,50,FALSE,straight,,fine,,darkness_not_lit,,0,0,0,0,1,0,0,0,0,0,0,0,0,0,0,0,0,1,0,0
-40.90925223,175.7730562,Masterton District,2018,property_damage,100,FALSE,curved_view_open,,fine,,daylight,,0,0,0,0,1,0,0,0,0,0,0,0,0,0,0,0,0,1,0,0
-40.91480046,174.9786931,Kapiti Coast District,2018,property_damage,50,TRUE,curved_view_open,,fine,,darkness_not_lit,,0,0,0,0,1,0,0,0,0,0,0,0,0,0,0,0,0,1,0,0
-40.81250902,175.6225418,Masterton District,2018,property_damage,100,FALSE,curved_view_open,,fine,,darkness_not_lit,,0,0,0,0,1,0,0,0,0,0,0,0,0,0,0,0,0,1,0,0
-36.94681163,174.7763078,Auckland,2018,property_damage,50,TRUE,straight,,fine,,daylight,giveway_sign,0,0,0,0,1,0,0,0,0,0,0,0,0,0,0,0,0,1,0,0
-36.59387364,174.6878996,Auckland,2018,property_damage,50,FALSE,curved_view_open,,fine,,daylight,,0,0,0,0,1,0,0,0,0,0,0,0,0,0,0,0,0,1,0,0
-38.39098767,175.780767,South Waikato District,2018,property_damage,100,FALSE,curved_view_open,,fine,,daylight,,0,0,0,0,1,0,0,0,0,0,0,0,0,0,0,0,0,1,0,0
-36.96704426,174.8582814,Auckland,2018,property_damage,50,FALSE,straight,,fine,,darkness_not_lit,giveway_sign,0,0,0,0,1,0,0,0,0,0,0,0,0,0,0,0,0,1,0,0
-41.49638066,172.9425405,Tasman District,2018,property_damage,100,FALSE,curved_view_open,,fine,,daylight,,0,0,0,0,1,0,0,0,0,0,0,0,0,0,0,0,0,1,0,0
-38.02468508,177.2669689,Opotiki District,2018,property_damage,50,FALSE,straight,,fine,,darkness_not_lit,,0,0,0,0,1,0,0,0,0,0,0,0,0,0,0,0,0,1,0,0
-44.22253802,171.1980042,Timaru District,2018,property_damage,100,FALSE,straight,,fine,,darkness_not_lit,,0,0,0,0,1,0,0,0,0,0,0,0,0,0,0,0,0,1,0,0
-40.45722247,175.2174748,Horowhenua District,2018,property_damage,30,FALSE,straight,,fine,,darkness_not_lit,,0,0,0,0,1,0,0,0,0,0,0,0,0,0,0,0,0,1,0,0
-40.13203741,175.4136562,Rangitikei District,2018,property_damage,100,FALSE,curved_view_open,,fine,,darkness_not_lit,,0,0,0,0,1,0,0,0,0,0,0,0,0,0,0,0,0,1,0,0
-41.29788623,174.8047728,Wellington City,2018,property_damage,50,FALSE,curved_view_open,,fine,,daylight,,0,0,0,0,1,0,0,0,0,0,0,0,0,0,0,0,0,1,0,0
-41.26162442,174.7599055,Wellington City,2018,property_damage,50,TRUE,straight,,fine,,daylight,,0,0,0,0,1,0,0,0,0,0,0,0,0,0,0,0,0,1,0,0
-45.8186451,169.5280441,Clutha District,2018,property_damage,100,FALSE,straight,,fine,,daylight,,0,0,0,0,1,0,0,0,0,0,0,0,0,0,0,0,0,1,0,0
-38.36361496,175.1592973,Waitomo District,2018,property_damage,100,FALSE,straight,,fine,,daylight,,0,0,0,0,1,0,0,0,0,0,0,0,0,0,0,0,0,1,0,0
-46.37237506,168.4535982,Southland District,2018,property_damage,100,FALSE,straight,,fine,,darkness_not_lit,,0,0,0,0,1,0,0,0,0,0,0,0,0,0,0,0,0,1,0,0
-40.34610844,175.6338461,Palmerston North City,2018,property_damage,50,FALSE,straight,,fine,,daylight,,0,0,0,0,1,0,0,0,0,0,0,0,0,0,0,0,0,1,0,0
-37.67456482,176.168001,Tauranga City,2018,property_damage,80,FALSE,curved_view_open,,fine,,darkness_not_lit,,0,0,0,0,1,0,0,0,0,0,0,0,0,0,0,0,0,1,0,0
-37.10474088,174.9587856,Auckland,2018,property_damage,80,FALSE,straight,,fine,,daylight,,0,0,0,0,1,0,0,0,0,0,0,0,0,0,0,0,0,1,0,0
-37.06476696,174.9714104,Auckland,2018,property_damage,50,FALSE,straight,,rain,,darkness_not_lit,,0,0,0,0,1,0,0,0,0,0,0,0,0,0,0,0,0,1,0,0
-41.00813764,174.9335279,Porirua City,2018,property_damage,70,FALSE,curved_view_open,,fine,,dawn_dusk,,0,0,0,0,1,0,0,0,0,0,0,0,0,0,0,0,0,1,0,0
-37.6949447,175.4364119,Waikato District,2018,property_damage,100,FALSE,curved_view_open,,fine,,daylight,,0,0,0,0,1,0,0,0,0,0,0,0,0,0,0,0,0,1,0,0
-38.69069119,178.0628562,Gisborne District,2018,property_damage,80,FALSE,curved_view_open,,fine,,darkness_not_lit,,0,0,0,0,1,0,0,0,0,0,0,0,0,0,0,0,0,1,0,0
-43.55362567,172.5394241,Christchurch City,2018,property_damage,50,FALSE,curved_view_open,,fine,,daylight,,0,0,0,0,1,0,0,0,0,0,0,0,0,0,0,0,0,1,0,0
-36.84716145,174.5950833,Auckland,2018,property_damage,50,FALSE,curved_view_open,,fine,,darkness_not_lit,,0,0,0,0,1,0,0,0,0,0,0,0,0,0,0,0,0,1,0,0
-43.31710004,172.2180974,Waimakariri District,2018,property_damage,100,FALSE,straight,,fine,,daylight,,0,0,0,0,1,0,0,0,0,0,0,0,0,0,0,0,0,1,0,0
-43.14962005,172.7316946,Hurunui District,2018,property_damage,50,FALSE,straight,,fine,,daylight,,0,0,0,0,1,0,0,0,0,0,0,0,0,0,0,0,0,1,0,0
-37.00553702,175.5095439,Thames-Coromandel District,2018,property_damage,100,FALSE,curved_view_open,,fine,,daylight,,0,0,0,0,1,0,0,0,0,0,0,0,0,0,0,0,0,1,0,0
-42.49775445,171.1934467,Grey District,2018,property_damage,100,FALSE,curved_view_open,,fine,,daylight,,0,0,0,0,1,0,0,0,0,0,0,0,0,0,0,0,0,1,0,0
-38.339733,177.4350359,Opotiki District,2018,property_damage,100,FALSE,curved_view_open,,fine,,darkness_not_lit,,0,0,0,0,1,0,0,0,0,0,0,0,0,0,0,0,0,1,0,0
-41.12555699,175.059344,Upper Hutt City,2018,property_damage,50,FALSE,straight,,fine,,daylight,,0,0,0,0,1,0,0,0,0,0,0,0,0,0,0,0,0,1,0,0
-37.70912382,176.1607293,Tauranga City,2018,property_damage,50,FALSE,straight,,fine,,daylight,,0,0,0,0,1,0,0,0,0,0,0,0,0,0,0,0,0,1,0,0
-38.51337635,175.3051581,Waitomo District,2018,property_damage,100,FALSE,curved_view_open,,snow,,daylight,,0,0,0,0,1,0,0,0,0,0,0,0,0,0,0,0,0,1,0,0
-35.68894482,174.3245166,Whangarei District,2018,property_damage,50,TRUE,straight,,fine,,daylight,,0,0,0,0,1,0,0,0,0,0,0,0,0,0,0,0,0,1,0,0
-38.1242484,176.2152625,Rotorua District,2018,property_damage,50,FALSE,straight,,fine,,darkness_not_lit,,0,0,0,0,1,0,0,0,0,0,0,0,0,0,0,0,0,1,0,0
-36.96943877,174.8728075,Auckland,2018,property_damage,50,FALSE,straight,,fine,,daylight,,0,0,0,0,1,0,0,0,0,0,0,0,0,0,0,0,0,1,0,0
-36.89135116,174.69371,Auckland,2018,property_damage,50,FALSE,straight,,fine,,darkness_not_lit,,0,0,0,0,1,0,0,0,0,0,0,0,0,0,0,0,0,1,0,0
-37.69522004,175.4383488,Waikato District,2018,property_damage,100,FALSE,curved_view_open,,fine,,daylight,,0,0,0,0,1,0,0,0,0,0,0,0,0,0,0,0,0,1,0,0
-38.14782732,176.2266914,Rotorua District,2018,property_damage,50,FALSE,straight,,fine,,daylight,giveway_sign,0,0,0,0,1,0,0,0,0,0,0,0,0,0,0,0,0,1,0,0
-40.24971262,176.0345805,Tararua District,2018,property_damage,100,FALSE,straight,,rain,,daylight,,0,0,0,0,1,0,0,0,0,0,0,0,0,0,0,0,0,1,0,0
-35.67507783,174.3433143,Whangarei District,2018,property_damage,80,FALSE,curved_view_open,,fine,,darkness_not_lit,,0,0,0,0,1,0,0,0,0,0,0,0,0,0,0,0,0,1,0,0
-37.61554495,175.6282307,Matamata-Piako District,2018,property_damage,100,FALSE,straight,,fine,,daylight,,0,0,0,0,1,0,0,0,0,0,0,0,0,0,0,0,0,1,0,0
-36.86143991,174.7646265,Auckland,2018,property_damage,80,FALSE,curved_view_open,,fine,,darkness_not_lit,,0,0,0,0,1,0,0,0,0,0,0,0,0,0,0,0,0,1,0,0
-43.53056898,172.6769696,Christchurch City,2018,property_damage,60,TRUE,straight,,fine,,darkness_not_lit,,0,0,0,0,1,0,0,0,0,0,0,0,0,0,0,0,0,1,0,0
-43.30384465,172.5918408,Waimakariri District,2018,property_damage,50,FALSE,straight,,fine,,daylight,,0,0,0,0,1,0,0,0,0,0,0,0,0,0,0,0,0,1,0,0
-36.98205371,174.8366938,Auckland,2018,property_damage,50,FALSE,straight,,fine,,daylight,giveway_sign,0,0,0,0,1,0,0,0,0,0,0,0,0,0,0,0,0,1,0,0
-39.06243466,174.0992443,New Plymouth District,2018,property_damage,50,FALSE,straight,,fine,,darkness_not_lit,,0,0,0,0,1,0,0,0,0,0,0,0,0,0,0,0,0,1,0,0
-36.9708553,174.6143879,Auckland,2018,property_damage,50,FALSE,curved_view_open,,fine,,darkness_not_lit,,0,0,0,0,1,0,0,0,0,0,0,0,0,0,0,0,0,1,0,0
-43.90578672,171.5182169,Ashburton District,2018,property_damage,100,FALSE,curved_view_open,,fine,,darkness_not_lit,,0,0,0,0,1,0,0,0,0,0,0,0,0,0,0,0,0,1,0,0
-40.95004633,175.739838,Masterton District,2018,property_damage,100,FALSE,straight,,fine,,daylight,,0,0,0,0,1,0,0,0,0,0,0,0,0,0,0,0,0,1,0,0
-39.1017349,174.0122641,New Plymouth District,2018,property_damage,100,FALSE,curved_view_open,,fine,,daylight,,0,0,0,0,1,0,0,0,0,0,0,0,0,0,0,0,0,1,0,0
-35.73594352,174.299685,Whangarei District,2018,property_damage,50,FALSE,straight,,fine,,daylight,,0,0,0,0,1,0,0,0,0,0,0,0,0,0,0,0,0,1,0,0
-37.22045064,174.7858281,Auckland,2018,property_damage,100,FALSE,curved_view_open,,fine,,darkness_not_lit,,0,0,0,0,1,0,0,0,0,0,0,0,0,0,0,0,0,1,0,0
-38.02809538,176.2161082,Rotorua District,2018,property_damage,100,FALSE,straight,,fine,,dawn_dusk,,0,0,0,0,1,0,0,0,0,0,0,0,0,0,0,0,0,1,0,0
-38.18895327,176.3340023,Rotorua District,2018,property_damage,50,FALSE,curved_view_open,,rain,,darkness_not_lit,,0,0,0,0,1,0,0,0,0,0,0,0,0,0,0,0,0,1,0,0
-40.47095769,175.2814199,Horowhenua District,2018,property_damage,50,FALSE,curved_view_open,,fine,,darkness_not_lit,,0,0,0,0,1,0,0,0,0,0,0,0,0,0,0,0,0,1,0,0
-44.2099797,170.0744188,Mackenzie District,2018,property_damage,100,FALSE,straight,,fine,,daylight,,0,0,0,0,1,0,0,0,0,0,0,0,0,0,0,0,0,1,0,0
-43.91499213,171.2616668,Timaru District,2018,property_damage,50,TRUE,straight,,fine,,daylight,,0,0,0,0,1,0,0,0,0,0,0,0,0,0,0,0,0,1,0,0
-39.75164555,174.469945,South Taranaki District,2018,property_damage,50,FALSE,straight,,fine,,darkness_not_lit,,0,0,0,0,1,0,0,0,0,0,0,0,0,0,0,0,0,1,0,0
-40.30619567,175.5478033,Manawatu District,2018,property_damage,100,FALSE,curved_view_open,,fine,,daylight,,0,0,0,0,1,0,0,0,0,0,0,0,0,0,0,0,0,1,0,0
-45.46859029,170.7787112,Waitaki District,2018,property_damage,100,FALSE,curved_view_open,,fine,,darkness_not_lit,,0,0,0,0,1,0,0,0,0,0,0,0,0,0,0,0,0,1,0,0
-43.51330931,172.5611965,Christchurch City,2018,property_damage,50,FALSE,straight,,fine,,darkness_not_lit,,0,0,0,0,1,0,0,0,0,0,0,0,0,0,0,0,0,1,0,0
-39.48382046,176.8985481,Napier City,2018,property_damage,50,TRUE,straight,,fine,,darkness_not_lit,,0,0,0,0,1,0,0,0,0,0,0,0,0,0,0,0,0,1,0,0
-39.39522017,175.3771373,Ruapehu District,2018,property_damage,100,FALSE,curved_view_open,,fine,,darkness_not_lit,,0,0,0,0,1,0,0,0,0,0,0,0,0,0,0,0,0,1,0,0
-45.4160258,169.2917796,Central Otago District,2018,property_damage,100,FALSE,curved_view_open,,fine,,daylight,,0,0,0,0,1,0,0,0,0,0,0,0,0,0,0,0,0,1,0,0
-45.46792752,170.7015723,Waitaki District,2018,property_damage,100,FALSE,straight,,fine,,darkness_not_lit,,0,0,0,0,1,0,0,0,0,0,0,0,0,0,0,0,0,1,0,0
-46.37777596,168.345322,Invercargill City,2018,property_damage,50,FALSE,straight,,rain,,darkness_not_lit,,0,0,0,0,1,0,0,0,0,0,0,0,0,0,0,0,0,1,0,0
-39.42534195,174.2471731,South Taranaki District,2018,property_damage,100,FALSE,straight,,fine,,darkness_not_lit,,0,0,0,0,1,0,0,0,0,0,0,0,0,0,0,0,0,1,0,0
-43.45679264,172.6199846,Christchurch City,2018,property_damage,50,TRUE,curved_view_open,,fine,,darkness_not_lit,,0,0,0,0,1,0,0,0,0,0,0,0,0,0,0,0,0,1,0,0
-41.16287447,174.9676292,Hutt City,2018,property_damage,100,FALSE,curved_view_open,,rain,,darkness_not_lit,,0,0,0,0,1,0,0,0,0,0,0,0,0,0,0,0,0,1,0,0
-36.10444171,174.3624853,Kaipara District,2018,property_damage,50,FALSE,curved_view_open,,fine,,daylight,,0,0,0,0,1,0,0,0,0,0,0,0,0,0,0,0,0,1,0,0
-36.27099401,174.5613723,Auckland,2018,property_damage,100,FALSE,curved_view_open,,fine,,daylight,,0,0,0,0,1,0,0,0,0,0,0,0,0,0,0,0,0,1,0,0
-36.559344,174.6806898,Auckland,2018,property_damage,100,FALSE,curved_view_open,,fine,,daylight,,0,0,0,0,1,0,0,0,0,0,0,0,0,0,0,0,0,1,0,0
-35.82506055,174.3089631,Whangarei District,2018,property_damage,100,FALSE,straight,,rain,,darkness_not_lit,,0,0,0,0,1,0,0,0,0,0,0,0,0,0,0,0,0,1,0,0
-36.22627918,174.5739564,Auckland,2018,property_damage,100,FALSE,curved_view_open,,fine,,daylight,,0,0,0,0,1,0,0,0,0,0,0,0,0,0,0,0,0,1,0,0
-36.79126551,174.7631049,Auckland,2018,property_damage,50,FALSE,curved_view_open,,fine,,darkness_not_lit,,0,0,0,0,1,0,0,0,0,0,0,0,0,0,0,0,0,1,0,0
-40.46984944,175.2413977,Horowhenua District,2018,property_damage,50,TRUE,straight,,fine,,daylight,,0,0,0,0,1,0,0,0,0,0,0,0,0,0,0,0,0,1,0,0
-41.23162174,174.8393753,Wellington City,2018,minor_injury,100,FALSE,curved_view_open,,rain,,darkness_not_lit,,1,0,0,1,1,0,0,0,0,0,0,0,0,0,0,0,0,1,0,0
-36.89362611,174.6928289,Auckland,2018,minor_injury,50,TRUE,straight,,fine,,darkness_not_lit,traffic_lights,1,0,0,1,1,0,0,0,0,0,0,0,0,0,0,0,0,1,0,0
-36.8867798,174.7195406,Auckland,2018,minor_injury,50,TRUE,straight,,fine,,darkness_not_lit,stop_sign,1,0,0,1,1,0,0,0,0,0,0,0,0,0,0,0,0,1,0,0
-36.86982785,174.7775635,Auckland,2018,minor_injury,50,TRUE,straight,,fine,,darkness_not_lit,traffic_lights,1,0,0,1,1,0,0,0,0,0,0,0,0,0,0,0,0,1,0,0
-36.92628995,174.794782,Auckland,2018,minor_injury,50,TRUE,curved_view_open,,rain,,darkness_not_lit,,1,0,0,1,1,0,0,0,0,0,0,0,0,0,0,0,0,1,0,0
-36.97199453,174.8185799,Auckland,2018,minor_injury,50,TRUE,straight,,fine,,daylight,traffic_lights,1,0,0,1,1,0,0,0,0,0,0,0,0,0,0,0,0,1,0,0
-36.88692523,174.8965296,Auckland,2018,minor_injury,50,TRUE,straight,,fine,,daylight,giveway_sign,1,0,0,1,1,0,0,0,0,0,0,0,0,0,0,0,0,1,0,0
-36.78009371,174.7499516,Auckland,2018,minor_injury,50,TRUE,straight,,fine,,darkness_not_lit,traffic_lights,1,0,0,1,1,0,0,0,0,0,0,0,0,0,0,0,0,1,0,0
-36.91522305,174.8464267,Auckland,2018,minor_injury,80,TRUE,straight,,rain,,darkness_not_lit,giveway_sign,1,0,0,1,1,0,0,0,0,0,0,0,0,0,0,0,0,1,0,0
-37.05511953,174.9585772,Auckland,2018,minor_injury,50,TRUE,straight,,fine,,daylight,stop_sign,1,0,0,1,1,0,0,0,0,0,0,0,0,0,0,0,0,1,0,0
-36.83760356,174.6173462,Auckland,2018,minor_injury,50,TRUE,curved_view_open,,fine,,darkness_not_lit,giveway_sign,1,0,0,1,1,0,0,0,0,0,0,0,0,0,0,0,0,1,0,0
-36.84582217,174.7662749,Auckland,2018,minor_injury,10,TRUE,straight,,fine,,daylight,giveway_sign,1,0,0,1,1,0,0,0,0,0,0,0,0,0,0,0,0,1,0,0
-36.84582217,174.7662749,Auckland,2018,minor_injury,10,TRUE,straight,,fine,,daylight,giveway_sign,1,0,0,1,1,0,0,0,0,0,0,0,0,0,0,0,0,1,0,0
-43.51847804,172.5903969,Christchurch City,2018,minor_injury,50,TRUE,straight,,fine,,daylight,traffic_lights,1,0,0,1,1,0,0,0,0,0,0,0,0,0,0,0,0,1,0,0
-43.51847804,172.5903969,Christchurch City,2018,minor_injury,50,TRUE,straight,,fine,,daylight,traffic_lights,1,0,0,1,1,0,0,0,0,0,0,0,0,0,0,0,0,1,0,0
-36.89804906,174.7274473,Auckland,2018,minor_injury,50,TRUE,straight,,fine,,darkness_not_lit,giveway_sign,1,0,0,1,1,0,0,0,0,0,0,0,0,0,0,0,0,1,0,0
-41.10434786,174.9102095,Porirua City,2018,minor_injury,80,FALSE,curved_view_open,,rain,,daylight,,1,0,0,1,1,0,0,0,0,0,0,0,0,0,0,0,0,1,0,0
-39.49475387,174.2756718,South Taranaki District,2018,minor_injury,100,TRUE,straight,,rain,,darkness_not_lit,giveway_sign,1,0,0,1,1,0,0,0,0,0,0,0,0,0,0,0,0,1,0,0
-38.66979291,178.0318397,Gisborne District,2018,minor_injury,50,TRUE,curved_view_open,,rain,,dawn_dusk,stop_sign,1,0,0,1,1,0,0,0,0,0,0,0,0,0,0,0,0,1,0,0
-43.53989271,172.6336107,Christchurch City,2018,minor_injury,50,TRUE,straight,,fine,,daylight,traffic_lights,1,0,0,1,1,0,0,0,0,0,0,0,0,0,0,0,0,1,0,0