latitude,longitude,local_government_area,year,severity,speed_limit,intersection,road_position_horizontal,road_wet,weather,crash_type,lighting,traffic_controls,casualties,fatalities,serious_injuries,minor_injuries,car_sedan,car_utility,car_van,car_4x4,car_station_wagon,motor_cycle,truck_small,truck_large,bus,taxi,bicycle,scooter,pedestrian,inanimate,train,tram
-37.92302559,178.261408,Gisborne District,2018,minor_injury,100,FALSE,curved_view_open,,fine,,darkness_not_lit,,1,0,0,1,1,0,0,0,0,0,0,0,0,0,0,0,0,1,0,0
-40.35782856,175.8680403,Tararua District,2018,minor_injury,100,FALSE,straight,,fine,,darkness_not_lit,,1,0,0,1,1,0,0,0,0,0,0,0,0,0,0,0,0,1,0,0
-41.08648675,174.893263,Porirua City,2018,minor_injury,60,FALSE,curved_view_open,,rain,,daylight,,1,0,0,1,1,0,0,0,0,0,0,0,0,0,0,0,0,1,0,0
-46.47477563,168.2920784,Invercargill City,2018,minor_injury,50,FALSE,curved_view_open,,fine,,daylight,,1,0,0,1,1,0,0,0,0,0,0,0,0,0,0,0,0,1,0,0
-44.31372837,171.2048199,Timaru District,2018,minor_injury,100,TRUE,straight,,fine,,darkness_not_lit,giveway_sign,1,0,0,1,1,0,0,0,0,0,0,0,0,0,0,0,0,1,0,0
-41.49818954,173.953471,Marlborough District,2018,minor_injury,50,FALSE,curved_view_open,,rain,,daylight,,1,0,0,1,1,0,0,0,0,0,0,0,0,0,0,0,0,1,0,0
-37.04154064,174.9833119,Auckland,2018,minor_injury,100,FALSE,curved_view_open,,fine,,dawn_dusk,,1,0,0,1,1,0,0,0,0,0,0,0,0,0,0,0,0,1,0,0
-35.23212316,173.9447154,Far North District,2018,minor_injury,50,TRUE,straight,,fine,,daylight,stop_sign,1,0,0,1,1,0,0,0,0,0,0,0,0,0,0,0,0,1,0,0
-38.36235534,175.7231859,Taupo District,2018,minor_injury,100,FALSE,curved_view_open,,rain,,daylight,,1,0,0,1,1,0,0,0,0,0,0,0,0,0,0,0,0,1,0,0
-46.45552502,168.5900476,Southland District,2018,minor_injury,100,FALSE,straight,,fine,,daylight,,1,0,0,1,1,0,0,0,0,0,0,0,0,0,0,0,0,1,0,0
-36.6380923,174.678574,Auckland,2018,minor_injury,80,FALSE,straight,,fine,,darkness_not_lit,,1,0,0,1,1,0,0,0,0,0,0,0,0,0,0,0,0,1,0,0
-43.5011718,172.6559619,Christchurch City,2018,minor_injury,50,FALSE,curved_view_open,,fine,,daylight,,1,0,0,1,1,0,0,0,0,0,0,0,0,0,0,0,0,1,0,0
-40.56386491,175.3974539,Horowhenua District,2018,minor_injury,100,FALSE,straight,,fine,,daylight,,1,0,0,1,1,0,0,0,0,0,0,0,0,0,0,0,0,1,0,0
-35.93935218,173.8656988,Kaipara District,2018,minor_injury,50,FALSE,straight,,fine,,daylight,,1,0,0,1,1,0,0,0,0,0,0,0,0,0,0,0,0,1,0,0
-37.80379811,175.2883096,Hamilton City,2018,minor_injury,80,FALSE,straight,,fine,,daylight,,1,0,0,1,1,0,0,0,0,0,0,0,0,0,0,0,0,1,0,0
-36.51383724,174.6694314,Auckland,2018,minor_injury,80,FALSE,curved_view_open,,fine,,daylight,,1,0,0,1,1,0,0,0,0,0,0,0,0,0,0,0,0,1,0,0
-38.9945318,174.2890307,New Plymouth District,2018,minor_injury,100,FALSE,straight,,fine,,daylight,,1,0,0,1,1,0,0,0,0,0,0,0,0,0,0,0,0,1,0,0
-45.87366745,170.4720135,Dunedin City,2018,minor_injury,50,FALSE,straight,,fine,,daylight,,1,0,0,1,1,0,0,0,0,0,0,0,0,0,0,0,0,1,0,0
-43.55877857,172.5653611,Christchurch City,2018,minor_injury,100,FALSE,curved_view_open,,fine,,daylight,,1,0,0,1,1,0,0,0,0,0,0,0,0,0,0,0,0,1,0,0
-41.45071037,172.9580849,Tasman District,2018,minor_injury,100,FALSE,curved_view_open,,rain,,daylight,,1,0,0,1,1,0,0,0,0,0,0,0,0,0,0,0,0,1,0,0
-36.9022836,174.918424,Auckland,2018,minor_injury,50,FALSE,straight,,fine,,daylight,,1,0,0,1,1,0,0,0,0,0,0,0,0,0,0,0,0,1,0,0
-40.19489902,176.1022909,Tararua District,2018,minor_injury,50,TRUE,straight,,fine,,daylight,,1,0,0,1,1,0,0,0,0,0,0,0,0,0,0,0,0,1,0,0
-36.78205608,174.6762968,Auckland,2018,minor_injury,100,FALSE,straight,,rain,,daylight,,1,0,0,1,1,0,0,0,0,0,0,0,0,0,0,0,0,1,0,0
-39.98991581,176.522944,Central Hawkes Bay District,2018,minor_injury,100,FALSE,straight,,fine,,daylight,,1,0,0,1,1,0,0,0,0,0,0,0,0,0,0,0,0,1,0,0
-36.94394236,174.5312713,Auckland,2018,minor_injury,100,FALSE,curved_view_open,,fine,,daylight,,1,0,0,1,1,0,0,0,0,0,0,0,0,0,0,0,0,1,0,0
-39.46691706,173.8722582,South Taranaki District,2018,minor_injury,100,FALSE,curved_view_open,,fine,,daylight,,1,0,0,1,1,0,0,0,0,0,0,0,0,0,0,0,0,1,0,0
-38.45363505,175.6233454,Taupo District,2018,minor_injury,100,FALSE,curved_view_open,,fine,,darkness_not_lit,,1,0,0,1,1,0,0,0,0,0,0,0,0,0,0,0,0,1,0,0
-40.03063053,176.402086,Central Hawkes Bay District,2018,minor_injury,100,FALSE,straight,,fine,,darkness_not_lit,,1,0,0,1,1,0,0,0,0,0,0,0,0,0,0,0,0,1,0,0
-38.25996505,175.1752414,Waitomo District,2018,minor_injury,100,FALSE,straight,,fine,,daylight,,1,0,0,1,1,0,0,0,0,0,0,0,0,0,0,0,0,1,0,0
-46.18717867,168.7905333,Gore District,2018,minor_injury,100,FALSE,curved_view_open,,fine,,daylight,,1,0,0,1,1,0,0,0,0,0,0,0,0,0,0,0,0,1,0,0
-41.27426871,174.9548063,Hutt City,2018,minor_injury,50,FALSE,straight,,fine,,darkness_not_lit,,1,0,0,1,1,0,0,0,0,0,0,0,0,0,0,0,0,1,0,0
-38.6366549,178.0136965,Gisborne District,2018,minor_injury,50,FALSE,straight,,fine,,daylight,,1,0,0,1,1,0,0,0,0,0,0,0,0,0,0,0,0,1,0,0
-38.07036298,176.2129797,Rotorua District,2018,minor_injury,50,TRUE,straight,,fine,,darkness_not_lit,giveway_sign,1,0,0,1,1,0,0,0,0,0,0,0,0,0,0,0,0,1,0,0
-46.39796596,168.3829965,Invercargill City,2018,minor_injury,50,FALSE,straight,,mist,,darkness_not_lit,,1,0,0,1,1,0,0,0,0,0,0,0,0,0,0,0,0,1,0,0
-37.29299977,174.9174183,Waikato District,2018,minor_injury,100,FALSE,curved_view_open,,fine,,daylight,,1,0,0,1,1,0,0,0,0,0,0,0,0,0,0,0,0,1,0,0
-43.44467041,172.6562328,Christchurch City,2018,minor_injury,80,FALSE,straight,,fine,,darkness_not_lit,,1,0,0,1,1,0,0,0,0,0,0,0,0,0,0,0,0,1,0,0
-36.40818431,174.6426783,Auckland,2018,minor_injury,80,FALSE,curved_view_open,,fine,,daylight,,1,0,0,1,1,0,0,0,0,0,0,0,0,0,0,0,0,1,0,0
-40.41190052,175.7201495,Palmerston North City,2018,minor_injury,100,FALSE,curved_view_open,,rain,,daylight,,1,0,0,1,1,0,0,0,0,0,0,0,0,0,0,0,0,1,0,0
-45.0458375,169.1952395,Central Otago District,2018,minor_injury,50,FALSE,straight,,fine,,daylight,,1,0,0,1,1,0,0,0,0,0,0,0,0,0,0,0,0,1,0,0
-38.86720016,176.0076784,Taupo District,2018,minor_injury,100,FALSE,straight,,mist,,darkness_not_lit,,1,0,0,1,1,0,0,0,0,0,0,0,0,0,0,0,0,1,0,0
-38.60313755,176.2857563,Taupo District,2018,minor_injury,100,FALSE,straight,,fine,,dawn_dusk,,1,0,0,1,1,0,0,0,0,0,0,0,0,0,0,0,0,1,0,0
-41.27613069,174.967637,Hutt City,2018,minor_injury,50,FALSE,straight,,rain,,daylight,,1,0,0,1,1,0,0,0,0,0,0,0,0,0,0,0,0,1,0,0
-39.8919112,174.9879595,Wanganui District,2018,minor_injury,100,FALSE,curved_view_open,,fine,,daylight,,1,0,0,1,1,0,0,0,0,0,0,0,0,0,0,0,0,1,0,0
-44.98433898,168.6751706,Queenstown-Lakes District,2018,minor_injury,50,FALSE,straight,,fine,,daylight,,1,0,0,1,1,0,0,0,0,0,0,0,0,0,0,0,0,1,0,0
-35.28417692,174.0671476,Far North District,2018,minor_injury,100,FALSE,curved_view_open,,rain,,daylight,,1,0,0,1,1,0,0,0,0,0,0,0,0,0,0,0,0,1,0,0
-38.22637036,175.8559896,South Waikato District,2018,minor_injury,50,FALSE,straight,,fine,,daylight,,1,0,0,1,1,0,0,0,0,0,0,0,0,0,0,0,0,1,0,0
-38.78162908,175.6757757,Taupo District,2018,minor_injury,100,FALSE,curved_view_open,,fine,,dawn_dusk,,1,0,0,1,1,0,0,0,0,0,0,0,0,0,0,0,0,1,0,0
-36.94138027,174.8405676,Auckland,2018,minor_injury,10,FALSE,straight,,rain,,daylight,,1,0,0,1,1,0,0,0,0,0,0,0,0,0,0,0,0,1,0,0
-37.19910714,174.9022297,Auckland,2018,minor_injury,50,FALSE,straight,,fine,,daylight,,1,0,0,1,1,0,0,0,0,0,0,0,0,0,0,0,0,1,0,0
-39.48006435,176.9025802,Napier City,2018,minor_injury,50,FALSE,straight,,rain,,darkness_not_lit,,1,0,0,1,1,0,0,0,0,0,0,0,0,0,0,0,0,1,0,0
-36.58665695,174.3359269,Auckland,2018,minor_injury,100,FALSE,curved_view_open,,fine,,daylight,,1,0,0,1,1,0,0,0,0,0,0,0,0,0,0,0,0,1,0,0
-46.24288314,168.8195946,Gore District,2018,minor_injury,100,FALSE,straight,,fine,,darkness_not_lit,,1,0,0,1,1,0,0,0,0,0,0,0,0,0,0,0,0,1,0,0
-36.65026415,174.410009,Auckland,2018,minor_injury,100,FALSE,straight,,fine,,darkness_not_lit,,1,0,0,1,1,0,0,0,0,0,0,0,0,0,0,0,0,1,0,0
-41.62479241,174.0626158,Marlborough District,2018,minor_injury,100,FALSE,straight,,fine,,daylight,,1,0,0,1,1,0,0,0,0,0,0,0,0,0,0,0,0,1,0,0
-36.89429685,174.5955251,Auckland,2018,minor_injury,70,FALSE,curved_view_open,,fine,,darkness_not_lit,,1,0,0,1,1,0,0,0,0,0,0,0,0,0,0,0,0,1,0,0
-40.5130782,175.4596233,Horowhenua District,2018,minor_injury,100,FALSE,straight,,fine,,daylight,,1,0,0,1,1,0,0,0,0,0,0,0,0,0,0,0,0,1,0,0
-35.03375587,173.2542037,Far North District,2018,minor_injury,100,FALSE,straight,,fine,,daylight,,1,0,0,1,1,0,0,0,0,0,0,0,0,0,0,0,0,1,0,0
-40.21433736,175.4144602,Manawatu District,2018,minor_injury,100,FALSE,straight,,rain,,daylight,,1,0,0,1,1,0,0,0,0,0,0,0,0,0,0,0,0,1,0,0
-36.71283433,174.6728433,Auckland,2018,minor_injury,80,FALSE,straight,,fine,,daylight,,1,0,0,1,1,0,0,0,0,0,0,0,0,0,0,0,0,1,0,0
-39.84204717,174.9210846,Wanganui District,2018,minor_injury,100,FALSE,straight,,fine,,daylight,,1,0,0,1,1,0,0,0,0,0,0,0,0,0,0,0,0,1,0,0
-36.85640018,174.7689523,Auckland,2018,minor_injury,80,FALSE,straight,,fine,,darkness_not_lit,,1,0,0,1,1,0,0,0,0,0,0,0,0,0,0,0,0,1,0,0
-37.19433669,174.9478612,Auckland,2018,minor_injury,100,FALSE,curved_view_open,,fine,,darkness_not_lit,,1,0,0,1,1,0,0,0,0,0,0,0,0,0,0,0,0,1,0,0
-43.55963757,172.5639434,Christchurch City,2018,minor_injury,100,FALSE,straight,,fine,,darkness_not_lit,,1,0,0,1,1,0,0,0,0,0,0,0,0,0,0,0,0,1,0,0
-36.86388406,174.565771,Auckland,2018,minor_injury,70,FALSE,curved_view_open,,rain,,daylight,,1,0,0,1,1,0,0,0,0,0,0,0,0,0,0,0,0,1,0,0
-41.17821515,174.9921701,Hutt City,2018,minor_injury,50,TRUE,curved_view_open,,fine,,daylight,,1,0,0,1,1,0,0,0,0,0,0,0,0,0,0,0,0,1,0,0
-37.03217039,174.9273533,Auckland,2018,minor_injury,60,FALSE,straight,,fine,,daylight,,1,0,0,1,1,0,0,0,0,0,0,0,0,0,0,0,0,1,0,0
-41.11378923,175.2377176,South Wairarapa District,2018,minor_injury,100,FALSE,curved_view_open,,mist,,daylight,,1,0,0,1,1,0,0,0,0,0,0,0,0,0,0,0,0,1,0,0
-39.03603651,174.1392159,New Plymouth District,2018,minor_injury,50,FALSE,straight,,fine,,dawn_dusk,,1,0,0,1,1,0,0,0,0,0,0,0,0,0,0,0,0,1,0,0
-39.47056111,176.8768083,Napier City,2018,minor_injury,50,TRUE,curved_view_open,,fine,,darkness_not_lit,,1,0,0,1,1,0,0,0,0,0,0,0,0,0,0,0,0,1,0,0
-37.38843995,175.9055208,Hauraki District,2018,minor_injury,100,FALSE,curved_view_open,,fine,,daylight,,1,0,0,1,1,0,0,0,0,0,0,0,0,0,0,0,0,1,0,0
-41.26944558,173.7877891,Marlborough District,2018,minor_injury,50,FALSE,straight,,rain,,daylight,,1,0,0,1,1,0,0,0,0,0,0,0,0,0,0,0,0,1,0,0
-36.57915294,174.6726252,Auckland,2018,minor_injury,50,FALSE,curved_view_open,,fine,,darkness_not_lit,,1,0,0,1,1,0,0,0,0,0,0,0,0,0,0,0,0,1,0,0
-39.5174213,174.2451191,South Taranaki District,2018,minor_injury,100,FALSE,curved_view_open,,fine,,darkness_not_lit,,1,0,0,1,1,0,0,0,0,0,0,0,0,0,0,0,0,1,0,0
-37.18994826,175.5675196,Thames-Coromandel District,2018,minor_injury,100,FALSE,straight,,rain,,darkness_not_lit,,1,0,0,1,1,0,0,0,0,0,0,0,0,0,0,0,0,1,0,0
-37.00641414,175.5094042,Thames-Coromandel District,2018,minor_injury,50,FALSE,curved_view_open,,rain,,darkness_not_lit,,1,0,0,1,1,0,0,0,0,0,0,0,0,0,0,0,0,1,0,0
-40.38193332,175.5461684,Palmerston North City,2018,minor_injury,50,FALSE,straight,,fine,,daylight,,1,0,0,1,1,0,0,0,0,0,0,0,0,0,0,0,0,1,0,0
-39.5695112,176.8501911,Hastings District,2018,minor_injury,100,FALSE,straight,,fine,,darkness_not_lit,,1,0,0,1,1,0,0,0,0,0,0,0,0,0,0,0,0,1,0,0
-40.16535954,175.5938843,Manawatu District,2018,minor_injury,100,FALSE,curved_view_open,,rain,,darkness_not_lit,,1,0,0,1,1,0,0,0,0,0,0,0,0,0,0,0,0,1,0,0
-36.90660478,174.8090461,Auckland,2018,minor_injury,50,FALSE,straight,,fine,,darkness_not_lit,,1,0,0,1,1,0,0,0,0,0,0,0,0,0,0,0,0,1,0,0
-41.17519892,175.4437222,South Wairarapa District,2018,minor_injury,100,FALSE,straight,,rain,,darkness_not_lit,,1,0,0,1,1,0,0,0,0,0,0,0,0,0,0,0,0,1,0,0
-46.03693659,167.7132234,Southland District,2018,minor_injury,100,FALSE,curved_view_open,,snow,,darkness_not_lit,,1,0,0,1,1,0,0,0,0,0,0,0,0,0,0,0,0,1,0,0
-38.13245776,176.2641443,Rotorua District,2018,minor_injury,50,FALSE,curved_view_open,,fine,,daylight,,1,0,0,1,1,0,0,0,0,0,0,0,0,0,0,0,0,1,0,0
-38.11707211,176.3154929,Rotorua District,2018,minor_injury,80,FALSE,straight,,fine,,daylight,,1,0,0,1,1,0,0,0,0,0,0,0,0,0,0,0,0,1,0,0
-45.89862866,170.3339737,Dunedin City,2018,minor_injury,60,FALSE,straight,,fine,,darkness_not_lit,,1,0,0,1,1,0,0,0,0,0,0,0,0,0,0,0,0,1,0,0
-41.1908461,174.948852,Hutt City,2018,minor_injury,50,FALSE,straight,,fine,,daylight,,1,0,0,1,1,0,0,0,0,0,0,0,0,0,0,0,0,1,0,0
-35.33661994,173.8234389,Far North District,2018,minor_injury,100,FALSE,straight,,fine,,daylight,,1,0,0,1,1,0,0,0,0,0,0,0,0,0,0,0,0,1,0,0
-37.65762225,175.783847,Matamata-Piako District,2018,minor_injury,100,FALSE,straight,,fine,,darkness_not_lit,,1,0,0,1,1,0,0,0,0,0,0,0,0,0,0,0,0,1,0,0
-41.18405352,174.8315095,Wellington City,2018,minor_injury,100,FALSE,curved_view_open,,fine,,darkness_not_lit,,1,0,0,1,1,0,0,0,0,0,0,0,0,0,0,0,0,1,0,0
-40.79015878,175.0871759,Kapiti Coast District,2018,minor_injury,50,TRUE,straight,,fine,,darkness_not_lit,,1,0,0,1,1,0,0,0,0,0,0,0,0,0,0,0,0,1,0,0
-39.01812088,175.7307864,Taupo District,2018,minor_injury,100,FALSE,curved_view_open,,mist,,dawn_dusk,,1,0,0,1,1,0,0,0,0,0,0,0,0,0,0,0,0,1,0,0
-37.82802998,175.2938525,Hamilton City,2018,minor_injury,10,FALSE,straight,,,,daylight,,1,0,0,1,1,0,0,0,0,0,0,0,0,0,0,0,0,1,0,0
-36.96219373,174.7998815,Auckland,2018,minor_injury,100,FALSE,curved_view_open,,fine,,daylight,,1,0,0,1,1,0,0,0,0,0,0,0,0,0,0,0,0,1,0,0
-41.23198696,174.8385026,Wellington City,2018,minor_injury,100,FALSE,curved_view_open,,rain,,darkness_not_lit,,1,0,0,1,1,0,0,0,0,0,0,0,0,0,0,0,0,1,0,0
-38.96076184,175.3732642,Ruapehu District,2018,minor_injury,100,FALSE,curved_view_open,,fine,,daylight,,1,0,0,1,1,0,0,0,0,0,0,0,0,0,0,0,0,1,0,0
-36.13067422,174.5605434,Kaipara District,2018,minor_injury,100,FALSE,curved_view_open,,rain,,darkness_not_lit,,1,0,0,1,1,0,0,0,0,0,0,0,0,0,0,0,0,1,0,0
-36.91580099,174.8300521,Auckland,2018,minor_injury,100,FALSE,straight,,fine,,darkness_not_lit,,1,0,0,1,1,0,0,0,0,0,0,0,0,0,0,0,0,1,0,0
-44.66281709,169.0511492,Queenstown-Lakes District,2018,minor_injury,100,FALSE,straight,,fine,,daylight,,1,0,0,1,1,0,0,0,0,0,0,0,0,0,0,0,0,1,0,0
-37.84593411,178.3225818,Gisborne District,2018,minor_injury,100,FALSE,straight,,rain,,darkness_not_lit,,1,0,0,1,1,0,0,0,0,0,0,0,0,0,0,0,0,1,0,0
-43.9288158,171.703952,Ashburton District,2018,minor_injury,100,FALSE,straight,,fine,,daylight,,1,0,0,1,1,0,0,0,0,0,0,0,0,0,0,0,0,1,0,0
-44.99148331,168.9374099,Queenstown-Lakes District,2018,minor_injury,80,FALSE,curved_view_open,,fine,,darkness_not_lit,,1,0,0,1,1,0,0,0,0,0,0,0,0,0,0,0,0,1,0,0
-35.73910374,174.5511171,Whangarei District,2018,minor_injury,100,FALSE,curved_view_open,,fine,,daylight,,1,0,0,1,1,0,0,0,0,0,0,0,0,0,0,0,0,1,0,0
-36.8662513,174.8448546,Auckland,2018,minor_injury,50,FALSE,curved_view_open,,fine,,darkness_not_lit,,1,0,0,1,1,0,0,0,0,0,0,0,0,0,0,0,0,1,0,0
-36.10252173,174.3766602,Kaipara District,2018,minor_injury,100,FALSE,curved_view_open,,fine,,darkness_not_lit,,1,0,0,1,1,0,0,0,0,0,0,0,0,0,0,0,0,1,0,0
-35.38955784,173.9967783,Far North District,2018,minor_injury,100,FALSE,curved_view_open,,fine,,darkness_not_lit,,1,0,0,1,1,0,0,0,0,0,0,0,0,0,0,0,0,1,0,0
-42.48672921,171.3767983,Grey District,2018,minor_injury,100,FALSE,straight,,rain,,darkness_not_lit,,1,0,0,1,1,0,0,0,0,0,0,0,0,0,0,0,0,1,0,0
-46.37026246,167.8126753,Southland District,2018,minor_injury,100,FALSE,curved_view_open,,fine,,daylight,,1,0,0,1,1,0,0,0,0,0,0,0,0,0,0,0,0,1,0,0
-38.01686354,175.9506529,South Waikato District,2018,minor_injury,100,FALSE,straight,,fine,,daylight,,1,0,0,1,1,0,0,0,0,0,0,0,0,0,0,0,0,1,0,0
-41.2816837,173.2478073,Nelson City,2018,minor_injury,50,FALSE,straight,,fine,,daylight,,1,0,0,1,1,0,0,0,0,0,0,0,0,0,0,0,0,1,0,0
-43.60827776,172.7011266,Christchurch City,2018,minor_injury,50,FALSE,curved_view_open,,rain,,darkness_not_lit,,1,0,0,1,1,0,0,0,0,0,0,0,0,0,0,0,0,1,0,0
-44.24342559,171.2648959,Timaru District,2018,minor_injury,100,FALSE,curved_view_open,,fine,,daylight,,1,0,0,1,1,0,0,0,0,0,0,0,0,0,0,0,0,1,0,0
-35.38825002,173.8139657,Far North District,2018,minor_injury,100,FALSE,straight,,rain,,daylight,,1,0,0,1,1,0,0,0,0,0,0,0,0,0,0,0,0,1,0,0
-40.25986921,175.5276389,Manawatu District,2018,minor_injury,100,FALSE,curved_view_open,,fine,,daylight,,1,0,0,1,1,0,0,0,0,0,0,0,0,0,0,0,0,1,0,0
-37.86715972,175.778283,Matamata-Piako District,2018,minor_injury,100,FALSE,straight,,rain,,daylight,,1,0,0,1,1,0,0,0,0,0,0,0,0,0,0,0,0,1,0,0
-37.04808303,174.9153757,Auckland,2018,minor_injury,100,FALSE,straight,,fine,,darkness_not_lit,,1,0,0,1,1,0,0,0,0,0,0,0,0,0,0,0,0,1,0,0
-46.09292303,167.8942105,Southland District,2018,minor_injury,100,FALSE,curved_view_open,,fine,,darkness_not_lit,,1,0,0,1,1,0,0,0,0,0,0,0,0,0,0,0,0,1,0,0
-40.39754094,175.6247993,Palmerston North City,2018,minor_injury,100,FALSE,straight,,fine,,daylight,,1,0,0,1,1,0,0,0,0,0,0,0,0,0,0,0,0,1,0,0
-35.50501555,174.2218805,Whangarei District,2018,minor_injury,100,FALSE,straight,,rain,,daylight,,1,0,0,1,1,0,0,0,0,0,0,0,0,0,0,0,0,1,0,0
-36.92249118,174.7692322,Auckland,2018,minor_injury,100,FALSE,straight,,fine,,daylight,,1,0,0,1,1,0,0,0,0,0,0,0,0,0,0,0,0,1,0,0
-37.15306075,174.8904008,Auckland,2018,minor_injury,100,FALSE,straight,,fine,,dawn_dusk,,1,0,0,1,1,0,0,0,0,0,0,0,0,0,0,0,0,1,0,0
-43.60094621,172.6496201,Christchurch City,2018,minor_injury,100,FALSE,curved_view_open,,fine,,darkness_not_lit,,1,0,0,1,1,0,0,0,0,0,0,0,0,0,0,0,0,1,0,0
-46.06223907,169.8145564,Clutha District,2018,minor_injury,100,FALSE,curved_view_open,,fine,,darkness_not_lit,,1,0,0,1,1,0,0,0,0,0,0,0,0,0,0,0,0,1,0,0
-44.63941845,169.2303828,Queenstown-Lakes District,2018,minor_injury,100,FALSE,curved_view_open,,fine,,daylight,,1,0,0,1,1,0,0,0,0,0,0,0,0,0,0,0,0,1,0,0
-34.99210285,173.5098025,Far North District,2018,minor_injury,30,FALSE,curved_view_open,,fine,,daylight,,1,0,0,1,1,0,0,0,0,0,0,0,0,0,0,0,0,1,0,0
-36.86036563,174.7562227,Auckland,2018,minor_injury,80,FALSE,curved_view_open,,rain,,darkness_not_lit,,1,0,0,1,1,0,0,0,0,0,0,0,0,0,0,0,0,1,0,0
-46.20260125,169.3755605,Clutha District,2018,minor_injury,50,FALSE,curved_view_open,,fine,,darkness_not_lit,,1,0,0,1,1,0,0,0,0,0,0,0,0,0,0,0,0,1,0,0
-38.06415235,176.0994695,Rotorua District,2018,minor_injury,100,FALSE,straight,,rain,,daylight,,1,0,0,1,1,0,0,0,0,0,0,0,0,0,0,0,0,1,0,0
-41.15282806,174.9835716,Hutt City,2018,minor_injury,100,FALSE,curved_view_open,,fine,,daylight,,1,0,0,1,1,0,0,0,0,0,0,0,0,0,0,0,0,1,0,0
-42.70618237,173.0253738,Hurunui District,2018,minor_injury,100,FALSE,straight,,fine,,daylight,,1,0,0,1,1,0,0,0,0,0,0,0,0,0,0,0,0,1,0,0
-42.8764687,172.7237958,Hurunui District,2018,minor_injury,100,TRUE,curved_view_open,,fine,,daylight,giveway_sign,1,0,0,1,1,0,0,0,0,0,0,0,0,0,0,0,0,1,0,0
-43.50807823,172.7259802,Christchurch City,2018,minor_injury,50,FALSE,straight,,fine,,darkness_not_lit,,1,0,0,1,1,0,0,0,0,0,0,0,0,0,0,0,0,1,0,0
-36.90376442,174.7242877,Auckland,2018,minor_injury,50,FALSE,straight,,rain,,daylight,,1,0,0,1,1,0,0,0,0,0,0,0,0,0,0,0,0,1,0,0
-39.94718722,175.0235266,Wanganui District,2018,minor_injury,50,FALSE,straight,,fine,,daylight,,1,0,0,1,1,0,0,0,0,0,0,0,0,0,0,0,0,1,0,0
-37.00119713,174.9276384,Auckland,2018,minor_injury,60,FALSE,straight,,rain,,darkness_not_lit,,1,0,0,1,1,0,0,0,0,0,0,0,0,0,0,0,0,1,0,0
-38.98366073,174.4300994,New Plymouth District,2018,minor_injury,100,FALSE,straight,,fine,,daylight,,1,0,0,1,1,0,0,0,0,0,0,0,0,0,0,0,0,1,0,0
-37.01752242,174.9079541,Auckland,2018,minor_injury,100,FALSE,straight,,fine,,daylight,,1,0,0,1,1,0,0,0,0,0,0,0,0,0,0,0,0,1,0,0
-38.00917367,175.241085,Waipa District,2018,minor_injury,100,FALSE,curved_view_open,,rain,,daylight,,1,0,0,1,1,0,0,0,0,0,0,0,0,0,0,0,0,1,0,0
-38.54783986,174.8788049,Waitomo District,2018,minor_injury,100,FALSE,curved_view_open,,fine,,daylight,,1,0,0,1,1,0,0,0,0,0,0,0,0,0,0,0,0,1,0,0
-36.89532135,174.6170822,Auckland,2018,minor_injury,50,FALSE,curved_view_open,,rain,,dawn_dusk,,1,0,0,1,1,0,0,0,0,0,0,0,0,0,0,0,0,1,0,0
-36.90484287,174.8920461,Auckland,2018,minor_injury,60,FALSE,straight,,fine,,daylight,,1,0,0,1,1,0,0,0,0,0,0,0,0,0,0,0,0,1,0,0
-36.72455223,174.5517621,Auckland,2018,minor_injury,100,FALSE,curved_view_open,,fine,,daylight,,1,0,0,1,1,0,0,0,0,0,0,0,0,0,0,0,0,1,0,0
-39.10537917,175.378872,Ruapehu District,2018,minor_injury,100,FALSE,curved_view_open,,rain,,daylight,,1,0,0,1,1,0,0,0,0,0,0,0,0,0,0,0,0,1,0,0
-37.83859303,175.4224067,Waipa District,2018,minor_injury,100,FALSE,straight,,fine,,daylight,,1,0,0,1,1,0,0,0,0,0,0,0,0,0,0,0,0,1,0,0
-40.33254793,175.590168,Palmerston North City,2018,minor_injury,100,FALSE,straight,,fine,,daylight,,1,0,0,1,1,0,0,0,0,0,0,0,0,0,0,0,0,1,0,0
-40.41836406,175.4215541,Manawatu District,2018,minor_injury,100,FALSE,straight,,fine,,daylight,,1,0,0,1,1,0,0,0,0,0,0,0,0,0,0,0,0,1,0,0
-44.75796935,171.0217586,Waimate District,2018,minor_injury,100,FALSE,curved_view_open,,mist,,daylight,,1,0,0,1,1,0,0,0,0,0,0,0,0,0,0,0,0,1,0,0
-45.04592921,168.6305371,Queenstown-Lakes District,2018,minor_injury,100,FALSE,curved_view_open,,fine,,darkness_not_lit,,1,0,0,1,1,0,0,0,0,0,0,0,0,0,0,0,0,1,0,0
-39.57472229,174.34329,South Taranaki District,2018,minor_injury,100,FALSE,curved_view_open,,fine,,daylight,,1,0,0,1,1,0,0,0,0,0,0,0,0,0,0,0,0,1,0,0
-36.98554557,174.8847409,Auckland,2018,minor_injury,60,FALSE,straight,,fine,,daylight,traffic_lights,1,0,0,1,1,0,0,0,0,0,0,0,0,0,0,0,0,1,0,0
-40.91110129,176.0661996,Masterton District,2018,minor_injury,100,FALSE,curved_view_open,,fine,,darkness_not_lit,,1,0,0,1,1,0,0,0,0,0,0,0,0,0,0,0,0,1,0,0
-42.6655607,172.763841,Hurunui District,2018,minor_injury,100,FALSE,straight,,fine,,dawn_dusk,,1,0,0,1,1,0,0,0,0,0,0,0,0,0,0,0,0,1,0,0
-40.07914142,175.2688461,Rangitikei District,2018,minor_injury,100,FALSE,curved_view_open,,fine,,daylight,,1,0,0,1,1,0,0,0,0,0,0,0,0,0,0,0,0,1,0,0
-37.00685638,174.8986294,Auckland,2018,minor_injury,80,FALSE,straight,,fine,,darkness_not_lit,,1,0,0,1,1,0,0,0,0,0,0,0,0,0,0,0,0,1,0,0