latitude,longitude,local_government_area,year,severity,speed_limit,intersection,road_position_horizontal,road_wet,weather,crash_type,lighting,traffic_controls,casualties,fatalities,serious_injuries,minor_injuries,car_sedan,car_utility,car_van,car_4x4,car_station_wagon,motor_cycle,truck_small,truck_large,bus,taxi,bicycle,scooter,pedestrian,inanimate,train,tram
-37.00685638,174.8986294,Auckland,2018,minor_injury,100,FALSE,straight,,fine,,darkness_not_lit,,1,0,0,1,1,0,0,0,0,0,0,0,0,0,0,0,0,1,0,0
-39.00433094,174.2530731,New Plymouth District,2018,minor_injury,50,FALSE,straight,,rain,,daylight,,1,0,0,1,1,0,0,0,0,0,0,0,0,0,0,0,0,1,0,0
-37.759576,176.4747569,Western Bay Of Plenty District,2018,minor_injury,100,FALSE,curved_view_open,,fine,,daylight,,1,0,0,1,1,0,0,0,0,0,0,0,0,0,0,0,0,1,0,0
-38.35355464,175.7083246,Taupo District,2018,minor_injury,100,FALSE,curved_view_open,,rain,,darkness_not_lit,,1,0,0,1,1,0,0,0,0,0,0,0,0,0,0,0,0,1,0,0
-36.96607732,174.516011,Auckland,2018,minor_injury,100,FALSE,curved_view_open,,rain,,daylight,,1,0,0,1,1,0,0,0,0,0,0,0,0,0,0,0,0,1,0,0
-36.8334678,174.619883,Auckland,2018,minor_injury,100,FALSE,curved_view_open,,rain,,darkness_not_lit,,1,0,0,1,1,0,0,0,0,0,0,0,0,0,0,0,0,1,0,0
-39.96708325,175.1022185,Wanganui District,2018,minor_injury,100,FALSE,curved_view_open,,fine,,darkness_not_lit,,1,0,0,1,1,0,0,0,0,0,0,0,0,0,0,0,0,1,0,0
-36.91426468,174.6713513,Auckland,2018,minor_injury,50,TRUE,straight,,rain,,darkness_not_lit,giveway_sign,1,0,0,1,1,0,0,0,0,0,0,0,0,0,0,0,0,1,0,0
-37.47752269,175.1438111,Waikato District,2018,minor_injury,100,FALSE,curved_view_open,,rain,,darkness_not_lit,,1,0,0,1,1,0,0,0,0,0,0,0,0,0,0,0,0,1,0,0
-43.10125406,171.7743135,Selwyn District,2018,minor_injury,100,FALSE,curved_view_open,,rain,,daylight,,1,0,0,1,1,0,0,0,0,0,0,0,0,0,0,0,0,1,0,0
-35.76979567,174.4563577,Whangarei District,2018,minor_injury,70,FALSE,curved_view_open,,rain,,daylight,,1,0,0,1,1,0,0,0,0,0,0,0,0,0,0,0,0,1,0,0
-40.15721282,175.5015784,Manawatu District,2018,minor_injury,100,FALSE,curved_view_open,,rain,,daylight,,1,0,0,1,1,0,0,0,0,0,0,0,0,0,0,0,0,1,0,0
-41.30268073,173.2937921,Nelson City,2018,minor_injury,50,FALSE,straight,,fine,,daylight,,1,0,0,1,1,0,0,0,0,0,0,0,0,0,0,0,0,1,0,0
-40.8789429,175.0512632,Kapiti Coast District,2018,minor_injury,50,FALSE,straight,,fine,,daylight,,1,0,0,1,1,0,0,0,0,0,0,0,0,0,0,0,0,1,0,0
-38.66439694,178.0243751,Gisborne District,2018,minor_injury,50,FALSE,straight,,fine,,daylight,,1,0,0,1,1,0,0,0,0,0,0,0,0,0,0,0,0,1,0,0
-45.91096245,170.2848101,Dunedin City,2018,minor_injury,100,FALSE,straight,,fine,,darkness_not_lit,,1,0,0,1,1,0,0,0,0,0,0,0,0,0,0,0,0,1,0,0
-41.67899869,172.6188033,Tasman District,2018,minor_injury,100,FALSE,curved_view_open,,fine,,daylight,,1,0,0,1,1,0,0,0,0,0,0,0,0,0,0,0,0,1,0,0
-46.59153484,169.3467451,Clutha District,2018,minor_injury,100,FALSE,curved_view_open,,fine,,darkness_not_lit,,1,0,0,1,1,0,0,0,0,0,0,0,0,0,0,0,0,1,0,0
-43.74685772,172.0014207,Ashburton District,2018,minor_injury,100,TRUE,straight,,rain,,darkness_not_lit,giveway_sign,1,0,0,1,1,0,0,0,0,0,0,0,0,0,0,0,0,1,0,0
-38.44943979,175.1623923,Waitomo District,2018,minor_injury,100,TRUE,curved_view_open,,rain,,daylight,giveway_sign,1,0,0,1,1,0,0,0,0,0,0,0,0,0,0,0,0,1,0,0
-39.47018804,174.0439257,South Taranaki District,2018,minor_injury,100,FALSE,straight,,rain,,darkness_not_lit,,1,0,0,1,1,0,0,0,0,0,0,0,0,0,0,0,0,1,0,0
-35.49553297,174.1567126,Far North District,2018,minor_injury,100,FALSE,straight,,fine,,dawn_dusk,,1,0,0,1,1,0,0,0,0,0,0,0,0,0,0,0,0,1,0,0
-43.40761615,172.6938649,Christchurch City,2018,minor_injury,50,FALSE,straight,,fine,,daylight,,1,0,0,1,1,0,0,0,0,0,0,0,0,0,0,0,0,1,0,0
-37.02910746,174.882928,Auckland,2018,minor_injury,50,FALSE,straight,,fine,,daylight,,1,0,0,1,1,0,0,0,0,0,0,0,0,0,0,0,0,1,0,0
-43.41431422,172.6524767,Christchurch City,2018,minor_injury,80,FALSE,curved_view_open,,fine,,daylight,,1,0,0,1,1,0,0,0,0,0,0,0,0,0,0,0,0,1,0,0
-36.89208422,174.7671385,Auckland,2018,minor_injury,50,FALSE,straight,,fine,,daylight,,1,0,0,1,1,0,0,0,0,0,0,0,0,0,0,0,0,1,0,0
-38.88725962,174.596469,New Plymouth District,2018,minor_injury,100,FALSE,curved_view_open,,rain,,dawn_dusk,,1,0,0,1,1,0,0,0,0,0,0,0,0,0,0,0,0,1,0,0
-36.87036509,174.7152573,Auckland,2018,minor_injury,80,FALSE,straight,,fine,,daylight,,1,0,0,1,1,0,0,0,0,0,0,0,0,0,0,0,0,1,0,0
-35.77096216,174.3094587,Whangarei District,2018,minor_injury,100,FALSE,straight,,rain,,daylight,,1,0,0,1,1,0,0,0,0,0,0,0,0,0,0,0,0,1,0,0
-41.20409989,174.8215375,Wellington City,2018,minor_injury,100,FALSE,straight,,rain,,darkness_not_lit,,1,0,0,1,1,0,0,0,0,0,0,0,0,0,0,0,0,1,0,0
-39.51342511,176.884577,Napier City,2018,minor_injury,50,FALSE,curved_view_open,,rain,,daylight,,1,0,0,1,1,0,0,0,0,0,0,0,0,0,0,0,0,1,0,0
-37.65063535,175.7335624,Matamata-Piako District,2018,minor_injury,100,TRUE,straight,,rain,,daylight,giveway_sign,1,0,0,1,1,0,0,0,0,0,0,0,0,0,0,0,0,1,0,0
-41.14125178,174.8280302,Porirua City,2018,minor_injury,70,FALSE,straight,,rain,,darkness_not_lit,,1,0,0,1,1,0,0,0,0,0,0,0,0,0,0,0,0,1,0,0
-37.12858338,175.1168492,Auckland,2018,minor_injury,100,FALSE,curved_view_open,,fine,,daylight,,1,0,0,1,1,0,0,0,0,0,0,0,0,0,0,0,0,1,0,0
-42.75097706,171.0476798,Westland District,2018,minor_injury,100,FALSE,curved_view_open,,fine,,daylight,,1,0,0,1,1,0,0,0,0,0,0,0,0,0,0,0,0,1,0,0
-36.76294796,174.7384039,Auckland,2018,minor_injury,100,FALSE,straight,,fine,,daylight,,1,0,0,1,1,0,0,0,0,0,0,0,0,0,0,0,0,1,0,0
-45.54544593,167.9267521,Southland District,2018,minor_injury,100,FALSE,straight,,mist,,daylight,,1,0,0,1,1,0,0,0,0,0,0,0,0,0,0,0,0,1,0,0
-36.71661903,174.7115857,Auckland,2018,minor_injury,100,FALSE,straight,,rain,,daylight,,1,0,0,1,1,0,0,0,0,0,0,0,0,0,0,0,0,1,0,0
-36.97307948,174.8699873,Auckland,2018,minor_injury,50,FALSE,straight,,rain,,darkness_not_lit,,1,0,0,1,1,0,0,0,0,0,0,0,0,0,0,0,0,1,0,0
-36.92352809,174.7854669,Auckland,2018,minor_injury,50,FALSE,straight,,fine,,daylight,,1,0,0,1,1,0,0,0,0,0,0,0,0,0,0,0,0,1,0,0
-41.21027758,174.8881453,Hutt City,2018,minor_injury,50,FALSE,curved_view_open,,rain,,daylight,,1,0,0,1,1,0,0,0,0,0,0,0,0,0,0,0,0,1,0,0
-37.59789929,178.2596276,Gisborne District,2018,minor_injury,100,FALSE,straight,,rain,,darkness_not_lit,,1,0,0,1,1,0,0,0,0,0,0,0,0,0,0,0,0,1,0,0
-45.93558668,169.7310704,Clutha District,2018,minor_injury,100,FALSE,curved_view_open,,fine,,daylight,,1,0,0,1,1,0,0,0,0,0,0,0,0,0,0,0,0,1,0,0
-46.2438925,169.6670321,Clutha District,2018,minor_injury,100,FALSE,curved_view_open,,fine,,darkness_not_lit,,1,0,0,1,1,0,0,0,0,0,0,0,0,0,0,0,0,1,0,0
-46.2438925,169.6670321,Clutha District,2018,minor_injury,100,FALSE,curved_view_open,,fine,,daylight,,1,0,0,1,1,0,0,0,0,0,0,0,0,0,0,0,0,1,0,0
-35.73115247,174.3305447,Whangarei District,2018,minor_injury,10,FALSE,straight,,rain,,daylight,,1,0,0,1,1,0,0,0,0,0,0,0,0,0,0,0,0,1,0,0
-36.7944492,174.7574958,Auckland,2018,minor_injury,100,FALSE,straight,,fine,,daylight,,1,0,0,1,1,0,0,0,0,0,0,0,0,0,0,0,0,1,0,0
-46.22746887,169.3357546,Clutha District,2018,minor_injury,100,FALSE,curved_view_open,,rain,,daylight,,1,0,0,1,1,0,0,0,0,0,0,0,0,0,0,0,0,1,0,0
-41.27731602,173.2674449,Nelson City,2018,minor_injury,50,FALSE,straight,,fine,,darkness_not_lit,,1,0,0,1,1,0,0,0,0,0,0,0,0,0,0,0,0,1,0,0
-44.61286031,171.1451002,Waimate District,2018,minor_injury,100,FALSE,straight,,rain,,darkness_not_lit,,1,0,0,1,1,0,0,0,0,0,0,0,0,0,0,0,0,1,0,0
-39.10079115,174.0596534,New Plymouth District,2018,minor_injury,100,FALSE,curved_view_open,,rain,,daylight,,1,0,0,1,1,0,0,0,0,0,0,0,0,0,0,0,0,1,0,0
-40.20841984,176.1019211,Tararua District,2018,minor_injury,50,FALSE,straight,,fine,,dawn_dusk,,1,0,0,1,1,0,0,0,0,0,0,0,0,0,0,0,0,1,0,0
-39.06166669,177.7813102,Wairoa District,2018,minor_injury,100,FALSE,curved_view_open,,fine,,daylight,,1,0,0,1,1,0,0,0,0,0,0,0,0,0,0,0,0,1,0,0
-37.81398911,175.2865002,Hamilton City,2018,minor_injury,50,FALSE,curved_view_open,,fine,,daylight,,1,0,0,1,1,0,0,0,0,0,0,0,0,0,0,0,0,1,0,0
-37.15908782,175.6163087,Thames-Coromandel District,2018,minor_injury,100,FALSE,curved_view_open,,fine,,daylight,,1,0,0,1,1,0,0,0,0,0,0,0,0,0,0,0,0,1,0,0
-40.84738128,175.0748672,Kapiti Coast District,2018,minor_injury,100,FALSE,curved_view_open,,fine,,daylight,,1,0,0,1,1,0,0,0,0,0,0,0,0,0,0,0,0,1,0,0
-45.9896896,169.1888971,Clutha District,2018,minor_injury,100,FALSE,curved_view_open,,fine,,daylight,,1,0,0,1,1,0,0,0,0,0,0,0,0,0,0,0,0,1,0,0
-37.73305457,175.8290574,Matamata-Piako District,2018,minor_injury,100,FALSE,straight,,fine,,darkness_not_lit,,1,0,0,1,1,0,0,0,0,0,0,0,0,0,0,0,0,1,0,0
-37.67680734,175.4614527,Matamata-Piako District,2018,minor_injury,100,FALSE,straight,,fine,,dawn_dusk,,1,0,0,1,1,0,0,0,0,0,0,0,0,0,0,0,0,1,0,0
-40.18263327,175.6283664,Manawatu District,2018,minor_injury,100,FALSE,straight,,fine,,darkness_not_lit,,1,0,0,1,1,0,0,0,0,0,0,0,0,0,0,0,0,1,0,0
-36.86613331,174.666802,Auckland,2018,minor_injury,80,FALSE,straight,,fine,,darkness_not_lit,,1,0,0,1,1,0,0,0,0,0,0,0,0,0,0,0,0,1,0,0
-41.51891882,173.6313978,Marlborough District,2018,minor_injury,100,FALSE,curved_view_open,,fine,,darkness_not_lit,,1,0,0,1,1,0,0,0,0,0,0,0,0,0,0,0,0,1,0,0
-39.66513592,176.7919074,Hastings District,2018,minor_injury,100,FALSE,straight,,fine,,darkness_not_lit,,1,0,0,1,1,0,0,0,0,0,0,0,0,0,0,0,0,1,0,0
-41.22183081,173.3974396,Nelson City,2018,minor_injury,100,FALSE,straight,,rain,,daylight,,1,0,0,1,1,0,0,0,0,0,0,0,0,0,0,0,0,1,0,0
-46.19488149,168.1506953,Southland District,2018,minor_injury,100,FALSE,curved_view_open,,mist,,darkness_not_lit,,1,0,0,1,1,0,0,0,0,0,0,0,0,0,0,0,0,1,0,0
-40.94317275,175.6525213,Masterton District,2018,minor_injury,50,FALSE,curved_view_open,,fine,,daylight,,1,0,0,1,1,0,0,0,0,0,0,0,0,0,0,0,0,1,0,0
-37.01822676,175.5137601,Thames-Coromandel District,2018,minor_injury,50,FALSE,straight,,fine,,darkness_not_lit,,1,0,0,1,1,0,0,0,0,0,0,0,0,0,0,0,0,1,0,0
-45.90096214,170.4527643,Dunedin City,2018,minor_injury,100,FALSE,curved_view_open,,fine,,dawn_dusk,,1,0,0,1,1,0,0,0,0,0,0,0,0,0,0,0,0,1,0,0
-43.20552624,172.4775976,Waimakariri District,2018,minor_injury,100,FALSE,straight,,rain,,daylight,,1,0,0,1,1,0,0,0,0,0,0,0,0,0,0,0,0,1,0,0
-38.97619524,175.7711285,Taupo District,2018,minor_injury,100,FALSE,curved_view_open,,rain,,darkness_not_lit,,1,0,0,1,1,0,0,0,0,0,0,0,0,0,0,0,0,1,0,0
-37.84844612,178.3221838,Gisborne District,2018,minor_injury,100,FALSE,straight,,fine,,darkness_not_lit,,1,0,0,1,1,0,0,0,0,0,0,0,0,0,0,0,0,1,0,0
-41.29696811,174.0016545,Marlborough District,2018,minor_injury,10,FALSE,straight,,,,daylight,,1,0,0,1,1,0,0,0,0,0,0,0,0,0,0,0,0,1,0,0
-44.14797951,170.109507,Mackenzie District,2018,minor_injury,100,FALSE,curved_view_open,,fine,,daylight,,1,0,0,1,1,0,0,0,0,0,0,0,0,0,0,0,0,1,0,0
-38.0621843,176.7324812,Kawerau District,2018,minor_injury,100,FALSE,straight,,fine,,darkness_not_lit,,1,0,0,1,1,0,0,0,0,0,0,0,0,0,0,0,0,1,0,0
-35.74143276,174.2634139,Whangarei District,2018,minor_injury,70,FALSE,straight,,fine,,daylight,,1,0,0,1,1,0,0,0,0,0,0,0,0,0,0,0,0,1,0,0
-36.9051248,174.9009195,Auckland,2018,minor_injury,50,FALSE,curved_view_open,,mist,,darkness_not_lit,,1,0,0,1,1,0,0,0,0,0,0,0,0,0,0,0,0,1,0,0
-37.96291072,177.0041856,Whakatane District,2018,minor_injury,50,FALSE,straight,,fine,,daylight,,1,0,0,1,1,0,0,0,0,0,0,0,0,0,0,0,0,1,0,0
-37.41624988,175.6150094,Hauraki District,2018,minor_injury,100,FALSE,curved_view_open,,rain,,dawn_dusk,,1,0,0,1,1,0,0,0,0,0,0,0,0,0,0,0,0,1,0,0
-42.24703971,171.7019319,Buller District,2018,minor_injury,100,FALSE,straight,,fine,,daylight,,1,0,0,1,1,0,0,0,0,0,0,0,0,0,0,0,0,1,0,0
-37.34686312,174.9088083,Waikato District,2018,minor_injury,100,FALSE,curved_view_open,,fine,,darkness_not_lit,,1,0,0,1,1,0,0,0,0,0,0,0,0,0,0,0,0,1,0,0
-39.49981344,176.7560162,Hastings District,2018,minor_injury,100,FALSE,curved_view_open,,fine,,daylight,,1,0,0,1,1,0,0,0,0,0,0,0,0,0,0,0,0,1,0,0
-41.22882703,173.4355919,Nelson City,2018,minor_injury,100,FALSE,curved_view_open,,fine,,daylight,,1,0,0,1,1,0,0,0,0,0,0,0,0,0,0,0,0,1,0,0
-37.92923833,175.8331745,South Waikato District,2018,minor_injury,100,FALSE,curved_view_open,,fine,,darkness_not_lit,,1,0,0,1,1,0,0,0,0,0,0,0,0,0,0,0,0,1,0,0
-39.01418998,174.2223966,New Plymouth District,2018,minor_injury,100,FALSE,straight,,rain,,darkness_not_lit,,1,0,0,1,1,0,0,0,0,0,0,0,0,0,0,0,0,1,0,0
-42.63672639,173.3301868,Hurunui District,2018,minor_injury,100,FALSE,curved_view_open,,fine,,darkness_not_lit,,1,0,0,1,1,0,0,0,0,0,0,0,0,0,0,0,0,1,0,0
-43.36029397,172.6315586,Waimakariri District,2018,minor_injury,100,FALSE,straight,,fine,,darkness_not_lit,,1,0,0,1,1,0,0,0,0,0,0,0,0,0,0,0,0,1,0,0
-38.16742562,175.2011361,Otorohanga District,2018,minor_injury,100,FALSE,curved_view_open,,fine,,daylight,,1,0,0,1,1,0,0,0,0,0,0,0,0,0,0,0,0,1,0,0
-38.32367262,176.3149547,Rotorua District,2018,minor_injury,100,FALSE,curved_view_open,,rain,,darkness_not_lit,,1,0,0,1,1,0,0,0,0,0,0,0,0,0,0,0,0,1,0,0
-38.78146839,176.0769261,Taupo District,2018,minor_injury,70,FALSE,straight,,fine,,daylight,,1,0,0,1,1,0,0,0,0,0,0,0,0,0,0,0,0,1,0,0
-38.76828135,175.2443458,Ruapehu District,2018,minor_injury,100,FALSE,curved_view_open,,fine,,daylight,,1,0,0,1,1,0,0,0,0,0,0,0,0,0,0,0,0,1,0,0
-37.78166523,176.3187131,Western Bay Of Plenty District,2018,minor_injury,50,TRUE,straight,,rain,,darkness_not_lit,,1,0,0,1,1,0,0,0,0,0,0,0,0,0,0,0,0,1,0,0
-39.14424986,174.2087788,New Plymouth District,2018,minor_injury,100,FALSE,straight,,fine,,daylight,,1,0,0,1,1,0,0,0,0,0,0,0,0,0,0,0,0,1,0,0
-39.6439623,176.854719,Hastings District,2018,minor_injury,50,FALSE,straight,,rain,,darkness_not_lit,,1,0,0,1,1,0,0,0,0,0,0,0,0,0,0,0,0,1,0,0
-46.3806921,168.4375854,Invercargill City,2018,minor_injury,100,FALSE,curved_view_open,,fine,,daylight,,1,0,0,1,1,0,0,0,0,0,0,0,0,0,0,0,0,1,0,0
-37.78380307,175.2956521,Hamilton City,2018,minor_injury,50,TRUE,straight,,fine,,daylight,giveway_sign,1,0,0,1,1,0,0,0,0,0,0,0,0,0,0,0,0,1,0,0
-37.7286051,175.3110103,Waikato District,2018,minor_injury,80,FALSE,straight,,fine,,darkness_not_lit,,1,0,0,1,1,0,0,0,0,0,0,0,0,0,0,0,0,1,0,0
-41.08082772,174.9238486,Porirua City,2018,minor_injury,60,FALSE,curved_view_open,,rain,,daylight,,1,0,0,1,1,0,0,0,0,0,0,0,0,0,0,0,0,1,0,0
-38.98086486,175.8116516,Taupo District,2018,minor_injury,50,FALSE,curved_view_open,,rain,,darkness_not_lit,,1,0,0,1,1,0,0,0,0,0,0,0,0,0,0,0,0,1,0,0
-39.57249419,176.7200803,Hastings District,2018,minor_injury,100,FALSE,curved_view_open,,fine,,daylight,,1,0,0,1,1,0,0,0,0,0,0,0,0,0,0,0,0,1,0,0
-39.55419975,176.8815599,Napier City,2018,minor_injury,100,FALSE,curved_view_open,,rain,,darkness_not_lit,,1,0,0,1,1,0,0,0,0,0,0,0,0,0,0,0,0,1,0,0
-40.41621994,175.6529257,Palmerston North City,2018,minor_injury,80,FALSE,curved_view_open,,fine,,darkness_not_lit,,1,0,0,1,1,0,0,0,0,0,0,0,0,0,0,0,0,1,0,0
-39.07033311,177.0220898,Wairoa District,2018,minor_injury,100,FALSE,curved_view_open,,rain,,darkness_not_lit,,1,0,0,1,1,0,0,0,0,0,0,0,0,0,0,0,0,1,0,0
-45.84277341,170.3737606,Dunedin City,2018,minor_injury,100,FALSE,straight,,fine,,daylight,,1,0,0,1,1,0,0,0,0,0,0,0,0,0,0,0,0,1,0,0
-36.59872021,174.6624609,Auckland,2018,minor_injury,100,FALSE,straight,,fine,,daylight,,1,0,0,1,1,0,0,0,0,0,0,0,0,0,0,0,0,1,0,0
-36.9042438,174.6801451,Auckland,2018,minor_injury,50,FALSE,curved_view_open,,fine,,darkness_not_lit,,1,0,0,1,1,0,0,0,0,0,0,0,0,0,0,0,0,1,0,0
-37.16364174,175.8578954,Thames-Coromandel District,2018,minor_injury,100,FALSE,curved_view_open,,fine,,darkness_not_lit,,1,0,0,1,1,0,0,0,0,0,0,0,0,0,0,0,0,1,0,0
-41.30714239,174.7607948,Wellington City,2018,minor_injury,50,FALSE,straight,,fine,,daylight,,1,0,0,1,1,0,0,0,0,0,0,0,0,0,0,0,0,1,0,0
-37.99789677,175.2857445,Waipa District,2018,minor_injury,100,FALSE,straight,,fine,,daylight,,1,0,0,1,1,0,0,0,0,0,0,0,0,0,0,0,0,1,0,0
-36.96465357,174.8317491,Auckland,2018,minor_injury,50,TRUE,straight,,fine,,darkness_not_lit,,1,0,0,1,1,0,0,0,0,0,0,0,0,0,0,0,0,1,0,0
-37.65571303,175.7232423,Matamata-Piako District,2018,minor_injury,100,FALSE,straight,,rain,,darkness_not_lit,,1,0,0,1,1,0,0,0,0,0,0,0,0,0,0,0,0,1,0,0
-37.79750232,175.3052408,Hamilton City,2018,minor_injury,50,FALSE,straight,,fine,,daylight,,1,0,0,1,1,0,0,0,0,0,0,0,0,0,0,0,0,1,0,0
-44.19082738,170.142885,Mackenzie District,2018,minor_injury,100,FALSE,straight,,fine,,darkness_not_lit,,1,0,0,1,1,0,0,0,0,0,0,0,0,0,0,0,0,1,0,0
-37.08838102,174.8747072,Auckland,2018,minor_injury,100,FALSE,straight,,mist,,darkness_not_lit,,1,0,0,1,1,0,0,0,0,0,0,0,0,0,0,0,0,1,0,0
-43.64654339,171.458394,Ashburton District,2018,minor_injury,100,FALSE,straight,,snow,,darkness_not_lit,,1,0,0,1,1,0,0,0,0,0,0,0,0,0,0,0,0,1,0,0
-35.04563562,173.2608632,Far North District,2018,minor_injury,100,FALSE,straight,,fine,,daylight,,1,0,0,1,1,0,0,0,0,0,0,0,0,0,0,0,0,1,0,0
-36.34772936,174.5870507,Auckland,2018,minor_injury,80,FALSE,curved_view_open,,fine,,darkness_not_lit,,1,0,0,1,1,0,0,0,0,0,0,0,0,0,0,0,0,1,0,0
-43.33729607,172.6666713,Waimakariri District,2018,minor_injury,100,FALSE,straight,,fine,,darkness_not_lit,,1,0,0,1,1,0,0,0,0,0,0,0,0,0,0,0,0,1,0,0
-40.30187082,175.5421228,Manawatu District,2018,minor_injury,100,FALSE,straight,,rain,,darkness_not_lit,,1,0,0,1,1,0,0,0,0,0,0,0,0,0,0,0,0,1,0,0
-38.14625534,175.5499604,Waipa District,2018,minor_injury,100,FALSE,curved_view_open,,fine,,darkness_not_lit,,1,0,0,1,1,0,0,0,0,0,0,0,0,0,0,0,0,1,0,0
-45.09957974,170.9650127,Waitaki District,2018,minor_injury,50,FALSE,straight,,fine,,darkness_not_lit,,1,0,0,1,1,0,0,0,0,0,0,0,0,0,0,0,0,1,0,0
-38.00603396,175.7696266,South Waikato District,2018,minor_injury,100,FALSE,curved_view_open,,fine,,daylight,,1,0,0,1,1,0,0,0,0,0,0,0,0,0,0,0,0,1,0,0
-43.19074248,171.7345704,Selwyn District,2018,minor_injury,100,FALSE,curved_view_open,,fine,,daylight,,1,0,0,1,1,0,0,0,0,0,0,0,0,0,0,0,0,1,0,0
-36.90005192,174.6827355,Auckland,2018,minor_injury,50,FALSE,curved_view_open,,fine,,darkness_not_lit,,1,0,0,1,1,0,0,0,0,0,0,0,0,0,0,0,0,1,0,0
-36.98647424,174.7820387,Auckland,2018,minor_injury,50,FALSE,straight,,fine,,daylight,,1,0,0,1,1,0,0,0,0,0,0,0,0,0,0,0,0,1,0,0
-37.88591889,175.4298581,Waipa District,2018,minor_injury,100,FALSE,straight,,fine,,darkness_not_lit,,1,0,0,1,1,0,0,0,0,0,0,0,0,0,0,0,0,1,0,0
-38.13041518,177.073213,Whakatane District,2018,minor_injury,100,FALSE,curved_view_open,,fine,,daylight,,1,0,0,1,1,0,0,0,0,0,0,0,0,0,0,0,0,1,0,0
-42.9559035,172.7091703,Hurunui District,2018,minor_injury,100,FALSE,curved_view_open,,fine,,daylight,,1,0,0,1,1,0,0,0,0,0,0,0,0,0,0,0,0,1,0,0
-45.12849859,170.9567359,Waitaki District,2018,minor_injury,100,FALSE,straight,,fine,,darkness_not_lit,,1,0,0,1,1,0,0,0,0,0,0,0,0,0,0,0,0,1,0,0
-37.67796672,175.5709222,Matamata-Piako District,2018,minor_injury,100,FALSE,straight,,rain,,darkness_not_lit,,1,0,0,1,1,0,0,0,0,0,0,0,0,0,0,0,0,1,0,0
-36.63876497,174.6691932,Auckland,2018,minor_injury,100,FALSE,straight,,fine,,daylight,,1,0,0,1,1,0,0,0,0,0,0,0,0,0,0,0,0,1,0,0
-46.21622476,169.7710489,Clutha District,2018,minor_injury,100,FALSE,curved_view_open,,fine,,darkness_not_lit,,1,0,0,1,1,0,0,0,0,0,0,0,0,0,0,0,0,1,0,0
-37.11937497,174.8192865,Auckland,2018,minor_injury,100,FALSE,straight,,fine,,darkness_not_lit,,1,0,0,1,1,0,0,0,0,0,0,0,0,0,0,0,0,1,0,0
-36.95425133,175.09501,Auckland,2018,minor_injury,100,FALSE,curved_view_open,,fine,,daylight,,1,0,0,1,1,0,0,0,0,0,0,0,0,0,0,0,0,1,0,0
-40.70885594,175.2123457,Horowhenua District,2018,minor_injury,80,FALSE,straight,,rain,,daylight,,1,0,0,1,1,0,0,0,0,0,0,0,0,0,0,0,0,1,0,0
-36.79809019,174.7434458,Auckland,2018,minor_injury,50,FALSE,straight,,fine,,darkness_not_lit,,1,0,0,1,1,0,0,0,0,0,0,0,0,0,0,0,0,1,0,0
-35.64848072,174.2889551,Whangarei District,2018,minor_injury,100,TRUE,straight,,fine,,darkness_not_lit,giveway_sign,1,0,0,1,1,0,0,0,0,0,0,0,0,0,0,0,0,1,0,0
-37.91363616,175.5755706,Waipa District,2018,minor_injury,100,FALSE,curved_view_open,,fine,,daylight,,1,0,0,1,1,0,0,0,0,0,0,0,0,0,0,0,0,1,0,0
-35.79137884,174.3048031,Whangarei District,2018,minor_injury,80,FALSE,curved_view_open,,fine,,daylight,,1,0,0,1,1,0,0,0,0,0,0,0,0,0,0,0,0,1,0,0
-35.12086772,173.3339975,Far North District,2018,minor_injury,100,FALSE,straight,,rain,,daylight,,1,0,0,1,1,0,0,0,0,0,0,0,0,0,0,0,0,1,0,0
-39.84527563,176.6308356,Central Hawkes Bay District,2018,minor_injury,100,FALSE,curved_view_open,,rain,,daylight,,1,0,0,1,1,0,0,0,0,0,0,0,0,0,0,0,0,1,0,0
-36.87630565,174.6287421,Auckland,2018,minor_injury,50,FALSE,straight,,rain,,darkness_not_lit,,1,0,0,1,1,0,0,0,0,0,0,0,0,0,0,0,0,1,0,0
-43.39553992,172.6408038,Waimakariri District,2018,minor_injury,100,FALSE,straight,,fine,,daylight,,1,0,0,1,1,0,0,0,0,0,0,0,0,0,0,0,0,1,0,0
-37.00351667,174.8836675,Auckland,2018,minor_injury,60,FALSE,straight,,fine,,darkness_not_lit,,1,0,0,1,1,0,0,0,0,0,0,0,0,0,0,0,0,1,0,0
-36.75344001,174.5532736,Auckland,2018,minor_injury,100,FALSE,curved_view_open,,fine,,darkness_not_lit,,1,0,0,1,1,0,0,0,0,0,0,0,0,0,0,0,0,1,0,0
-41.23610805,174.9160821,Hutt City,2018,minor_injury,50,TRUE,curved_view_open,,rain,,darkness_not_lit,,1,0,0,1,1,0,0,0,0,0,0,0,0,0,0,0,0,1,0,0
-36.96968884,174.8143464,Auckland,2018,minor_injury,50,FALSE,straight,,rain,,darkness_not_lit,,1,0,0,1,1,0,0,0,0,0,0,0,0,0,0,0,0,1,0,0
-43.52622727,172.682809,Christchurch City,2018,minor_injury,60,FALSE,straight,,fine,,darkness_not_lit,,1,0,0,1,1,0,0,0,0,0,0,0,0,0,0,0,0,1,0,0
-36.87540139,174.5970841,Auckland,2018,minor_injury,50,FALSE,straight,,fine,,daylight,,1,0,0,1,1,0,0,0,0,0,0,0,0,0,0,0,0,1,0,0
-36.87521746,174.7043934,Auckland,2018,minor_injury,50,FALSE,straight,,fine,,daylight,,1,0,0,1,1,0,0,0,0,0,0,0,0,0,0,0,0,1,0,0
-45.77753685,170.7100265,Dunedin City,2018,minor_injury,30,FALSE,straight,,fine,,daylight,,1,0,0,1,1,0,0,0,0,0,0,0,0,0,0,0,0,1,0,0
-39.94871272,175.0331346,Wanganui District,2018,minor_injury,50,FALSE,curved_view_open,,rain,,darkness_not_lit,,1,0,0,1,1,0,0,0,0,0,0,0,0,0,0,0,0,1,0,0