latitude,longitude,local_government_area,year,severity,speed_limit,intersection,road_position_horizontal,road_wet,weather,crash_type,lighting,traffic_controls,casualties,fatalities,serious_injuries,minor_injuries,car_sedan,car_utility,car_van,car_4x4,car_station_wagon,motor_cycle,truck_small,truck_large,bus,taxi,bicycle,scooter,pedestrian,inanimate,train,tram
-37.19091884,175.561819,Hauraki District,2018,minor_injury,100,FALSE,straight,,rain,,daylight,,1,0,0,1,1,0,0,0,0,0,0,0,0,0,0,0,0,1,0,0
-37.62552831,175.3230866,Waikato District,2018,minor_injury,100,FALSE,straight,,rain,,daylight,,1,0,0,1,1,0,0,0,0,0,0,0,0,0,0,0,0,1,0,0
-45.88238468,170.5045457,Dunedin City,2018,minor_injury,60,FALSE,curved_view_open,,fine,,darkness_not_lit,,1,0,0,1,1,0,0,0,0,0,0,0,0,0,0,0,0,1,0,0
-37.97778242,175.3489056,Waipa District,2018,minor_injury,100,FALSE,straight,,rain,,daylight,,1,0,0,1,1,0,0,0,0,0,0,0,0,0,0,0,0,1,0,0
-45.21555769,168.7425317,Queenstown-Lakes District,2018,minor_injury,100,FALSE,curved_view_open,,fine,,daylight,,1,0,0,1,1,0,0,0,0,0,0,0,0,0,0,0,0,1,0,0
-36.96759532,174.9321484,Auckland,2018,minor_injury,50,FALSE,curved_view_open,,rain,,darkness_not_lit,,1,0,0,1,1,0,0,0,0,0,0,0,0,0,0,0,0,1,0,0
-37.22001735,174.7465979,Auckland,2018,minor_injury,100,FALSE,straight,,rain,,darkness_not_lit,,1,0,0,1,1,0,0,0,0,0,0,0,0,0,0,0,0,1,0,0
-43.50446439,172.6579719,Christchurch City,2018,minor_injury,50,FALSE,straight,,fine,,darkness_not_lit,,1,0,0,1,1,0,0,0,0,0,0,0,0,0,0,0,0,1,0,0
-39.6092606,176.863096,Hastings District,2018,minor_injury,80,FALSE,straight,,rain,,darkness_not_lit,,1,0,0,1,1,0,0,0,0,0,0,0,0,0,0,0,0,1,0,0
-38.38176629,176.3426833,Rotorua District,2018,minor_injury,100,FALSE,straight,,fine,,daylight,,1,0,0,1,1,0,0,0,0,0,0,0,0,0,0,0,0,1,0,0
-43.57250896,172.7029259,Christchurch City,2018,minor_injury,50,FALSE,curved_view_open,,fine,,darkness_not_lit,,1,0,0,1,1,0,0,0,0,0,0,0,0,0,0,0,0,1,0,0
-46.03896049,170.1169396,Clutha District,2018,minor_injury,100,FALSE,straight,,fine,,daylight,,1,0,0,1,1,0,0,0,0,0,0,0,0,0,0,0,0,1,0,0
-46.17198641,169.0632012,Gore District,2018,minor_injury,100,FALSE,curved_view_open,,fine,,daylight,,1,0,0,1,1,0,0,0,0,0,0,0,0,0,0,0,0,1,0,0
-44.94244415,168.8123626,Queenstown-Lakes District,2018,minor_injury,80,FALSE,straight,,fine,,daylight,,1,0,0,1,1,0,0,0,0,0,0,0,0,0,0,0,0,1,0,0
-37.2067084,175.871563,Thames-Coromandel District,2018,minor_injury,50,FALSE,straight,,fine,,daylight,,1,0,0,1,1,0,0,0,0,0,0,0,0,0,0,0,0,1,0,0
-43.31187905,172.6027249,Waimakariri District,2018,minor_injury,50,TRUE,curved_view_open,,mist,,darkness_not_lit,giveway_sign,1,0,0,1,1,0,0,0,0,0,0,0,0,0,0,0,0,1,0,0
-37.17864729,174.7984275,Auckland,2018,minor_injury,100,FALSE,straight,,,,daylight,,1,0,0,1,1,0,0,0,0,0,0,0,0,0,0,0,0,1,0,0
-36.77845679,174.5557729,Auckland,2018,minor_injury,70,FALSE,curved_view_open,,fine,,darkness_not_lit,,1,0,0,1,1,0,0,0,0,0,0,0,0,0,0,0,0,1,0,0
-37.6101994,175.6133172,Matamata-Piako District,2018,minor_injury,100,FALSE,straight,,fine,,dawn_dusk,,1,0,0,1,1,0,0,0,0,0,0,0,0,0,0,0,0,1,0,0
-40.20222844,175.4437295,Manawatu District,2018,minor_injury,100,FALSE,curved_view_open,,fine,,daylight,,1,0,0,1,1,0,0,0,0,0,0,0,0,0,0,0,0,1,0,0
-41.37336265,174.8978891,Hutt City,2018,minor_injury,80,FALSE,curved_view_open,,fine,,darkness_not_lit,,1,0,0,1,1,0,0,0,0,0,0,0,0,0,0,0,0,1,0,0
-35.39180103,173.8418153,Far North District,2018,minor_injury,100,FALSE,curved_view_open,,rain,,darkness_not_lit,,1,0,0,1,1,0,0,0,0,0,0,0,0,0,0,0,0,1,0,0
-36.5069046,174.6707788,Auckland,2018,minor_injury,100,FALSE,straight,,fine,,daylight,,1,0,0,1,1,0,0,0,0,0,0,0,0,0,0,0,0,1,0,0
-36.93009312,174.7876409,Auckland,2018,minor_injury,50,FALSE,curved_view_open,,rain,,darkness_not_lit,,1,0,0,1,1,0,0,0,0,0,0,0,0,0,0,0,0,1,0,0
-42.2911399,172.0630208,Buller District,2018,minor_injury,100,FALSE,curved_view_open,,mist,,daylight,,1,0,0,1,1,0,0,0,0,0,0,0,0,0,0,0,0,1,0,0
-43.44431869,170.0658629,Westland District,2018,minor_injury,100,FALSE,curved_view_open,,rain,,darkness_not_lit,,1,0,0,1,1,0,0,0,0,0,0,0,0,0,0,0,0,1,0,0
-46.00576429,168.8340227,Gore District,2018,minor_injury,100,FALSE,curved_view_open,,fine,,daylight,,1,0,0,1,1,0,0,0,0,0,0,0,0,0,0,0,0,1,0,0
-35.45564989,174.0903884,Far North District,2018,minor_injury,100,FALSE,curved_view_open,,rain,,daylight,,1,0,0,1,1,0,0,0,0,0,0,0,0,0,0,0,0,1,0,0
-39.7725771,176.6900143,Hastings District,2018,minor_injury,100,FALSE,straight,,fine,,daylight,,1,0,0,1,1,0,0,0,0,0,0,0,0,0,0,0,0,1,0,0
-41.2060785,173.3524131,Nelson City,2018,minor_injury,100,FALSE,curved_view_open,,fine,,daylight,,1,0,0,1,1,0,0,0,0,0,0,0,0,0,0,0,0,1,0,0
-37.82516467,175.2621697,Waipa District,2018,minor_injury,100,FALSE,straight,,fine,,darkness_not_lit,,1,0,0,1,1,0,0,0,0,0,0,0,0,0,0,0,0,1,0,0
-45.78572783,170.5516803,Dunedin City,2018,minor_injury,100,FALSE,curved_view_open,,fine,,darkness_not_lit,,1,0,0,1,1,0,0,0,0,0,0,0,0,0,0,0,0,1,0,0
-35.79773077,174.5020611,Whangarei District,2018,minor_injury,100,FALSE,curved_view_open,,fine,,darkness_not_lit,,1,0,0,1,1,0,0,0,0,0,0,0,0,0,0,0,0,1,0,0
-41.08700285,174.8793488,Porirua City,2018,minor_injury,60,FALSE,curved_view_open,,rain,,daylight,,1,0,0,1,1,0,0,0,0,0,0,0,0,0,0,0,0,1,0,0
-43.60377838,172.6788705,Christchurch City,2018,minor_injury,50,FALSE,curved_view_open,,fine,,darkness_not_lit,,1,0,0,1,1,0,0,0,0,0,0,0,0,0,0,0,0,1,0,0
-37.80304164,175.4299552,Waikato District,2018,minor_injury,100,FALSE,curved_view_open,,fine,,daylight,,1,0,0,1,1,0,0,0,0,0,0,0,0,0,0,0,0,1,0,0
-46.41405558,168.3511831,Invercargill City,2018,minor_injury,50,FALSE,straight,,,,daylight,,1,0,0,1,1,0,0,0,0,0,0,0,0,0,0,0,0,1,0,0
-37.69813074,175.3035197,Waikato District,2018,minor_injury,100,FALSE,curved_view_open,,rain,,darkness_not_lit,,1,0,0,1,1,0,0,0,0,0,0,0,0,0,0,0,0,1,0,0
-37.79313278,175.217915,Waikato District,2018,minor_injury,100,FALSE,curved_view_open,,rain,,daylight,,1,0,0,1,1,0,0,0,0,0,0,0,0,0,0,0,0,1,0,0
-38.08103964,175.5046014,Waipa District,2018,minor_injury,100,FALSE,curved_view_open,,fine,,darkness_not_lit,,1,0,0,1,1,0,0,0,0,0,0,0,0,0,0,0,0,1,0,0
-41.18130113,174.8290007,Wellington City,2018,minor_injury,100,FALSE,curved_view_open,,rain,,daylight,,1,0,0,1,1,0,0,0,0,0,0,0,0,0,0,0,0,1,0,0
-43.47790656,172.6169095,Christchurch City,2018,minor_injury,60,FALSE,straight,,mist,,darkness_not_lit,,1,0,0,1,1,0,0,0,0,0,0,0,0,0,0,0,0,1,0,0
-39.29753472,174.2913463,Stratford District,2018,minor_injury,100,FALSE,curved_view_open,,fine,,daylight,,1,0,0,1,1,0,0,0,0,0,0,0,0,0,0,0,0,1,0,0
-36.59886573,174.6526488,Auckland,2018,minor_injury,100,FALSE,curved_view_open,,fine,,darkness_not_lit,,1,0,0,1,1,0,0,0,0,0,0,0,0,0,0,0,0,1,0,0
-37.95509386,175.5607563,Waipa District,2018,minor_injury,100,FALSE,straight,,mist,,darkness_not_lit,,1,0,0,1,1,0,0,0,0,0,0,0,0,0,0,0,0,1,0,0
-37.95509386,175.5607563,Waipa District,2018,minor_injury,100,FALSE,straight,,mist,,darkness_not_lit,,1,0,0,1,1,0,0,0,0,0,0,0,0,0,0,0,0,1,0,0
-36.99826535,174.8913925,Auckland,2018,minor_injury,100,FALSE,straight,,fine,,darkness_not_lit,,1,0,0,1,1,0,0,0,0,0,0,0,0,0,0,0,0,1,0,0
-36.9228155,174.7704521,Auckland,2018,minor_injury,100,FALSE,straight,,fine,,darkness_not_lit,,1,0,0,1,1,0,0,0,0,0,0,0,0,0,0,0,0,1,0,0
-37.79138009,175.317814,Hamilton City,2018,minor_injury,50,FALSE,straight,,fine,,darkness_not_lit,,1,0,0,1,1,0,0,0,0,0,0,0,0,0,0,0,0,1,0,0
-45.03214631,169.2030923,Central Otago District,2018,minor_injury,100,TRUE,straight,,fine,,dawn_dusk,,1,0,0,1,1,0,0,0,0,0,0,0,0,0,0,0,0,1,0,0
-45.85439216,170.6400327,Dunedin City,2018,minor_injury,70,FALSE,curved_view_open,,rain,,darkness_not_lit,,1,0,0,1,1,0,0,0,0,0,0,0,0,0,0,0,0,1,0,0
-35.02811849,173.8112125,Far North District,2018,minor_injury,100,FALSE,curved_view_open,,fine,,dawn_dusk,,1,0,0,1,1,0,0,0,0,0,0,0,0,0,0,0,0,1,0,0
-37.7734595,175.2554611,Hamilton City,2018,minor_injury,50,FALSE,straight,,fine,,daylight,,1,0,0,1,1,0,0,0,0,0,0,0,0,0,0,0,0,1,0,0
-37.13715623,174.7296953,Auckland,2018,minor_injury,100,FALSE,curved_view_open,,rain,,daylight,,1,0,0,1,1,0,0,0,0,0,0,0,0,0,0,0,0,1,0,0
-36.36893978,174.6252895,Auckland,2018,minor_injury,80,FALSE,curved_view_open,,rain,,darkness_not_lit,,1,0,0,1,1,0,0,0,0,0,0,0,0,0,0,0,0,1,0,0
-45.97419153,168.7970591,Southland District,2018,minor_injury,100,FALSE,straight,,fine,,daylight,,1,0,0,1,1,0,0,0,0,0,0,0,0,0,0,0,0,1,0,0
-39.00282755,174.2240834,New Plymouth District,2018,minor_injury,50,FALSE,curved_view_open,,fine,,daylight,,1,0,0,1,1,0,0,0,0,0,0,0,0,0,0,0,0,1,0,0
-46.3328258,168.3473521,Invercargill City,2018,minor_injury,80,FALSE,straight,,rain,,darkness_not_lit,,1,0,0,1,1,0,0,0,0,0,0,0,0,0,0,0,0,1,0,0
-36.89562931,174.8876441,Auckland,2018,minor_injury,50,FALSE,straight,,rain,,daylight,,1,0,0,1,1,0,0,0,0,0,0,0,0,0,0,0,0,1,0,0
-36.70290056,174.6651726,Auckland,2018,minor_injury,100,FALSE,straight,,fine,,darkness_not_lit,,1,0,0,1,1,0,0,0,0,0,0,0,0,0,0,0,0,1,0,0
-45.3668012,169.2941461,Central Otago District,2018,minor_injury,100,FALSE,straight,,fine,,daylight,,1,0,0,1,1,0,0,0,0,0,0,0,0,0,0,0,0,1,0,0
-43.82915522,172.0048503,Ashburton District,2018,minor_injury,100,FALSE,straight,,fine,,daylight,,1,0,0,1,1,0,0,0,0,0,0,0,0,0,0,0,0,1,0,0
-38.2201586,175.8679668,South Waikato District,2018,minor_injury,50,FALSE,straight,,fine,,daylight,,1,0,0,1,1,0,0,0,0,0,0,0,0,0,0,0,0,1,0,0
-37.69224047,176.2579164,Tauranga City,2018,minor_injury,50,FALSE,curved_view_open,,fine,,daylight,giveway_sign,1,0,0,1,1,0,0,0,0,0,0,0,0,0,0,0,0,1,0,0
-36.86289745,174.5958927,Auckland,2018,minor_injury,50,FALSE,curved_view_open,,fine,,daylight,,1,0,0,1,1,0,0,0,0,0,0,0,0,0,0,0,0,1,0,0
-41.41365884,173.7675487,Marlborough District,2018,minor_injury,100,FALSE,curved_view_open,,fine,,darkness_not_lit,,1,0,0,1,1,0,0,0,0,0,0,0,0,0,0,0,0,1,0,0
-38.00225965,176.9086338,Whakatane District,2018,minor_injury,100,FALSE,curved_view_open,,fine,,daylight,,1,0,0,1,1,0,0,0,0,0,0,0,0,0,0,0,0,1,0,0
-35.02542998,173.4767288,Far North District,2018,minor_injury,100,TRUE,curved_view_open,,fine,,daylight,,1,0,0,1,1,0,0,0,0,0,0,0,0,0,0,0,0,1,0,0
-40.18530239,176.1228516,Tararua District,2018,minor_injury,100,FALSE,straight,,fine,,daylight,,1,0,0,1,1,0,0,0,0,0,0,0,0,0,0,0,0,1,0,0
-36.82107568,174.6164489,Auckland,2018,minor_injury,50,FALSE,curved_view_open,,rain,,daylight,,1,0,0,1,1,0,0,0,0,0,0,0,0,0,0,0,0,1,0,0
-36.92766217,174.5950752,Auckland,2018,minor_injury,70,TRUE,curved_view_open,,fine,,darkness_not_lit,,1,0,0,1,1,0,0,0,0,0,0,0,0,0,0,0,0,1,0,0
-36.62702277,174.6443592,Auckland,2018,minor_injury,80,TRUE,straight,,fine,,darkness_not_lit,giveway_sign,1,0,0,1,1,0,0,0,0,0,0,0,0,0,0,0,0,1,0,0
-36.7374659,174.7185889,Auckland,2018,minor_injury,100,FALSE,straight,,fine,,darkness_not_lit,,1,0,0,1,1,0,0,0,0,0,0,0,0,0,0,0,0,1,0,0
-39.13357925,174.0687989,New Plymouth District,2018,minor_injury,100,FALSE,curved_view_open,,fine,,darkness_not_lit,,1,0,0,1,1,0,0,0,0,0,0,0,0,0,0,0,0,1,0,0
-36.80246965,174.7606494,Auckland,2018,minor_injury,80,FALSE,curved_view_open,,fine,,darkness_not_lit,,1,0,0,1,1,0,0,0,0,0,0,0,0,0,0,0,0,1,0,0
-42.89546681,170.8171997,Westland District,2018,minor_injury,50,TRUE,straight,,fine,,daylight,,1,0,0,1,1,0,0,0,0,0,0,0,0,0,0,0,0,1,0,0
-42.30380692,171.6025311,Grey District,2018,minor_injury,100,FALSE,straight,,fine,,daylight,,1,0,0,1,1,0,0,0,0,0,0,0,0,0,0,0,0,1,0,0
-44.05106684,170.8224722,Mackenzie District,2018,minor_injury,100,FALSE,straight,,rain,,daylight,,1,0,0,1,1,0,0,0,0,0,0,0,0,0,0,0,0,1,0,0
-39.31316097,176.8829815,Hastings District,2018,minor_injury,100,FALSE,curved_view_open,,rain,,daylight,,1,0,0,1,1,0,0,0,0,0,0,0,0,0,0,0,0,1,0,0
-36.90219821,175.0091692,Auckland,2018,minor_injury,60,FALSE,curved_view_open,,fine,,dawn_dusk,,1,0,0,1,1,0,0,0,0,0,0,0,0,0,0,0,0,1,0,0
-40.267763,175.6130227,Manawatu District,2018,minor_injury,100,FALSE,straight,,fine,,daylight,,1,0,0,1,1,0,0,0,0,0,0,0,0,0,0,0,0,1,0,0
-43.54713146,172.5985588,Christchurch City,2018,minor_injury,100,FALSE,straight,,fine,,daylight,,1,0,0,1,1,0,0,0,0,0,0,0,0,0,0,0,0,1,0,0
-36.85417694,174.8088638,Auckland,2018,minor_injury,50,FALSE,curved_view_open,,fine,,daylight,,1,0,0,1,1,0,0,0,0,0,0,0,0,0,0,0,0,1,0,0
-40.16914834,175.8211411,Manawatu District,2018,minor_injury,100,FALSE,curved_view_open,,rain,,darkness_not_lit,,1,0,0,1,1,0,0,0,0,0,0,0,0,0,0,0,0,1,0,0
-37.93997834,176.3718654,Western Bay Of Plenty District,2018,minor_injury,100,FALSE,curved_view_open,,fine,,daylight,,1,0,0,1,1,0,0,0,0,0,0,0,0,0,0,0,0,1,0,0
-44.97949083,168.8264547,Queenstown-Lakes District,2018,minor_injury,100,FALSE,straight,,rain,,darkness_not_lit,,1,0,0,1,1,0,0,0,0,0,0,0,0,0,0,0,0,1,0,0
-35.74342198,173.6182535,Kaipara District,2018,minor_injury,100,FALSE,straight,,fine,,daylight,,1,0,0,1,1,0,0,0,0,0,0,0,0,0,0,0,0,1,0,0
-36.93213616,174.5874325,Auckland,2018,minor_injury,70,FALSE,curved_view_open,,fine,,darkness_not_lit,,1,0,0,1,1,0,0,0,0,0,0,0,0,0,0,0,0,1,0,0
-39.93042175,174.9933681,Wanganui District,2018,minor_injury,60,FALSE,straight,,fine,,darkness_not_lit,,1,0,0,1,1,0,0,0,0,0,0,0,0,0,0,0,0,1,0,0
-36.87145386,174.7009665,Auckland,2018,minor_injury,100,FALSE,curved_view_open,,fine,,darkness_not_lit,,1,0,0,1,1,0,0,0,0,0,0,0,0,0,0,0,0,1,0,0
-43.51756758,172.6616593,Christchurch City,2018,minor_injury,50,FALSE,straight,,fine,,daylight,,1,0,0,1,1,0,0,0,0,0,0,0,0,0,0,0,0,1,0,0
-38.69781227,175.9926207,Taupo District,2018,minor_injury,100,FALSE,curved_view_open,,rain,,darkness_not_lit,,1,0,0,1,1,0,0,0,0,0,0,0,0,0,0,0,0,1,0,0
-37.07590894,174.9489322,Auckland,2018,minor_injury,50,FALSE,straight,,fine,,darkness_not_lit,,1,0,0,1,1,0,0,0,0,0,0,0,0,0,0,0,0,1,0,0
-37.01356184,174.9475744,Auckland,2018,minor_injury,80,FALSE,straight,,fine,,darkness_not_lit,,1,0,0,1,1,0,0,0,0,0,0,0,0,0,0,0,0,1,0,0
-45.11730376,169.3122732,Central Otago District,2018,minor_injury,100,FALSE,straight,,fine,,darkness_not_lit,,1,0,0,1,1,0,0,0,0,0,0,0,0,0,0,0,0,1,0,0
-37.99465922,175.3539076,Waipa District,2018,minor_injury,100,FALSE,curved_view_open,,fine,,daylight,,1,0,0,1,1,0,0,0,0,0,0,0,0,0,0,0,0,1,0,0
-36.91075144,174.8377772,Auckland,2018,minor_injury,50,FALSE,curved_view_open,,fine,,darkness_not_lit,,1,0,0,1,1,0,0,0,0,0,0,0,0,0,0,0,0,1,0,0
-42.07080015,172.2461983,Tasman District,2018,minor_injury,100,FALSE,straight,,rain,,darkness_not_lit,,1,0,0,1,1,0,0,0,0,0,0,0,0,0,0,0,0,1,0,0
-43.55373202,172.6508223,Christchurch City,2018,minor_injury,50,FALSE,curved_view_open,,fine,,darkness_not_lit,,1,0,0,1,1,0,0,0,0,0,0,0,0,0,0,0,0,1,0,0
-44.24912048,169.8201761,Waitaki District,2018,minor_injury,100,FALSE,curved_view_open,,fine,,darkness_not_lit,,1,0,0,1,1,0,0,0,0,0,0,0,0,0,0,0,0,1,0,0
-39.06183306,177.781206,Wairoa District,2018,minor_injury,100,FALSE,curved_view_open,,rain,,dawn_dusk,,1,0,0,1,1,0,0,0,0,0,0,0,0,0,0,0,0,1,0,0
-38.12622924,176.2176077,Rotorua District,2018,minor_injury,50,FALSE,straight,,fine,,darkness_not_lit,,1,0,0,1,1,0,0,0,0,0,0,0,0,0,0,0,0,1,0,0
-36.83773554,174.6587843,Auckland,2018,minor_injury,50,TRUE,curved_view_open,,rain,,darkness_not_lit,,1,0,0,1,1,0,0,0,0,0,0,0,0,0,0,0,0,1,0,0
-36.89333744,174.8523068,Auckland,2018,minor_injury,50,TRUE,straight,,fine,,darkness_not_lit,traffic_lights,1,0,0,1,1,0,0,0,0,0,0,0,0,0,0,0,0,1,0,0
-37.00729227,174.8989886,Auckland,2018,minor_injury,100,FALSE,straight,,fine,,daylight,,1,0,0,1,1,0,0,0,0,0,0,0,0,0,0,0,0,1,0,0
-41.19495858,175.4841766,South Wairarapa District,2018,minor_injury,100,FALSE,curved_view_open,,fine,,daylight,,1,0,0,1,1,0,0,0,0,0,0,0,0,0,0,0,0,1,0,0
-40.30755855,175.5558438,Manawatu District,2018,minor_injury,100,TRUE,curved_view_open,,fine,,darkness_not_lit,stop_sign,5,0,0,5,1,0,0,0,0,0,0,0,0,0,0,0,0,1,0,0
-41.13549358,174.8378065,Porirua City,2018,serious_injury,70,FALSE,straight,,rain,,darkness_not_lit,,2,0,2,0,1,0,0,0,0,0,0,0,0,0,0,0,0,1,0,0
-41.3320076,174.757497,Wellington City,2018,serious_injury,70,FALSE,curved_view_open,,fine,,darkness_not_lit,,2,0,2,0,1,0,0,0,0,0,0,0,0,0,0,0,0,1,0,0
-38.21050694,175.149636,Otorohanga District,2018,serious_injury,100,FALSE,curved_view_open,,rain,,daylight,,2,0,2,0,1,0,0,0,0,0,0,0,0,0,0,0,0,1,0,0
-43.3153988,171.7731622,Selwyn District,2018,serious_injury,100,FALSE,curved_view_open,,fine,,daylight,,2,0,2,0,1,0,0,0,0,0,0,0,0,0,0,0,0,1,0,0
-40.38188272,175.6153921,Palmerston North City,2018,serious_injury,70,FALSE,straight,,fine,,daylight,,2,0,2,0,1,0,0,0,0,0,0,0,0,0,0,0,0,1,0,0
-42.55233941,172.8061819,Hurunui District,2018,serious_injury,100,FALSE,straight,,fine,,darkness_not_lit,,2,0,2,0,1,0,0,0,0,0,0,0,0,0,0,0,0,1,0,0
-46.00752023,170.118691,Clutha District,2018,serious_injury,100,FALSE,straight,,fine,,darkness_not_lit,,2,0,2,0,1,0,0,0,0,0,0,0,0,0,0,0,0,1,0,0
-35.68573484,174.3072354,Whangarei District,2018,serious_injury,50,FALSE,curved_view_open,,fine,,darkness_not_lit,,2,0,2,0,1,0,0,0,0,0,0,0,0,0,0,0,0,1,0,0
-46.0078758,167.4613012,Southland District,2018,serious_injury,100,FALSE,curved_view_open,,fine,,daylight,,2,0,2,0,1,0,0,0,0,0,0,0,0,0,0,0,0,1,0,0
-41.18543083,172.9928814,Tasman District,2018,serious_injury,100,FALSE,curved_view_open,,fine,,daylight,,2,0,2,0,1,0,0,0,0,0,0,0,0,0,0,0,0,1,0,0
-38.82945242,174.5946929,New Plymouth District,2018,serious_injury,100,FALSE,curved_view_obscure,,fine,,daylight,,2,0,2,0,1,0,0,0,0,0,0,0,0,0,0,0,0,1,0,0
-39.80935115,176.6573561,Hastings District,2018,serious_injury,100,FALSE,curved_view_open,,fine,,darkness_not_lit,,2,0,2,0,1,0,0,0,0,0,0,0,0,0,0,0,0,1,0,0
-38.06281142,176.7320232,Kawerau District,2018,serious_injury,100,FALSE,straight,,rain,,darkness_not_lit,,2,0,2,0,1,0,0,0,0,0,0,0,0,0,0,0,0,1,0,0
-36.94593889,174.8820912,Auckland,2018,serious_injury,60,FALSE,curved_view_open,,fine,,darkness_not_lit,,2,0,2,0,1,0,0,0,0,0,0,0,0,0,0,0,0,1,0,0
-36.86284586,174.7646364,Auckland,2018,serious_injury,80,TRUE,curved_view_open,,fine,,darkness_not_lit,,1,0,1,0,1,0,0,0,0,0,0,0,0,0,0,0,0,1,0,0
-46.42986578,168.3614611,Invercargill City,2018,serious_injury,50,TRUE,straight,,fine,,darkness_not_lit,giveway_sign,1,0,1,0,1,0,0,0,0,0,0,0,0,0,0,0,0,1,0,0
-36.90970084,174.6855964,Auckland,2018,serious_injury,50,TRUE,straight,,fine,,daylight,giveway_sign,1,0,1,0,1,0,0,0,0,0,0,0,0,0,0,0,0,1,0,0
-36.90970084,174.6855964,Auckland,2018,serious_injury,50,TRUE,straight,,fine,,daylight,giveway_sign,1,0,1,0,1,0,0,0,0,0,0,0,0,0,0,0,0,1,0,0
-36.82164777,174.7969649,Auckland,2018,serious_injury,50,FALSE,straight,,fine,,darkness_not_lit,,1,0,1,0,1,0,0,0,0,0,0,0,0,0,0,0,0,1,0,0
-36.86587198,174.8518565,Auckland,2018,serious_injury,50,TRUE,straight,,fine,,daylight,giveway_sign,1,0,1,0,1,0,0,0,0,0,0,0,0,0,0,0,0,1,0,0
-36.86587198,174.8518565,Auckland,2018,serious_injury,50,TRUE,straight,,fine,,daylight,giveway_sign,1,0,1,0,1,0,0,0,0,0,0,0,0,0,0,0,0,1,0,0
-39.29686592,174.2677584,Stratford District,2018,serious_injury,100,FALSE,straight,,fine,,darkness_not_lit,,1,0,1,0,1,0,0,0,0,0,0,0,0,0,0,0,0,1,0,0
-37.30920113,175.0674425,Waikato District,2018,serious_injury,100,TRUE,curved_view_open,,rain,,daylight,giveway_sign,1,0,1,0,1,0,0,0,0,0,0,0,0,0,0,0,0,1,0,0
-43.51127792,172.7162044,Christchurch City,2018,serious_injury,70,TRUE,straight,,fine,,daylight,traffic_lights,1,0,1,0,1,0,0,0,0,0,0,0,0,0,0,0,0,1,0,0
-36.90545946,174.711789,Auckland,2018,serious_injury,50,TRUE,curved_view_open,,fine,,darkness_not_lit,traffic_lights,1,0,1,0,1,0,0,0,0,0,0,0,0,0,0,0,0,1,0,0
-43.47367565,172.6172453,Christchurch City,2018,serious_injury,60,TRUE,straight,,fine,,darkness_not_lit,traffic_lights,1,0,1,0,1,0,0,0,0,0,0,0,0,0,0,0,0,1,0,0
-41.20258816,174.9378468,Hutt City,2018,serious_injury,50,TRUE,straight,,fine,,daylight,,1,0,1,0,1,0,0,0,0,0,0,0,0,0,0,0,0,1,0,0
-37.70901087,176.3181432,Tauranga City,2018,serious_injury,60,FALSE,straight,,fine,,darkness_not_lit,,1,0,1,0,1,0,0,0,0,0,0,0,0,0,0,0,0,1,0,0
-36.9522588,174.8585284,Auckland,2018,serious_injury,50,TRUE,curved_view_open,,fine,,darkness_not_lit,traffic_lights,1,0,1,0,1,0,0,0,0,0,0,0,0,0,0,0,0,1,0,0
-36.96282409,174.7999188,Auckland,2018,serious_injury,100,FALSE,curved_view_open,,fine,,daylight,,1,0,1,0,1,0,0,0,0,0,0,0,0,0,0,0,0,1,0,0
-41.1873225,174.9600984,Hutt City,2018,serious_injury,50,FALSE,straight,,fine,,daylight,,1,0,1,0,1,0,0,0,0,0,0,0,0,0,0,0,0,1,0,0
-43.53826176,172.6504908,Christchurch City,2018,serious_injury,50,TRUE,straight,,rain,,darkness_not_lit,traffic_lights,1,0,1,0,1,0,0,0,0,0,0,0,0,0,0,0,0,1,0,0
-43.491036,172.5788332,Christchurch City,2018,serious_injury,50,FALSE,straight,,fine,,darkness_not_lit,,1,0,1,0,1,0,0,0,0,0,0,0,0,0,0,0,0,1,0,0
-37.18201503,174.8849947,Auckland,2018,serious_injury,100,FALSE,curved_view_open,,fine,,darkness_not_lit,,1,0,1,0,1,0,0,0,0,0,0,0,0,0,0,0,0,1,0,0
-37.29196843,175.5774816,Hauraki District,2018,serious_injury,100,TRUE,straight,,fine,,darkness_not_lit,giveway_sign,1,0,1,0,1,0,0,0,0,0,0,0,0,0,0,0,0,1,0,0
-36.93913743,174.9880532,Auckland,2018,serious_injury,80,TRUE,straight,,rain,,darkness_not_lit,stop_sign,1,0,1,0,1,0,0,0,0,0,0,0,0,0,0,0,0,1,0,0
-42.57850951,172.7541897,Hurunui District,2018,serious_injury,100,FALSE,curved_view_open,,fine,,daylight,,1,0,1,0,1,0,0,0,0,0,0,0,0,0,0,0,0,1,0,0
-45.88875129,170.4960501,Dunedin City,2018,serious_injury,50,FALSE,straight,,fine,,darkness_not_lit,,1,0,1,0,1,0,0,0,0,0,0,0,0,0,0,0,0,1,0,0
-45.8924739,170.2825023,Dunedin City,2018,serious_injury,100,TRUE,straight,,fine,,daylight,,1,0,1,0,1,0,0,0,0,0,0,0,0,0,0,0,0,1,0,0
-41.16266199,174.9862996,Hutt City,2018,serious_injury,50,FALSE,straight,,fine,,daylight,,1,0,1,0,1,0,0,0,0,0,0,0,0,0,0,0,0,1,0,0
-41.80273542,172.0259935,Buller District,2018,serious_injury,100,FALSE,curved_view_open,,rain,,daylight,,1,0,1,0,1,0,0,0,0,0,0,0,0,0,0,0,0,1,0,0
-45.16297793,170.0990461,Central Otago District,2018,serious_injury,100,FALSE,curved_view_open,,fine,,daylight,,1,0,1,0,1,0,0,0,0,0,0,0,0,0,0,0,0,1,0,0