latitude,longitude,local_government_area,year,severity,speed_limit,intersection,road_position_horizontal,road_wet,weather,crash_type,lighting,traffic_controls,casualties,fatalities,serious_injuries,minor_injuries,car_sedan,car_utility,car_van,car_4x4,car_station_wagon,motor_cycle,truck_small,truck_large,bus,taxi,bicycle,scooter,pedestrian,inanimate,train,tram
-36.79087273,174.7610227,Auckland,2018,serious_injury,50,FALSE,straight,,fine,,daylight,,1,0,1,0,1,0,0,0,0,0,0,0,0,0,0,0,0,1,0,0
-38.09727207,176.8139696,Whakatane District,2018,serious_injury,100,FALSE,curved_view_open,,fine,,daylight,,1,0,1,0,1,0,0,0,0,0,0,0,0,0,0,0,0,1,0,0
-36.78213956,175.5114461,Thames-Coromandel District,2018,serious_injury,100,FALSE,curved_view_open,,fine,,darkness_not_lit,,1,0,1,0,1,0,0,0,0,0,0,0,0,0,0,0,0,1,0,0
-37.59458209,178.1505807,Gisborne District,2018,serious_injury,100,FALSE,curved_view_open,,fine,,daylight,,1,0,1,0,1,0,0,0,0,0,0,0,0,0,0,0,0,1,0,0
-40.88016779,175.0558227,Kapiti Coast District,2018,serious_injury,50,FALSE,straight,,fine,,daylight,,1,0,1,0,1,0,0,0,0,0,0,0,0,0,0,0,0,1,0,0
-44.54332681,170.0841564,Waitaki District,2018,serious_injury,100,FALSE,curved_view_open,,fine,,daylight,,1,0,1,0,1,0,0,0,0,0,0,0,0,0,0,0,0,1,0,0
-43.94802335,171.3309262,Ashburton District,2018,serious_injury,100,FALSE,straight,,fine,,darkness_not_lit,,1,0,1,0,1,0,0,0,0,0,0,0,0,0,0,0,0,1,0,0
-41.05593384,175.6652233,Masterton District,2018,serious_injury,100,FALSE,straight,,fine,,darkness_not_lit,,1,0,1,0,1,0,0,0,0,0,0,0,0,0,0,0,0,1,0,0
-44.06183493,169.3830368,Westland District,2018,serious_injury,100,FALSE,straight,,rain,,daylight,,1,0,1,0,1,0,0,0,0,0,0,0,0,0,0,0,0,1,0,0
-39.60843801,176.8284096,Hastings District,2018,serious_injury,60,FALSE,straight,,fine,,daylight,,1,0,1,0,1,0,0,0,0,0,0,0,0,0,0,0,0,1,0,0
-46.21577065,168.9167647,Gore District,2018,serious_injury,100,FALSE,curved_view_open,,fine,,daylight,,1,0,1,0,1,0,0,0,0,0,0,0,0,0,0,0,0,1,0,0
-45.02236834,171.0211878,Waitaki District,2018,serious_injury,100,FALSE,curved_view_open,,fine,,darkness_not_lit,,1,0,1,0,1,0,0,0,0,0,0,0,0,0,0,0,0,1,0,0
-37.6214419,175.6114338,Matamata-Piako District,2018,serious_injury,100,FALSE,curved_view_open,,fine,,daylight,,1,0,1,0,1,0,0,0,0,0,0,0,0,0,0,0,0,1,0,0
-43.73427527,172.3150601,Selwyn District,2018,serious_injury,100,TRUE,curved_view_open,,fine,,daylight,,1,0,1,0,1,0,0,0,0,0,0,0,0,0,0,0,0,1,0,0
-37.19655685,174.9432878,Auckland,2018,serious_injury,100,FALSE,curved_view_open,,rain,,dawn_dusk,,1,0,1,0,1,0,0,0,0,0,0,0,0,0,0,0,0,1,0,0
-35.17380133,173.9179591,Far North District,2018,serious_injury,100,FALSE,curved_view_open,,fine,,darkness_not_lit,,1,0,1,0,1,0,0,0,0,0,0,0,0,0,0,0,0,1,0,0
-43.77288543,172.3078477,Selwyn District,2018,serious_injury,100,FALSE,straight,,fine,,dawn_dusk,,1,0,1,0,1,0,0,0,0,0,0,0,0,0,0,0,0,1,0,0
-40.43415913,175.3814743,Horowhenua District,2018,serious_injury,100,FALSE,straight,,fine,,darkness_not_lit,,1,0,1,0,1,0,0,0,0,0,0,0,0,0,0,0,0,1,0,0
-41.17439907,174.8246124,Wellington City,2018,serious_injury,50,FALSE,straight,,fine,,darkness_not_lit,,1,0,1,0,1,0,0,0,0,0,0,0,0,0,0,0,0,1,0,0
-44.05090281,171.2554732,Timaru District,2018,serious_injury,100,FALSE,straight,,fine,,daylight,,1,0,1,0,1,0,0,0,0,0,0,0,0,0,0,0,0,1,0,0
-40.40718073,175.4904293,Manawatu District,2018,serious_injury,100,FALSE,straight,,fine,,darkness_not_lit,,1,0,1,0,1,0,0,0,0,0,0,0,0,0,0,0,0,1,0,0
-41.10954576,175.1030022,Upper Hutt City,2018,serious_injury,50,FALSE,curved_view_open,,rain,,darkness_not_lit,,1,0,1,0,1,0,0,0,0,0,0,0,0,0,0,0,0,1,0,0
-39.29838291,174.262486,Stratford District,2018,serious_injury,100,FALSE,curved_view_open,,mist,,darkness_not_lit,,1,0,1,0,1,0,0,0,0,0,0,0,0,0,0,0,0,1,0,0
-45.56335761,168.0831841,Southland District,2018,serious_injury,100,FALSE,curved_view_open,,fine,,daylight,,1,0,1,0,1,0,0,0,0,0,0,0,0,0,0,0,0,1,0,0
-36.6508579,174.4192156,Auckland,2018,serious_injury,100,FALSE,straight,,rain,,darkness_not_lit,,1,0,1,0,1,0,0,0,0,0,0,0,0,0,0,0,0,1,0,0
-43.17688097,172.4467128,Waimakariri District,2018,serious_injury,100,FALSE,straight,,fine,,dawn_dusk,,1,0,1,0,1,0,0,0,0,0,0,0,0,0,0,0,0,1,0,0
-39.61594714,176.8068609,Hastings District,2018,serious_injury,50,FALSE,straight,,fine,,daylight,,1,0,1,0,1,0,0,0,0,0,0,0,0,0,0,0,0,1,0,0
-43.75244352,172.8178786,Christchurch City,2018,serious_injury,100,FALSE,straight,,fine,,daylight,,1,0,1,0,1,0,0,0,0,0,0,0,0,0,0,0,0,1,0,0
-39.96111811,176.5773764,Central Hawkes Bay District,2018,serious_injury,100,FALSE,straight,,fine,,darkness_not_lit,,1,0,1,0,1,0,0,0,0,0,0,0,0,0,0,0,0,1,0,0
-46.13513537,169.5232926,Clutha District,2018,serious_injury,100,FALSE,curved_view_open,,fine,,darkness_not_lit,,1,0,1,0,1,0,0,0,0,0,0,0,0,0,0,0,0,1,0,0
-39.01795982,174.1747219,New Plymouth District,2018,serious_injury,80,FALSE,straight,,fine,,darkness_not_lit,,1,0,1,0,1,0,0,0,0,0,0,0,0,0,0,0,0,1,0,0
-40.20292621,175.4958576,Manawatu District,2018,serious_injury,100,FALSE,curved_view_open,,fine,,darkness_not_lit,,1,0,1,0,1,0,0,0,0,0,0,0,0,0,0,0,0,1,0,0
-40.90282639,175.0173235,Kapiti Coast District,2018,serious_injury,50,FALSE,curved_view_open,,,,darkness_not_lit,,1,0,1,0,1,0,0,0,0,0,0,0,0,0,0,0,0,1,0,0
-37.04803089,174.9740694,Auckland,2018,serious_injury,100,FALSE,curved_view_open,,fine,,daylight,,1,0,1,0,1,0,0,0,0,0,0,0,0,0,0,0,0,1,0,0
-37.19157086,175.5786924,Thames-Coromandel District,2018,serious_injury,100,FALSE,curved_view_open,,fine,,darkness_not_lit,,1,0,1,0,1,0,0,0,0,0,0,0,0,0,0,0,0,1,0,0
-36.19007361,174.4507786,Kaipara District,2018,serious_injury,100,FALSE,curved_view_open,,rain,,dawn_dusk,,1,0,1,0,1,0,0,0,0,0,0,0,0,0,0,0,0,1,0,0
-35.97012888,174.4528869,Whangarei District,2018,serious_injury,100,FALSE,straight,,fine,,daylight,,1,0,1,0,1,0,0,0,0,0,0,0,0,0,0,0,0,1,0,0
-44.70358842,167.9707979,Southland District,2018,serious_injury,100,FALSE,curved_view_open,,rain,,daylight,,1,0,1,0,1,0,0,0,0,0,0,0,0,0,0,0,0,1,0,0
-37.01901245,174.9760495,Auckland,2018,serious_injury,100,FALSE,straight,,fine,,daylight,,1,0,1,0,1,0,0,0,0,0,0,0,0,0,0,0,0,1,0,0
-42.46669293,171.1904967,Grey District,2018,serious_injury,10,FALSE,curved_view_open,,rain,,daylight,,1,0,1,0,1,0,0,0,0,0,0,0,0,0,0,0,0,1,0,0
-36.8878692,174.9000651,Auckland,2018,serious_injury,50,TRUE,curved_view_open,,fine,,darkness_not_lit,giveway_sign,1,0,1,0,1,0,0,0,0,0,0,0,0,0,0,0,0,1,0,0
-36.94215919,174.9684368,Auckland,2018,serious_injury,70,FALSE,curved_view_open,,rain,,daylight,,1,0,1,0,1,0,0,0,0,0,0,0,0,0,0,0,0,1,0,0
-39.14966712,174.1516577,New Plymouth District,2018,serious_injury,100,FALSE,straight,,fine,,darkness_not_lit,,1,0,1,0,1,0,0,0,0,0,0,0,0,0,0,0,0,1,0,0
-44.87923284,171.0518424,Waimate District,2018,serious_injury,100,FALSE,curved_view_open,,fine,,daylight,,1,0,1,0,1,0,0,0,0,0,0,0,0,0,0,0,0,1,0,0
-39.50109209,176.9114888,Napier City,2018,serious_injury,50,FALSE,straight,,rain,,darkness_not_lit,,1,0,1,0,1,0,0,0,0,0,0,0,0,0,0,0,0,1,0,0
-39.67859563,176.8257937,Hastings District,2018,serious_injury,100,FALSE,curved_view_open,,fine,,darkness_not_lit,,1,0,1,0,1,0,0,0,0,0,0,0,0,0,0,0,0,1,0,0
-41.22085852,173.0125507,Tasman District,2018,serious_injury,100,FALSE,curved_view_open,,fine,,daylight,,1,0,1,0,1,0,0,0,0,0,0,0,0,0,0,0,0,1,0,0
-38.55991672,175.1964091,Waitomo District,2018,serious_injury,100,FALSE,straight,,fine,,daylight,,1,0,1,0,1,0,0,0,0,0,0,0,0,0,0,0,0,1,0,0
-38.40333447,175.2176766,Waitomo District,2018,serious_injury,100,FALSE,curved_view_open,,fine,,darkness_not_lit,,1,0,1,0,1,0,0,0,0,0,0,0,0,0,0,0,0,1,0,0
-38.02046625,176.9543057,Whakatane District,2018,serious_injury,100,FALSE,curved_view_open,,mist,,darkness_not_lit,,1,0,1,0,1,0,0,0,0,0,0,0,0,0,0,0,0,1,0,0
-40.64245057,175.2662263,Horowhenua District,2018,serious_injury,80,FALSE,straight,,rain,,darkness_not_lit,,1,0,1,0,1,0,0,0,0,0,0,0,0,0,0,0,0,1,0,0
-40.55103573,175.4148513,Horowhenua District,2018,serious_injury,50,FALSE,curved_view_open,,rain,,daylight,,1,0,1,0,1,0,0,0,0,0,0,0,0,0,0,0,0,1,0,0
-37.82174459,175.0765843,Waikato District,2018,serious_injury,100,FALSE,straight,,fine,,daylight,,1,0,1,0,1,0,0,0,0,0,0,0,0,0,0,0,0,1,0,0
-44.29598987,171.2759211,Timaru District,2018,serious_injury,100,FALSE,straight,,fine,,darkness_not_lit,,1,0,1,0,1,0,0,0,0,0,0,0,0,0,0,0,0,1,0,0
-46.35035287,167.8624277,Southland District,2018,serious_injury,100,FALSE,straight,,fine,,darkness_not_lit,,1,0,1,0,1,0,0,0,0,0,0,0,0,0,0,0,0,1,0,0
-45.88285373,170.4898069,Dunedin City,2018,serious_injury,50,FALSE,curved_view_open,,fine,,daylight,,1,0,1,0,1,0,0,0,0,0,0,0,0,0,0,0,0,1,0,0
-40.1298499,175.4538553,Manawatu District,2018,serious_injury,100,FALSE,curved_view_open,,fine,,daylight,,1,0,1,0,1,0,0,0,0,0,0,0,0,0,0,0,0,1,0,0
-39.54246151,176.7737661,Hastings District,2018,serious_injury,100,FALSE,curved_view_open,,fine,,daylight,,1,0,1,0,1,0,0,0,0,0,0,0,0,0,0,0,0,1,0,0
-41.22997836,174.8418825,Wellington City,2018,serious_injury,100,FALSE,curved_view_open,,fine,,darkness_not_lit,,1,0,1,0,1,0,0,0,0,0,0,0,0,0,0,0,0,1,0,0
-40.52464868,175.396858,Horowhenua District,2018,serious_injury,100,FALSE,curved_view_open,,rain,,darkness_not_lit,,1,0,1,0,1,0,0,0,0,0,0,0,0,0,0,0,0,1,0,0
-36.21483513,174.5872654,Auckland,2018,serious_injury,100,FALSE,curved_view_open,,rain,,darkness_not_lit,,1,0,1,0,1,0,0,0,0,0,0,0,0,0,0,0,0,1,0,0
-35.81957294,174.0308076,Kaipara District,2018,serious_injury,100,FALSE,straight,,rain,,daylight,,1,0,1,0,1,0,0,0,0,0,0,0,0,0,0,0,0,1,0,0
-37.93718724,176.9218764,Whakatane District,2018,serious_injury,100,FALSE,straight,,fine,,daylight,,1,0,1,0,1,0,0,0,0,0,0,0,0,0,0,0,0,1,0,0
-37.88011757,178.3083271,Gisborne District,2018,serious_injury,100,FALSE,curved_view_open,,mist,,darkness_not_lit,,1,0,1,0,1,0,0,0,0,0,0,0,0,0,0,0,0,1,0,0
-36.85352861,174.6509266,Auckland,2018,serious_injury,50,FALSE,straight,,rain,,darkness_not_lit,,1,0,1,0,1,0,0,0,0,0,0,0,0,0,0,0,0,1,0,0
-39.85448912,174.9432319,Wanganui District,2018,serious_injury,100,FALSE,curved_view_open,,rain,,darkness_not_lit,,1,0,1,0,1,0,0,0,0,0,0,0,0,0,0,0,0,1,0,0
-37.79270011,176.3958292,Western Bay Of Plenty District,2018,serious_injury,50,FALSE,straight,,fine,,daylight,,1,0,1,0,1,0,0,0,0,0,0,0,0,0,0,0,0,1,0,0
-37.69675933,176.0688337,Western Bay Of Plenty District,2018,serious_injury,80,FALSE,straight,,rain,,daylight,,1,0,1,0,1,0,0,0,0,0,0,0,0,0,0,0,0,1,0,0
-39.56025433,174.173354,South Taranaki District,2018,serious_injury,100,FALSE,straight,,rain,,darkness_not_lit,,1,0,1,0,1,0,0,0,0,0,0,0,0,0,0,0,0,1,0,0
-39.06159233,174.135431,New Plymouth District,2018,serious_injury,80,FALSE,curved_view_open,,fine,,daylight,,1,0,1,0,1,0,0,0,0,0,0,0,0,0,0,0,0,1,0,0
-46.36927233,168.2720439,Invercargill City,2018,serious_injury,100,FALSE,straight,,fine,,darkness_not_lit,,1,0,1,0,1,0,0,0,0,0,0,0,0,0,0,0,0,1,0,0
-36.60789295,174.6984911,Auckland,2018,serious_injury,50,FALSE,straight,,fine,,daylight,,1,0,1,0,1,0,0,0,0,0,0,0,0,0,0,0,0,1,0,0
-39.50632134,176.875612,Napier City,2018,serious_injury,100,FALSE,straight,,fine,,darkness_not_lit,,1,0,1,0,1,0,0,0,0,0,0,0,0,0,0,0,0,1,0,0
-41.12051572,175.4468012,South Wairarapa District,2018,serious_injury,100,FALSE,curved_view_open,,fine,,daylight,,1,0,1,0,1,0,0,0,0,0,0,0,0,0,0,0,0,1,0,0
-46.1964779,169.4621317,Clutha District,2018,serious_injury,100,FALSE,curved_view_open,,fine,,daylight,,1,0,1,0,1,0,0,0,0,0,0,0,0,0,0,0,0,1,0,0
-43.43355021,172.650365,Christchurch City,2018,serious_injury,70,FALSE,straight,,fine,,darkness_not_lit,,1,0,1,0,1,0,0,0,0,0,0,0,0,0,0,0,0,1,0,0
-36.0700994,174.4210558,Whangarei District,2018,serious_injury,80,FALSE,curved_view_open,,rain,,darkness_not_lit,,1,0,1,0,1,0,0,0,0,0,0,0,0,0,0,0,0,1,0,0
-42.98467205,172.7188472,Hurunui District,2018,serious_injury,80,FALSE,curved_view_open,,mist,,darkness_not_lit,,1,0,1,0,1,0,0,0,0,0,0,0,0,0,0,0,0,1,0,0
-40.47085809,175.2488267,Horowhenua District,2018,serious_injury,80,FALSE,curved_view_open,,rain,,daylight,,1,0,1,0,1,0,0,0,0,0,0,0,0,0,0,0,0,1,0,0
-46.12519526,168.8186312,Gore District,2018,serious_injury,100,FALSE,curved_view_open,,fine,,darkness_not_lit,,1,0,1,0,1,0,0,0,0,0,0,0,0,0,0,0,0,1,0,0
-43.61970225,172.6527212,Christchurch City,2018,serious_injury,50,TRUE,curved_view_open,,rain,,darkness_not_lit,,1,0,1,0,1,0,0,0,0,0,0,0,0,0,0,0,0,1,0,0
-43.29855922,172.6488956,Waimakariri District,2018,serious_injury,100,FALSE,straight,,mist,,darkness_not_lit,,1,0,1,0,1,0,0,0,0,0,0,0,0,0,0,0,0,1,0,0
-41.28178151,174.7740594,Wellington City,2018,serious_injury,80,FALSE,straight,,fine,,darkness_not_lit,,1,0,1,0,1,0,0,0,0,0,0,0,0,0,0,0,0,1,0,0
-43.70867431,169.4791976,Westland District,2018,serious_injury,100,FALSE,straight,,mist,,darkness_not_lit,,1,0,1,0,1,0,0,0,0,0,0,0,0,0,0,0,0,1,0,0
-37.3161617,174.9538,Waikato District,2018,serious_injury,100,FALSE,straight,,rain,,daylight,,1,0,1,0,1,0,0,0,0,0,0,0,0,0,0,0,0,1,0,0
-38.59507977,174.8087561,Waitomo District,2018,serious_injury,100,FALSE,curved_view_open,,mist,,darkness_not_lit,,1,0,1,0,1,0,0,0,0,0,0,0,0,0,0,0,0,1,0,0
-46.15277411,169.2926336,Clutha District,2018,serious_injury,100,FALSE,straight,,fine,,daylight,,1,0,1,0,1,0,0,0,0,0,0,0,0,0,0,0,0,1,0,0
-43.52273806,172.6910065,Christchurch City,2018,serious_injury,50,FALSE,straight,,fine,,darkness_not_lit,,1,0,1,0,1,0,0,0,0,0,0,0,0,0,0,0,0,1,0,0
-41.16470813,174.9746926,Hutt City,2018,serious_injury,50,FALSE,straight,,fine,,darkness_not_lit,,1,0,1,0,1,0,0,0,0,0,0,0,0,0,0,0,0,1,0,0
-38.8862345,175.6195597,Taupo District,2018,serious_injury,100,FALSE,curved_view_open,,rain,,daylight,,1,0,1,0,1,0,0,0,0,0,0,0,0,0,0,0,0,1,0,0
-38.33055535,175.1820983,Waitomo District,2018,serious_injury,30,FALSE,straight,,,,daylight,,1,0,1,0,1,0,0,0,0,0,0,0,0,0,0,0,0,1,0,0
-37.45071512,175.0182821,Waikato District,2018,serious_injury,100,TRUE,curved_view_open,,fine,,dawn_dusk,giveway_sign,1,0,1,0,1,0,0,0,0,0,0,0,0,0,0,0,0,1,0,0
-39.05569996,174.0764418,New Plymouth District,2018,serious_injury,20,FALSE,straight,,fine,,daylight,,1,0,1,0,1,0,0,0,0,0,0,0,0,0,0,0,0,1,0,0
-43.21994336,172.2803122,Waimakariri District,2018,serious_injury,100,FALSE,straight,,fine,,daylight,,1,0,1,0,1,0,0,0,0,0,0,0,0,0,0,0,0,1,0,0
-43.48511429,172.6181871,Christchurch City,2018,serious_injury,50,FALSE,straight,,fine,,daylight,,1,0,1,0,1,0,0,0,0,0,0,0,0,0,0,0,0,1,0,0
-36.28286471,175.4909697,Auckland,2018,serious_injury,100,FALSE,curved_view_open,,fine,,darkness_not_lit,,1,0,1,0,1,0,0,0,0,0,0,0,0,0,0,0,0,1,0,0
-39.92654545,175.0086429,Wanganui District,2018,minor_injury,60,TRUE,straight,,fine,,darkness_not_lit,giveway_sign,2,0,0,2,1,0,0,0,0,0,0,0,0,0,0,0,0,1,0,0
-40.36833688,175.6204856,Palmerston North City,2018,minor_injury,50,TRUE,straight,,fine,,darkness_not_lit,traffic_lights,2,0,0,2,1,0,0,0,0,0,0,0,0,0,0,0,0,1,0,0
-36.92931891,174.8499551,Auckland,2018,minor_injury,100,FALSE,straight,,rain,,darkness_not_lit,,2,0,0,2,1,0,0,0,0,0,0,0,0,0,0,0,0,1,0,0
-36.8541005,174.8662652,Auckland,2018,minor_injury,50,TRUE,straight,,rain,,darkness_not_lit,stop_sign,2,0,0,2,1,0,0,0,0,0,0,0,0,0,0,0,0,1,0,0
-36.92091754,174.7828465,Auckland,2018,minor_injury,50,TRUE,straight,,fine,,daylight,stop_sign,2,0,0,2,1,0,0,0,0,0,0,0,0,0,0,0,0,1,0,0
-36.92091754,174.7828465,Auckland,2018,minor_injury,50,TRUE,straight,,fine,,daylight,stop_sign,2,0,0,2,1,0,0,0,0,0,0,0,0,0,0,0,0,1,0,0
-36.91494745,174.8709463,Auckland,2018,minor_injury,80,TRUE,straight,,rain,,daylight,traffic_lights,2,0,0,2,1,0,0,0,0,0,0,0,0,0,0,0,0,1,0,0
-44.38413745,171.2387867,Timaru District,2018,minor_injury,50,TRUE,straight,,fine,,darkness_not_lit,,2,0,0,2,1,0,0,0,0,0,0,0,0,0,0,0,0,1,0,0
-40.29876341,175.7476498,Palmerston North City,2018,minor_injury,70,TRUE,curved_view_open,,rain,,darkness_not_lit,giveway_sign,2,0,0,2,1,0,0,0,0,0,0,0,0,0,0,0,0,1,0,0
-45.88580226,170.3544747,Dunedin City,2018,minor_injury,50,TRUE,straight,,fine,,daylight,traffic_lights,2,0,0,2,1,0,0,0,0,0,0,0,0,0,0,0,0,1,0,0
-37.14333435,174.9701609,Auckland,2018,minor_injury,100,TRUE,straight,,fine,,darkness_not_lit,traffic_lights,2,0,0,2,1,0,0,0,0,0,0,0,0,0,0,0,0,1,0,0
-34.98465128,173.3803047,Far North District,2018,minor_injury,100,TRUE,curved_view_open,,fine,,dawn_dusk,,2,0,0,2,1,0,0,0,0,0,0,0,0,0,0,0,0,1,0,0
-39.53720764,176.849008,Napier City,2018,minor_injury,50,TRUE,straight,,fine,,daylight,traffic_lights,2,0,0,2,1,0,0,0,0,0,0,0,0,0,0,0,0,1,0,0
-40.1152126,175.6376994,Manawatu District,2018,minor_injury,100,TRUE,curved_view_open,,fine,,daylight,,2,0,0,2,1,0,0,0,0,0,0,0,0,0,0,0,0,1,0,0
-37.69965168,176.1621751,Tauranga City,2018,minor_injury,50,TRUE,curved_view_open,,fine,,dawn_dusk,giveway_sign,2,0,0,2,1,0,0,0,0,0,0,0,0,0,0,0,0,1,0,0
-37.69836123,176.1592287,Tauranga City,2018,minor_injury,40,TRUE,straight,,fine,,daylight,traffic_lights,2,0,0,2,1,0,0,0,0,0,0,0,0,0,0,0,0,1,0,0
-37.69836123,176.1592287,Tauranga City,2018,minor_injury,40,TRUE,straight,,fine,,daylight,traffic_lights,2,0,0,2,1,0,0,0,0,0,0,0,0,0,0,0,0,1,0,0
-38.49567749,175.4121494,Waitomo District,2018,minor_injury,100,FALSE,straight,,rain,,daylight,,2,0,0,2,1,0,0,0,0,0,0,0,0,0,0,0,0,1,0,0
-35.38960019,173.9971091,Far North District,2018,minor_injury,100,FALSE,curved_view_open,,rain,,daylight,,2,0,0,2,1,0,0,0,0,0,0,0,0,0,0,0,0,1,0,0
-36.94031106,174.772822,Auckland,2018,minor_injury,50,FALSE,curved_view_open,,rain,,darkness_not_lit,,2,0,0,2,1,0,0,0,0,0,0,0,0,0,0,0,0,1,0,0
-36.93334651,174.7882671,Auckland,2018,minor_injury,100,FALSE,curved_view_open,,fine,,dawn_dusk,,2,0,0,2,1,0,0,0,0,0,0,0,0,0,0,0,0,1,0,0
-36.91829839,174.8011166,Auckland,2018,minor_injury,50,TRUE,straight,,fine,,daylight,stop_sign,2,0,0,2,1,0,0,0,0,0,0,0,0,0,0,0,0,1,0,0
-36.67285341,174.4512878,Auckland,2018,minor_injury,50,FALSE,curved_view_open,,fine,,darkness_not_lit,,2,0,0,2,1,0,0,0,0,0,0,0,0,0,0,0,0,1,0,0
-36.85053166,174.5938074,Auckland,2018,minor_injury,70,TRUE,curved_view_open,,rain,,darkness_not_lit,,2,0,0,2,1,0,0,0,0,0,0,0,0,0,0,0,0,1,0,0
-43.58983681,172.641459,Christchurch City,2018,minor_injury,70,FALSE,curved_view_open,,fine,,darkness_not_lit,,2,0,0,2,1,0,0,0,0,0,0,0,0,0,0,0,0,1,0,0
-41.25070689,173.0317849,Tasman District,2018,minor_injury,80,FALSE,curved_view_open,,rain,,darkness_not_lit,,2,0,0,2,1,0,0,0,0,0,0,0,0,0,0,0,0,1,0,0
-41.07834884,175.4626857,South Wairarapa District,2018,minor_injury,50,FALSE,straight,,fine,,darkness_not_lit,,2,0,0,2,1,0,0,0,0,0,0,0,0,0,0,0,0,1,0,0
-36.85559639,174.6467649,Auckland,2018,minor_injury,100,FALSE,straight,,fine,,daylight,,2,0,0,2,1,0,0,0,0,0,0,0,0,0,0,0,0,1,0,0
-41.13154873,175.5440605,Carterton District,2018,minor_injury,100,FALSE,straight,,fine,,daylight,,2,0,0,2,1,0,0,0,0,0,0,0,0,0,0,0,0,1,0,0
-40.96365209,175.7320243,Masterton District,2018,minor_injury,100,FALSE,straight,,fine,,daylight,,2,0,0,2,1,0,0,0,0,0,0,0,0,0,0,0,0,1,0,0
-41.59767099,173.9429586,Marlborough District,2018,minor_injury,100,FALSE,curved_view_open,,fine,,daylight,,2,0,0,2,1,0,0,0,0,0,0,0,0,0,0,0,0,1,0,0
-39.03086525,177.4189104,Wairoa District,2018,minor_injury,50,FALSE,straight,,fine,,daylight,,2,0,0,2,1,0,0,0,0,0,0,0,0,0,0,0,0,1,0,0
-37.96740181,175.2194845,Waipa District,2018,minor_injury,100,FALSE,curved_view_open,,rain,,daylight,,2,0,0,2,1,0,0,0,0,0,0,0,0,0,0,0,0,1,0,0
-42.92263649,173.0934071,Hurunui District,2018,minor_injury,100,FALSE,curved_view_open,,fine,,daylight,,2,0,0,2,1,0,0,0,0,0,0,0,0,0,0,0,0,1,0,0
-45.38232945,168.6823767,Southland District,2018,minor_injury,100,FALSE,straight,,fine,,daylight,,2,0,0,2,1,0,0,0,0,0,0,0,0,0,0,0,0,1,0,0
-36.29665906,174.797428,Auckland,2018,minor_injury,50,FALSE,straight,,rain,,darkness_not_lit,,2,0,0,2,1,0,0,0,0,0,0,0,0,0,0,0,0,1,0,0
-36.99144682,174.8412569,Auckland,2018,minor_injury,100,FALSE,straight,,rain,,darkness_not_lit,,2,0,0,2,1,0,0,0,0,0,0,0,0,0,0,0,0,1,0,0
-36.76701066,174.5123288,Auckland,2018,minor_injury,80,FALSE,straight,,fine,,darkness_not_lit,,2,0,0,2,1,0,0,0,0,0,0,0,0,0,0,0,0,1,0,0
-37.22081021,175.1338049,Waikato District,2018,minor_injury,100,FALSE,straight,,fine,,daylight,,2,0,0,2,1,0,0,0,0,0,0,0,0,0,0,0,0,1,0,0
-45.86166016,170.3419907,Dunedin City,2018,minor_injury,80,FALSE,straight,,fine,,daylight,,2,0,0,2,1,0,0,0,0,0,0,0,0,0,0,0,0,1,0,0
-36.8720215,174.6877073,Auckland,2018,minor_injury,80,FALSE,straight,,fine,,daylight,,2,0,0,2,1,0,0,0,0,0,0,0,0,0,0,0,0,1,0,0
-37.56691489,175.1476509,Waikato District,2018,minor_injury,50,FALSE,curved_view_open,,fine,,darkness_not_lit,,2,0,0,2,1,0,0,0,0,0,0,0,0,0,0,0,0,1,0,0
-35.82411618,174.3070989,Whangarei District,2018,minor_injury,100,FALSE,curved_view_open,,rain,,daylight,,2,0,0,2,1,0,0,0,0,0,0,0,0,0,0,0,0,1,0,0
-35.85792671,174.4550779,Whangarei District,2018,minor_injury,100,FALSE,curved_view_open,,fine,,daylight,,2,0,0,2,1,0,0,0,0,0,0,0,0,0,0,0,0,1,0,0
-43.51043587,172.4754453,Christchurch City,2018,minor_injury,100,FALSE,straight,,fine,,daylight,,2,0,0,2,1,0,0,0,0,0,0,0,0,0,0,0,0,1,0,0
-36.7736905,174.7023778,Auckland,2018,minor_injury,50,FALSE,curved_view_open,,rain,,darkness_not_lit,,2,0,0,2,1,0,0,0,0,0,0,0,0,0,0,0,0,1,0,0
-35.87333635,174.4064232,Whangarei District,2018,minor_injury,100,FALSE,curved_view_open,,fine,,daylight,,2,0,0,2,1,0,0,0,0,0,0,0,0,0,0,0,0,1,0,0
-37.08026277,174.9521822,Auckland,2018,minor_injury,50,FALSE,curved_view_open,,fine,,daylight,,2,0,0,2,1,0,0,0,0,0,0,0,0,0,0,0,0,1,0,0
-35.11407339,173.2582718,Far North District,2018,minor_injury,50,FALSE,straight,,fine,,darkness_not_lit,,2,0,0,2,1,0,0,0,0,0,0,0,0,0,0,0,0,1,0,0
-35.78716058,174.4995164,Whangarei District,2018,minor_injury,100,FALSE,curved_view_open,,fine,,daylight,,2,0,0,2,1,0,0,0,0,0,0,0,0,0,0,0,0,1,0,0
-38.07919079,175.0073388,Otorohanga District,2018,minor_injury,80,FALSE,curved_view_open,,fine,,darkness_not_lit,,2,0,0,2,1,0,0,0,0,0,0,0,0,0,0,0,0,1,0,0
-45.81587369,170.4070138,Dunedin City,2018,minor_injury,80,FALSE,straight,,fine,,darkness_not_lit,,2,0,0,2,1,0,0,0,0,0,0,0,0,0,0,0,0,1,0,0