latitude,longitude,local_government_area,year,severity,speed_limit,intersection,road_position_horizontal,road_wet,weather,crash_type,lighting,traffic_controls,casualties,fatalities,serious_injuries,minor_injuries,car_sedan,car_utility,car_van,car_4x4,car_station_wagon,motor_cycle,truck_small,truck_large,bus,taxi,bicycle,scooter,pedestrian,inanimate,train,tram
-39.92596577,175.5855464,Rangitikei District,2018,minor_injury,100,FALSE,curved_view_open,,fine,,daylight,,2,0,0,2,1,0,0,0,0,0,0,0,0,0,0,0,0,1,0,0
-40.26505631,175.7590188,Manawatu District,2018,minor_injury,100,FALSE,straight,,rain,,darkness_not_lit,,2,0,0,2,1,0,0,0,0,0,0,0,0,0,0,0,0,1,0,0
-36.63060195,174.6285655,Auckland,2018,minor_injury,80,FALSE,straight,,fine,,darkness_not_lit,,2,0,0,2,1,0,0,0,0,0,0,0,0,0,0,0,0,1,0,0
-41.28333589,174.0133994,Marlborough District,2018,minor_injury,30,FALSE,curved_view_open,,fine,,darkness_not_lit,,2,0,0,2,1,0,0,0,0,0,0,0,0,0,0,0,0,1,0,0
-37.55476673,175.5046988,Matamata-Piako District,2018,minor_injury,100,FALSE,curved_view_open,,fine,,daylight,,2,0,0,2,1,0,0,0,0,0,0,0,0,0,0,0,0,1,0,0
-45.36074141,167.7586135,Southland District,2018,minor_injury,100,FALSE,curved_view_open,,rain,,daylight,,2,0,0,2,1,0,0,0,0,0,0,0,0,0,0,0,0,1,0,0
-43.47008137,172.5432364,Christchurch City,2018,minor_injury,80,FALSE,straight,,fine,,darkness_not_lit,,2,0,0,2,1,0,0,0,0,0,0,0,0,0,0,0,0,1,0,0
-38.35953188,177.4529684,Gisborne District,2018,minor_injury,100,FALSE,curved_view_open,,mist,,darkness_not_lit,,2,0,0,2,1,0,0,0,0,0,0,0,0,0,0,0,0,1,0,0
-38.01079651,178.2655535,Gisborne District,2018,minor_injury,100,FALSE,curved_view_open,,fine,,daylight,,2,0,0,2,1,0,0,0,0,0,0,0,0,0,0,0,0,1,0,0
-45.04550639,168.6310138,Queenstown-Lakes District,2018,minor_injury,100,FALSE,curved_view_open,,fine,,darkness_not_lit,,2,0,0,2,1,0,0,0,0,0,0,0,0,0,0,0,0,1,0,0
-43.76142358,172.912019,Christchurch City,2018,minor_injury,100,FALSE,curved_view_open,,fine,,daylight,,2,0,0,2,1,0,0,0,0,0,0,0,0,0,0,0,0,1,0,0
-39.64114455,176.8478989,Hastings District,2018,minor_injury,50,FALSE,straight,,fine,,daylight,,2,0,0,2,1,0,0,0,0,0,0,0,0,0,0,0,0,1,0,0
-35.35669664,173.958425,Far North District,2018,minor_injury,100,FALSE,curved_view_open,,rain,,daylight,,2,0,0,2,1,0,0,0,0,0,0,0,0,0,0,0,0,1,0,0
-40.91574782,175.6414859,Masterton District,2018,minor_injury,100,FALSE,straight,,rain,,daylight,,2,0,0,2,1,0,0,0,0,0,0,0,0,0,0,0,0,1,0,0
-46.25501066,169.737877,Clutha District,2018,minor_injury,100,FALSE,curved_view_open,,fine,,darkness_not_lit,,2,0,0,2,1,0,0,0,0,0,0,0,0,0,0,0,0,1,0,0
-37.70139056,176.2920744,Tauranga City,2018,minor_injury,50,FALSE,straight,,fine,,darkness_not_lit,,2,0,0,2,1,0,0,0,0,0,0,0,0,0,0,0,0,1,0,0
-38.41592832,175.1045282,Waitomo District,2018,minor_injury,100,FALSE,curved_view_open,,fine,,daylight,,2,0,0,2,1,0,0,0,0,0,0,0,0,0,0,0,0,1,0,0
-40.27657478,175.6013427,Manawatu District,2018,minor_injury,100,FALSE,straight,,fine,,daylight,,2,0,0,2,1,0,0,0,0,0,0,0,0,0,0,0,0,1,0,0
-37.59119331,178.2997297,Gisborne District,2018,minor_injury,50,FALSE,curved_view_open,,rain,,daylight,,2,0,0,2,1,0,0,0,0,0,0,0,0,0,0,0,0,1,0,0
-36.12159334,174.2100638,Kaipara District,2018,minor_injury,100,FALSE,curved_view_open,,rain,,darkness_not_lit,,2,0,0,2,1,0,0,0,0,0,0,0,0,0,0,0,0,1,0,0
-36.61877124,174.6400577,Auckland,2018,minor_injury,100,FALSE,straight,,fine,,daylight,,2,0,0,2,1,0,0,0,0,0,0,0,0,0,0,0,0,1,0,0
-39.59782475,176.5840423,Hastings District,2018,minor_injury,100,FALSE,curved_view_open,,fine,,daylight,,2,0,0,2,1,0,0,0,0,0,0,0,0,0,0,0,0,1,0,0
-39.4523795,173.8570022,South Taranaki District,2018,minor_injury,50,TRUE,straight,,fine,,daylight,giveway_sign,2,0,0,2,1,0,0,0,0,0,0,0,0,0,0,0,0,1,0,0
-37.0011282,174.8785516,Auckland,2018,minor_injury,60,FALSE,straight,,fine,,darkness_not_lit,,2,0,0,2,1,0,0,0,0,0,0,0,0,0,0,0,0,1,0,0
-36.70092723,174.7493302,Auckland,2018,minor_injury,50,FALSE,straight,,fine,,darkness_not_lit,,2,0,0,2,1,0,0,0,0,0,0,0,0,0,0,0,0,1,0,0
-37.81627242,176.518026,Western Bay Of Plenty District,2018,minor_injury,100,FALSE,curved_view_open,,fine,,daylight,,2,0,0,2,1,0,0,0,0,0,0,0,0,0,0,0,0,1,0,0
-46.16302291,169.8350599,Clutha District,2018,minor_injury,100,FALSE,curved_view_open,,rain,,darkness_not_lit,,2,0,0,2,1,0,0,0,0,0,0,0,0,0,0,0,0,1,0,0
-41.23869942,174.9216469,Hutt City,2018,minor_injury,80,FALSE,curved_view_open,,fine,,darkness_not_lit,,2,0,0,2,1,0,0,0,0,0,0,0,0,0,0,0,0,1,0,0
-43.59085189,172.6406973,Christchurch City,2018,minor_injury,70,FALSE,curved_view_open,,fine,,darkness_not_lit,,2,0,0,2,1,0,0,0,0,0,0,0,0,0,0,0,0,1,0,0
-46.12560209,168.0109978,Southland District,2018,minor_injury,100,FALSE,straight,,fine,,daylight,,2,0,0,2,1,0,0,0,0,0,0,0,0,0,0,0,0,1,0,0
-40.91608685,175.0064105,Kapiti Coast District,2018,minor_injury,50,FALSE,straight,,fine,,daylight,,2,0,0,2,1,0,0,0,0,0,0,0,0,0,0,0,0,1,0,0
-37.58873957,175.4940605,Matamata-Piako District,2018,minor_injury,100,FALSE,straight,,fine,,daylight,,2,0,0,2,1,0,0,0,0,0,0,0,0,0,0,0,0,1,0,0
-37.72792534,176.2008348,Tauranga City,2018,minor_injury,60,FALSE,curved_view_open,,mist,,daylight,,2,0,0,2,1,0,0,0,0,0,0,0,0,0,0,0,0,1,0,0
-41.20837521,174.8915494,Hutt City,2018,minor_injury,50,FALSE,curved_view_open,,fine,,darkness_not_lit,,2,0,0,2,1,0,0,0,0,0,0,0,0,0,0,0,0,1,0,0
-39.093696,177.2125466,Wairoa District,2018,minor_injury,100,FALSE,curved_view_open,,mist,,darkness_not_lit,,2,0,0,2,1,0,0,0,0,0,0,0,0,0,0,0,0,1,0,0
-36.76006791,174.7013261,Auckland,2018,minor_injury,100,FALSE,straight,,rain,,darkness_not_lit,,2,0,0,2,1,0,0,0,0,0,0,0,0,0,0,0,0,1,0,0
-45.9025177,170.4098778,Dunedin City,2018,minor_injury,100,FALSE,curved_view_open,,fine,,daylight,,2,0,0,2,1,0,0,0,0,0,0,0,0,0,0,0,0,1,0,0
-36.98213836,174.8277081,Auckland,2018,minor_injury,50,FALSE,curved_view_open,,fine,,darkness_not_lit,,2,0,0,2,1,0,0,0,0,0,0,0,0,0,0,0,0,1,0,0
-41.28824327,173.8126047,Marlborough District,2018,minor_injury,50,FALSE,curved_view_open,,fine,,darkness_not_lit,,2,0,0,2,1,0,0,0,0,0,0,0,0,0,0,0,0,1,0,0
-39.08922346,177.2174227,Wairoa District,2018,minor_injury,100,FALSE,curved_view_open,,rain,,daylight,,2,0,0,2,1,0,0,0,0,0,0,0,0,0,0,0,0,1,0,0
-36.91772461,174.8373945,Auckland,2018,minor_injury,100,FALSE,straight,,fine,,daylight,,2,0,0,2,1,0,0,0,0,0,0,0,0,0,0,0,0,1,0,0
-39.6522654,176.8168945,Hastings District,2018,minor_injury,50,TRUE,curved_view_open,,rain,,darkness_not_lit,giveway_sign,4,0,0,4,1,0,0,0,0,0,0,0,0,0,0,0,0,1,0,0
-41.14658157,175.0082516,Upper Hutt City,2018,minor_injury,50,TRUE,curved_view_open,,rain,,darkness_not_lit,giveway_sign,4,0,0,4,1,0,0,0,0,0,0,0,0,0,0,0,0,1,0,0
-39.13955247,174.0510702,New Plymouth District,2018,minor_injury,100,TRUE,curved_view_open,,fine,,daylight,giveway_sign,4,0,0,4,1,0,0,0,0,0,0,0,0,0,0,0,0,1,0,0
-37.69671668,176.0986879,Tauranga City,2018,minor_injury,90,FALSE,straight,,fine,,darkness_not_lit,,4,0,0,4,1,0,0,0,0,0,0,0,0,0,0,0,0,1,0,0
-38.15872526,176.2545337,Rotorua District,2018,minor_injury,50,FALSE,straight,,fine,,daylight,,4,0,0,4,1,0,0,0,0,0,0,0,0,0,0,0,0,1,0,0
-36.94294418,174.6227148,Auckland,2018,minor_injury,80,FALSE,curved_view_open,,fine,,darkness_not_lit,,4,0,0,4,1,0,0,0,0,0,0,0,0,0,0,0,0,1,0,0
-39.64100701,176.8138865,Hastings District,2018,minor_injury,70,TRUE,straight,,rain,,daylight,giveway_sign,3,0,0,3,1,0,0,0,0,0,0,0,0,0,0,0,0,1,0,0
-37.81917194,175.2262486,Hamilton City,2018,minor_injury,50,TRUE,curved_view_open,,mist,,daylight,giveway_sign,3,0,0,3,1,0,0,0,0,0,0,0,0,0,0,0,0,1,0,0
-41.1167652,174.9518037,Porirua City,2018,minor_injury,100,TRUE,curved_view_open,,rain,,darkness_not_lit,giveway_sign,3,0,0,3,1,0,0,0,0,0,0,0,0,0,0,0,0,1,0,0
-40.25454377,175.5984409,Manawatu District,2018,minor_injury,100,TRUE,straight,,rain,,darkness_not_lit,,3,0,0,3,1,0,0,0,0,0,0,0,0,0,0,0,0,1,0,0
-36.84433077,174.7653434,Auckland,2018,minor_injury,50,TRUE,straight,,rain,,darkness_not_lit,traffic_lights,3,0,0,3,1,0,0,0,0,0,0,0,0,0,0,0,0,1,0,0
-36.72784545,174.6681188,Auckland,2018,minor_injury,80,FALSE,curved_view_open,,rain,,daylight,,3,0,0,3,1,0,0,0,0,0,0,0,0,0,0,0,0,1,0,0
-45.02441312,168.0101665,Southland District,2018,minor_injury,100,FALSE,curved_view_open,,rain,,daylight,,3,0,0,3,1,0,0,0,0,0,0,0,0,0,0,0,0,1,0,0
-40.941238,175.680856,Masterton District,2018,minor_injury,50,FALSE,straight,,fine,,daylight,,3,0,0,3,1,0,0,0,0,0,0,0,0,0,0,0,0,1,0,0
-38.97291086,176.5296977,Taupo District,2018,minor_injury,100,FALSE,curved_view_open,,fine,,daylight,,3,0,0,3,1,0,0,0,0,0,0,0,0,0,0,0,0,1,0,0
-45.88546743,170.5749452,Dunedin City,2018,minor_injury,80,FALSE,curved_view_open,,fine,,darkness_not_lit,,3,0,0,3,1,0,0,0,0,0,0,0,0,0,0,0,0,1,0,0
-37.76767639,175.3023843,Hamilton City,2018,minor_injury,50,FALSE,curved_view_open,,fine,,darkness_not_lit,,3,0,0,3,1,0,0,0,0,0,0,0,0,0,0,0,0,1,0,0
-39.39723906,175.6997944,Ruapehu District,2018,minor_injury,100,FALSE,straight,,fine,,daylight,,3,0,0,3,1,0,0,0,0,0,0,0,0,0,0,0,0,1,0,0
-43.40462582,172.0715148,Selwyn District,2018,minor_injury,100,FALSE,straight,,mist,,darkness_not_lit,,3,0,0,3,1,0,0,0,0,0,0,0,0,0,0,0,0,1,0,0
-44.30460766,171.3061338,Timaru District,2018,minor_injury,80,FALSE,straight,,fine,,daylight,,3,0,0,3,1,0,0,0,0,0,0,0,0,0,0,0,0,1,0,0
-36.88799082,174.7954782,Auckland,2018,minor_injury,100,FALSE,straight,,fine,,darkness_not_lit,,3,0,0,3,1,0,0,0,0,0,0,0,0,0,0,0,0,1,0,0
-35.18942869,173.478168,Far North District,2018,minor_injury,100,FALSE,curved_view_open,,rain,,daylight,,3,0,0,3,1,0,0,0,0,0,0,0,0,0,0,0,0,1,0,0
-36.15709924,173.983192,Kaipara District,2018,minor_injury,100,TRUE,curved_view_open,,fine,,darkness_not_lit,giveway_sign,3,0,0,3,1,0,0,0,0,0,0,0,0,0,0,0,0,1,0,0
-43.98405898,171.4487369,Ashburton District,2018,minor_injury,100,FALSE,straight,,rain,,darkness_not_lit,,3,0,0,3,1,0,0,0,0,0,0,0,0,0,0,0,0,1,0,0
-39.01196529,175.8071213,Taupo District,2018,minor_injury,100,FALSE,straight,,fine,,daylight,,3,0,0,3,1,0,0,0,0,0,0,0,0,0,0,0,0,1,0,0
-46.18800679,167.6041938,Southland District,2018,minor_injury,100,TRUE,curved_view_open,,fine,,darkness_not_lit,,3,0,0,3,1,0,0,0,0,0,0,0,0,0,0,0,0,1,0,0
-44.40247942,171.0322364,Waimate District,2018,fatality,100,FALSE,curved_view_open,,fine,,darkness_not_lit,,2,1,1,0,1,0,0,0,0,0,0,0,0,0,0,0,0,1,0,0
-46.28421758,168.7605945,Southland District,2018,fatality,100,TRUE,straight,,fine,,darkness_not_lit,,2,1,1,0,1,0,0,0,0,0,0,0,0,0,0,0,0,1,0,0
-37.00925897,174.8904063,Auckland,2018,serious_injury,60,TRUE,straight,,fine,,darkness_not_lit,traffic_lights,2,0,1,1,1,0,0,0,0,0,0,0,0,0,0,0,0,1,0,0
-37.00925897,174.8904063,Auckland,2018,serious_injury,60,TRUE,straight,,fine,,darkness_not_lit,traffic_lights,2,0,1,1,1,0,0,0,0,0,0,0,0,0,0,0,0,1,0,0
-45.88076113,170.4998631,Dunedin City,2018,serious_injury,50,TRUE,straight,,fine,,darkness_not_lit,,2,0,1,1,1,0,0,0,0,0,0,0,0,0,0,0,0,1,0,0
-39.93520446,176.443111,Central Hawkes Bay District,2018,serious_injury,100,TRUE,curved_view_open,,rain,,darkness_not_lit,giveway_sign,2,0,1,1,1,0,0,0,0,0,0,0,0,0,0,0,0,1,0,0
-37.15913851,174.9801427,Auckland,2018,serious_injury,100,FALSE,curved_view_open,,rain,,daylight,,2,0,1,1,1,0,0,0,0,0,0,0,0,0,0,0,0,1,0,0
-36.75976371,174.7156024,Auckland,2018,serious_injury,50,FALSE,straight,,fine,,darkness_not_lit,,2,0,1,1,1,0,0,0,0,0,0,0,0,0,0,0,0,1,0,0
-36.98214109,174.8828818,Auckland,2018,serious_injury,100,FALSE,straight,,fine,,darkness_not_lit,,2,0,1,1,1,0,0,0,0,0,0,0,0,0,0,0,0,1,0,0
-43.6084917,172.6438018,Christchurch City,2018,serious_injury,50,FALSE,curved_view_open,,rain,,darkness_not_lit,,2,0,1,1,1,0,0,0,0,0,0,0,0,0,0,0,0,1,0,0
-36.07666207,174.4225954,Whangarei District,2018,serious_injury,80,FALSE,curved_view_open,,rain,,daylight,,2,0,1,1,1,0,0,0,0,0,0,0,0,0,0,0,0,1,0,0
-39.23219923,174.2425184,New Plymouth District,2018,serious_injury,100,FALSE,straight,,rain,,daylight,,2,0,1,1,1,0,0,0,0,0,0,0,0,0,0,0,0,1,0,0
-43.68096658,172.5542943,Selwyn District,2018,serious_injury,100,FALSE,straight,,fine,,daylight,,2,0,1,1,1,0,0,0,0,0,0,0,0,0,0,0,0,1,0,0
-41.18304022,174.8306586,Wellington City,2018,serious_injury,100,TRUE,straight,,fine,,darkness_not_lit,,2,0,1,1,1,0,0,0,0,0,0,0,0,0,0,0,0,1,0,0
-40.69378252,175.2312434,Horowhenua District,2018,serious_injury,100,FALSE,straight,,rain,,daylight,,2,0,1,1,1,0,0,0,0,0,0,0,0,0,0,0,0,1,0,0
-46.18474673,168.0362734,Southland District,2018,serious_injury,100,FALSE,straight,,fine,,daylight,,2,0,1,1,1,0,0,0,0,0,0,0,0,0,0,0,0,1,0,0
-40.3331469,175.6413221,Palmerston North City,2018,serious_injury,50,FALSE,curved_view_open,,rain,,darkness_not_lit,,2,0,1,1,1,0,0,0,0,0,0,0,0,0,0,0,0,1,0,0
-37.42316268,175.7234348,Hauraki District,2018,serious_injury,80,FALSE,curved_view_open,,fine,,darkness_not_lit,,2,0,1,1,1,0,0,0,0,0,0,0,0,0,0,0,0,1,0,0
-45.05286021,169.8255497,Central Otago District,2018,serious_injury,100,FALSE,straight,,fine,,darkness_not_lit,,2,0,1,1,1,0,0,0,0,0,0,0,0,0,0,0,0,1,0,0
-41.21725173,174.9233568,Hutt City,2018,serious_injury,50,FALSE,straight,,fine,,daylight,,2,0,1,1,1,0,0,0,0,0,0,0,0,0,0,0,0,1,0,0
-36.89274765,174.7138616,Auckland,2018,serious_injury,50,TRUE,straight,,rain,,daylight,,2,0,1,1,1,0,0,0,0,0,0,0,0,0,0,0,0,1,0,0
-37.59360105,175.3638719,Waikato District,2018,serious_injury,100,FALSE,straight,,fine,,darkness_not_lit,,2,0,1,1,1,0,0,0,0,0,0,0,0,0,0,0,0,1,0,0
-42.34464129,172.1504139,Buller District,2018,serious_injury,100,FALSE,curved_view_open,,mist,,darkness_not_lit,,2,0,1,1,1,0,0,0,0,0,0,0,0,0,0,0,0,1,0,0
-36.77401477,174.7703063,Auckland,2018,serious_injury,50,FALSE,straight,,fine,,daylight,,2,0,1,1,1,0,0,0,0,0,0,0,0,0,0,0,0,1,0,0
-37.34680977,175.0731019,Waikato District,2018,serious_injury,100,FALSE,curved_view_open,,fine,,darkness_not_lit,,2,0,1,1,1,0,0,0,0,0,0,0,0,0,0,0,0,1,0,0
-37.02514488,174.8696219,Auckland,2018,serious_injury,50,FALSE,straight,,fine,,dawn_dusk,,2,0,1,1,1,0,0,0,0,0,0,0,0,0,0,0,0,1,0,0
-37.72711039,176.293452,Western Bay Of Plenty District,2018,serious_injury,100,FALSE,curved_view_open,,fine,,daylight,,2,0,1,1,1,0,0,0,0,0,0,0,0,0,0,0,0,1,0,0
-38.08464245,177.0366619,Whakatane District,2018,serious_injury,100,FALSE,curved_view_open,,rain,,daylight,,2,0,1,1,1,0,0,0,0,0,0,0,0,0,0,0,0,1,0,0
-35.6838885,174.301238,Whangarei District,2018,serious_injury,50,FALSE,straight,,rain,,daylight,,2,0,1,1,1,0,0,0,0,0,0,0,0,0,0,0,0,1,0,0
-37.81738003,175.7628301,Matamata-Piako District,2018,fatality,50,TRUE,straight,,mist,,darkness_not_lit,stop_sign,1,1,0,0,1,0,0,0,0,0,0,0,0,0,0,0,0,1,0,0
-45.04794205,169.2152016,Central Otago District,2018,fatality,100,FALSE,curved_view_open,,fine,,daylight,,1,1,0,0,1,0,0,0,0,0,0,0,0,0,0,0,0,1,0,0
-39.07955114,174.0881686,New Plymouth District,2018,fatality,50,FALSE,curved_view_open,,fine,,darkness_not_lit,,1,1,0,0,1,0,0,0,0,0,0,0,0,0,0,0,0,1,0,0
-38.09845795,176.6972688,Kawerau District,2018,fatality,50,TRUE,curved_view_open,,fine,,darkness_not_lit,,1,1,0,0,1,0,0,0,0,0,0,0,0,0,0,0,0,1,0,0
-36.22457541,174.5525719,Auckland,2018,fatality,100,FALSE,curved_view_open,,fine,,darkness_not_lit,,1,1,0,0,1,0,0,0,0,0,0,0,0,0,0,0,0,1,0,0
-37.06369095,174.9393748,Auckland,2018,serious_injury,50,TRUE,straight,,rain,,daylight,stop_sign,3,0,2,1,1,0,0,0,0,0,0,0,0,0,0,0,0,1,0,0
-46.31085489,168.2501738,Southland District,2018,serious_injury,100,FALSE,straight,,fine,,daylight,,3,0,2,1,1,0,0,0,0,0,0,0,0,0,0,0,0,1,0,0
-46.01640838,170.1049872,Clutha District,2018,serious_injury,100,FALSE,straight,,fine,,daylight,,3,0,2,1,1,0,0,0,0,0,0,0,0,0,0,0,0,1,0,0
-37.78453317,175.2668003,Hamilton City,2018,serious_injury,60,TRUE,straight,,fine,,darkness_not_lit,traffic_lights,3,0,1,2,1,0,0,0,0,0,0,0,0,0,0,0,0,1,0,0
-37.78453317,175.2668003,Hamilton City,2018,serious_injury,60,TRUE,straight,,fine,,darkness_not_lit,traffic_lights,3,0,1,2,1,0,0,0,0,0,0,0,0,0,0,0,0,1,0,0
-43.54219314,172.6965763,Christchurch City,2018,serious_injury,50,TRUE,straight,,fine,,darkness_not_lit,,3,0,1,2,1,0,0,0,0,0,0,0,0,0,0,0,0,1,0,0
-36.91070656,174.8377649,Auckland,2018,serious_injury,50,FALSE,curved_view_open,,fine,,darkness_not_lit,,3,0,1,2,1,0,0,0,0,0,0,0,0,0,0,0,0,1,0,0
-36.92298985,174.7708491,Auckland,2018,serious_injury,100,FALSE,straight,,fine,,daylight,,3,0,1,2,1,0,0,0,0,0,0,0,0,0,0,0,0,1,0,0
-37.45279689,175.8833709,Western Bay Of Plenty District,2018,serious_injury,100,FALSE,curved_view_open,,rain,,dawn_dusk,,3,0,1,2,1,0,0,0,0,0,0,0,0,0,0,0,0,1,0,0
-36.37067973,174.6812806,Auckland,2018,serious_injury,80,FALSE,straight,,fine,,daylight,,3,0,1,2,1,0,0,0,0,0,0,0,0,0,0,0,0,1,0,0
-44.10294297,171.3173767,Timaru District,2018,serious_injury,100,FALSE,straight,,fine,,darkness_not_lit,,3,0,1,2,1,0,0,0,0,0,0,0,0,0,0,0,0,1,0,0
-36.86852161,174.4932928,Auckland,2018,serious_injury,70,FALSE,curved_view_open,,fine,,darkness_not_lit,,3,0,1,2,1,0,0,0,0,0,0,0,0,0,0,0,0,1,0,0
-36.90984929,174.7756186,Auckland,2018,serious_injury,50,FALSE,straight,,rain,,daylight,,3,0,1,2,1,0,0,0,0,0,0,0,0,0,0,0,0,1,0,0
-44.18769658,171.3369007,Timaru District,2018,fatality,100,FALSE,curved_view_open,,rain,,darkness_not_lit,,3,1,2,0,1,0,0,0,0,0,0,0,0,0,0,0,0,1,0,0
-38.07937785,176.3260065,Rotorua District,2018,fatality,100,TRUE,straight,,fine,,daylight,giveway_sign,2,1,0,1,1,0,0,0,0,0,0,0,0,0,0,0,0,1,0,0
-35.9950559,173.9195596,Kaipara District,2018,fatality,100,FALSE,curved_view_open,,rain,,daylight,,2,1,0,1,1,0,0,0,0,0,0,0,0,0,0,0,0,1,0,0
-37.60196484,175.4499336,Matamata-Piako District,2018,fatality,100,FALSE,curved_view_open,,rain,,daylight,,2,1,0,1,1,0,0,0,0,0,0,0,0,0,0,0,0,1,0,0
-39.01176209,174.2296311,New Plymouth District,2018,fatality,100,FALSE,straight,,fine,,darkness_not_lit,,2,1,0,1,1,0,0,0,0,0,0,0,0,0,0,0,0,1,0,0
-46.26281309,169.7391008,Clutha District,2018,serious_injury,100,FALSE,curved_view_open,,fine,,darkness_not_lit,,4,0,3,1,1,0,0,0,0,0,0,0,0,0,0,0,0,1,0,0
-40.95829016,175.7157637,Masterton District,2018,serious_injury,100,FALSE,straight,,fine,,dawn_dusk,,4,0,2,2,1,0,0,0,0,0,0,0,0,0,0,0,0,1,0,0
-43.58624993,172.6375784,Christchurch City,2018,serious_injury,70,FALSE,curved_view_open,,fine,,darkness_not_lit,,4,0,2,2,1,0,0,0,0,0,0,0,0,0,0,0,0,1,0,0
-37.1197191,174.9550298,Auckland,2018,serious_injury,100,FALSE,curved_view_open,,fine,,darkness_not_lit,,4,0,2,2,1,0,0,0,0,0,0,0,0,0,0,0,0,1,0,0
-36.92506474,174.9336787,Auckland,2018,fatality,80,FALSE,curved_view_open,,rain,,daylight,,4,1,3,0,1,0,0,0,0,0,0,0,0,0,0,0,0,1,0,0
-38.14557858,175.6770743,South Waikato District,2018,serious_injury,100,FALSE,curved_view_open,,fine,,dawn_dusk,,5,0,2,3,1,0,0,0,0,0,0,0,0,0,0,0,0,1,0,0
-43.54701533,172.0567178,Selwyn District,2018,serious_injury,100,FALSE,curved_view_open,,fine,,darkness_not_lit,,5,0,2,3,1,0,0,0,0,0,0,0,0,0,0,0,0,1,0,0
-41.54739392,174.0409766,Marlborough District,2018,serious_injury,100,FALSE,curved_view_open,,fine,,daylight,,3,0,3,0,1,0,0,0,0,0,0,0,0,0,0,0,0,1,0,0
-41.29167985,174.77176,Wellington City,2018,fatality,70,FALSE,curved_view_open,,fine,,daylight,,3,1,0,2,1,0,0,0,0,0,0,0,0,0,0,0,0,1,0,0
-40.86286099,175.6378398,Masterton District,2018,fatality,100,FALSE,curved_view_open,,fine,,darkness_not_lit,,3,1,0,2,1,0,0,0,0,0,0,0,0,0,0,0,0,1,0,0
-35.88349618,174.4593453,Whangarei District,2018,fatality,50,FALSE,curved_view_open,,fine,,darkness_not_lit,,4,1,1,2,1,0,0,0,0,0,0,0,0,0,0,0,0,1,0,0
-44.54261621,170.0841793,Waitaki District,2018,serious_injury,100,FALSE,curved_view_open,,fine,,dawn_dusk,,4,0,4,0,1,0,0,0,0,0,0,0,0,0,0,0,0,1,0,0
-41.26020627,174.7916906,Wellington City,2018,serious_injury,100,FALSE,straight,,fine,,darkness_not_lit,,5,0,4,1,1,0,0,0,0,0,0,0,0,0,0,0,0,1,0,0
-40.3509645,175.5847271,Palmerston North City,2018,property_damage,50,TRUE,curved_view_open,,fine,,daylight,giveway_sign,0,0,0,0,1,0,0,0,0,0,0,0,0,0,0,0,0,0,0,0
-41.11524519,175.0813054,Upper Hutt City,2018,property_damage,50,TRUE,straight,,fine,,darkness_not_lit,traffic_lights,0,0,0,0,1,0,0,0,0,0,0,0,0,0,0,0,0,0,0,0
-38.65878128,178.002932,Gisborne District,2018,property_damage,50,TRUE,straight,,fine,,daylight,,0,0,0,0,1,0,0,0,0,0,0,0,0,0,0,0,0,0,0,0
-38.65878128,178.002932,Gisborne District,2018,property_damage,50,TRUE,straight,,fine,,daylight,,0,0,0,0,1,0,0,0,0,0,0,0,0,0,0,0,0,0,0,0
-41.29269997,174.7739492,Wellington City,2018,property_damage,50,TRUE,straight,,fine,,darkness_not_lit,traffic_lights,0,0,0,0,1,0,0,0,0,0,0,0,0,0,0,0,0,0,0,0
-41.29269997,174.7739492,Wellington City,2018,property_damage,50,TRUE,straight,,fine,,darkness_not_lit,traffic_lights,0,0,0,0,1,0,0,0,0,0,0,0,0,0,0,0,0,0,0,0
-41.48652988,173.8171018,Marlborough District,2018,property_damage,80,TRUE,straight,,fine,,daylight,giveway_sign,0,0,0,0,1,0,0,0,0,0,0,0,0,0,0,0,0,0,0,0
-39.05345981,174.0818972,New Plymouth District,2018,property_damage,50,TRUE,straight,,rain,,dawn_dusk,giveway_sign,0,0,0,0,1,0,0,0,0,0,0,0,0,0,0,0,0,0,0,0
-39.0560251,174.083173,New Plymouth District,2018,property_damage,50,TRUE,straight,,fine,,dawn_dusk,traffic_lights,0,0,0,0,1,0,0,0,0,0,0,0,0,0,0,0,0,0,0,0
-39.93168621,175.0382476,Wanganui District,2018,property_damage,50,TRUE,straight,,rain,,daylight,,0,0,0,0,1,0,0,0,0,0,0,0,0,0,0,0,0,0,0,0
-41.13044659,175.0447608,Upper Hutt City,2018,property_damage,50,TRUE,straight,,rain,,daylight,giveway_sign,0,0,0,0,1,0,0,0,0,0,0,0,0,0,0,0,0,0,0,0
-41.29627903,174.7795759,Wellington City,2018,property_damage,50,TRUE,straight,,fine,,daylight,traffic_lights,0,0,0,0,1,0,0,0,0,0,0,0,0,0,0,0,0,0,0,0
-41.29627903,174.7795759,Wellington City,2018,property_damage,50,TRUE,straight,,fine,,daylight,traffic_lights,0,0,0,0,1,0,0,0,0,0,0,0,0,0,0,0,0,0,0,0
-41.28644047,174.7762515,Wellington City,2018,property_damage,30,TRUE,straight,,rain,,dawn_dusk,traffic_lights,0,0,0,0,1,0,0,0,0,0,0,0,0,0,0,0,0,0,0,0
-39.59676938,176.7655392,Hastings District,2018,property_damage,100,TRUE,curved_view_open,,fine,,daylight,giveway_sign,0,0,0,0,1,0,0,0,0,0,0,0,0,0,0,0,0,0,0,0
-40.32930178,175.5595833,Palmerston North City,2018,property_damage,100,TRUE,straight,,fine,,daylight,stop_sign,0,0,0,0,1,0,0,0,0,0,0,0,0,0,0,0,0,0,0,0