latitude,longitude,local_government_area,year,severity,speed_limit,intersection,road_position_horizontal,road_wet,weather,crash_type,lighting,traffic_controls,casualties,fatalities,serious_injuries,minor_injuries,car_sedan,car_utility,car_van,car_4x4,car_station_wagon,motor_cycle,truck_small,truck_large,bus,taxi,bicycle,scooter,pedestrian,inanimate,train,tram
-36.92228097,174.8388398,Auckland,2018,property_damage,50,TRUE,straight,,fine,,darkness_not_lit,giveway_sign,0,0,0,0,1,0,0,0,0,0,0,0,0,0,0,0,0,0,0,0
-35.72656638,174.3221098,Whangarei District,2018,property_damage,50,TRUE,straight,,fine,,daylight,traffic_lights,0,0,0,0,1,0,0,0,0,0,0,0,0,0,0,0,0,0,0,0
-36.84813205,174.7563801,Auckland,2018,property_damage,50,TRUE,straight,,fine,,darkness_not_lit,traffic_lights,0,0,0,0,1,0,0,0,0,0,0,0,0,0,0,0,0,0,0,0
-37.80798607,175.2707431,Hamilton City,2018,property_damage,60,FALSE,straight,,fine,,darkness_not_lit,,0,0,0,0,1,0,0,0,0,0,0,0,0,0,0,0,0,0,0,0
-36.99593624,174.9224716,Auckland,2018,property_damage,80,TRUE,curved_view_open,,fine,,daylight,,0,0,0,0,1,0,0,0,0,0,0,0,0,0,0,0,0,0,0,0
-37.02006662,174.9033081,Auckland,2018,property_damage,50,TRUE,straight,,fine,,darkness_not_lit,giveway_sign,0,0,0,0,1,0,0,0,0,0,0,0,0,0,0,0,0,0,0,0
-37.71917162,176.1316551,Tauranga City,2018,property_damage,50,TRUE,straight,,fine,,daylight,giveway_sign,0,0,0,0,1,0,0,0,0,0,0,0,0,0,0,0,0,0,0,0
-37.77942252,175.2757384,Hamilton City,2018,property_damage,50,FALSE,straight,,fine,,daylight,traffic_lights,0,0,0,0,1,0,0,0,0,0,0,0,0,0,0,0,0,0,0,0
-38.6900413,176.0712781,Taupo District,2018,property_damage,50,TRUE,straight,,fine,,darkness_not_lit,giveway_sign,0,0,0,0,1,0,0,0,0,0,0,0,0,0,0,0,0,0,0,0
-37.78094124,176.3149915,Western Bay Of Plenty District,2018,property_damage,50,TRUE,straight,,fine,,daylight,stop_sign,0,0,0,0,1,0,0,0,0,0,0,0,0,0,0,0,0,0,0,0
-36.90589103,174.6758377,Auckland,2018,property_damage,50,TRUE,straight,,fine,,daylight,stop_sign,0,0,0,0,1,0,0,0,0,0,0,0,0,0,0,0,0,0,0,0
-36.90589103,174.6758377,Auckland,2018,property_damage,50,TRUE,straight,,fine,,daylight,stop_sign,0,0,0,0,1,0,0,0,0,0,0,0,0,0,0,0,0,0,0,0
-37.6760338,176.2237897,Tauranga City,2018,property_damage,50,FALSE,curved_view_obscure,,fine,,daylight,traffic_lights,0,0,0,0,1,0,0,0,0,0,0,0,0,0,0,0,0,0,0,0
-38.69063256,176.071062,Taupo District,2018,property_damage,50,TRUE,straight,,fine,,daylight,giveway_sign,0,0,0,0,1,0,0,0,0,0,0,0,0,0,0,0,0,0,0,0
-43.52622731,172.5534181,Christchurch City,2018,property_damage,50,TRUE,straight,,fine,,daylight,giveway_sign,0,0,0,0,1,0,0,0,0,0,0,0,0,0,0,0,0,0,0,0
-43.52622731,172.5534181,Christchurch City,2018,property_damage,50,TRUE,straight,,fine,,daylight,giveway_sign,0,0,0,0,1,0,0,0,0,0,0,0,0,0,0,0,0,0,0,0
-43.52622731,172.5534181,Christchurch City,2018,property_damage,50,TRUE,straight,,fine,,daylight,giveway_sign,0,0,0,0,1,0,0,0,0,0,0,0,0,0,0,0,0,0,0,0
-43.5176007,172.6516989,Christchurch City,2018,property_damage,50,TRUE,straight,,rain,,darkness_not_lit,giveway_sign,0,0,0,0,1,0,0,0,0,0,0,0,0,0,0,0,0,0,0,0
-44.38195087,171.2382748,Timaru District,2018,property_damage,50,TRUE,straight,,fine,,darkness_not_lit,giveway_sign,0,0,0,0,1,0,0,0,0,0,0,0,0,0,0,0,0,0,0,0
-44.38195087,171.2382748,Timaru District,2018,property_damage,50,TRUE,straight,,fine,,daylight,giveway_sign,0,0,0,0,1,0,0,0,0,0,0,0,0,0,0,0,0,0,0,0
-46.41784985,168.3992754,Invercargill City,2018,property_damage,50,TRUE,straight,,rain,,daylight,stop_sign,0,0,0,0,1,0,0,0,0,0,0,0,0,0,0,0,0,0,0,0
-45.07474325,170.9878353,Waitaki District,2018,property_damage,50,TRUE,straight,,fine,,daylight,giveway_sign,0,0,0,0,1,0,0,0,0,0,0,0,0,0,0,0,0,0,0,0
-44.09769926,170.8288813,Mackenzie District,2018,property_damage,50,TRUE,straight,,fine,,daylight,giveway_sign,0,0,0,0,1,0,0,0,0,0,0,0,0,0,0,0,0,0,0,0
-43.5209207,172.6335894,Christchurch City,2018,property_damage,50,TRUE,straight,,fine,,darkness_not_lit,traffic_lights,0,0,0,0,1,0,0,0,0,0,0,0,0,0,0,0,0,0,0,0
-43.51758773,172.6563388,Christchurch City,2018,property_damage,50,TRUE,straight,,fine,,daylight,traffic_lights,0,0,0,0,1,0,0,0,0,0,0,0,0,0,0,0,0,0,0,0
-43.54240248,172.6218115,Christchurch City,2018,property_damage,50,TRUE,straight,,mist,,daylight,giveway_sign,0,0,0,0,1,0,0,0,0,0,0,0,0,0,0,0,0,0,0,0
-35.72866795,174.3154442,Whangarei District,2018,property_damage,50,TRUE,straight,,fine,,darkness_not_lit,giveway_sign,0,0,0,0,1,0,0,0,0,0,0,0,0,0,0,0,0,0,0,0
-38.14411361,176.2538381,Rotorua District,2018,property_damage,50,TRUE,straight,,fine,,daylight,giveway_sign,0,0,0,0,1,0,0,0,0,0,0,0,0,0,0,0,0,0,0,0
-38.14411361,176.2538381,Rotorua District,2018,property_damage,50,TRUE,straight,,fine,,daylight,giveway_sign,0,0,0,0,1,0,0,0,0,0,0,0,0,0,0,0,0,0,0,0
-38.98182821,175.7797398,Taupo District,2018,property_damage,100,TRUE,straight,,fine,,daylight,giveway_sign,0,0,0,0,1,0,0,0,0,0,0,0,0,0,0,0,0,0,0,0
-37.70372166,176.1538658,Tauranga City,2018,property_damage,50,TRUE,straight,,fine,,daylight,traffic_lights,0,0,0,0,1,0,0,0,0,0,0,0,0,0,0,0,0,0,0,0
-36.88619614,174.7435064,Auckland,2018,property_damage,50,TRUE,straight,,rain,,daylight,traffic_lights,0,0,0,0,1,0,0,0,0,0,0,0,0,0,0,0,0,0,0,0
-37.68286262,176.2261148,Tauranga City,2018,property_damage,70,TRUE,straight,,fine,,daylight,giveway_sign,0,0,0,0,1,0,0,0,0,0,0,0,0,0,0,0,0,0,0,0
-37.68286262,176.2261148,Tauranga City,2018,property_damage,70,TRUE,straight,,fine,,daylight,giveway_sign,0,0,0,0,1,0,0,0,0,0,0,0,0,0,0,0,0,0,0,0
-37.68286262,176.2261148,Tauranga City,2018,property_damage,70,TRUE,curved_view_open,,rain,,darkness_not_lit,giveway_sign,0,0,0,0,1,0,0,0,0,0,0,0,0,0,0,0,0,0,0,0
-37.67428158,176.2278965,Tauranga City,2018,property_damage,50,TRUE,straight,,fine,,darkness_not_lit,stop_sign,0,0,0,0,1,0,0,0,0,0,0,0,0,0,0,0,0,0,0,0
-36.83192018,174.618359,Auckland,2018,property_damage,50,TRUE,straight,,fine,,dawn_dusk,traffic_lights,0,0,0,0,1,0,0,0,0,0,0,0,0,0,0,0,0,0,0,0
-35.73878565,174.3348848,Whangarei District,2018,property_damage,50,TRUE,straight,,rain,,daylight,giveway_sign,0,0,0,0,1,0,0,0,0,0,0,0,0,0,0,0,0,0,0,0
-37.65927136,175.5291432,Matamata-Piako District,2018,property_damage,50,TRUE,straight,,fine,,daylight,giveway_sign,0,0,0,0,1,0,0,0,0,0,0,0,0,0,0,0,0,0,0,0
-37.65927136,175.5291432,Matamata-Piako District,2018,property_damage,50,TRUE,straight,,fine,,daylight,giveway_sign,0,0,0,0,1,0,0,0,0,0,0,0,0,0,0,0,0,0,0,0
-38.13979832,176.2515588,Rotorua District,2018,property_damage,50,TRUE,straight,,fine,,daylight,traffic_lights,0,0,0,0,1,0,0,0,0,0,0,0,0,0,0,0,0,0,0,0
-36.86998466,174.7116364,Auckland,2018,property_damage,50,TRUE,straight,,fine,,darkness_not_lit,giveway_sign,0,0,0,0,1,0,0,0,0,0,0,0,0,0,0,0,0,0,0,0
-36.90487139,174.7895999,Auckland,2018,property_damage,50,TRUE,straight,,fine,,daylight,giveway_sign,0,0,0,0,1,0,0,0,0,0,0,0,0,0,0,0,0,0,0,0
-36.90487139,174.7895999,Auckland,2018,property_damage,50,TRUE,straight,,fine,,daylight,giveway_sign,0,0,0,0,1,0,0,0,0,0,0,0,0,0,0,0,0,0,0,0
-36.91895731,174.927923,Auckland,2018,property_damage,50,TRUE,curved_view_open,,fine,,daylight,giveway_sign,0,0,0,0,1,0,0,0,0,0,0,0,0,0,0,0,0,0,0,0
-36.90166751,174.9186219,Auckland,2018,property_damage,50,TRUE,curved_view_open,,,,darkness_not_lit,giveway_sign,0,0,0,0,1,0,0,0,0,0,0,0,0,0,0,0,0,0,0,0
-36.90166751,174.9186219,Auckland,2018,property_damage,50,TRUE,curved_view_open,,,,darkness_not_lit,giveway_sign,0,0,0,0,1,0,0,0,0,0,0,0,0,0,0,0,0,0,0,0
-36.71069308,174.6680613,Auckland,2018,property_damage,80,TRUE,straight,,rain,,daylight,giveway_sign,0,0,0,0,1,0,0,0,0,0,0,0,0,0,0,0,0,0,0,0
-39.64079653,176.8475301,Hastings District,2018,property_damage,50,TRUE,straight,,fine,,darkness_not_lit,traffic_lights,0,0,0,0,1,0,0,0,0,0,0,0,0,0,0,0,0,0,0,0
-39.64079653,176.8475301,Hastings District,2018,property_damage,50,TRUE,straight,,fine,,darkness_not_lit,traffic_lights,0,0,0,0,1,0,0,0,0,0,0,0,0,0,0,0,0,0,0,0
-41.08542794,174.8687442,Porirua City,2018,property_damage,50,TRUE,straight,,fine,,daylight,traffic_lights,0,0,0,0,1,0,0,0,0,0,0,0,0,0,0,0,0,0,0,0
-40.63626439,175.2725322,Horowhenua District,2018,property_damage,50,TRUE,straight,,fine,,daylight,giveway_sign,0,0,0,0,1,0,0,0,0,0,0,0,0,0,0,0,0,0,0,0
-40.63626439,175.2725322,Horowhenua District,2018,property_damage,50,TRUE,straight,,fine,,daylight,giveway_sign,0,0,0,0,1,0,0,0,0,0,0,0,0,0,0,0,0,0,0,0
-40.34986698,175.6063248,Palmerston North City,2018,property_damage,50,TRUE,straight,,fine,,daylight,traffic_lights,0,0,0,0,1,0,0,0,0,0,0,0,0,0,0,0,0,0,0,0
-40.34986698,175.6063248,Palmerston North City,2018,property_damage,50,TRUE,straight,,fine,,daylight,traffic_lights,0,0,0,0,1,0,0,0,0,0,0,0,0,0,0,0,0,0,0,0
-40.34986698,175.6063248,Palmerston North City,2018,property_damage,50,TRUE,straight,,fine,,daylight,traffic_lights,0,0,0,0,1,0,0,0,0,0,0,0,0,0,0,0,0,0,0,0
-39.92545783,175.0394552,Wanganui District,2018,property_damage,50,TRUE,straight,,fine,,darkness_not_lit,traffic_lights,0,0,0,0,1,0,0,0,0,0,0,0,0,0,0,0,0,0,0,0
-40.34345569,175.6014278,Palmerston North City,2018,property_damage,50,TRUE,straight,,fine,,daylight,traffic_lights,0,0,0,0,1,0,0,0,0,0,0,0,0,0,0,0,0,0,0,0
-40.34345569,175.6014278,Palmerston North City,2018,property_damage,50,TRUE,straight,,fine,,daylight,traffic_lights,0,0,0,0,1,0,0,0,0,0,0,0,0,0,0,0,0,0,0,0
-40.35832849,175.6065802,Palmerston North City,2018,property_damage,50,TRUE,straight,,rain,,daylight,traffic_lights,0,0,0,0,1,0,0,0,0,0,0,0,0,0,0,0,0,0,0,0
-40.95819176,175.665598,Masterton District,2018,property_damage,50,TRUE,straight,,fine,,daylight,giveway_sign,0,0,0,0,1,0,0,0,0,0,0,0,0,0,0,0,0,0,0,0
-39.92789852,175.0435881,Wanganui District,2018,property_damage,50,TRUE,straight,,fine,,daylight,traffic_lights,0,0,0,0,1,0,0,0,0,0,0,0,0,0,0,0,0,0,0,0
-41.28916673,174.7746894,Wellington City,2018,property_damage,50,TRUE,straight,,rain,,daylight,traffic_lights,0,0,0,0,1,0,0,0,0,0,0,0,0,0,0,0,0,0,0,0
-41.2856046,174.7767184,Wellington City,2018,property_damage,50,TRUE,straight,,fine,,daylight,traffic_lights,0,0,0,0,1,0,0,0,0,0,0,0,0,0,0,0,0,0,0,0
-41.21260138,174.8958221,Hutt City,2018,property_damage,50,TRUE,curved_view_open,,fine,,daylight,stop_sign,0,0,0,0,1,0,0,0,0,0,0,0,0,0,0,0,0,0,0,0
-39.63862808,176.8379507,Hastings District,2018,property_damage,50,TRUE,straight,,fine,,daylight,giveway_sign,0,0,0,0,1,0,0,0,0,0,0,0,0,0,0,0,0,0,0,0
-39.63862808,176.8379507,Hastings District,2018,property_damage,50,TRUE,straight,,fine,,daylight,giveway_sign,0,0,0,0,1,0,0,0,0,0,0,0,0,0,0,0,0,0,0,0
-39.63862808,176.8379507,Hastings District,2018,property_damage,50,TRUE,straight,,rain,,daylight,giveway_sign,0,0,0,0,1,0,0,0,0,0,0,0,0,0,0,0,0,0,0,0
-40.3546882,175.6114204,Palmerston North City,2018,property_damage,50,TRUE,straight,,fine,,daylight,traffic_lights,0,0,0,0,1,0,0,0,0,0,0,0,0,0,0,0,0,0,0,0
-41.10870463,175.0977593,Upper Hutt City,2018,property_damage,70,TRUE,straight,,fine,,darkness_not_lit,stop_sign,0,0,0,0,1,0,0,0,0,0,0,0,0,0,0,0,0,0,0,0
-41.10870463,175.0977593,Upper Hutt City,2018,property_damage,70,TRUE,straight,,fine,,darkness_not_lit,stop_sign,0,0,0,0,1,0,0,0,0,0,0,0,0,0,0,0,0,0,0,0
-41.13850261,174.8411551,Porirua City,2018,property_damage,50,TRUE,curved_view_open,,fine,,daylight,giveway_sign,0,0,0,0,1,0,0,0,0,0,0,0,0,0,0,0,0,0,0,0
-39.60976889,176.8624373,Hastings District,2018,property_damage,80,TRUE,straight,,fine,,daylight,giveway_sign,0,0,0,0,1,0,0,0,0,0,0,0,0,0,0,0,0,0,0,0
-41.22147177,174.8074535,Wellington City,2018,property_damage,50,TRUE,straight,,rain,,dawn_dusk,giveway_sign,0,0,0,0,1,0,0,0,0,0,0,0,0,0,0,0,0,0,0,0
-39.63208486,176.8383574,Hastings District,2018,property_damage,50,TRUE,straight,,fine,,daylight,giveway_sign,0,0,0,0,1,0,0,0,0,0,0,0,0,0,0,0,0,0,0,0
-41.31345668,173.2336388,Nelson City,2018,property_damage,50,TRUE,straight,,fine,,darkness_not_lit,traffic_lights,0,0,0,0,1,0,0,0,0,0,0,0,0,0,0,0,0,0,0,0
-41.29393555,174.7837519,Wellington City,2018,property_damage,30,TRUE,straight,,fine,,daylight,traffic_lights,0,0,0,0,1,0,0,0,0,0,0,0,0,0,0,0,0,0,0,0
-41.29393555,174.7837519,Wellington City,2018,property_damage,30,TRUE,straight,,fine,,daylight,traffic_lights,0,0,0,0,1,0,0,0,0,0,0,0,0,0,0,0,0,0,0,0
-39.63268,176.8435038,Hastings District,2018,property_damage,50,TRUE,straight,,fine,,daylight,stop_sign,0,0,0,0,1,0,0,0,0,0,0,0,0,0,0,0,0,0,0,0
-39.66694087,176.8145915,Hastings District,2018,property_damage,70,TRUE,straight,,fine,,daylight,giveway_sign,0,0,0,0,1,0,0,0,0,0,0,0,0,0,0,0,0,0,0,0
-39.66694087,176.8145915,Hastings District,2018,property_damage,70,TRUE,straight,,fine,,daylight,giveway_sign,0,0,0,0,1,0,0,0,0,0,0,0,0,0,0,0,0,0,0,0
-46.40859237,168.3600415,Invercargill City,2018,property_damage,50,TRUE,straight,,fine,,daylight,giveway_sign,0,0,0,0,1,0,0,0,0,0,0,0,0,0,0,0,0,0,0,0
-45.0348891,169.1994955,Central Otago District,2018,property_damage,80,TRUE,straight,,fine,,daylight,giveway_sign,0,0,0,0,1,0,0,0,0,0,0,0,0,0,0,0,0,0,0,0
-43.52655612,172.650447,Christchurch City,2018,property_damage,50,TRUE,straight,,fine,,daylight,traffic_lights,0,0,0,0,1,0,0,0,0,0,0,0,0,0,0,0,0,0,0,0
-43.9054038,171.7448326,Ashburton District,2018,property_damage,50,TRUE,straight,,fine,,darkness_not_lit,traffic_lights,0,0,0,0,1,0,0,0,0,0,0,0,0,0,0,0,0,0,0,0
-45.00281457,169.0785033,Central Otago District,2018,property_damage,100,FALSE,curved_view_open,,rain,,darkness_not_lit,,0,0,0,0,1,0,0,0,0,0,0,0,0,0,0,0,0,0,0,0
-43.54743766,172.6306311,Christchurch City,2018,property_damage,50,TRUE,straight,,fine,,daylight,traffic_lights,0,0,0,0,1,0,0,0,0,0,0,0,0,0,0,0,0,0,0,0
-46.40967551,168.3506061,Invercargill City,2018,property_damage,50,TRUE,straight,,fine,,daylight,traffic_lights,0,0,0,0,1,0,0,0,0,0,0,0,0,0,0,0,0,0,0,0
-45.8575728,170.5162583,Dunedin City,2018,property_damage,50,TRUE,straight,,fine,,daylight,stop_sign,0,0,0,0,1,0,0,0,0,0,0,0,0,0,0,0,0,0,0,0
-43.52960301,172.6019299,Christchurch City,2018,property_damage,50,TRUE,straight,,fine,,darkness_not_lit,traffic_lights,0,0,0,0,1,0,0,0,0,0,0,0,0,0,0,0,0,0,0,0
-43.52960301,172.6019299,Christchurch City,2018,property_damage,50,TRUE,straight,,fine,,darkness_not_lit,traffic_lights,0,0,0,0,1,0,0,0,0,0,0,0,0,0,0,0,0,0,0,0
-43.53742686,172.5965562,Christchurch City,2018,property_damage,60,TRUE,straight,,fine,,darkness_not_lit,traffic_lights,0,0,0,0,1,0,0,0,0,0,0,0,0,0,0,0,0,0,0,0
-43.53742686,172.5965562,Christchurch City,2018,property_damage,60,TRUE,straight,,fine,,darkness_not_lit,traffic_lights,0,0,0,0,1,0,0,0,0,0,0,0,0,0,0,0,0,0,0,0
-43.64645231,172.5056709,Selwyn District,2018,property_damage,100,TRUE,straight,,fine,,daylight,stop_sign,0,0,0,0,1,0,0,0,0,0,0,0,0,0,0,0,0,0,0,0
-43.64645231,172.5056709,Selwyn District,2018,property_damage,100,TRUE,straight,,fine,,daylight,stop_sign,0,0,0,0,1,0,0,0,0,0,0,0,0,0,0,0,0,0,0,0
-46.40576026,168.3769766,Invercargill City,2018,property_damage,50,TRUE,straight,,fine,,daylight,stop_sign,0,0,0,0,1,0,0,0,0,0,0,0,0,0,0,0,0,0,0,0
-43.53989271,172.6336107,Christchurch City,2018,property_damage,50,TRUE,straight,,fine,,darkness_not_lit,traffic_lights,0,0,0,0,1,0,0,0,0,0,0,0,0,0,0,0,0,0,0,0
-40.359793,175.6139254,Palmerston North City,2018,property_damage,50,FALSE,straight,,fine,,daylight,,0,0,0,0,1,0,0,0,0,0,0,0,0,0,0,0,0,0,0,0
-39.49798077,176.9164176,Napier City,2018,property_damage,50,TRUE,straight,,fine,,darkness_not_lit,stop_sign,0,0,0,0,1,0,0,0,0,0,0,0,0,0,0,0,0,0,0,0
-39.93295689,175.028467,Wanganui District,2018,property_damage,50,TRUE,curved_view_open,,fine,,darkness_not_lit,giveway_sign,0,0,0,0,1,0,0,0,0,0,0,0,0,0,0,0,0,0,0,0
-39.62871489,176.834863,Hastings District,2018,property_damage,50,TRUE,straight,,fine,,daylight,stop_sign,0,0,0,0,1,0,0,0,0,0,0,0,0,0,0,0,0,0,0,0
-46.42987162,168.3600546,Invercargill City,2018,property_damage,50,TRUE,straight,,rain,,daylight,giveway_sign,0,0,0,0,1,0,0,0,0,0,0,0,0,0,0,0,0,0,0,0
-43.58717024,172.3852072,Selwyn District,2018,property_damage,50,TRUE,straight,,fine,,daylight,stop_sign,0,0,0,0,1,0,0,0,0,0,0,0,0,0,0,0,0,0,0,0
-44.39589516,171.2341271,Timaru District,2018,property_damage,50,TRUE,straight,,fine,,daylight,stop_sign,0,0,0,0,1,0,0,0,0,0,0,0,0,0,0,0,0,0,0,0
-46.40968057,168.3474175,Invercargill City,2018,property_damage,50,TRUE,straight,,mist,,daylight,traffic_lights,0,0,0,0,1,0,0,0,0,0,0,0,0,0,0,0,0,0,0,0
-41.16828354,174.9647158,Hutt City,2018,property_damage,50,TRUE,curved_view_open,,rain,,darkness_not_lit,,0,0,0,0,1,0,0,0,0,0,0,0,0,0,0,0,0,0,0,0
-41.28205919,173.2491223,Nelson City,2018,property_damage,50,TRUE,straight,,fine,,daylight,giveway_sign,0,0,0,0,1,0,0,0,0,0,0,0,0,0,0,0,0,0,0,0
-39.63633455,176.8373113,Hastings District,2018,property_damage,50,FALSE,straight,,fine,,daylight,,0,0,0,0,1,0,0,0,0,0,0,0,0,0,0,0,0,0,0,0
-40.35687779,175.5893685,Palmerston North City,2018,property_damage,50,TRUE,straight,,fine,,daylight,giveway_sign,0,0,0,0,1,0,0,0,0,0,0,0,0,0,0,0,0,0,0,0
-39.55549597,176.9222961,Napier City,2018,property_damage,100,TRUE,straight,,fine,,daylight,giveway_sign,0,0,0,0,1,0,0,0,0,0,0,0,0,0,0,0,0,0,0,0
-40.92672927,174.9988942,Kapiti Coast District,2018,property_damage,100,TRUE,straight,,fine,,daylight,giveway_sign,0,0,0,0,1,0,0,0,0,0,0,0,0,0,0,0,0,0,0,0
-41.12470833,175.0320751,Upper Hutt City,2018,property_damage,100,TRUE,straight,,fine,,daylight,stop_sign,0,0,0,0,1,0,0,0,0,0,0,0,0,0,0,0,0,0,0,0
-44.69972133,171.1294535,Waimate District,2018,property_damage,100,TRUE,curved_view_open,,fine,,daylight,giveway_sign,0,0,0,0,1,0,0,0,0,0,0,0,0,0,0,0,0,0,0,0
-36.88427749,174.7756769,Auckland,2018,property_damage,50,FALSE,straight,,fine,,daylight,,0,0,0,0,1,0,0,0,0,0,0,0,0,0,0,0,0,0,0,0
-36.70261173,174.7215848,Auckland,2018,property_damage,50,TRUE,curved_view_open,,fine,,daylight,giveway_sign,0,0,0,0,1,0,0,0,0,0,0,0,0,0,0,0,0,0,0,0
-36.70261173,174.7215848,Auckland,2018,property_damage,50,TRUE,curved_view_open,,fine,,daylight,giveway_sign,0,0,0,0,1,0,0,0,0,0,0,0,0,0,0,0,0,0,0,0
-37.794943,175.2606228,Hamilton City,2018,property_damage,50,TRUE,straight,,rain,,darkness_not_lit,traffic_lights,0,0,0,0,1,0,0,0,0,0,0,0,0,0,0,0,0,0,0,0
-41.32158532,174.8132884,Wellington City,2018,property_damage,50,TRUE,straight,,fine,,daylight,stop_sign,0,0,0,0,1,0,0,0,0,0,0,0,0,0,0,0,0,0,0,0
-39.63902118,176.8456609,Hastings District,2018,property_damage,50,TRUE,straight,,fine,,daylight,traffic_lights,0,0,0,0,1,0,0,0,0,0,0,0,0,0,0,0,0,0,0,0
-40.34831691,175.6191096,Palmerston North City,2018,property_damage,50,TRUE,straight,,rain,,darkness_not_lit,giveway_sign,0,0,0,0,1,0,0,0,0,0,0,0,0,0,0,0,0,0,0,0
-40.86061851,175.6417606,Masterton District,2018,property_damage,100,TRUE,straight,,fine,,daylight,giveway_sign,0,0,0,0,1,0,0,0,0,0,0,0,0,0,0,0,0,0,0,0
-36.88217465,174.78668,Auckland,2018,property_damage,100,FALSE,straight,,fine,,daylight,,0,0,0,0,1,0,0,0,0,0,0,0,0,0,0,0,0,0,0,0
-36.96313758,174.8065756,Auckland,2018,property_damage,50,TRUE,straight,,fine,,daylight,stop_sign,0,0,0,0,1,0,0,0,0,0,0,0,0,0,0,0,0,0,0,0
-36.93017098,174.8970619,Auckland,2018,property_damage,60,TRUE,straight,,fine,,daylight,giveway_sign,0,0,0,0,1,0,0,0,0,0,0,0,0,0,0,0,0,0,0,0
-36.63320779,174.6152664,Auckland,2018,property_damage,80,TRUE,curved_view_open,,fine,,daylight,stop_sign,0,0,0,0,1,0,0,0,0,0,0,0,0,0,0,0,0,0,0,0
-39.49403115,176.9181602,Napier City,2018,property_damage,50,TRUE,straight,,rain,,daylight,stop_sign,0,0,0,0,1,0,0,0,0,0,0,0,0,0,0,0,0,0,0,0
-39.0004897,174.2389746,New Plymouth District,2018,property_damage,50,TRUE,straight,,fine,,darkness_not_lit,stop_sign,0,0,0,0,1,0,0,0,0,0,0,0,0,0,0,0,0,0,0,0
-41.32597747,173.1462852,Tasman District,2018,property_damage,100,TRUE,straight,,rain,,daylight,giveway_sign,0,0,0,0,1,0,0,0,0,0,0,0,0,0,0,0,0,0,0,0
-41.20667476,174.9105238,Hutt City,2018,property_damage,50,TRUE,curved_view_obscure,,rain,,darkness_not_lit,giveway_sign,0,0,0,0,1,0,0,0,0,0,0,0,0,0,0,0,0,0,0,0
-43.54644938,172.6955399,Christchurch City,2018,property_damage,60,TRUE,straight,,fine,,darkness_not_lit,giveway_sign,0,0,0,0,1,0,0,0,0,0,0,0,0,0,0,0,0,0,0,0
-45.87393309,170.3476162,Dunedin City,2018,property_damage,50,TRUE,straight,,fine,,daylight,traffic_lights,0,0,0,0,1,0,0,0,0,0,0,0,0,0,0,0,0,0,0,0
-45.87393309,170.3476162,Dunedin City,2018,property_damage,50,TRUE,straight,,fine,,daylight,traffic_lights,0,0,0,0,1,0,0,0,0,0,0,0,0,0,0,0,0,0,0,0
-43.40789912,172.6453252,Waimakariri District,2018,property_damage,100,TRUE,straight,,rain,,daylight,,0,0,0,0,1,0,0,0,0,0,0,0,0,0,0,0,0,0,0,0
-46.09408826,168.9582949,Gore District,2018,property_damage,70,TRUE,straight,,fine,,daylight,giveway_sign,0,0,0,0,1,0,0,0,0,0,0,0,0,0,0,0,0,0,0,0
-43.50809961,172.6482401,Christchurch City,2018,property_damage,50,FALSE,straight,,rain,,darkness_not_lit,,0,0,0,0,1,0,0,0,0,0,0,0,0,0,0,0,0,0,0,0
-45.16802386,170.9079596,Waitaki District,2018,property_damage,100,FALSE,straight,,fine,,daylight,,0,0,0,0,1,0,0,0,0,0,0,0,0,0,0,0,0,0,0,0
-46.37779513,168.3416008,Invercargill City,2018,property_damage,50,TRUE,straight,,fine,,daylight,giveway_sign,0,0,0,0,1,0,0,0,0,0,0,0,0,0,0,0,0,0,0,0
-44.26448076,170.1032859,Mackenzie District,2018,property_damage,100,TRUE,straight,,fine,,daylight,giveway_sign,0,0,0,0,1,0,0,0,0,0,0,0,0,0,0,0,0,0,0,0
-45.87484403,170.4984663,Dunedin City,2018,property_damage,50,TRUE,straight,,fine,,daylight,,0,0,0,0,1,0,0,0,0,0,0,0,0,0,0,0,0,0,0,0
-36.88157051,174.805179,Auckland,2018,property_damage,50,TRUE,straight,,fine,,darkness_not_lit,giveway_sign,0,0,0,0,1,0,0,0,0,0,0,0,0,0,0,0,0,0,0,0
-36.84337606,174.7500585,Auckland,2018,property_damage,80,FALSE,curved_view_open,,fine,,daylight,,0,0,0,0,1,0,0,0,0,0,0,0,0,0,0,0,0,0,0,0
-36.78587453,174.7558543,Auckland,2018,property_damage,50,FALSE,straight,,fine,,daylight,,0,0,0,0,1,0,0,0,0,0,0,0,0,0,0,0,0,0,0,0
-36.89829224,174.8227545,Auckland,2018,property_damage,50,TRUE,straight,,fine,,daylight,giveway_sign,0,0,0,0,1,0,0,0,0,0,0,0,0,0,0,0,0,0,0,0