latitude,longitude,local_government_area,year,severity,speed_limit,intersection,road_position_horizontal,road_wet,weather,crash_type,lighting,traffic_controls,casualties,fatalities,serious_injuries,minor_injuries,car_sedan,car_utility,car_van,car_4x4,car_station_wagon,motor_cycle,truck_small,truck_large,bus,taxi,bicycle,scooter,pedestrian,inanimate,train,tram
-43.53797475,172.6690211,Christchurch City,2018,property_damage,50,TRUE,straight,,rain,,daylight,,0,0,0,0,1,0,0,0,0,0,0,0,0,0,0,0,0,0,0,0
-44.37017915,171.2356156,Timaru District,2018,property_damage,50,FALSE,straight,,rain,,daylight,,0,0,0,0,1,0,0,0,0,0,0,0,0,0,0,0,0,0,0,0
-42.56659049,173.4422449,Hurunui District,2018,property_damage,100,FALSE,curved_view_open,,fine,,daylight,,0,0,0,0,1,0,0,0,0,0,0,0,0,0,0,0,0,0,0,0
-40.94434396,175.9786765,Masterton District,2018,property_damage,100,FALSE,curved_view_open,,fine,,daylight,,0,0,0,0,1,0,0,0,0,0,0,0,0,0,0,0,0,0,0,0
-36.88170266,174.8648949,Auckland,2018,property_damage,50,FALSE,straight,,fine,,daylight,,0,0,0,0,1,0,0,0,0,0,0,0,0,0,0,0,0,0,0,0
-37.67446796,176.1679176,Tauranga City,2018,property_damage,50,FALSE,curved_view_open,,rain,,daylight,,0,0,0,0,1,0,0,0,0,0,0,0,0,0,0,0,0,0,0,0
-44.99174112,168.9380767,Queenstown-Lakes District,2018,property_damage,100,FALSE,curved_view_open,,fine,,darkness_not_lit,,0,0,0,0,1,0,0,0,0,0,0,0,0,0,0,0,0,0,0,0
-37.67156999,175.4684332,Matamata-Piako District,2018,property_damage,100,FALSE,curved_view_open,,rain,,darkness_not_lit,,0,0,0,0,1,0,0,0,0,0,0,0,0,0,0,0,0,0,0,0
-38.04463293,175.7822582,South Waikato District,2018,property_damage,50,FALSE,straight,,fine,,daylight,,0,0,0,0,1,0,0,0,0,0,0,0,0,0,0,0,0,0,0,0
-37.02813176,174.9101306,Auckland,2018,property_damage,80,FALSE,straight,,rain,,darkness_not_lit,,0,0,0,0,1,0,0,0,0,0,0,0,0,0,0,0,0,0,0,0
-35.98192352,174.4496647,Whangarei District,2018,property_damage,100,FALSE,straight,,fine,,daylight,,0,0,0,0,1,0,0,0,0,0,0,0,0,0,0,0,0,0,0,0
-43.62835407,172.7365781,Christchurch City,2018,property_damage,50,FALSE,straight,,fine,,daylight,,0,0,0,0,1,0,0,0,0,0,0,0,0,0,0,0,0,0,0,0
-35.81201023,174.080928,Kaipara District,2018,property_damage,100,FALSE,curved_view_open,,fine,,darkness_not_lit,,0,0,0,0,1,0,0,0,0,0,0,0,0,0,0,0,0,0,0,0
-44.69663578,169.1628798,Queenstown-Lakes District,2018,property_damage,80,FALSE,curved_view_open,,fine,,daylight,,0,0,0,0,1,0,0,0,0,0,0,0,0,0,0,0,0,0,0,0
-44.6763704,169.1695311,Queenstown-Lakes District,2018,property_damage,70,FALSE,curved_view_open,,fine,,daylight,,0,0,0,0,1,0,0,0,0,0,0,0,0,0,0,0,0,0,0,0
-44.74783027,169.268658,Queenstown-Lakes District,2018,property_damage,50,FALSE,straight,,rain,,daylight,,0,0,0,0,1,0,0,0,0,0,0,0,0,0,0,0,0,0,0,0
-38.54754982,178.2239781,Gisborne District,2018,property_damage,100,FALSE,curved_view_open,,fine,,daylight,,0,0,0,0,1,0,0,0,0,0,0,0,0,0,0,0,0,0,0,0
-37.01437741,174.8562191,Auckland,2018,property_damage,50,FALSE,straight,,fine,,daylight,,0,0,0,0,1,0,0,0,0,0,0,0,0,0,0,0,0,0,0,0
-36.87174871,174.6942082,Auckland,2018,property_damage,80,FALSE,straight,,fine,,daylight,,0,0,0,0,1,0,0,0,0,0,0,0,0,0,0,0,0,0,0,0
-37.95436413,176.9940854,Whakatane District,2018,property_damage,50,FALSE,straight,,fine,,daylight,,0,0,0,0,1,0,0,0,0,0,0,0,0,0,0,0,0,0,0,0
-36.86839654,174.7304252,Auckland,2018,property_damage,80,FALSE,curved_view_open,,fine,,daylight,,0,0,0,0,1,0,0,0,0,0,0,0,0,0,0,0,0,0,0,0
-46.09424282,167.9235622,Southland District,2018,property_damage,100,FALSE,straight,,rain,,darkness_not_lit,,0,0,0,0,1,0,0,0,0,0,0,0,0,0,0,0,0,0,0,0
-46.42023534,168.3402704,Invercargill City,2018,property_damage,50,FALSE,straight,,fine,,daylight,,0,0,0,0,1,0,0,0,0,0,0,0,0,0,0,0,0,0,0,0
-41.52133307,173.8172638,Marlborough District,2018,property_damage,100,FALSE,straight,,fine,,daylight,,0,0,0,0,1,0,0,0,0,0,0,0,0,0,0,0,0,0,0,0
-39.59206279,174.2903582,South Taranaki District,2018,property_damage,50,FALSE,straight,,fine,,darkness_not_lit,,0,0,0,0,1,0,0,0,0,0,0,0,0,0,0,0,0,0,0,0
-37.86783799,175.4578516,Waipa District,2018,property_damage,80,FALSE,straight,,fine,,daylight,traffic_lights,0,0,0,0,1,0,0,0,0,0,0,0,0,0,0,0,0,0,0,0
-37.72442213,175.2875432,Hamilton City,2018,property_damage,50,FALSE,straight,,fine,,darkness_not_lit,,0,0,0,0,1,0,0,0,0,0,0,0,0,0,0,0,0,0,0,0
-36.91763485,174.6213475,Auckland,2018,property_damage,70,FALSE,straight,,fine,,darkness_not_lit,,0,0,0,0,1,0,0,0,0,0,0,0,0,0,0,0,0,0,0,0
-41.31768944,174.8032762,Wellington City,2018,property_damage,70,TRUE,curved_view_open,,fine,,daylight,giveway_sign,0,0,0,0,1,0,0,0,0,0,0,0,0,0,0,0,0,0,0,0
-41.10684733,174.9142833,Porirua City,2018,property_damage,80,FALSE,straight,,fine,,daylight,,0,0,0,0,1,0,0,0,0,0,0,0,0,0,0,0,0,0,0,0
-36.8940579,174.6525624,Auckland,2018,property_damage,50,FALSE,straight,,rain,,daylight,,0,0,0,0,1,0,0,0,0,0,0,0,0,0,0,0,0,0,0,0
-37.10056954,174.951038,Auckland,2018,property_damage,50,FALSE,straight,,fine,,darkness_not_lit,,0,0,0,0,1,0,0,0,0,0,0,0,0,0,0,0,0,0,0,0
-44.99563116,168.9239854,Queenstown-Lakes District,2018,property_damage,100,FALSE,curved_view_open,,rain,,daylight,,0,0,0,0,1,0,0,0,0,0,0,0,0,0,0,0,0,0,0,0
-40.93762316,174.9830328,Kapiti Coast District,2018,property_damage,50,FALSE,straight,,fine,,darkness_not_lit,,0,0,0,0,1,0,0,0,0,0,0,0,0,0,0,0,0,0,0,0
-36.99401077,174.8415659,Auckland,2018,property_damage,50,TRUE,straight,,rain,,daylight,,0,0,0,0,1,0,0,0,0,0,0,0,0,0,0,0,0,0,0,0
-39.49318942,176.9067907,Napier City,2018,property_damage,50,FALSE,straight,,rain,,daylight,,0,0,0,0,1,0,0,0,0,0,0,0,0,0,0,0,0,0,0,0
-37.73968572,176.1445576,Tauranga City,2018,property_damage,100,FALSE,straight,,rain,,daylight,,0,0,0,0,1,0,0,0,0,0,0,0,0,0,0,0,0,0,0,0
-36.59215797,174.6631138,Auckland,2018,property_damage,100,FALSE,straight,,fine,,daylight,,0,0,0,0,1,0,0,0,0,0,0,0,0,0,0,0,0,0,0,0
-39.56427521,176.8519142,Hastings District,2018,property_damage,100,FALSE,straight,,fine,,daylight,,0,0,0,0,1,0,0,0,0,0,0,0,0,0,0,0,0,0,0,0
-38.12683547,176.3056818,Rotorua District,2018,property_damage,70,FALSE,straight,,fine,,daylight,,0,0,0,0,1,0,0,0,0,0,0,0,0,0,0,0,0,0,0,0
-38.63559128,178.0164463,Gisborne District,2018,property_damage,50,FALSE,straight,,fine,,daylight,,0,0,0,0,1,0,0,0,0,0,0,0,0,0,0,0,0,0,0,0
-36.82486762,174.6245901,Auckland,2018,property_damage,50,FALSE,straight,,fine,,dawn_dusk,,0,0,0,0,1,0,0,0,0,0,0,0,0,0,0,0,0,0,0,0
-36.99873899,174.8001023,Auckland,2018,property_damage,50,TRUE,straight,,fine,,darkness_not_lit,giveway_sign,0,0,0,0,1,0,0,0,0,0,0,0,0,0,0,0,0,0,0,0
-40.20794309,176.1025689,Tararua District,2018,property_damage,50,FALSE,straight,,fine,,daylight,,0,0,0,0,1,0,0,0,0,0,0,0,0,0,0,0,0,0,0,0
-37.69231082,176.0904541,Western Bay Of Plenty District,2018,property_damage,80,FALSE,curved_view_open,,fine,,daylight,,0,0,0,0,1,0,0,0,0,0,0,0,0,0,0,0,0,0,0,0
-36.86862001,174.7237329,Auckland,2018,property_damage,80,FALSE,straight,,fine,,daylight,,0,0,0,0,1,0,0,0,0,0,0,0,0,0,0,0,0,0,0,0
-36.88433667,174.789154,Auckland,2018,property_damage,100,FALSE,straight,,rain,,daylight,,0,0,0,0,1,0,0,0,0,0,0,0,0,0,0,0,0,0,0,0
-37.98695317,175.8415873,South Waikato District,2018,property_damage,100,FALSE,straight,,rain,,dawn_dusk,,0,0,0,0,1,0,0,0,0,0,0,0,0,0,0,0,0,0,0,0
-36.57052801,174.6705952,Auckland,2018,property_damage,100,FALSE,straight,,fine,,daylight,,0,0,0,0,1,0,0,0,0,0,0,0,0,0,0,0,0,0,0,0
-36.97947353,174.8015693,Auckland,2018,property_damage,50,FALSE,curved_view_open,,rain,,darkness_not_lit,,0,0,0,0,1,0,0,0,0,0,0,0,0,0,0,0,0,0,0,0
-41.15836804,174.9751577,Hutt City,2018,property_damage,50,TRUE,curved_view_open,,fine,,darkness_not_lit,giveway_sign,0,0,0,0,1,0,0,0,0,0,0,0,0,0,0,0,0,0,0,0
-39.60599643,176.9310398,Hastings District,2018,property_damage,100,FALSE,straight,,rain,,daylight,,0,0,0,0,1,0,0,0,0,0,0,0,0,0,0,0,0,0,0,0
-36.73565679,174.7165327,Auckland,2018,property_damage,50,FALSE,straight,,fine,,darkness_not_lit,traffic_lights,0,0,0,0,1,0,0,0,0,0,0,0,0,0,0,0,0,0,0,0
-37.1032654,174.9454922,Auckland,2018,property_damage,100,FALSE,straight,,rain,,daylight,,0,0,0,0,1,0,0,0,0,0,0,0,0,0,0,0,0,0,0,0
-39.58169375,174.2820851,South Taranaki District,2018,property_damage,50,FALSE,straight,,fine,,daylight,,0,0,0,0,1,0,0,0,0,0,0,0,0,0,0,0,0,0,0,0
-37.09828035,174.8999864,Auckland,2018,property_damage,100,FALSE,curved_view_open,,fine,,darkness_not_lit,,0,0,0,0,1,0,0,0,0,0,0,0,0,0,0,0,0,0,0,0
-37.71530253,176.3138762,Tauranga City,2018,property_damage,50,TRUE,straight,,fine,,daylight,giveway_sign,0,0,0,0,1,0,0,0,0,0,0,0,0,0,0,0,0,0,0,0
-38.08245099,176.1872929,Rotorua District,2018,property_damage,100,TRUE,straight,,fine,,daylight,giveway_sign,0,0,0,0,1,0,0,0,0,0,0,0,0,0,0,0,0,0,0,0
-36.31873299,174.5406696,Auckland,2018,property_damage,100,FALSE,curved_view_open,,rain,,darkness_not_lit,,0,0,0,0,1,0,0,0,0,0,0,0,0,0,0,0,0,0,0,0
-39.09011548,177.1979798,Wairoa District,2018,property_damage,100,FALSE,curved_view_open,,rain,,darkness_not_lit,,0,0,0,0,1,0,0,0,0,0,0,0,0,0,0,0,0,0,0,0
-37.70996908,176.1480067,Tauranga City,2018,property_damage,50,FALSE,straight,,fine,,daylight,,0,0,0,0,1,0,0,0,0,0,0,0,0,0,0,0,0,0,0,0
-41.26292277,174.7878734,Wellington City,2018,property_damage,100,FALSE,curved_view_open,,fine,,dawn_dusk,,0,0,0,0,1,0,0,0,0,0,0,0,0,0,0,0,0,0,0,0
-36.90587459,174.7695667,Auckland,2018,property_damage,50,FALSE,straight,,fine,,daylight,,0,0,0,0,1,0,0,0,0,0,0,0,0,0,0,0,0,0,0,0
-40.2813712,175.7717378,Manawatu District,2018,property_damage,80,FALSE,curved_view_open,,fine,,darkness_not_lit,,0,0,0,0,1,0,0,0,0,0,0,0,0,0,0,0,0,0,0,0
-46.43512188,168.2373325,Invercargill City,2018,property_damage,70,FALSE,straight,,rain,,darkness_not_lit,,0,0,0,0,1,0,0,0,0,0,0,0,0,0,0,0,0,0,0,0
-38.08172438,176.2113116,Rotorua District,2018,property_damage,50,FALSE,straight,,fine,,darkness_not_lit,,0,0,0,0,1,0,0,0,0,0,0,0,0,0,0,0,0,0,0,0
-44.68061106,169.190512,Queenstown-Lakes District,2018,property_damage,100,FALSE,straight,,fine,,darkness_not_lit,,0,0,0,0,1,0,0,0,0,0,0,0,0,0,0,0,0,0,0,0
-43.52984116,172.6470247,Christchurch City,2018,property_damage,50,FALSE,straight,,fine,,daylight,,0,0,0,0,1,0,0,0,0,0,0,0,0,0,0,0,0,0,0,0
-37.38632397,175.1044814,Waikato District,2018,property_damage,100,FALSE,straight,,fine,,darkness_not_lit,,0,0,0,0,1,0,0,0,0,0,0,0,0,0,0,0,0,0,0,0
-36.89433861,174.8131218,Auckland,2018,property_damage,50,TRUE,curved_view_open,,fine,,darkness_not_lit,stop_sign,0,0,0,0,1,0,0,0,0,0,0,0,0,0,0,0,0,0,0,0
-36.9165668,174.6800338,Auckland,2018,property_damage,50,FALSE,curved_view_open,,fine,,darkness_not_lit,,0,0,0,0,1,0,0,0,0,0,0,0,0,0,0,0,0,0,0,0
-36.90751595,174.7035404,Auckland,2018,property_damage,50,FALSE,curved_view_open,,fine,,daylight,,0,0,0,0,1,0,0,0,0,0,0,0,0,0,0,0,0,0,0,0
-36.9059329,174.8898172,Auckland,2018,property_damage,50,FALSE,straight,,rain,,daylight,,0,0,0,0,1,0,0,0,0,0,0,0,0,0,0,0,0,0,0,0
-34.99080426,173.5225487,Far North District,2018,property_damage,60,FALSE,straight,,fine,,daylight,giveway_sign,0,0,0,0,1,0,0,0,0,0,0,0,0,0,0,0,0,0,0,0
-37.17506625,174.7884984,Auckland,2018,property_damage,100,TRUE,curved_view_open,,fine,,daylight,,0,0,0,0,1,0,0,0,0,0,0,0,0,0,0,0,0,0,0,0
-41.29558805,173.7701641,Marlborough District,2018,property_damage,100,FALSE,straight,,rain,,darkness_not_lit,,0,0,0,0,1,0,0,0,0,0,0,0,0,0,0,0,0,0,0,0
-37.77129613,176.0589182,Western Bay Of Plenty District,2018,property_damage,100,FALSE,curved_view_open,,fine,,daylight,,0,0,0,0,1,0,0,0,0,0,0,0,0,0,0,0,0,0,0,0
-41.75448496,171.5828192,Buller District,2018,property_damage,100,FALSE,straight,,fine,,daylight,,0,0,0,0,1,0,0,0,0,0,0,0,0,0,0,0,0,0,0,0
-40.57777841,175.2752056,Horowhenua District,2018,property_damage,100,TRUE,straight,,fine,,daylight,,0,0,0,0,1,0,0,0,0,0,0,0,0,0,0,0,0,0,0,0
-37.5747634,175.6734296,Matamata-Piako District,2018,property_damage,50,TRUE,straight,,rain,,daylight,,0,0,0,0,1,0,0,0,0,0,0,0,0,0,0,0,0,0,0,0
-37.86681477,174.8631934,Waikato District,2018,property_damage,100,FALSE,curved_view_open,,fine,,daylight,,0,0,0,0,1,0,0,0,0,0,0,0,0,0,0,0,0,0,0,0
-36.85465014,175.6122474,Thames-Coromandel District,2018,property_damage,100,FALSE,curved_view_open,,fine,,dawn_dusk,,0,0,0,0,1,0,0,0,0,0,0,0,0,0,0,0,0,0,0,0
-45.02144842,168.7031139,Queenstown-Lakes District,2018,property_damage,70,FALSE,straight,,rain,,daylight,,0,0,0,0,1,0,0,0,0,0,0,0,0,0,0,0,0,0,0,0
-36.84777113,174.7564055,Auckland,2018,property_damage,60,FALSE,straight,,rain,,daylight,,0,0,0,0,1,0,0,0,0,0,0,0,0,0,0,0,0,0,0,0
-41.20457328,174.9074333,Hutt City,2018,property_damage,50,FALSE,straight,,fine,,daylight,,0,0,0,0,1,0,0,0,0,0,0,0,0,0,0,0,0,0,0,0
-41.03951627,175.5004696,Carterton District,2018,property_damage,70,FALSE,straight,,fine,,daylight,,0,0,0,0,1,0,0,0,0,0,0,0,0,0,0,0,0,0,0,0
-36.95915499,174.9179522,Auckland,2018,property_damage,60,FALSE,straight,,fine,,daylight,,0,0,0,0,1,0,0,0,0,0,0,0,0,0,0,0,0,0,0,0
-36.78228234,174.7494523,Auckland,2018,property_damage,50,FALSE,straight,,fine,,daylight,,0,0,0,0,1,0,0,0,0,0,0,0,0,0,0,0,0,0,0,0
-43.18773616,172.7510453,Hurunui District,2018,property_damage,100,FALSE,straight,,fine,,darkness_not_lit,,0,0,0,0,1,0,0,0,0,0,0,0,0,0,0,0,0,0,0,0
-36.79496573,174.6568527,Auckland,2018,property_damage,50,TRUE,straight,,fine,,daylight,traffic_lights,0,0,0,0,1,0,0,0,0,0,0,0,0,0,0,0,0,0,0,0
-37.68228879,176.1692481,Tauranga City,2018,property_damage,50,FALSE,straight,,fine,,darkness_not_lit,,0,0,0,0,1,0,0,0,0,0,0,0,0,0,0,0,0,0,0,0
-37.70096555,176.2827688,Tauranga City,2018,property_damage,50,TRUE,straight,,fine,,daylight,giveway_sign,0,0,0,0,1,0,0,0,0,0,0,0,0,0,0,0,0,0,0,0
-39.23420844,174.2433764,New Plymouth District,2018,property_damage,100,FALSE,straight,,fine,,daylight,,0,0,0,0,1,0,0,0,0,0,0,0,0,0,0,0,0,0,0,0
-37.81908898,175.3465231,Waikato District,2018,property_damage,80,FALSE,straight,,fine,,daylight,,0,0,0,0,1,0,0,0,0,0,0,0,0,0,0,0,0,0,0,0
-36.91168132,174.8568024,Auckland,2018,property_damage,80,FALSE,straight,,fine,,daylight,,0,0,0,0,1,0,0,0,0,0,0,0,0,0,0,0,0,0,0,0
-38.02926032,176.3440788,Rotorua District,2018,property_damage,70,FALSE,curved_view_open,,rain,,darkness_not_lit,,0,0,0,0,1,0,0,0,0,0,0,0,0,0,0,0,0,0,0,0
-38.12452297,175.3268985,Otorohanga District,2018,property_damage,100,FALSE,curved_view_open,,fine,,darkness_not_lit,,0,0,0,0,1,0,0,0,0,0,0,0,0,0,0,0,0,0,0,0
-43.91913833,171.7818117,Ashburton District,2018,property_damage,100,FALSE,straight,,fine,,darkness_not_lit,,0,0,0,0,1,0,0,0,0,0,0,0,0,0,0,0,0,0,0,0
-39.53144521,176.8603435,Napier City,2018,property_damage,50,TRUE,curved_view_open,,rain,,daylight,stop_sign,0,0,0,0,1,0,0,0,0,0,0,0,0,0,0,0,0,0,0,0
-39.63215546,176.8272258,Hastings District,2018,property_damage,50,FALSE,straight,,fine,,daylight,,0,0,0,0,1,0,0,0,0,0,0,0,0,0,0,0,0,0,0,0
-39.48993128,176.9155469,Napier City,2018,property_damage,50,FALSE,straight,,fine,,daylight,,0,0,0,0,1,0,0,0,0,0,0,0,0,0,0,0,0,0,0,0
-40.359764,175.6128175,Palmerston North City,2018,property_damage,50,FALSE,straight,,fine,,dawn_dusk,,0,0,0,0,1,0,0,0,0,0,0,0,0,0,0,0,0,0,0,0
-36.92631487,174.7931323,Auckland,2018,property_damage,50,FALSE,straight,,,,daylight,,0,0,0,0,1,0,0,0,0,0,0,0,0,0,0,0,0,0,0,0
-37.99720273,175.3343575,Waipa District,2018,property_damage,80,FALSE,curved_view_open,,fine,,daylight,,0,0,0,0,1,0,0,0,0,0,0,0,0,0,0,0,0,0,0,0
-39.15475026,174.6808796,Stratford District,2018,property_damage,100,FALSE,curved_view_open,,fine,,daylight,,0,0,0,0,1,0,0,0,0,0,0,0,0,0,0,0,0,0,0,0
-36.93550331,174.8521818,Auckland,2018,property_damage,100,FALSE,straight,,mist,,darkness_not_lit,,0,0,0,0,1,0,0,0,0,0,0,0,0,0,0,0,0,0,0,0
-36.8687244,174.7258555,Auckland,2018,property_damage,80,FALSE,straight,,fine,,daylight,,0,0,0,0,1,0,0,0,0,0,0,0,0,0,0,0,0,0,0,0
-36.88034535,174.7848534,Auckland,2018,property_damage,80,FALSE,straight,,fine,,daylight,,0,0,0,0,1,0,0,0,0,0,0,0,0,0,0,0,0,0,0,0
-39.06691553,174.118883,New Plymouth District,2018,property_damage,70,FALSE,curved_view_open,,fine,,daylight,,0,0,0,0,1,0,0,0,0,0,0,0,0,0,0,0,0,0,0,0
-43.89162334,171.7476619,Ashburton District,2018,property_damage,50,FALSE,straight,,fine,,daylight,,0,0,0,0,1,0,0,0,0,0,0,0,0,0,0,0,0,0,0,0
-36.82160819,174.7500783,Auckland,2018,property_damage,80,FALSE,straight,,rain,,daylight,,0,0,0,0,1,0,0,0,0,0,0,0,0,0,0,0,0,0,0,0
-36.59529805,174.6992992,Auckland,2018,property_damage,50,FALSE,straight,,fine,,daylight,,0,0,0,0,1,0,0,0,0,0,0,0,0,0,0,0,0,0,0,0
-36.67964117,174.6473028,Auckland,2018,property_damage,100,FALSE,straight,,fine,,daylight,,0,0,0,0,1,0,0,0,0,0,0,0,0,0,0,0,0,0,0,0
-37.70059163,176.1644149,Tauranga City,2018,property_damage,50,FALSE,straight,,fine,,daylight,,0,0,0,0,1,0,0,0,0,0,0,0,0,0,0,0,0,0,0,0
-40.23317503,175.5532315,Manawatu District,2018,property_damage,50,FALSE,straight,,fine,,daylight,,0,0,0,0,1,0,0,0,0,0,0,0,0,0,0,0,0,0,0,0
-34.99194279,173.4474752,Far North District,2018,property_damage,50,FALSE,straight,,fine,,daylight,,0,0,0,0,1,0,0,0,0,0,0,0,0,0,0,0,0,0,0,0
-36.72654467,174.4989931,Auckland,2018,property_damage,100,FALSE,curved_view_open,,fine,,daylight,,0,0,0,0,1,0,0,0,0,0,0,0,0,0,0,0,0,0,0,0
-41.55215731,172.7899894,Tasman District,2018,property_damage,100,FALSE,curved_view_open,,fine,,daylight,,0,0,0,0,1,0,0,0,0,0,0,0,0,0,0,0,0,0,0,0
-37.66769919,175.487531,Matamata-Piako District,2018,property_damage,100,FALSE,straight,,fine,,darkness_not_lit,,0,0,0,0,1,0,0,0,0,0,0,0,0,0,0,0,0,0,0,0
-39.50957656,176.9045239,Napier City,2018,property_damage,50,FALSE,curved_view_open,,rain,,daylight,,0,0,0,0,1,0,0,0,0,0,0,0,0,0,0,0,0,0,0,0
-36.86631726,174.7493141,Auckland,2018,property_damage,80,FALSE,straight,,mist,,daylight,,0,0,0,0,1,0,0,0,0,0,0,0,0,0,0,0,0,0,0,0
-45.90261486,170.4097959,Dunedin City,2018,property_damage,100,FALSE,straight,,fine,,daylight,,0,0,0,0,1,0,0,0,0,0,0,0,0,0,0,0,0,0,0,0
-37.68224277,176.07752,Western Bay Of Plenty District,2018,property_damage,80,FALSE,curved_view_open,,rain,,daylight,,0,0,0,0,1,0,0,0,0,0,0,0,0,0,0,0,0,0,0,0
-43.41806968,172.6526775,Christchurch City,2018,property_damage,80,FALSE,straight,,fine,,dawn_dusk,,0,0,0,0,1,0,0,0,0,0,0,0,0,0,0,0,0,0,0,0
-37.90025303,175.8517794,Matamata-Piako District,2018,property_damage,100,FALSE,curved_view_open,,fine,,darkness_not_lit,,0,0,0,0,1,0,0,0,0,0,0,0,0,0,0,0,0,0,0,0
-40.92068313,175.0973582,Kapiti Coast District,2018,property_damage,70,FALSE,curved_view_open,,fine,,daylight,,0,0,0,0,1,0,0,0,0,0,0,0,0,0,0,0,0,0,0,0
-37.72492579,176.1698294,Tauranga City,2018,property_damage,50,FALSE,curved_view_open,,fine,,dawn_dusk,traffic_lights,0,0,0,0,1,0,0,0,0,0,0,0,0,0,0,0,0,0,0,0
-37.04601465,174.9139744,Auckland,2018,property_damage,100,FALSE,straight,,fine,,darkness_not_lit,,0,0,0,0,1,0,0,0,0,0,0,0,0,0,0,0,0,0,0,0
-43.51894141,172.6426463,Christchurch City,2018,property_damage,50,FALSE,straight,,fine,,daylight,,0,0,0,0,1,0,0,0,0,0,0,0,0,0,0,0,0,0,0,0
-37.81391523,176.4565237,Western Bay Of Plenty District,2018,property_damage,100,TRUE,straight,,fine,,darkness_not_lit,stop_sign,0,0,0,0,1,0,0,0,0,0,0,0,0,0,0,0,0,0,0,0
-36.88371451,174.7614251,Auckland,2018,property_damage,50,FALSE,straight,,fine,,darkness_not_lit,,0,0,0,0,1,0,0,0,0,0,0,0,0,0,0,0,0,0,0,0
-41.27287488,173.28265,Nelson City,2018,property_damage,50,FALSE,straight,,rain,,darkness_not_lit,,0,0,0,0,1,0,0,0,0,0,0,0,0,0,0,0,0,0,0,0
-36.88087096,174.7858642,Auckland,2018,property_damage,80,FALSE,straight,,fine,,daylight,giveway_sign,0,0,0,0,1,0,0,0,0,0,0,0,0,0,0,0,0,0,0,0
-36.91812167,174.7373519,Auckland,2018,property_damage,50,FALSE,straight,,fine,,daylight,,0,0,0,0,1,0,0,0,0,0,0,0,0,0,0,0,0,0,0,0
-43.3707855,172.6641427,Waimakariri District,2018,property_damage,50,TRUE,curved_view_open,,fine,,daylight,,0,0,0,0,1,0,0,0,0,0,0,0,0,0,0,0,0,0,0,0
-40.78478552,175.135169,Kapiti Coast District,2018,property_damage,100,FALSE,straight,,fine,,daylight,,0,0,0,0,1,0,0,0,0,0,0,0,0,0,0,0,0,0,0,0
-42.484991,171.2495513,Grey District,2018,property_damage,100,FALSE,curved_view_open,,fine,,daylight,,0,0,0,0,1,0,0,0,0,0,0,0,0,0,0,0,0,0,0,0
-35.27876221,173.8466255,Far North District,2018,property_damage,100,FALSE,curved_view_open,,rain,,daylight,,0,0,0,0,1,0,0,0,0,0,0,0,0,0,0,0,0,0,0,0
-42.48616907,172.3892635,Hurunui District,2018,property_damage,100,FALSE,straight,,fine,,daylight,,0,0,0,0,1,0,0,0,0,0,0,0,0,0,0,0,0,0,0,0
-38.01247821,177.2744678,Opotiki District,2018,property_damage,50,FALSE,curved_view_open,,fine,,daylight,,0,0,0,0,1,0,0,0,0,0,0,0,0,0,0,0,0,0,0,0
-43.38596776,172.0143777,Selwyn District,2018,property_damage,70,TRUE,straight,,rain,,darkness_not_lit,giveway_sign,0,0,0,0,1,0,0,0,0,0,0,0,0,0,0,0,0,0,0,0
-37.02527234,174.8655333,Auckland,2018,property_damage,50,FALSE,straight,,fine,,darkness_not_lit,school_crossing,0,0,0,0,1,0,0,0,0,0,0,0,0,0,0,0,0,0,0,0
-35.05655549,173.7017795,Far North District,2018,property_damage,100,FALSE,straight,,fine,,dawn_dusk,,0,0,0,0,1,0,0,0,0,0,0,0,0,0,0,0,0,0,0,0
-44.07556561,170.1322316,Mackenzie District,2018,property_damage,100,FALSE,straight,,fine,,daylight,,0,0,0,0,1,0,0,0,0,0,0,0,0,0,0,0,0,0,0,0
-34.95871556,173.1941455,Far North District,2018,property_damage,100,FALSE,curved_view_open,,rain,,darkness_not_lit,,0,0,0,0,1,0,0,0,0,0,0,0,0,0,0,0,0,0,0,0
-37.97947077,176.9852628,Whakatane District,2018,property_damage,50,FALSE,straight,,fine,,daylight,,0,0,0,0,1,0,0,0,0,0,0,0,0,0,0,0,0,0,0,0
-37.96271634,176.8386768,Whakatane District,2018,property_damage,100,FALSE,straight,,rain,,daylight,,0,0,0,0,1,0,0,0,0,0,0,0,0,0,0,0,0,0,0,0
-37.0677692,174.9479028,Auckland,2018,property_damage,50,TRUE,straight,,fine,,daylight,giveway_sign,0,0,0,0,1,0,0,0,0,0,0,0,0,0,0,0,0,0,0,0
-39.58978119,174.2848543,South Taranaki District,2018,property_damage,50,FALSE,straight,,fine,,daylight,,0,0,0,0,1,0,0,0,0,0,0,0,0,0,0,0,0,0,0,0
-37.87336135,175.2521047,Waipa District,2018,property_damage,100,FALSE,straight,,rain,,daylight,,0,0,0,0,1,0,0,0,0,0,0,0,0,0,0,0,0,0,0,0