latitude,longitude,local_government_area,year,severity,speed_limit,intersection,road_position_horizontal,road_wet,weather,crash_type,lighting,traffic_controls,casualties,fatalities,serious_injuries,minor_injuries,car_sedan,car_utility,car_van,car_4x4,car_station_wagon,motor_cycle,truck_small,truck_large,bus,taxi,bicycle,scooter,pedestrian,inanimate,train,tram
-39.10967596,176.580418,Hastings District,2018,property_damage,100,FALSE,curved_view_open,,mist,,darkness_not_lit,,0,0,0,0,1,0,0,0,0,0,0,0,0,0,0,0,0,0,0,0
-40.79677926,175.1256563,Kapiti Coast District,2018,property_damage,100,FALSE,straight,,rain,,darkness_not_lit,,0,0,0,0,1,0,0,0,0,0,0,0,0,0,0,0,0,0,0,0
-41.23938473,174.8070402,Wellington City,2018,property_damage,80,FALSE,straight,,fine,,daylight,,0,0,0,0,1,0,0,0,0,0,0,0,0,0,0,0,0,0,0,0
-37.20336983,174.917897,Auckland,2018,property_damage,50,TRUE,straight,,fine,,dawn_dusk,stop_sign,0,0,0,0,1,0,0,0,0,0,0,0,0,0,0,0,0,0,0,0
-36.93964481,174.9460054,Auckland,2018,property_damage,80,FALSE,straight,,fine,,darkness_not_lit,,0,0,0,0,1,0,0,0,0,0,0,0,0,0,0,0,0,0,0,0
-36.95674707,174.8614228,Auckland,2018,property_damage,100,FALSE,straight,,fine,,darkness_not_lit,,0,0,0,0,1,0,0,0,0,0,0,0,0,0,0,0,0,0,0,0
-39.03536114,175.6302471,Ruapehu District,2018,property_damage,100,FALSE,curved_view_open,,fine,,daylight,,0,0,0,0,1,0,0,0,0,0,0,0,0,0,0,0,0,0,0,0
-43.27234753,170.3548111,Westland District,2018,property_damage,100,FALSE,straight,,fine,,daylight,,0,0,0,0,1,0,0,0,0,0,0,0,0,0,0,0,0,0,0,0
-36.91533691,174.7532733,Auckland,2018,property_damage,80,FALSE,straight,,fine,,daylight,,0,0,0,0,1,0,0,0,0,0,0,0,0,0,0,0,0,0,0,0
-36.81030824,174.7344973,Auckland,2018,property_damage,50,FALSE,straight,,fine,,darkness_not_lit,,0,0,0,0,1,0,0,0,0,0,0,0,0,0,0,0,0,0,0,0
-43.51538469,172.571859,Christchurch City,2018,property_damage,50,TRUE,straight,,fine,,darkness_not_lit,giveway_sign,0,0,0,0,1,0,0,0,0,0,0,0,0,0,0,0,0,0,0,0
-43.65162606,172.42412,Selwyn District,2018,property_damage,100,FALSE,straight,,fine,,darkness_not_lit,,0,0,0,0,1,0,0,0,0,0,0,0,0,0,0,0,0,0,0,0
-37.95134516,177.0010086,Whakatane District,2018,property_damage,50,FALSE,curved_view_open,,rain,,darkness_not_lit,,0,0,0,0,1,0,0,0,0,0,0,0,0,0,0,0,0,0,0,0
-36.74748383,174.6338777,Auckland,2018,property_damage,100,TRUE,straight,,rain,,daylight,giveway_sign,0,0,0,0,1,0,0,0,0,0,0,0,0,0,0,0,0,0,0,0
-36.76290848,174.7386383,Auckland,2018,property_damage,100,FALSE,straight,,rain,,daylight,,0,0,0,0,1,0,0,0,0,0,0,0,0,0,0,0,0,0,0,0
-37.00124012,174.8936238,Auckland,2018,property_damage,100,FALSE,straight,,fine,,dawn_dusk,,0,0,0,0,1,0,0,0,0,0,0,0,0,0,0,0,0,0,0,0
-46.33145521,168.3061986,Southland District,2018,property_damage,100,FALSE,curved_view_open,,fine,,darkness_not_lit,,0,0,0,0,1,0,0,0,0,0,0,0,0,0,0,0,0,0,0,0
-41.33431254,174.773405,Wellington City,2018,property_damage,30,FALSE,straight,,fine,,daylight,,0,0,0,0,1,0,0,0,0,0,0,0,0,0,0,0,0,0,0,0
-37.74763457,175.2231154,Hamilton City,2018,property_damage,50,FALSE,straight,,fine,,daylight,,0,0,0,0,1,0,0,0,0,0,0,0,0,0,0,0,0,0,0,0
-41.54703303,174.0410427,Marlborough District,2018,property_damage,100,FALSE,curved_view_open,,fine,,daylight,,0,0,0,0,1,0,0,0,0,0,0,0,0,0,0,0,0,0,0,0
-45.01644099,168.72028,Queenstown-Lakes District,2018,property_damage,70,FALSE,straight,,fine,,darkness_not_lit,,0,0,0,0,1,0,0,0,0,0,0,0,0,0,0,0,0,0,0,0
-41.30739115,174.7756734,Wellington City,2018,property_damage,50,FALSE,curved_view_open,,fine,,dawn_dusk,,0,0,0,0,1,0,0,0,0,0,0,0,0,0,0,0,0,0,0,0
-36.99718863,174.8677572,Auckland,2018,property_damage,100,FALSE,straight,,fine,,darkness_not_lit,,0,0,0,0,1,0,0,0,0,0,0,0,0,0,0,0,0,0,0,0
-41.48712367,173.0826313,Tasman District,2018,property_damage,100,FALSE,curved_view_open,,fine,,dawn_dusk,,0,0,0,0,1,0,0,0,0,0,0,0,0,0,0,0,0,0,0,0
-36.98211355,174.8663661,Auckland,2018,property_damage,50,FALSE,straight,,fine,,daylight,,0,0,0,0,1,0,0,0,0,0,0,0,0,0,0,0,0,0,0,0
-37.07367643,174.9278187,Auckland,2018,property_damage,50,FALSE,curved_view_open,,,,daylight,,0,0,0,0,1,0,0,0,0,0,0,0,0,0,0,0,0,0,0,0
-38.04956718,175.1677899,Otorohanga District,2018,property_damage,100,FALSE,straight,,rain,,dawn_dusk,,0,0,0,0,1,0,0,0,0,0,0,0,0,0,0,0,0,0,0,0
-36.60021363,174.4801779,Auckland,2018,property_damage,100,FALSE,curved_view_open,,rain,,daylight,,0,0,0,0,1,0,0,0,0,0,0,0,0,0,0,0,0,0,0,0
-36.93042999,174.9794742,Auckland,2018,property_damage,80,TRUE,curved_view_obscure,,rain,,darkness_not_lit,,0,0,0,0,1,0,0,0,0,0,0,0,0,0,0,0,0,0,0,0
-36.28365445,174.5197823,Auckland,2018,property_damage,50,FALSE,straight,,fine,,darkness_not_lit,,0,0,0,0,1,0,0,0,0,0,0,0,0,0,0,0,0,0,0,0
-45.20051517,169.3624209,Central Otago District,2018,property_damage,100,FALSE,curved_view_open,,rain,,daylight,,0,0,0,0,1,0,0,0,0,0,0,0,0,0,0,0,0,0,0,0
-43.60195363,172.6897712,Christchurch City,2018,property_damage,50,FALSE,curved_view_open,,fine,,darkness_not_lit,,0,0,0,0,1,0,0,0,0,0,0,0,0,0,0,0,0,0,0,0
-36.84507982,174.7664933,Auckland,2018,property_damage,50,FALSE,straight,,fine,,darkness_not_lit,,0,0,0,0,1,0,0,0,0,0,0,0,0,0,0,0,0,0,0,0
-43.5476373,172.622831,Christchurch City,2018,property_damage,50,FALSE,straight,,rain,,daylight,,0,0,0,0,1,0,0,0,0,0,0,0,0,0,0,0,0,0,0,0
-36.93342749,174.8872737,Auckland,2018,property_damage,50,FALSE,straight,,fine,,daylight,,0,0,0,0,1,0,0,0,0,0,0,0,0,0,0,0,0,0,0,0
-36.87151298,174.7106608,Auckland,2018,property_damage,80,FALSE,straight,,fine,,daylight,,0,0,0,0,1,0,0,0,0,0,0,0,0,0,0,0,0,0,0,0
-41.20719177,174.9086782,Hutt City,2018,property_damage,50,FALSE,straight,,fine,,daylight,,0,0,0,0,1,0,0,0,0,0,0,0,0,0,0,0,0,0,0,0
-36.95149493,174.8421924,Auckland,2018,property_damage,50,FALSE,straight,,fine,,daylight,,0,0,0,0,1,0,0,0,0,0,0,0,0,0,0,0,0,0,0,0
-37.03396013,174.8940203,Auckland,2018,property_damage,50,FALSE,straight,,rain,,daylight,,0,0,0,0,1,0,0,0,0,0,0,0,0,0,0,0,0,0,0,0
-39.03112082,174.1507131,New Plymouth District,2018,property_damage,50,FALSE,curved_view_open,,fine,,darkness_not_lit,,0,0,0,0,1,0,0,0,0,0,0,0,0,0,0,0,0,0,0,0
-36.85792369,175.6487733,Thames-Coromandel District,2018,property_damage,100,FALSE,straight,,rain,,daylight,,0,0,0,0,1,0,0,0,0,0,0,0,0,0,0,0,0,0,0,0
-41.30942446,174.8213491,Wellington City,2018,property_damage,50,FALSE,straight,,fine,,daylight,,0,0,0,0,1,0,0,0,0,0,0,0,0,0,0,0,0,0,0,0
-38.71489893,176.0910166,Taupo District,2018,property_damage,50,TRUE,straight,,fine,,daylight,giveway_sign,0,0,0,0,1,0,0,0,0,0,0,0,0,0,0,0,0,0,0,0
-45.85460806,170.5148575,Dunedin City,2018,property_damage,50,FALSE,curved_view_open,,fine,,darkness_not_lit,,0,0,0,0,1,0,0,0,0,0,0,0,0,0,0,0,0,0,0,0
-37.55801218,175.1515497,Waikato District,2018,property_damage,50,FALSE,straight,,fine,,daylight,,0,0,0,0,1,0,0,0,0,0,0,0,0,0,0,0,0,0,0,0
-40.01031603,175.1706158,Rangitikei District,2018,property_damage,100,TRUE,straight,,fine,,darkness_not_lit,,0,0,0,0,1,0,0,0,0,0,0,0,0,0,0,0,0,0,0,0
-36.85194335,174.8462602,Auckland,2018,property_damage,50,TRUE,straight,,fine,,daylight,stop_sign,0,0,0,0,1,0,0,0,0,0,0,0,0,0,0,0,0,0,0,0
-36.8510945,174.7400394,Auckland,2018,property_damage,50,FALSE,straight,,fine,,daylight,,0,0,0,0,1,0,0,0,0,0,0,0,0,0,0,0,0,0,0,0
-45.89484282,170.4996562,Dunedin City,2018,property_damage,50,FALSE,straight,,fine,,daylight,,0,0,0,0,1,0,0,0,0,0,0,0,0,0,0,0,0,0,0,0
-36.91199475,174.8054918,Auckland,2018,property_damage,50,FALSE,straight,,fine,,daylight,,0,0,0,0,1,0,0,0,0,0,0,0,0,0,0,0,0,0,0,0
-34.91820974,173.3537672,Far North District,2018,property_damage,100,FALSE,curved_view_open,,fine,,daylight,,0,0,0,0,1,0,0,0,0,0,0,0,0,0,0,0,0,0,0,0
-43.51879706,172.5940078,Christchurch City,2018,property_damage,50,FALSE,straight,,fine,,darkness_not_lit,,0,0,0,0,1,0,0,0,0,0,0,0,0,0,0,0,0,0,0,0
-36.9117847,174.8571079,Auckland,2018,property_damage,80,FALSE,straight,,fine,,darkness_not_lit,,0,0,0,0,1,0,0,0,0,0,0,0,0,0,0,0,0,0,0,0
-36.81368881,174.7921939,Auckland,2018,property_damage,50,FALSE,straight,,fine,,daylight,,0,0,0,0,1,0,0,0,0,0,0,0,0,0,0,0,0,0,0,0
-41.28066602,173.2348234,Nelson City,2018,property_damage,20,FALSE,straight,,fine,,daylight,,0,0,0,0,1,0,0,0,0,0,0,0,0,0,0,0,0,0,0,0
-41.3046216,173.2458872,Nelson City,2018,property_damage,50,FALSE,curved_view_open,,rain,,daylight,,0,0,0,0,1,0,0,0,0,0,0,0,0,0,0,0,0,0,0,0
-37.86041458,176.1510487,Western Bay Of Plenty District,2018,property_damage,100,FALSE,straight,,rain,,daylight,,0,0,0,0,1,0,0,0,0,0,0,0,0,0,0,0,0,0,0,0
-38.1417484,176.2367472,Rotorua District,2018,property_damage,60,FALSE,straight,,fine,,darkness_not_lit,,0,0,0,0,1,0,0,0,0,0,0,0,0,0,0,0,0,0,0,0
-39.14925229,173.9297038,New Plymouth District,2018,property_damage,100,FALSE,curved_view_open,,rain,,daylight,,0,0,0,0,1,0,0,0,0,0,0,0,0,0,0,0,0,0,0,0
-39.00192629,176.5533632,Hastings District,2018,property_damage,100,FALSE,curved_view_open,,fine,,daylight,,0,0,0,0,1,0,0,0,0,0,0,0,0,0,0,0,0,0,0,0
-37.95062438,176.9472315,Whakatane District,2018,property_damage,100,FALSE,straight,,rain,,daylight,,0,0,0,0,1,0,0,0,0,0,0,0,0,0,0,0,0,0,0,0
-37.82955993,175.3587046,Waikato District,2018,property_damage,100,FALSE,straight,,fine,,daylight,,0,0,0,0,1,0,0,0,0,0,0,0,0,0,0,0,0,0,0,0
-45.9027045,170.4268999,Dunedin City,2018,property_damage,50,FALSE,straight,,fine,,daylight,,0,0,0,0,1,0,0,0,0,0,0,0,0,0,0,0,0,0,0,0
-36.90037798,174.6309259,Auckland,2018,property_damage,50,FALSE,straight,,fine,,daylight,,0,0,0,0,1,0,0,0,0,0,0,0,0,0,0,0,0,0,0,0
-39.94117663,175.0487467,Wanganui District,2018,property_damage,50,FALSE,straight,,fine,,daylight,,0,0,0,0,1,0,0,0,0,0,0,0,0,0,0,0,0,0,0,0
-45.74434242,168.1920038,Southland District,2018,property_damage,100,FALSE,straight,,mist,,daylight,,0,0,0,0,1,0,0,0,0,0,0,0,0,0,0,0,0,0,0,0
-37.2183345,174.914895,Auckland,2018,property_damage,80,FALSE,curved_view_open,,fine,,darkness_not_lit,,0,0,0,0,1,0,0,0,0,0,0,0,0,0,0,0,0,0,0,0
-38.15190819,175.8260049,South Waikato District,2018,property_damage,100,FALSE,curved_view_open,,fine,,daylight,,0,0,0,0,1,0,0,0,0,0,0,0,0,0,0,0,0,0,0,0
-43.48659725,172.6310639,Christchurch City,2018,property_damage,80,FALSE,straight,,fine,,daylight,,0,0,0,0,1,0,0,0,0,0,0,0,0,0,0,0,0,0,0,0
-37.89495783,178.2957162,Gisborne District,2018,property_damage,100,FALSE,straight,,rain,,daylight,,0,0,0,0,1,0,0,0,0,0,0,0,0,0,0,0,0,0,0,0
-41.14644408,173.0100459,Tasman District,2018,property_damage,100,FALSE,curved_view_open,,fine,,daylight,,0,0,0,0,1,0,0,0,0,0,0,0,0,0,0,0,0,0,0,0
-41.278496,173.0319058,Tasman District,2018,property_damage,100,FALSE,curved_view_open,,rain,,darkness_not_lit,,0,0,0,0,1,0,0,0,0,0,0,0,0,0,0,0,0,0,0,0
-36.73859023,174.7268454,Auckland,2018,property_damage,50,FALSE,straight,,fine,,daylight,,0,0,0,0,1,0,0,0,0,0,0,0,0,0,0,0,0,0,0,0
-43.50538221,172.1005764,Selwyn District,2018,property_damage,50,FALSE,straight,,fine,,daylight,,0,0,0,0,1,0,0,0,0,0,0,0,0,0,0,0,0,0,0,0
-36.86875928,174.7209651,Auckland,2018,property_damage,80,FALSE,straight,,rain,,darkness_not_lit,,0,0,0,0,1,0,0,0,0,0,0,0,0,0,0,0,0,0,0,0
-37.00178743,174.9284737,Auckland,2018,property_damage,80,FALSE,straight,,fine,,darkness_not_lit,,0,0,0,0,1,0,0,0,0,0,0,0,0,0,0,0,0,0,0,0
-37.4250968,174.9989822,Waikato District,2018,property_damage,100,FALSE,curved_view_open,,rain,,daylight,,0,0,0,0,1,0,0,0,0,0,0,0,0,0,0,0,0,0,0,0
-41.1868894,174.9345817,Hutt City,2018,property_damage,100,FALSE,straight,,fine,,daylight,,0,0,0,0,1,0,0,0,0,0,0,0,0,0,0,0,0,0,0,0
-41.52714386,173.7011301,Marlborough District,2018,property_damage,100,FALSE,straight,,rain,,daylight,,0,0,0,0,1,0,0,0,0,0,0,0,0,0,0,0,0,0,0,0
-44.99290305,168.9098943,Queenstown-Lakes District,2018,property_damage,100,FALSE,curved_view_open,,fine,,daylight,,0,0,0,0,1,0,0,0,0,0,0,0,0,0,0,0,0,0,0,0
-45.90420404,170.4922866,Dunedin City,2018,property_damage,50,FALSE,straight,,fine,,daylight,,0,0,0,0,1,0,0,0,0,0,0,0,0,0,0,0,0,0,0,0
-37.74277923,175.7405472,Matamata-Piako District,2018,property_damage,100,FALSE,straight,,fine,,daylight,,0,0,0,0,1,0,0,0,0,0,0,0,0,0,0,0,0,0,0,0
-36.98733159,174.8497079,Auckland,2018,property_damage,50,FALSE,straight,,fine,,daylight,,0,0,0,0,1,0,0,0,0,0,0,0,0,0,0,0,0,0,0,0
-37.51364921,175.3335729,Waikato District,2018,property_damage,100,FALSE,curved_view_open,,fine,,darkness_not_lit,,0,0,0,0,1,0,0,0,0,0,0,0,0,0,0,0,0,0,0,0
-35.7353661,174.3121818,Whangarei District,2018,property_damage,50,FALSE,straight,,fine,,daylight,,0,0,0,0,1,0,0,0,0,0,0,0,0,0,0,0,0,0,0,0
-35.32443887,173.9793876,Far North District,2018,property_damage,100,FALSE,curved_view_open,,fine,,darkness_not_lit,,0,0,0,0,1,0,0,0,0,0,0,0,0,0,0,0,0,0,0,0
-36.07274497,174.4207037,Whangarei District,2018,property_damage,80,FALSE,curved_view_open,,rain,,daylight,,0,0,0,0,1,0,0,0,0,0,0,0,0,0,0,0,0,0,0,0
-44.37848856,171.2286251,Timaru District,2018,property_damage,50,FALSE,straight,,fine,,daylight,,0,0,0,0,1,0,0,0,0,0,0,0,0,0,0,0,0,0,0,0
-39.02792253,177.4330667,Wairoa District,2018,property_damage,100,FALSE,straight,,fine,,daylight,,0,0,0,0,1,0,0,0,0,0,0,0,0,0,0,0,0,0,0,0
-41.24771115,174.9240711,Hutt City,2018,property_damage,80,FALSE,straight,,rain,,daylight,,0,0,0,0,1,0,0,0,0,0,0,0,0,0,0,0,0,0,0,0
-39.563673,176.8521485,Hastings District,2018,property_damage,100,FALSE,curved_view_open,,fine,,darkness_not_lit,,0,0,0,0,1,0,0,0,0,0,0,0,0,0,0,0,0,0,0,0
-35.26021955,174.0763643,Far North District,2018,property_damage,100,FALSE,curved_view_open,,rain,,daylight,,0,0,0,0,1,0,0,0,0,0,0,0,0,0,0,0,0,0,0,0
-38.73022386,176.0855358,Taupo District,2018,property_damage,100,FALSE,straight,,fine,,daylight,,0,0,0,0,1,0,0,0,0,0,0,0,0,0,0,0,0,0,0,0
-37.96493962,176.370402,Rotorua District,2018,property_damage,100,FALSE,straight,,rain,,daylight,,0,0,0,0,1,0,0,0,0,0,0,0,0,0,0,0,0,0,0,0
-40.37462363,175.6654139,Palmerston North City,2018,property_damage,80,FALSE,straight,,fine,,daylight,,0,0,0,0,1,0,0,0,0,0,0,0,0,0,0,0,0,0,0,0
-36.89073551,174.6169293,Auckland,2018,property_damage,50,TRUE,straight,,fine,,daylight,giveway_sign,0,0,0,0,1,0,0,0,0,0,0,0,0,0,0,0,0,0,0,0
-38.99623147,174.2521104,New Plymouth District,2018,property_damage,50,TRUE,straight,,fine,,daylight,,0,0,0,0,1,0,0,0,0,0,0,0,0,0,0,0,0,0,0,0
-37.67591745,176.2240907,Tauranga City,2018,property_damage,50,FALSE,straight,,fine,,daylight,,0,0,0,0,1,0,0,0,0,0,0,0,0,0,0,0,0,0,0,0
-36.79262902,174.6865016,Auckland,2018,property_damage,50,FALSE,curved_view_open,,fine,,daylight,giveway_sign,0,0,0,0,1,0,0,0,0,0,0,0,0,0,0,0,0,0,0,0
-37.79718167,175.2809849,Hamilton City,2018,property_damage,50,FALSE,straight,,fine,,daylight,,0,0,0,0,1,0,0,0,0,0,0,0,0,0,0,0,0,0,0,0
-37.01058816,174.8576105,Auckland,2018,property_damage,60,FALSE,straight,,fine,,daylight,,0,0,0,0,1,0,0,0,0,0,0,0,0,0,0,0,0,0,0,0
-44.39399413,171.2509969,Timaru District,2018,property_damage,50,FALSE,straight,,fine,,daylight,,0,0,0,0,1,0,0,0,0,0,0,0,0,0,0,0,0,0,0,0
-36.76050522,174.7365564,Auckland,2018,property_damage,100,FALSE,straight,,rain,,daylight,,0,0,0,0,1,0,0,0,0,0,0,0,0,0,0,0,0,0,0,0
-37.1061063,174.8834376,Auckland,2018,property_damage,80,FALSE,curved_view_open,,fine,,darkness_not_lit,,0,0,0,0,1,0,0,0,0,0,0,0,0,0,0,0,0,0,0,0
-43.74834395,172.2835008,Selwyn District,2018,property_damage,100,FALSE,curved_view_open,,fine,,darkness_not_lit,,0,0,0,0,1,0,0,0,0,0,0,0,0,0,0,0,0,0,0,0
-36.91611259,174.7280231,Auckland,2018,property_damage,50,FALSE,curved_view_open,,rain,,daylight,,0,0,0,0,1,0,0,0,0,0,0,0,0,0,0,0,0,0,0,0
-43.57739136,172.5562851,Christchurch City,2018,property_damage,50,FALSE,straight,,fine,,darkness_not_lit,,0,0,0,0,1,0,0,0,0,0,0,0,0,0,0,0,0,0,0,0
-36.96689852,174.7957239,Auckland,2018,property_damage,100,FALSE,straight,,fine,,daylight,,0,0,0,0,1,0,0,0,0,0,0,0,0,0,0,0,0,0,0,0
-37.08777301,175.301647,Hauraki District,2018,property_damage,70,FALSE,straight,,fine,,darkness_not_lit,,0,0,0,0,1,0,0,0,0,0,0,0,0,0,0,0,0,0,0,0
-40.96850972,175.6039369,Carterton District,2018,property_damage,100,FALSE,straight,,fine,,dawn_dusk,,0,0,0,0,1,0,0,0,0,0,0,0,0,0,0,0,0,0,0,0
-46.09917026,168.9457605,Gore District,2018,property_damage,50,FALSE,straight,,fine,,daylight,,0,0,0,0,1,0,0,0,0,0,0,0,0,0,0,0,0,0,0,0
-45.24804609,169.3845649,Central Otago District,2018,property_damage,50,FALSE,straight,,fine,,daylight,,0,0,0,0,1,0,0,0,0,0,0,0,0,0,0,0,0,0,0,0
-46.14956936,168.3292943,Southland District,2018,property_damage,50,FALSE,straight,,fine,,darkness_not_lit,,0,0,0,0,1,0,0,0,0,0,0,0,0,0,0,0,0,0,0,0
-37.70550874,176.1567767,Tauranga City,2018,property_damage,50,FALSE,straight,,fine,,daylight,,0,0,0,0,1,0,0,0,0,0,0,0,0,0,0,0,0,0,0,0
-36.91849308,174.7610911,Auckland,2018,property_damage,100,FALSE,straight,,fine,,darkness_not_lit,,0,0,0,0,1,0,0,0,0,0,0,0,0,0,0,0,0,0,0,0
-41.2298186,174.8829329,Hutt City,2018,property_damage,50,FALSE,straight,,fine,,daylight,traffic_lights,0,0,0,0,1,0,0,0,0,0,0,0,0,0,0,0,0,0,0,0
-41.33164843,173.2023815,Nelson City,2018,property_damage,100,FALSE,straight,,fine,,daylight,,0,0,0,0,1,0,0,0,0,0,0,0,0,0,0,0,0,0,0,0
-36.92727003,174.8570682,Auckland,2018,property_damage,50,FALSE,curved_view_open,,fine,,dawn_dusk,,0,0,0,0,1,0,0,0,0,0,0,0,0,0,0,0,0,0,0,0
-37.05296608,174.9316126,Auckland,2018,property_damage,50,FALSE,straight,,fine,,daylight,,0,0,0,0,1,0,0,0,0,0,0,0,0,0,0,0,0,0,0,0
-41.2144447,174.9280101,Hutt City,2018,property_damage,50,FALSE,straight,,fine,,daylight,,0,0,0,0,1,0,0,0,0,0,0,0,0,0,0,0,0,0,0,0
-41.24069068,173.0544544,Tasman District,2018,property_damage,100,FALSE,straight,,rain,,darkness_not_lit,,0,0,0,0,1,0,0,0,0,0,0,0,0,0,0,0,0,0,0,0
-38.07349909,176.3271304,Rotorua District,2018,property_damage,100,FALSE,straight,,fine,,daylight,,0,0,0,0,1,0,0,0,0,0,0,0,0,0,0,0,0,0,0,0
-37.0177721,174.8656196,Auckland,2018,property_damage,50,FALSE,straight,,fine,,darkness_not_lit,traffic_lights,0,0,0,0,1,0,0,0,0,0,0,0,0,0,0,0,0,0,0,0
-41.51760891,173.9524257,Marlborough District,2018,property_damage,50,TRUE,straight,,fine,,daylight,,0,0,0,0,1,0,0,0,0,0,0,0,0,0,0,0,0,0,0,0
-46.3755375,168.3852813,Invercargill City,2018,property_damage,100,FALSE,curved_view_open,,fine,,darkness_not_lit,,0,0,0,0,1,0,0,0,0,0,0,0,0,0,0,0,0,0,0,0
-40.44365494,175.5514448,Palmerston North City,2018,property_damage,100,FALSE,straight,,fine,,dawn_dusk,,0,0,0,0,1,0,0,0,0,0,0,0,0,0,0,0,0,0,0,0
-37.04290875,174.9326507,Auckland,2018,property_damage,50,FALSE,straight,,rain,,darkness_not_lit,,0,0,0,0,1,0,0,0,0,0,0,0,0,0,0,0,0,0,0,0
-36.91829196,174.8397542,Auckland,2018,property_damage,100,FALSE,straight,,fine,,daylight,,0,0,0,0,1,0,0,0,0,0,0,0,0,0,0,0,0,0,0,0
-45.82687229,170.5694457,Dunedin City,2018,property_damage,70,FALSE,straight,,mist,,daylight,,0,0,0,0,1,0,0,0,0,0,0,0,0,0,0,0,0,0,0,0
-41.26610055,174.9547297,Hutt City,2018,property_damage,50,FALSE,straight,,fine,,darkness_not_lit,,0,0,0,0,1,0,0,0,0,0,0,0,0,0,0,0,0,0,0,0
-36.87850712,174.6325251,Auckland,2018,property_damage,50,FALSE,straight,,fine,,daylight,,0,0,0,0,1,0,0,0,0,0,0,0,0,0,0,0,0,0,0,0
-41.07659596,172.9973692,Tasman District,2018,property_damage,50,TRUE,straight,,fine,,daylight,giveway_sign,0,0,0,0,1,0,0,0,0,0,0,0,0,0,0,0,0,0,0,0
-37.27692566,175.3449846,Hauraki District,2018,property_damage,100,FALSE,straight,,rain,,darkness_not_lit,,0,0,0,0,1,0,0,0,0,0,0,0,0,0,0,0,0,0,0,0
-36.9769328,174.8691155,Auckland,2018,property_damage,50,FALSE,straight,,fine,,daylight,,0,0,0,0,1,0,0,0,0,0,0,0,0,0,0,0,0,0,0,0
-37.03417661,174.8872241,Auckland,2018,property_damage,50,FALSE,straight,,fine,,darkness_not_lit,,0,0,0,0,1,0,0,0,0,0,0,0,0,0,0,0,0,0,0,0
-38.00956575,175.3266407,Waipa District,2018,property_damage,50,FALSE,straight,,fine,,daylight,,0,0,0,0,1,0,0,0,0,0,0,0,0,0,0,0,0,0,0,0
-38.99697828,174.20777,New Plymouth District,2018,property_damage,100,FALSE,straight,,rain,,darkness_not_lit,,0,0,0,0,1,0,0,0,0,0,0,0,0,0,0,0,0,0,0,0
-43.38690382,172.6551643,Waimakariri District,2018,property_damage,50,FALSE,straight,,fine,,daylight,,0,0,0,0,1,0,0,0,0,0,0,0,0,0,0,0,0,0,0,0
-36.78407192,174.7503447,Auckland,2018,property_damage,100,FALSE,straight,,fine,,daylight,,0,0,0,0,1,0,0,0,0,0,0,0,0,0,0,0,0,0,0,0
-36.90644735,174.8886402,Auckland,2018,property_damage,60,FALSE,straight,,fine,,darkness_not_lit,,0,0,0,0,1,0,0,0,0,0,0,0,0,0,0,0,0,0,0,0
-40.28552539,175.7896447,Tararua District,2018,property_damage,80,FALSE,curved_view_open,,rain,,darkness_not_lit,,0,0,0,0,1,0,0,0,0,0,0,0,0,0,0,0,0,0,0,0
-36.86552125,174.582351,Auckland,2018,property_damage,50,FALSE,straight,,rain,,daylight,,0,0,0,0,1,0,0,0,0,0,0,0,0,0,0,0,0,0,0,0
-41.26611454,174.7853461,Wellington City,2018,property_damage,70,FALSE,straight,,fine,,daylight,,0,0,0,0,1,0,0,0,0,0,0,0,0,0,0,0,0,0,0,0
-39.01022449,174.2198798,New Plymouth District,2018,property_damage,80,FALSE,straight,,fine,,darkness_not_lit,,0,0,0,0,1,0,0,0,0,0,0,0,0,0,0,0,0,0,0,0
-41.13786236,175.0303486,Upper Hutt City,2018,property_damage,50,FALSE,straight,,fine,,darkness_not_lit,,0,0,0,0,1,0,0,0,0,0,0,0,0,0,0,0,0,0,0,0
-38.11257408,176.2253777,Rotorua District,2018,property_damage,50,FALSE,straight,,rain,,daylight,,0,0,0,0,1,0,0,0,0,0,0,0,0,0,0,0,0,0,0,0
-46.10204959,168.9482664,Gore District,2018,property_damage,50,TRUE,straight,,fine,,daylight,giveway_sign,0,0,0,0,1,0,0,0,0,0,0,0,0,0,0,0,0,0,0,0
-44.80147444,168.021782,Southland District,2018,property_damage,100,FALSE,curved_view_open,,fine,,darkness_not_lit,,0,0,0,0,1,0,0,0,0,0,0,0,0,0,0,0,0,0,0,0
-39.99310359,176.5550764,Central Hawkes Bay District,2018,property_damage,50,TRUE,straight,,fine,,daylight,giveway_sign,0,0,0,0,1,0,0,0,0,0,0,0,0,0,0,0,0,0,0,0
-43.40941885,172.6446741,Waimakariri District,2018,property_damage,100,FALSE,straight,,fine,,daylight,,0,0,0,0,1,0,0,0,0,0,0,0,0,0,0,0,0,0,0,0
-40.30931987,175.8331232,Tararua District,2018,property_damage,80,FALSE,curved_view_open,,fine,,daylight,,0,0,0,0,1,0,0,0,0,0,0,0,0,0,0,0,0,0,0,0
-36.91464456,174.7513267,Auckland,2018,property_damage,100,FALSE,curved_view_open,,rain,,daylight,,0,0,0,0,1,0,0,0,0,0,0,0,0,0,0,0,0,0,0,0