latitude,longitude,local_government_area,year,severity,speed_limit,intersection,road_position_horizontal,road_wet,weather,crash_type,lighting,traffic_controls,casualties,fatalities,serious_injuries,minor_injuries,car_sedan,car_utility,car_van,car_4x4,car_station_wagon,motor_cycle,truck_small,truck_large,bus,taxi,bicycle,scooter,pedestrian,inanimate,train,tram
-40.93029394,174.9786685,Kapiti Coast District,2018,property_damage,50,FALSE,straight,,fine,,daylight,,0,0,0,0,1,0,0,0,0,0,0,0,0,0,0,0,0,0,0,0
-35.18396022,173.4746324,Far North District,2018,property_damage,100,FALSE,curved_view_open,,rain,,darkness_not_lit,,0,0,0,0,1,0,0,0,0,0,0,0,0,0,0,0,0,0,0,0
-41.17708093,174.9484438,Hutt City,2018,property_damage,100,FALSE,straight,,fine,,daylight,,0,0,0,0,1,0,0,0,0,0,0,0,0,0,0,0,0,0,0,0
-40.20983997,175.4089545,Manawatu District,2018,property_damage,100,FALSE,straight,,fine,,daylight,,0,0,0,0,1,0,0,0,0,0,0,0,0,0,0,0,0,0,0,0
-36.91200073,174.8409163,Auckland,2018,property_damage,50,FALSE,straight,,fine,,daylight,,0,0,0,0,1,0,0,0,0,0,0,0,0,0,0,0,0,0,0,0
-39.92900638,175.0522686,Wanganui District,2018,property_damage,50,TRUE,straight,,fine,,daylight,giveway_sign,0,0,0,0,1,0,0,0,0,0,0,0,0,0,0,0,0,0,0,0
-45.79825733,170.5175068,Dunedin City,2018,property_damage,100,FALSE,straight,,rain,,dawn_dusk,,0,0,0,0,1,0,0,0,0,0,0,0,0,0,0,0,0,0,0,0
-37.7798621,175.2721073,Hamilton City,2018,property_damage,50,FALSE,straight,,fine,,daylight,,0,0,0,0,1,0,0,0,0,0,0,0,0,0,0,0,0,0,0,0
-41.29622759,174.7794073,Wellington City,2018,property_damage,50,FALSE,straight,,fine,,daylight,traffic_lights,0,0,0,0,1,0,0,0,0,0,0,0,0,0,0,0,0,0,0,0
-46.10524998,168.9413155,Gore District,2018,property_damage,50,TRUE,straight,,fine,,daylight,giveway_sign,0,0,0,0,1,0,0,0,0,0,0,0,0,0,0,0,0,0,0,0
-39.0560251,174.083173,New Plymouth District,2018,minor_injury,50,TRUE,straight,,fine,,daylight,traffic_lights,1,0,0,1,1,0,0,0,0,0,0,0,0,0,0,0,0,0,0,0
-40.09976143,175.3827545,Rangitikei District,2018,minor_injury,70,TRUE,straight,,fine,,daylight,stop_sign,1,0,0,1,1,0,0,0,0,0,0,0,0,0,0,0,0,0,0,0
-39.51132779,176.8767277,Napier City,2018,minor_injury,100,TRUE,straight,,rain,,daylight,giveway_sign,1,0,0,1,1,0,0,0,0,0,0,0,0,0,0,0,0,0,0,0
-40.96974655,175.602215,Carterton District,2018,minor_injury,100,TRUE,straight,,rain,,darkness_not_lit,giveway_sign,1,0,0,1,1,0,0,0,0,0,0,0,0,0,0,0,0,0,0,0
-36.85036394,174.7627007,Auckland,2018,minor_injury,50,TRUE,straight,,rain,,daylight,traffic_lights,1,0,0,1,1,0,0,0,0,0,0,0,0,0,0,0,0,0,0,0
-36.7336633,174.7078654,Auckland,2018,minor_injury,80,TRUE,straight,,fine,,daylight,traffic_lights,1,0,0,1,1,0,0,0,0,0,0,0,0,0,0,0,0,0,0,0
-37.06369095,174.9393748,Auckland,2018,minor_injury,50,TRUE,straight,,rain,,daylight,stop_sign,1,0,0,1,1,0,0,0,0,0,0,0,0,0,0,0,0,0,0,0
-36.92643786,174.7951335,Auckland,2018,minor_injury,50,TRUE,straight,,rain,,daylight,stop_sign,1,0,0,1,1,0,0,0,0,0,0,0,0,0,0,0,0,0,0,0
-37.79713297,175.2384423,Hamilton City,2018,minor_injury,50,TRUE,straight,,fine,,daylight,giveway_sign,1,0,0,1,1,0,0,0,0,0,0,0,0,0,0,0,0,0,0,0
-37.67638654,176.2220933,Tauranga City,2018,minor_injury,50,TRUE,curved_view_open,,rain,,daylight,giveway_sign,1,0,0,1,1,0,0,0,0,0,0,0,0,0,0,0,0,0,0,0
-36.89982197,174.8046213,Auckland,2018,minor_injury,50,TRUE,straight,,fine,,darkness_not_lit,stop_sign,1,0,0,1,1,0,0,0,0,0,0,0,0,0,0,0,0,0,0,0
-36.77202164,174.7423062,Auckland,2018,minor_injury,50,TRUE,straight,,fine,,daylight,traffic_lights,1,0,0,1,1,0,0,0,0,0,0,0,0,0,0,0,0,0,0,0
-36.81070601,174.741815,Auckland,2018,minor_injury,50,TRUE,straight,,fine,,daylight,,1,0,0,1,1,0,0,0,0,0,0,0,0,0,0,0,0,0,0,0
-37.82602849,175.7701845,Matamata-Piako District,2018,minor_injury,70,TRUE,straight,,mist,,daylight,giveway_sign,1,0,0,1,1,0,0,0,0,0,0,0,0,0,0,0,0,0,0,0
-37.03915801,174.913836,Auckland,2018,minor_injury,50,TRUE,straight,,fine,,daylight,stop_sign,1,0,0,1,1,0,0,0,0,0,0,0,0,0,0,0,0,0,0,0
-37.03915801,174.913836,Auckland,2018,minor_injury,50,TRUE,straight,,fine,,daylight,stop_sign,1,0,0,1,1,0,0,0,0,0,0,0,0,0,0,0,0,0,0,0
-37.75284301,175.2750485,Hamilton City,2018,minor_injury,50,TRUE,straight,,rain,,daylight,stop_sign,1,0,0,1,1,0,0,0,0,0,0,0,0,0,0,0,0,0,0,0
-36.91343481,174.8385263,Auckland,2018,minor_injury,50,TRUE,straight,,fine,,daylight,traffic_lights,1,0,0,1,1,0,0,0,0,0,0,0,0,0,0,0,0,0,0,0
-37.01655083,174.9395245,Auckland,2018,minor_injury,80,TRUE,straight,,fine,,darkness_not_lit,giveway_sign,1,0,0,1,1,0,0,0,0,0,0,0,0,0,0,0,0,0,0,0
-38.67978671,176.0693108,Taupo District,2018,minor_injury,80,TRUE,straight,,rain,,daylight,giveway_sign,1,0,0,1,1,0,0,0,0,0,0,0,0,0,0,0,0,0,0,0
-43.61533,172.3146395,Selwyn District,2018,minor_injury,100,TRUE,straight,,fine,,daylight,stop_sign,1,0,0,1,1,0,0,0,0,0,0,0,0,0,0,0,0,0,0,0
-43.61533,172.3146395,Selwyn District,2018,minor_injury,100,TRUE,straight,,fine,,daylight,stop_sign,1,0,0,1,1,0,0,0,0,0,0,0,0,0,0,0,0,0,0,0
-36.96256992,174.8717181,Auckland,2018,minor_injury,60,TRUE,straight,,rain,,darkness_not_lit,traffic_lights,1,0,0,1,1,0,0,0,0,0,0,0,0,0,0,0,0,0,0,0
-35.72656638,174.3221098,Whangarei District,2018,minor_injury,50,TRUE,straight,,fine,,daylight,traffic_lights,1,0,0,1,1,0,0,0,0,0,0,0,0,0,0,0,0,0,0,0
-39.58184511,176.7630425,Hastings District,2018,minor_injury,50,TRUE,straight,,rain,,darkness_not_lit,,1,0,0,1,1,0,0,0,0,0,0,0,0,0,0,0,0,0,0,0
-43.35270942,172.662774,Waimakariri District,2018,minor_injury,100,TRUE,straight,,fine,,daylight,stop_sign,1,0,0,1,1,0,0,0,0,0,0,0,0,0,0,0,0,0,0,0
-43.35270942,172.662774,Waimakariri District,2018,minor_injury,100,TRUE,straight,,fine,,daylight,stop_sign,1,0,0,1,1,0,0,0,0,0,0,0,0,0,0,0,0,0,0,0
-44.04429089,171.2694474,Timaru District,2018,minor_injury,100,FALSE,straight,,fine,,darkness_not_lit,,1,0,0,1,1,0,0,0,0,0,0,0,0,0,0,0,0,0,0,0
-36.95363828,174.7958393,Auckland,2018,minor_injury,60,TRUE,straight,,fine,,darkness_not_lit,traffic_lights,1,0,0,1,1,0,0,0,0,0,0,0,0,0,0,0,0,0,0,0
-36.88454409,174.7101998,Auckland,2018,minor_injury,50,TRUE,straight,,fine,,daylight,stop_sign,1,0,0,1,1,0,0,0,0,0,0,0,0,0,0,0,0,0,0,0
-36.71069308,174.6680613,Auckland,2018,minor_injury,80,TRUE,straight,,fine,,darkness_not_lit,,1,0,0,1,1,0,0,0,0,0,0,0,0,0,0,0,0,0,0,0
-39.49829232,176.9154586,Napier City,2018,minor_injury,50,TRUE,straight,,fine,,daylight,stop_sign,1,0,0,1,1,0,0,0,0,0,0,0,0,0,0,0,0,0,0,0
-41.28471791,174.7540777,Wellington City,2018,minor_injury,50,TRUE,straight,,fine,,daylight,stop_sign,1,0,0,1,1,0,0,0,0,0,0,0,0,0,0,0,0,0,0,0
-45.87243113,170.5079036,Dunedin City,2018,minor_injury,50,TRUE,straight,,fine,,daylight,traffic_lights,1,0,0,1,1,0,0,0,0,0,0,0,0,0,0,0,0,0,0,0
-45.87097353,170.510404,Dunedin City,2018,minor_injury,50,TRUE,straight,,fine,,daylight,traffic_lights,1,0,0,1,1,0,0,0,0,0,0,0,0,0,0,0,0,0,0,0
-43.53311455,172.6456814,Christchurch City,2018,minor_injury,50,TRUE,straight,,fine,,daylight,traffic_lights,1,0,0,1,1,0,0,0,0,0,0,0,0,0,0,0,0,0,0,0
-44.99435928,168.7952684,Queenstown-Lakes District,2018,minor_injury,100,TRUE,straight,,rain,,daylight,,1,0,0,1,1,0,0,0,0,0,0,0,0,0,0,0,0,0,0,0
-43.53074996,172.5681366,Christchurch City,2018,minor_injury,50,TRUE,straight,,fine,,darkness_not_lit,traffic_lights,1,0,0,1,1,0,0,0,0,0,0,0,0,0,0,0,0,0,0,0
-43.53074996,172.5681366,Christchurch City,2018,minor_injury,50,TRUE,straight,,fine,,darkness_not_lit,traffic_lights,1,0,0,1,1,0,0,0,0,0,0,0,0,0,0,0,0,0,0,0
-44.39040852,171.2373681,Timaru District,2018,minor_injury,50,TRUE,curved_view_open,,rain,,darkness_not_lit,traffic_lights,1,0,0,1,1,0,0,0,0,0,0,0,0,0,0,0,0,0,0,0
-44.39040852,171.2373681,Timaru District,2018,minor_injury,50,TRUE,curved_view_open,,rain,,darkness_not_lit,traffic_lights,1,0,0,1,1,0,0,0,0,0,0,0,0,0,0,0,0,0,0,0
-43.49981743,172.5602923,Christchurch City,2018,minor_injury,60,TRUE,straight,,fine,,daylight,traffic_lights,1,0,0,1,1,0,0,0,0,0,0,0,0,0,0,0,0,0,0,0
-41.20421853,174.8203004,Wellington City,2018,minor_injury,50,TRUE,curved_view_open,,fine,,daylight,giveway_sign,1,0,0,1,1,0,0,0,0,0,0,0,0,0,0,0,0,0,0,0
-40.22243338,175.5696912,Manawatu District,2018,minor_injury,50,TRUE,straight,,fine,,darkness_not_lit,giveway_sign,1,0,0,1,1,0,0,0,0,0,0,0,0,0,0,0,0,0,0,0
-39.55549597,176.9222961,Napier City,2018,minor_injury,100,TRUE,straight,,fine,,daylight,giveway_sign,1,0,0,1,1,0,0,0,0,0,0,0,0,0,0,0,0,0,0,0
-38.13887007,176.2538446,Rotorua District,2018,minor_injury,50,TRUE,straight,,fine,,daylight,giveway_sign,1,0,0,1,1,0,0,0,0,0,0,0,0,0,0,0,0,0,0,0
-35.72293025,174.3231885,Whangarei District,2018,minor_injury,50,TRUE,straight,,fine,,daylight,traffic_lights,1,0,0,1,1,0,0,0,0,0,0,0,0,0,0,0,0,0,0,0
-41.1318262,174.836763,Porirua City,2018,minor_injury,70,TRUE,straight,,fine,,daylight,giveway_sign,1,0,0,1,1,0,0,0,0,0,0,0,0,0,0,0,0,0,0,0
-36.95426331,174.7932484,Auckland,2018,minor_injury,50,TRUE,straight,,fine,,daylight,giveway_sign,1,0,0,1,1,0,0,0,0,0,0,0,0,0,0,0,0,0,0,0
-42.44541152,171.2168387,Grey District,2018,minor_injury,50,TRUE,straight,,fine,,daylight,giveway_sign,1,0,0,1,1,0,0,0,0,0,0,0,0,0,0,0,0,0,0,0
-37.68151596,176.0259183,Western Bay Of Plenty District,2018,minor_injury,90,TRUE,curved_view_open,,fine,,daylight,stop_sign,1,0,0,1,1,0,0,0,0,0,0,0,0,0,0,0,0,0,0,0
-37.69535,175.209656,Waikato District,2018,minor_injury,80,TRUE,straight,,fine,,daylight,giveway_sign,1,0,0,1,1,0,0,0,0,0,0,0,0,0,0,0,0,0,0,0
-37.6653241,176.207175,Tauranga City,2018,minor_injury,70,TRUE,curved_view_open,,fine,,daylight,giveway_sign,1,0,0,1,1,0,0,0,0,0,0,0,0,0,0,0,0,0,0,0
-40.35933976,175.5864248,Palmerston North City,2018,minor_injury,50,TRUE,straight,,fine,,daylight,giveway_sign,1,0,0,1,1,0,0,0,0,0,0,0,0,0,0,0,0,0,0,0
-41.28856462,173.2440714,Nelson City,2018,minor_injury,50,TRUE,straight,,fine,,daylight,giveway_sign,1,0,0,1,1,0,0,0,0,0,0,0,0,0,0,0,0,0,0,0
-43.54455291,172.5162834,Christchurch City,2018,minor_injury,50,TRUE,straight,,fine,,daylight,traffic_lights,1,0,0,1,1,0,0,0,0,0,0,0,0,0,0,0,0,0,0,0
-37.6754725,176.225205,Tauranga City,2018,minor_injury,50,TRUE,straight,,fine,,darkness_not_lit,traffic_lights,1,0,0,1,1,0,0,0,0,0,0,0,0,0,0,0,0,0,0,0
-38.0488681,176.7483788,Whakatane District,2018,minor_injury,100,FALSE,straight,,fine,,daylight,,1,0,0,1,1,0,0,0,0,0,0,0,0,0,0,0,0,0,0,0
-37.00191534,174.8652208,Auckland,2018,minor_injury,60,TRUE,curved_view_open,,fine,,daylight,giveway_sign,1,0,0,1,1,0,0,0,0,0,0,0,0,0,0,0,0,0,0,0
-36.71759393,174.6773019,Auckland,2018,minor_injury,80,TRUE,curved_view_open,,fine,,daylight,,1,0,0,1,1,0,0,0,0,0,0,0,0,0,0,0,0,0,0,0
-36.85604978,174.8101754,Auckland,2018,minor_injury,50,FALSE,curved_view_open,,fine,,daylight,,1,0,0,1,1,0,0,0,0,0,0,0,0,0,0,0,0,0,0,0
-43.99579827,171.2957514,Timaru District,2018,minor_injury,100,TRUE,curved_view_open,,fine,,daylight,stop_sign,1,0,0,1,1,0,0,0,0,0,0,0,0,0,0,0,0,0,0,0
-43.5043095,172.7058707,Christchurch City,2018,minor_injury,50,TRUE,straight,,rain,,darkness_not_lit,traffic_lights,1,0,0,1,1,0,0,0,0,0,0,0,0,0,0,0,0,0,0,0
-37.77588437,176.3089994,Western Bay Of Plenty District,2018,minor_injury,70,TRUE,curved_view_open,,rain,,darkness_not_lit,giveway_sign,1,0,0,1,1,0,0,0,0,0,0,0,0,0,0,0,0,0,0,0
-37.6043687,175.9368964,Western Bay Of Plenty District,2018,minor_injury,100,TRUE,straight,,fine,,daylight,stop_sign,1,0,0,1,1,0,0,0,0,0,0,0,0,0,0,0,0,0,0,0
-45.85362654,170.4836006,Dunedin City,2018,minor_injury,50,TRUE,curved_view_open,,fine,,daylight,giveway_sign,1,0,0,1,1,0,0,0,0,0,0,0,0,0,0,0,0,0,0,0
-43.52550389,172.6335988,Christchurch City,2018,minor_injury,30,TRUE,straight,,fine,,darkness_not_lit,traffic_lights,1,0,0,1,1,0,0,0,0,0,0,0,0,0,0,0,0,0,0,0
-45.09922992,170.9660927,Waitaki District,2018,minor_injury,50,TRUE,straight,,fine,,dawn_dusk,traffic_lights,1,0,0,1,1,0,0,0,0,0,0,0,0,0,0,0,0,0,0,0
-38.68565901,176.0700561,Taupo District,2018,minor_injury,50,TRUE,straight,,fine,,daylight,giveway_sign,1,0,0,1,1,0,0,0,0,0,0,0,0,0,0,0,0,0,0,0
-36.94154929,174.854035,Auckland,2018,minor_injury,100,FALSE,straight,,rain,,daylight,,1,0,0,1,1,0,0,0,0,0,0,0,0,0,0,0,0,0,0,0
-36.62456609,174.5020816,Auckland,2018,minor_injury,100,TRUE,straight,,fine,,daylight,giveway_sign,1,0,0,1,1,0,0,0,0,0,0,0,0,0,0,0,0,0,0,0
-37.19802825,175.5518419,Hauraki District,2018,minor_injury,100,TRUE,curved_view_open,,mist,,dawn_dusk,giveway_sign,1,0,0,1,1,0,0,0,0,0,0,0,0,0,0,0,0,0,0,0
-39.51117047,176.8760446,Napier City,2018,minor_injury,50,TRUE,curved_view_open,,fine,,darkness_not_lit,giveway_sign,1,0,0,1,1,0,0,0,0,0,0,0,0,0,0,0,0,0,0,0
-43.52659343,172.6336046,Christchurch City,2018,minor_injury,50,TRUE,straight,,fine,,daylight,traffic_lights,1,0,0,1,1,0,0,0,0,0,0,0,0,0,0,0,0,0,0,0
-36.73041211,174.7026423,Auckland,2018,minor_injury,70,FALSE,straight,,rain,,daylight,,1,0,0,1,1,0,0,0,0,0,0,0,0,0,0,0,0,0,0,0
-36.89482145,174.7997455,Auckland,2018,minor_injury,50,TRUE,straight,,fine,,darkness_not_lit,traffic_lights,1,0,0,1,1,0,0,0,0,0,0,0,0,0,0,0,0,0,0,0
-39.51055706,176.8768825,Napier City,2018,minor_injury,50,TRUE,straight,,fine,,daylight,giveway_sign,1,0,0,1,1,0,0,0,0,0,0,0,0,0,0,0,0,0,0,0
-44.99205821,168.9388916,Queenstown-Lakes District,2018,minor_injury,100,FALSE,curved_view_open,,fine,,daylight,,1,0,0,1,1,0,0,0,0,0,0,0,0,0,0,0,0,0,0,0
-43.49194518,172.5481053,Christchurch City,2018,minor_injury,50,TRUE,straight,,fine,,darkness_not_lit,traffic_lights,1,0,0,1,1,0,0,0,0,0,0,0,0,0,0,0,0,0,0,0
-36.92287485,174.690927,Auckland,2018,minor_injury,50,TRUE,curved_view_obscure,,fine,,darkness_not_lit,giveway_sign,1,0,0,1,1,0,0,0,0,0,0,0,0,0,0,0,0,0,0,0
-38.13336089,176.2341293,Rotorua District,2018,minor_injury,50,TRUE,straight,,fine,,darkness_not_lit,traffic_lights,1,0,0,1,1,0,0,0,0,0,0,0,0,0,0,0,0,0,0,0
-39.05946131,174.0622714,New Plymouth District,2018,minor_injury,50,TRUE,straight,,fine,,daylight,giveway_sign,1,0,0,1,1,0,0,0,0,0,0,0,0,0,0,0,0,0,0,0
-44.94636749,171.0911242,Waitaki District,2018,minor_injury,100,TRUE,straight,,fine,,daylight,giveway_sign,1,0,0,1,1,0,0,0,0,0,0,0,0,0,0,0,0,0,0,0
-43.59588623,172.3654322,Selwyn District,2018,minor_injury,80,TRUE,straight,,fine,,daylight,traffic_lights,1,0,0,1,1,0,0,0,0,0,0,0,0,0,0,0,0,0,0,0
-43.59588623,172.3654322,Selwyn District,2018,minor_injury,80,TRUE,straight,,fine,,daylight,traffic_lights,1,0,0,1,1,0,0,0,0,0,0,0,0,0,0,0,0,0,0,0
-46.38775516,168.3616031,Invercargill City,2018,minor_injury,50,TRUE,straight,,fine,,darkness_not_lit,giveway_sign,1,0,0,1,1,0,0,0,0,0,0,0,0,0,0,0,0,0,0,0
-36.88045426,174.6311977,Auckland,2018,minor_injury,50,TRUE,curved_view_open,,fine,,daylight,,1,0,0,1,1,0,0,0,0,0,0,0,0,0,0,0,0,0,0,0
-38.65576373,178.0040077,Gisborne District,2018,minor_injury,50,TRUE,straight,,fine,,daylight,giveway_sign,1,0,0,1,1,0,0,0,0,0,0,0,0,0,0,0,0,0,0,0
-38.02339423,176.8381213,Whakatane District,2018,minor_injury,100,TRUE,straight,,fine,,daylight,stop_sign,1,0,0,1,1,0,0,0,0,0,0,0,0,0,0,0,0,0,0,0
-39.15436298,174.2067413,New Plymouth District,2018,minor_injury,50,TRUE,straight,,rain,,daylight,stop_sign,1,0,0,1,1,0,0,0,0,0,0,0,0,0,0,0,0,0,0,0
-36.73283739,174.7164028,Auckland,2018,minor_injury,100,FALSE,straight,,fine,,daylight,,1,0,0,1,1,0,0,0,0,0,0,0,0,0,0,0,0,0,0,0
-37.7151856,176.1802113,Tauranga City,2018,minor_injury,50,TRUE,straight,,fine,,dawn_dusk,giveway_sign,1,0,0,1,1,0,0,0,0,0,0,0,0,0,0,0,0,0,0,0
-36.83063383,174.7455746,Auckland,2018,minor_injury,80,FALSE,straight,,fine,,daylight,,1,0,0,1,1,0,0,0,0,0,0,0,0,0,0,0,0,0,0,0
-37.76290829,175.2511562,Hamilton City,2018,minor_injury,60,FALSE,straight,,fine,,daylight,,1,0,0,1,1,0,0,0,0,0,0,0,0,0,0,0,0,0,0,0
-45.00909422,168.7539488,Queenstown-Lakes District,2018,minor_injury,50,FALSE,straight,,fine,,daylight,,1,0,0,1,1,0,0,0,0,0,0,0,0,0,0,0,0,0,0,0
-41.10337502,175.7452292,Carterton District,2018,minor_injury,100,TRUE,curved_view_open,,rain,,daylight,,1,0,0,1,1,0,0,0,0,0,0,0,0,0,0,0,0,0,0,0
-40.46539906,175.2557682,Horowhenua District,2018,minor_injury,80,TRUE,straight,,fine,,daylight,giveway_sign,1,0,0,1,1,0,0,0,0,0,0,0,0,0,0,0,0,0,0,0
-45.88043111,170.3472037,Dunedin City,2018,minor_injury,50,TRUE,straight,,fine,,daylight,giveway_sign,1,0,0,1,1,0,0,0,0,0,0,0,0,0,0,0,0,0,0,0
-39.0561552,174.0827474,New Plymouth District,2018,minor_injury,50,FALSE,straight,,fine,,daylight,,1,0,0,1,1,0,0,0,0,0,0,0,0,0,0,0,0,0,0,0
-41.30603553,174.7783003,Wellington City,2018,minor_injury,50,FALSE,straight,,fine,,daylight,,1,0,0,1,1,0,0,0,0,0,0,0,0,0,0,0,0,0,0,0
-44.29489948,171.2545183,Timaru District,2018,minor_injury,100,TRUE,straight,,fine,,dawn_dusk,giveway_sign,1,0,0,1,1,0,0,0,0,0,0,0,0,0,0,0,0,0,0,0
-36.84940445,174.7593253,Auckland,2018,minor_injury,50,TRUE,straight,,fine,,darkness_not_lit,traffic_lights,1,0,0,1,1,0,0,0,0,0,0,0,0,0,0,0,0,0,0,0
-39.03032905,177.4190386,Wairoa District,2018,minor_injury,50,TRUE,straight,,fine,,daylight,stop_sign,1,0,0,1,1,0,0,0,0,0,0,0,0,0,0,0,0,0,0,0
-40.95898008,172.8204356,Tasman District,2018,minor_injury,100,TRUE,straight,,fine,,daylight,giveway_sign,1,0,0,1,1,0,0,0,0,0,0,0,0,0,0,0,0,0,0,0
-40.08241649,175.3877551,Rangitikei District,2018,minor_injury,50,TRUE,straight,,rain,,darkness_not_lit,giveway_sign,1,0,0,1,1,0,0,0,0,0,0,0,0,0,0,0,0,0,0,0
-45.87854728,170.5122434,Dunedin City,2018,minor_injury,50,FALSE,curved_view_open,,fine,,darkness_not_lit,,1,0,0,1,1,0,0,0,0,0,0,0,0,0,0,0,0,0,0,0
-36.87020991,174.5889883,Auckland,2018,minor_injury,50,TRUE,straight,,fine,,daylight,stop_sign,1,0,0,1,1,0,0,0,0,0,0,0,0,0,0,0,0,0,0,0
-36.89873259,174.7570456,Auckland,2018,minor_injury,50,TRUE,straight,,fine,,daylight,stop_sign,1,0,0,1,1,0,0,0,0,0,0,0,0,0,0,0,0,0,0,0
-43.41154694,170.0962483,Westland District,2018,minor_injury,100,FALSE,curved_view_open,,fine,,daylight,,1,0,0,1,1,0,0,0,0,0,0,0,0,0,0,0,0,0,0,0
-37.7861563,175.2620582,Hamilton City,2018,minor_injury,50,TRUE,straight,,fine,,daylight,giveway_sign,1,0,0,1,1,0,0,0,0,0,0,0,0,0,0,0,0,0,0,0
-45.90886751,170.4719236,Dunedin City,2018,minor_injury,50,TRUE,straight,,fine,,daylight,giveway_sign,1,0,0,1,1,0,0,0,0,0,0,0,0,0,0,0,0,0,0,0
-43.53203863,172.6328662,Christchurch City,2018,minor_injury,30,TRUE,straight,,rain,,daylight,traffic_lights,1,0,0,1,1,0,0,0,0,0,0,0,0,0,0,0,0,0,0,0
-46.39629951,168.4296992,Invercargill City,2018,minor_injury,100,FALSE,straight,,fine,,darkness_not_lit,,1,0,0,1,1,0,0,0,0,0,0,0,0,0,0,0,0,0,0,0
-39.9194005,175.0544387,Wanganui District,2018,minor_injury,50,FALSE,straight,,fine,,daylight,,1,0,0,1,1,0,0,0,0,0,0,0,0,0,0,0,0,0,0,0
-43.59117074,172.5234793,Selwyn District,2018,minor_injury,80,TRUE,straight,,fine,,darkness_not_lit,stop_sign,1,0,0,1,1,0,0,0,0,0,0,0,0,0,0,0,0,0,0,0
-37.02713148,174.8665231,Auckland,2018,minor_injury,60,TRUE,straight,,fine,,daylight,giveway_sign,1,0,0,1,1,0,0,0,0,0,0,0,0,0,0,0,0,0,0,0
-36.90750397,174.8896427,Auckland,2018,minor_injury,50,TRUE,straight,,rain,,darkness_not_lit,giveway_sign,1,0,0,1,1,0,0,0,0,0,0,0,0,0,0,0,0,0,0,0
-36.87047619,174.7256369,Auckland,2018,minor_injury,50,TRUE,straight,,fine,,daylight,giveway_sign,1,0,0,1,1,0,0,0,0,0,0,0,0,0,0,0,0,0,0,0
-41.00839539,175.5510742,Carterton District,2018,minor_injury,100,TRUE,straight,,fine,,daylight,giveway_sign,1,0,0,1,1,0,0,0,0,0,0,0,0,0,0,0,0,0,0,0
-45.8913929,170.5028273,Dunedin City,2018,minor_injury,50,TRUE,straight,,rain,,daylight,traffic_lights,1,0,0,1,1,0,0,0,0,0,0,0,0,0,0,0,0,0,0,0
-36.7820053,174.7208718,Auckland,2018,minor_injury,50,TRUE,curved_view_open,,fine,,daylight,traffic_lights,1,0,0,1,1,0,0,0,0,0,0,0,0,0,0,0,0,0,0,0
-36.7820053,174.7208718,Auckland,2018,minor_injury,50,TRUE,straight,,fine,,daylight,traffic_lights,1,0,0,1,1,0,0,0,0,0,0,0,0,0,0,0,0,0,0,0
-36.88624027,174.6443259,Auckland,2018,minor_injury,50,TRUE,curved_view_open,,rain,,daylight,giveway_sign,1,0,0,1,1,0,0,0,0,0,0,0,0,0,0,0,0,0,0,0
-37.04508812,174.8663556,Auckland,2018,minor_injury,50,TRUE,curved_view_open,,fine,,daylight,,1,0,0,1,1,0,0,0,0,0,0,0,0,0,0,0,0,0,0,0
-41.51344916,173.9511424,Marlborough District,2018,minor_injury,50,TRUE,straight,,fine,,daylight,giveway_sign,1,0,0,1,1,0,0,0,0,0,0,0,0,0,0,0,0,0,0,0
-35.94130572,173.8685915,Kaipara District,2018,minor_injury,50,TRUE,straight,,rain,,daylight,stop_sign,1,0,0,1,1,0,0,0,0,0,0,0,0,0,0,0,0,0,0,0
-41.21193903,174.8911869,Hutt City,2018,minor_injury,50,TRUE,straight,,fine,,darkness_not_lit,giveway_sign,1,0,0,1,1,0,0,0,0,0,0,0,0,0,0,0,0,0,0,0
-38.05161234,175.2544812,Waipa District,2018,minor_injury,100,FALSE,curved_view_open,,rain,,daylight,,1,0,0,1,1,0,0,0,0,0,0,0,0,0,0,0,0,0,0,0
-36.64412646,174.733671,Auckland,2018,minor_injury,50,FALSE,straight,,fine,,dawn_dusk,,1,0,0,1,1,0,0,0,0,0,0,0,0,0,0,0,0,0,0,0
-37.67430825,176.2318537,Tauranga City,2018,minor_injury,50,TRUE,straight,,fine,,daylight,giveway_sign,1,0,0,1,1,0,0,0,0,0,0,0,0,0,0,0,0,0,0,0
-40.56652186,175.2654219,Horowhenua District,2018,minor_injury,100,TRUE,curved_view_open,,fine,,dawn_dusk,giveway_sign,1,0,0,1,1,0,0,0,0,0,0,0,0,0,0,0,0,0,0,0
-46.10540102,168.9410068,Gore District,2018,minor_injury,50,TRUE,straight,,fine,,darkness_not_lit,giveway_sign,1,0,0,1,1,0,0,0,0,0,0,0,0,0,0,0,0,0,0,0
-36.90344786,174.7237418,Auckland,2018,minor_injury,50,TRUE,straight,,rain,,daylight,traffic_lights,1,0,0,1,1,0,0,0,0,0,0,0,0,0,0,0,0,0,0,0
-36.90481353,174.6594949,Auckland,2018,minor_injury,50,FALSE,straight,,fine,,daylight,,1,0,0,1,1,0,0,0,0,0,0,0,0,0,0,0,0,0,0,0
-37.82291162,175.289218,Hamilton City,2018,minor_injury,60,TRUE,straight,,rain,,daylight,giveway_sign,1,0,0,1,1,0,0,0,0,0,0,0,0,0,0,0,0,0,0,0
-37.73888195,176.0987445,Tauranga City,2018,minor_injury,100,FALSE,straight,,fine,,daylight,,1,0,0,1,1,0,0,0,0,0,0,0,0,0,0,0,0,0,0,0
-36.9478836,174.5212767,Auckland,2018,minor_injury,100,FALSE,curved_view_open,,rain,,daylight,,1,0,0,1,1,0,0,0,0,0,0,0,0,0,0,0,0,0,0,0
-36.96029554,174.8889813,Auckland,2018,minor_injury,60,FALSE,straight,,fine,,daylight,,1,0,0,1,1,0,0,0,0,0,0,0,0,0,0,0,0,0,0,0
-45.89609508,170.3640276,Dunedin City,2018,minor_injury,100,FALSE,straight,,fine,,daylight,,1,0,0,1,1,0,0,0,0,0,0,0,0,0,0,0,0,0,0,0