latitude,longitude,local_government_area,year,severity,speed_limit,intersection,road_position_horizontal,road_wet,weather,crash_type,lighting,traffic_controls,casualties,fatalities,serious_injuries,minor_injuries,car_sedan,car_utility,car_van,car_4x4,car_station_wagon,motor_cycle,truck_small,truck_large,bus,taxi,bicycle,scooter,pedestrian,inanimate,train,tram
-37.68832803,175.2355632,Waikato District,2018,minor_injury,100,FALSE,curved_view_open,,fine,,darkness_not_lit,,1,0,0,1,1,0,0,0,0,0,0,0,0,0,0,0,0,0,0,0
-37.76620232,175.3008061,Hamilton City,2018,minor_injury,80,TRUE,straight,,rain,,darkness_not_lit,traffic_lights,1,0,0,1,1,0,0,0,0,0,0,0,0,0,0,0,0,0,0,0
-39.66759752,176.8797729,Hastings District,2018,minor_injury,50,TRUE,curved_view_open,,rain,,daylight,giveway_sign,1,0,0,1,1,0,0,0,0,0,0,0,0,0,0,0,0,0,0,0
-39.62703232,176.7989551,Hastings District,2018,minor_injury,50,TRUE,straight,,fine,,daylight,giveway_sign,1,0,0,1,1,0,0,0,0,0,0,0,0,0,0,0,0,0,0,0
-36.92324413,174.811359,Auckland,2018,minor_injury,50,FALSE,straight,,fine,,daylight,,1,0,0,1,1,0,0,0,0,0,0,0,0,0,0,0,0,0,0,0
-41.20831966,174.9047512,Hutt City,2018,minor_injury,50,FALSE,straight,,fine,,daylight,,1,0,0,1,1,0,0,0,0,0,0,0,0,0,0,0,0,0,0,0
-43.53679349,172.2005729,Selwyn District,2018,minor_injury,100,TRUE,straight,,fine,,daylight,stop_sign,1,0,0,1,1,0,0,0,0,0,0,0,0,0,0,0,0,0,0,0
-44.92497833,171.1008169,Waimate District,2018,minor_injury,100,FALSE,straight,,rain,,daylight,,1,0,0,1,1,0,0,0,0,0,0,0,0,0,0,0,0,0,0,0
-43.90320768,171.7440818,Ashburton District,2018,minor_injury,50,TRUE,straight,,fine,,daylight,stop_sign,1,0,0,1,1,0,0,0,0,0,0,0,0,0,0,0,0,0,0,0
-37.00081687,174.8885116,Auckland,2018,minor_injury,50,FALSE,curved_view_open,,,,dawn_dusk,,1,0,0,1,1,0,0,0,0,0,0,0,0,0,0,0,0,0,0,0
-36.75787165,174.70363,Auckland,2018,minor_injury,70,TRUE,curved_view_open,,fine,,daylight,giveway_sign,1,0,0,1,1,0,0,0,0,0,0,0,0,0,0,0,0,0,0,0
-36.55534438,174.7071497,Auckland,2018,minor_injury,80,FALSE,curved_view_open,,rain,,darkness_not_lit,,1,0,0,1,1,0,0,0,0,0,0,0,0,0,0,0,0,0,0,0
-38.03422474,175.343633,Waipa District,2018,minor_injury,50,TRUE,curved_view_open,,fine,,daylight,giveway_sign,1,0,0,1,1,0,0,0,0,0,0,0,0,0,0,0,0,0,0,0
-38.66024355,178.0175268,Gisborne District,2018,minor_injury,50,FALSE,straight,,rain,,daylight,,1,0,0,1,1,0,0,0,0,0,0,0,0,0,0,0,0,0,0,0
-37.67713588,175.3880971,Waikato District,2018,minor_injury,100,TRUE,straight,,fine,,daylight,giveway_sign,1,0,0,1,1,0,0,0,0,0,0,0,0,0,0,0,0,0,0,0
-45.89516261,170.3630147,Dunedin City,2018,minor_injury,100,FALSE,straight,,fine,,daylight,,1,0,0,1,1,0,0,0,0,0,0,0,0,0,0,0,0,0,0,0
-37.10301835,174.8984732,Auckland,2018,minor_injury,100,FALSE,curved_view_open,,rain,,daylight,,1,0,0,1,1,0,0,0,0,0,0,0,0,0,0,0,0,0,0,0
-36.91244609,174.8231474,Auckland,2018,minor_injury,100,FALSE,straight,,fine,,darkness_not_lit,,1,0,0,1,1,0,0,0,0,0,0,0,0,0,0,0,0,0,0,0
-36.81807717,174.750536,Auckland,2018,minor_injury,80,FALSE,straight,,fine,,daylight,,1,0,0,1,1,0,0,0,0,0,0,0,0,0,0,0,0,0,0,0
-36.79870187,174.7447598,Auckland,2018,minor_injury,50,FALSE,straight,,fine,,daylight,,1,0,0,1,1,0,0,0,0,0,0,0,0,0,0,0,0,0,0,0
-39.51223504,176.9026032,Napier City,2018,minor_injury,50,FALSE,straight,,fine,,daylight,,1,0,0,1,1,0,0,0,0,0,0,0,0,0,0,0,0,0,0,0
-36.81878279,174.7503615,Auckland,2018,minor_injury,80,FALSE,straight,,rain,,daylight,,1,0,0,1,1,0,0,0,0,0,0,0,0,0,0,0,0,0,0,0
-36.85775526,174.6529243,Auckland,2018,minor_injury,80,FALSE,straight,,fine,,daylight,,1,0,0,1,1,0,0,0,0,0,0,0,0,0,0,0,0,0,0,0
-46.07805808,169.8455262,Clutha District,2018,minor_injury,100,FALSE,curved_view_open,,fine,,darkness_not_lit,,1,0,0,1,1,0,0,0,0,0,0,0,0,0,0,0,0,0,0,0
-36.62839852,174.7311155,Auckland,2018,minor_injury,50,TRUE,straight,,fine,,daylight,giveway_sign,1,0,0,1,1,0,0,0,0,0,0,0,0,0,0,0,0,0,0,0
-39.41598921,175.3963104,Ruapehu District,2018,minor_injury,50,TRUE,curved_view_open,,fine,,dawn_dusk,giveway_sign,1,0,0,1,1,0,0,0,0,0,0,0,0,0,0,0,0,0,0,0
-35.26597475,173.9125992,Far North District,2018,minor_injury,80,FALSE,curved_view_open,,rain,,daylight,,1,0,0,1,1,0,0,0,0,0,0,0,0,0,0,0,0,0,0,0
-36.62313741,174.6677267,Auckland,2018,minor_injury,80,FALSE,straight,,rain,,dawn_dusk,,1,0,0,1,1,0,0,0,0,0,0,0,0,0,0,0,0,0,0,0
-36.82303953,174.7502006,Auckland,2018,minor_injury,80,FALSE,curved_view_open,,fine,,darkness_not_lit,,1,0,0,1,1,0,0,0,0,0,0,0,0,0,0,0,0,0,0,0
-36.85428555,174.6300469,Auckland,2018,minor_injury,50,FALSE,straight,,rain,,daylight,,1,0,0,1,1,0,0,0,0,0,0,0,0,0,0,0,0,0,0,0
-37.69560714,176.1117268,Tauranga City,2018,minor_injury,50,TRUE,straight,,fine,,daylight,giveway_sign,1,0,0,1,1,0,0,0,0,0,0,0,0,0,0,0,0,0,0,0
-37.70794621,176.1890421,Tauranga City,2018,minor_injury,100,FALSE,straight,,fine,,darkness_not_lit,,1,0,0,1,1,0,0,0,0,0,0,0,0,0,0,0,0,0,0,0
-35.75632977,174.2122949,Whangarei District,2018,minor_injury,100,FALSE,curved_view_open,,rain,,daylight,,1,0,0,1,1,0,0,0,0,0,0,0,0,0,0,0,0,0,0,0
-39.17670533,175.768664,Taupo District,2018,minor_injury,100,FALSE,straight,,fine,,daylight,,1,0,0,1,1,0,0,0,0,0,0,0,0,0,0,0,0,0,0,0
-41.14357567,174.8584195,Porirua City,2018,minor_injury,50,FALSE,curved_view_open,,rain,,daylight,,1,0,0,1,1,0,0,0,0,0,0,0,0,0,0,0,0,0,0,0
-38.58733956,176.158812,Taupo District,2018,minor_injury,100,FALSE,straight,,fine,,daylight,,1,0,0,1,1,0,0,0,0,0,0,0,0,0,0,0,0,0,0,0
-35.70049624,174.0459629,Whangarei District,2018,minor_injury,100,FALSE,curved_view_open,,fine,,darkness_not_lit,,1,0,0,1,1,0,0,0,0,0,0,0,0,0,0,0,0,0,0,0
-46.1041621,168.2220576,Southland District,2018,minor_injury,100,FALSE,curved_view_open,,fine,,daylight,,1,0,0,1,1,0,0,0,0,0,0,0,0,0,0,0,0,0,0,0
-44.71778368,171.0915996,Waimate District,2018,minor_injury,100,FALSE,straight,,fine,,daylight,,1,0,0,1,1,0,0,0,0,0,0,0,0,0,0,0,0,0,0,0
-36.84860073,174.7533291,Auckland,2018,minor_injury,80,FALSE,straight,,fine,,daylight,,1,0,0,1,1,0,0,0,0,0,0,0,0,0,0,0,0,0,0,0
-37.35123388,175.0798278,Waikato District,2018,minor_injury,100,FALSE,straight,,rain,,daylight,,1,0,0,1,1,0,0,0,0,0,0,0,0,0,0,0,0,0,0,0
-36.48166984,174.6575228,Auckland,2018,minor_injury,100,FALSE,straight,,fine,,daylight,,1,0,0,1,1,0,0,0,0,0,0,0,0,0,0,0,0,0,0,0
-38.04619949,176.0890846,Rotorua District,2018,minor_injury,100,FALSE,curved_view_open,,fine,,daylight,,1,0,0,1,1,0,0,0,0,0,0,0,0,0,0,0,0,0,0,0
-44.64223074,168.9921119,Queenstown-Lakes District,2018,minor_injury,100,TRUE,curved_view_open,,fine,,daylight,,1,0,0,1,1,0,0,0,0,0,0,0,0,0,0,0,0,0,0,0
-46.47359491,168.4060087,Invercargill City,2018,minor_injury,100,FALSE,curved_view_open,,fine,,dawn_dusk,,1,0,0,1,1,0,0,0,0,0,0,0,0,0,0,0,0,0,0,0
-37.373029,175.028281,Waikato District,2018,minor_injury,100,FALSE,curved_view_open,,fine,,dawn_dusk,,1,0,0,1,1,0,0,0,0,0,0,0,0,0,0,0,0,0,0,0
-39.54306606,176.8867201,Napier City,2018,minor_injury,50,FALSE,straight,,fine,,daylight,,1,0,0,1,1,0,0,0,0,0,0,0,0,0,0,0,0,0,0,0
-45.74105051,169.4724172,Central Otago District,2018,minor_injury,100,FALSE,straight,,fine,,daylight,,1,0,0,1,1,0,0,0,0,0,0,0,0,0,0,0,0,0,0,0
-35.40615932,173.8028243,Far North District,2018,minor_injury,50,FALSE,straight,,fine,,daylight,,1,0,0,1,1,0,0,0,0,0,0,0,0,0,0,0,0,0,0,0
-36.75456544,174.7160467,Auckland,2018,minor_injury,50,FALSE,straight,,,,daylight,,1,0,0,1,1,0,0,0,0,0,0,0,0,0,0,0,0,0,0,0
-38.12580807,176.238814,Rotorua District,2018,minor_injury,50,FALSE,straight,,rain,,daylight,,1,0,0,1,1,0,0,0,0,0,0,0,0,0,0,0,0,0,0,0
-38.51051316,176.1663991,Taupo District,2018,minor_injury,100,FALSE,straight,,fine,,daylight,,1,0,0,1,1,0,0,0,0,0,0,0,0,0,0,0,0,0,0,0
-36.91456643,174.9000539,Auckland,2018,minor_injury,50,FALSE,straight,,rain,,daylight,,1,0,0,1,1,0,0,0,0,0,0,0,0,0,0,0,0,0,0,0
-46.24729461,169.7627766,Clutha District,2018,minor_injury,100,FALSE,straight,,fine,,daylight,,1,0,0,1,1,0,0,0,0,0,0,0,0,0,0,0,0,0,0,0
-45.78882511,170.2661382,Dunedin City,2018,minor_injury,100,FALSE,curved_view_obscure,,fine,,daylight,,1,0,0,1,1,0,0,0,0,0,0,0,0,0,0,0,0,0,0,0
-36.96333977,174.7848688,Auckland,2018,minor_injury,50,FALSE,straight,,rain,,daylight,,1,0,0,1,1,0,0,0,0,0,0,0,0,0,0,0,0,0,0,0
-43.53986111,172.6493799,Christchurch City,2018,minor_injury,50,FALSE,straight,,fine,,daylight,,1,0,0,1,1,0,0,0,0,0,0,0,0,0,0,0,0,0,0,0
-37.0479067,174.9268179,Auckland,2018,minor_injury,50,FALSE,straight,,fine,,daylight,,1,0,0,1,1,0,0,0,0,0,0,0,0,0,0,0,0,0,0,0
-36.87100383,174.6761857,Auckland,2018,minor_injury,100,FALSE,curved_view_open,,fine,,daylight,,1,0,0,1,1,0,0,0,0,0,0,0,0,0,0,0,0,0,0,0
-45.54651777,170.1716539,Dunedin City,2018,minor_injury,100,FALSE,curved_view_open,,fine,,darkness_not_lit,,1,0,0,1,1,0,0,0,0,0,0,0,0,0,0,0,0,0,0,0
-39.56228209,176.9229699,Hastings District,2018,minor_injury,100,FALSE,straight,,fine,,daylight,,1,0,0,1,1,0,0,0,0,0,0,0,0,0,0,0,0,0,0,0
-43.34167594,172.2211131,Waimakariri District,2018,minor_injury,100,TRUE,straight,,fine,,daylight,stop_sign,1,0,0,1,1,0,0,0,0,0,0,0,0,0,0,0,0,0,0,0
-37.77144973,176.0589018,Western Bay Of Plenty District,2018,minor_injury,100,FALSE,straight,,rain,,darkness_not_lit,,1,0,0,1,1,0,0,0,0,0,0,0,0,0,0,0,0,0,0,0
-44.99330771,168.9335383,Queenstown-Lakes District,2018,minor_injury,100,FALSE,straight,,fine,,daylight,,1,0,0,1,1,0,0,0,0,0,0,0,0,0,0,0,0,0,0,0
-41.20324093,174.9257848,Hutt City,2018,minor_injury,50,FALSE,straight,,fine,,daylight,,1,0,0,1,1,0,0,0,0,0,0,0,0,0,0,0,0,0,0,0
-36.78761995,174.5766009,Auckland,2018,minor_injury,80,TRUE,curved_view_open,,fine,,daylight,giveway_sign,1,0,0,1,1,0,0,0,0,0,0,0,0,0,0,0,0,0,0,0
-38.04341323,176.7581127,Whakatane District,2018,minor_injury,100,FALSE,straight,,fine,,daylight,,1,0,0,1,1,0,0,0,0,0,0,0,0,0,0,0,0,0,0,0
-36.78531759,174.6661366,Auckland,2018,minor_injury,100,FALSE,straight,,rain,,darkness_not_lit,,1,0,0,1,1,0,0,0,0,0,0,0,0,0,0,0,0,0,0,0
-37.36505008,175.2978772,Waikato District,2018,minor_injury,100,FALSE,straight,,fine,,daylight,,1,0,0,1,1,0,0,0,0,0,0,0,0,0,0,0,0,0,0,0
-41.19222008,174.9330693,Hutt City,2018,minor_injury,70,FALSE,straight,,rain,,daylight,,1,0,0,1,1,0,0,0,0,0,0,0,0,0,0,0,0,0,0,0
-43.53110964,172.5825518,Christchurch City,2018,minor_injury,50,FALSE,straight,,fine,,dawn_dusk,,1,0,0,1,1,0,0,0,0,0,0,0,0,0,0,0,0,0,0,0
-40.01487939,175.1732325,Rangitikei District,2018,minor_injury,100,FALSE,straight,,fine,,darkness_not_lit,,1,0,0,1,1,0,0,0,0,0,0,0,0,0,0,0,0,0,0,0
-39.40715959,174.3030296,South Taranaki District,2018,minor_injury,100,FALSE,straight,,fine,,daylight,,1,0,0,1,1,0,0,0,0,0,0,0,0,0,0,0,0,0,0,0
-37.05604524,174.9362338,Auckland,2018,minor_injury,50,FALSE,straight,,fine,,daylight,,1,0,0,1,1,0,0,0,0,0,0,0,0,0,0,0,0,0,0,0
-37.03612596,174.9123883,Auckland,2018,minor_injury,50,FALSE,straight,,fine,,darkness_not_lit,,1,0,0,1,1,0,0,0,0,0,0,0,0,0,0,0,0,0,0,0
-37.44287811,175.8651454,Hauraki District,2018,minor_injury,100,FALSE,straight,,fine,,daylight,,1,0,0,1,1,0,0,0,0,0,0,0,0,0,0,0,0,0,0,0
-37.80489254,176.406948,Western Bay Of Plenty District,2018,minor_injury,100,FALSE,straight,,fine,,darkness_not_lit,,1,0,0,1,1,0,0,0,0,0,0,0,0,0,0,0,0,0,0,0
-36.97104187,174.8130979,Auckland,2018,minor_injury,100,FALSE,straight,,fine,,daylight,,1,0,0,1,1,0,0,0,0,0,0,0,0,0,0,0,0,0,0,0
-37.96583532,176.1735341,Rotorua District,2018,minor_injury,100,FALSE,curved_view_open,,mist,,daylight,,1,0,0,1,1,0,0,0,0,0,0,0,0,0,0,0,0,0,0,0
-45.84146663,170.5515146,Dunedin City,2018,minor_injury,100,FALSE,curved_view_open,,mist,,darkness_not_lit,,1,0,0,1,1,0,0,0,0,0,0,0,0,0,0,0,0,0,0,0
-43.69577332,172.0993984,Selwyn District,2018,minor_injury,100,FALSE,straight,,fine,,daylight,,1,0,0,1,1,0,0,0,0,0,0,0,0,0,0,0,0,0,0,0
-37.41789828,175.7611705,Hauraki District,2018,minor_injury,80,FALSE,curved_view_open,,fine,,daylight,,1,0,0,1,1,0,0,0,0,0,0,0,0,0,0,0,0,0,0,0
-36.90426655,174.8548718,Auckland,2018,minor_injury,50,FALSE,curved_view_open,,fine,,darkness_not_lit,,1,0,0,1,1,0,0,0,0,0,0,0,0,0,0,0,0,0,0,0
-35.20742408,173.5203513,Far North District,2018,minor_injury,100,FALSE,straight,,fine,,daylight,,1,0,0,1,1,0,0,0,0,0,0,0,0,0,0,0,0,0,0,0
-38.8828282,175.2699182,Ruapehu District,2018,minor_injury,50,FALSE,straight,,fine,,daylight,,1,0,0,1,1,0,0,0,0,0,0,0,0,0,0,0,0,0,0,0
-35.3155669,173.7585299,Far North District,2018,minor_injury,100,FALSE,straight,,rain,,daylight,,1,0,0,1,1,0,0,0,0,0,0,0,0,0,0,0,0,0,0,0
-43.56942099,172.5223506,Christchurch City,2018,minor_injury,80,FALSE,straight,,fine,,daylight,,1,0,0,1,1,0,0,0,0,0,0,0,0,0,0,0,0,0,0,0
-36.92036423,174.8427115,Auckland,2018,minor_injury,100,FALSE,straight,,rain,,darkness_not_lit,,1,0,0,1,1,0,0,0,0,0,0,0,0,0,0,0,0,0,0,0
-36.69665825,174.711893,Auckland,2018,minor_injury,80,FALSE,straight,,fine,,daylight,,1,0,0,1,1,0,0,0,0,0,0,0,0,0,0,0,0,0,0,0
-41.28617355,174.7742859,Wellington City,2018,minor_injury,50,TRUE,straight,,fine,,darkness_not_lit,giveway_sign,1,0,0,1,1,0,0,0,0,0,0,0,0,0,0,0,0,0,0,0
-43.62297787,172.4070411,Selwyn District,2018,minor_injury,100,FALSE,straight,,fine,,daylight,,1,0,0,1,1,0,0,0,0,0,0,0,0,0,0,0,0,0,0,0
-36.92197311,174.7683109,Auckland,2018,minor_injury,100,FALSE,straight,,fine,,daylight,,1,0,0,1,1,0,0,0,0,0,0,0,0,0,0,0,0,0,0,0
-36.73103673,174.4647232,Auckland,2018,minor_injury,100,FALSE,curved_view_open,,fine,,daylight,,1,0,0,1,1,0,0,0,0,0,0,0,0,0,0,0,0,0,0,0
-35.6542607,174.3901776,Whangarei District,2018,minor_injury,100,FALSE,curved_view_open,,fine,,darkness_not_lit,,1,0,0,1,1,0,0,0,0,0,0,0,0,0,0,0,0,0,0,0
-37.24351256,174.7515819,Auckland,2018,minor_injury,80,FALSE,curved_view_open,,rain,,dawn_dusk,,1,0,0,1,1,0,0,0,0,0,0,0,0,0,0,0,0,0,0,0
-35.69129051,174.3186208,Whangarei District,2018,minor_injury,50,FALSE,straight,,fine,,dawn_dusk,,1,0,0,1,1,0,0,0,0,0,0,0,0,0,0,0,0,0,0,0
-36.34083279,174.7534518,Auckland,2018,minor_injury,80,TRUE,straight,,fine,,daylight,,1,0,0,1,1,0,0,0,0,0,0,0,0,0,0,0,0,0,0,0
-36.29690497,174.5233913,Auckland,2018,minor_injury,10,FALSE,curved_view_open,,fine,,daylight,,1,0,0,1,1,0,0,0,0,0,0,0,0,0,0,0,0,0,0,0
-41.45366023,173.0834389,Tasman District,2018,minor_injury,100,FALSE,straight,,fine,,daylight,,1,0,0,1,1,0,0,0,0,0,0,0,0,0,0,0,0,0,0,0
-46.260502,168.3032253,Southland District,2018,minor_injury,100,FALSE,straight,,fine,,daylight,,1,0,0,1,1,0,0,0,0,0,0,0,0,0,0,0,0,0,0,0
-38.76015693,176.0754231,Taupo District,2018,minor_injury,100,FALSE,straight,,fine,,darkness_not_lit,,1,0,0,1,1,0,0,0,0,0,0,0,0,0,0,0,0,0,0,0
-37.63337012,175.9582848,Western Bay Of Plenty District,2018,minor_injury,100,FALSE,straight,,fine,,dawn_dusk,,1,0,0,1,1,0,0,0,0,0,0,0,0,0,0,0,0,0,0,0
-37.7097525,176.1878835,Tauranga City,2018,minor_injury,100,FALSE,straight,,fine,,daylight,,1,0,0,1,1,0,0,0,0,0,0,0,0,0,0,0,0,0,0,0
-39.59700838,176.8791205,Hastings District,2018,minor_injury,100,FALSE,straight,,fine,,daylight,,1,0,0,1,1,0,0,0,0,0,0,0,0,0,0,0,0,0,0,0
-44.17663789,170.3202938,Mackenzie District,2018,minor_injury,100,FALSE,curved_view_open,,fine,,daylight,,1,0,0,1,1,0,0,0,0,0,0,0,0,0,0,0,0,0,0,0
-43.79865413,172.6896255,Christchurch City,2018,minor_injury,100,FALSE,curved_view_open,,fine,,darkness_not_lit,,1,0,0,1,1,0,0,0,0,0,0,0,0,0,0,0,0,0,0,0
-41.28864977,174.7573119,Wellington City,2018,minor_injury,50,FALSE,curved_view_open,,rain,,daylight,,1,0,0,1,1,0,0,0,0,0,0,0,0,0,0,0,0,0,0,0
-43.57930022,172.4072965,Selwyn District,2018,minor_injury,80,FALSE,straight,,fine,,darkness_not_lit,,1,0,0,1,1,0,0,0,0,0,0,0,0,0,0,0,0,0,0,0
-41.26248051,173.2823903,Nelson City,2018,minor_injury,50,FALSE,curved_view_open,,fine,,darkness_not_lit,,1,0,0,1,1,0,0,0,0,0,0,0,0,0,0,0,0,0,0,0
-37.74153425,176.0951904,Tauranga City,2018,minor_injury,70,FALSE,straight,,fine,,daylight,,1,0,0,1,1,0,0,0,0,0,0,0,0,0,0,0,0,0,0,0
-36.16229785,174.4434184,Kaipara District,2018,minor_injury,60,FALSE,straight,,,,daylight,giveway_sign,1,0,0,1,1,0,0,0,0,0,0,0,0,0,0,0,0,0,0,0
-37.96719993,176.9680433,Whakatane District,2018,minor_injury,50,FALSE,straight,,fine,,daylight,,1,0,0,1,1,0,0,0,0,0,0,0,0,0,0,0,0,0,0,0
-45.26043845,170.7318736,Waitaki District,2018,minor_injury,100,FALSE,curved_view_open,,fine,,darkness_not_lit,,1,0,0,1,1,0,0,0,0,0,0,0,0,0,0,0,0,0,0,0
-43.49147983,172.3617154,Selwyn District,2018,minor_injury,100,FALSE,curved_view_open,,fine,,daylight,,1,0,0,1,1,0,0,0,0,0,0,0,0,0,0,0,0,0,0,0
-40.70183995,175.2221384,Horowhenua District,2018,minor_injury,100,FALSE,straight,,rain,,daylight,,1,0,0,1,1,0,0,0,0,0,0,0,0,0,0,0,0,0,0,0
-39.959462,175.0309829,Wanganui District,2018,minor_injury,100,FALSE,curved_view_open,,fine,,dawn_dusk,,1,0,0,1,1,0,0,0,0,0,0,0,0,0,0,0,0,0,0,0
-43.5015132,172.5901777,Christchurch City,2018,minor_injury,50,FALSE,straight,,fine,,daylight,,1,0,0,1,1,0,0,0,0,0,0,0,0,0,0,0,0,0,0,0
-37.40363506,175.2227015,Waikato District,2018,minor_injury,100,FALSE,curved_view_open,,fine,,daylight,,1,0,0,1,1,0,0,0,0,0,0,0,0,0,0,0,0,0,0,0
-41.24904515,174.774319,Wellington City,2018,minor_injury,30,FALSE,curved_view_open,,rain,,daylight,,1,0,0,1,1,0,0,0,0,0,0,0,0,0,0,0,0,0,0,0
-37.41311483,175.7128808,Hauraki District,2018,minor_injury,100,FALSE,curved_view_open,,rain,,daylight,,1,0,0,1,1,0,0,0,0,0,0,0,0,0,0,0,0,0,0,0
-43.51385927,172.6975225,Christchurch City,2018,minor_injury,50,FALSE,straight,,fine,,daylight,,1,0,0,1,1,0,0,0,0,0,0,0,0,0,0,0,0,0,0,0
-40.45887294,175.2587575,Horowhenua District,2018,minor_injury,100,FALSE,straight,,fine,,daylight,,1,0,0,1,1,0,0,0,0,0,0,0,0,0,0,0,0,0,0,0
-39.63820084,176.8619472,Hastings District,2018,minor_injury,50,FALSE,straight,,fine,,daylight,,1,0,0,1,1,0,0,0,0,0,0,0,0,0,0,0,0,0,0,0
-37.79774803,175.2633089,Hamilton City,2018,minor_injury,50,FALSE,straight,,fine,,daylight,,1,0,0,1,1,0,0,0,0,0,0,0,0,0,0,0,0,0,0,0
-37.25029964,174.7521675,Auckland,2018,minor_injury,70,FALSE,straight,,fine,,daylight,,1,0,0,1,1,0,0,0,0,0,0,0,0,0,0,0,0,0,0,0
-36.87066476,174.5559807,Auckland,2018,minor_injury,50,FALSE,curved_view_open,,fine,,daylight,,1,0,0,1,1,0,0,0,0,0,0,0,0,0,0,0,0,0,0,0
-36.88441954,174.7866426,Auckland,2018,minor_injury,50,FALSE,straight,,fine,,daylight,,1,0,0,1,1,0,0,0,0,0,0,0,0,0,0,0,0,0,0,0
-36.96612214,174.859034,Auckland,2018,minor_injury,50,TRUE,straight,,fine,,daylight,giveway_sign,1,0,0,1,1,0,0,0,0,0,0,0,0,0,0,0,0,0,0,0
-36.99072604,174.8933631,Auckland,2018,minor_injury,50,FALSE,straight,,fine,,daylight,,1,0,0,1,1,0,0,0,0,0,0,0,0,0,0,0,0,0,0,0
-36.90103711,174.6562482,Auckland,2018,minor_injury,50,TRUE,straight,,rain,,daylight,giveway_sign,1,0,0,1,1,0,0,0,0,0,0,0,0,0,0,0,0,0,0,0
-35.34077917,173.9656427,Far North District,2018,minor_injury,100,FALSE,straight,,fine,,daylight,,1,0,0,1,1,0,0,0,0,0,0,0,0,0,0,0,0,0,0,0
-35.90886859,174.4486188,Whangarei District,2018,minor_injury,100,FALSE,straight,,fine,,daylight,,1,0,0,1,1,0,0,0,0,0,0,0,0,0,0,0,0,0,0,0
-37.69279725,176.1667931,Tauranga City,2018,minor_injury,50,FALSE,straight,,fine,,darkness_not_lit,stop_sign,1,0,0,1,1,0,0,0,0,0,0,0,0,0,0,0,0,0,0,0
-38.51249951,176.2890122,Taupo District,2018,minor_injury,100,FALSE,straight,,fine,,daylight,,1,0,0,1,1,0,0,0,0,0,0,0,0,0,0,0,0,0,0,0
-39.93649709,174.976341,Wanganui District,2018,minor_injury,50,FALSE,straight,,fine,,darkness_not_lit,,1,0,0,1,1,0,0,0,0,0,0,0,0,0,0,0,0,0,0,0
-39.27972122,175.7443533,Taupo District,2018,minor_injury,100,FALSE,curved_view_open,,mist,,darkness_not_lit,,1,0,0,1,1,0,0,0,0,0,0,0,0,0,0,0,0,0,0,0
-38.33383788,175.1566397,Waitomo District,2018,minor_injury,50,TRUE,curved_view_open,,fine,,daylight,giveway_sign,1,0,0,1,1,0,0,0,0,0,0,0,0,0,0,0,0,0,0,0
-36.7328101,174.7201648,Auckland,2018,minor_injury,80,FALSE,straight,,fine,,daylight,,1,0,0,1,1,0,0,0,0,0,0,0,0,0,0,0,0,0,0,0
-39.62700989,176.8354909,Hastings District,2018,minor_injury,50,FALSE,straight,,fine,,daylight,,1,0,0,1,1,0,0,0,0,0,0,0,0,0,0,0,0,0,0,0
-37.79537189,175.2452709,Hamilton City,2018,minor_injury,50,FALSE,straight,,fine,,daylight,,1,0,0,1,1,0,0,0,0,0,0,0,0,0,0,0,0,0,0,0
-43.55138578,172.6319564,Christchurch City,2018,minor_injury,50,FALSE,straight,,fine,,daylight,,1,0,0,1,1,0,0,0,0,0,0,0,0,0,0,0,0,0,0,0
-38.23514514,175.847503,South Waikato District,2018,minor_injury,100,FALSE,straight,,rain,,darkness_not_lit,,1,0,0,1,1,0,0,0,0,0,0,0,0,0,0,0,0,0,0,0
-39.33468312,174.3108259,Stratford District,2018,minor_injury,100,FALSE,curved_view_open,,rain,,darkness_not_lit,,1,0,0,1,1,0,0,0,0,0,0,0,0,0,0,0,0,0,0,0
-39.33370184,175.4909578,Ruapehu District,2018,minor_injury,80,FALSE,curved_view_open,,fine,,daylight,,1,0,0,1,1,0,0,0,0,0,0,0,0,0,0,0,0,0,0,0
-37.8051934,175.7699165,Matamata-Piako District,2018,minor_injury,70,FALSE,straight,,fine,,daylight,,1,0,0,1,1,0,0,0,0,0,0,0,0,0,0,0,0,0,0,0
-35.09283188,173.2567895,Far North District,2018,minor_injury,70,FALSE,straight,,fine,,daylight,,1,0,0,1,1,0,0,0,0,0,0,0,0,0,0,0,0,0,0,0
-36.98474107,174.8395111,Auckland,2018,minor_injury,50,TRUE,straight,,fine,,daylight,giveway_sign,1,0,0,1,1,0,0,0,0,0,0,0,0,0,0,0,0,0,0,0
-43.90349604,171.7622565,Ashburton District,2018,minor_injury,50,FALSE,straight,,fine,,daylight,,1,0,0,1,1,0,0,0,0,0,0,0,0,0,0,0,0,0,0,0
-45.10057881,170.9534236,Waitaki District,2018,minor_injury,50,TRUE,straight,,fine,,darkness_not_lit,giveway_sign,1,0,0,1,1,0,0,0,0,0,0,0,0,0,0,0,0,0,0,0
-37.07333564,174.9288224,Auckland,2018,minor_injury,100,FALSE,straight,,rain,,darkness_not_lit,,1,0,0,1,1,0,0,0,0,0,0,0,0,0,0,0,0,0,0,0
-37.68362994,175.7364064,Matamata-Piako District,2018,minor_injury,100,FALSE,straight,,fine,,dawn_dusk,,1,0,0,1,1,0,0,0,0,0,0,0,0,0,0,0,0,0,0,0
-38.01559278,176.7528638,Whakatane District,2018,minor_injury,100,FALSE,curved_view_open,,mist,,daylight,,1,0,0,1,1,0,0,0,0,0,0,0,0,0,0,0,0,0,0,0
-36.60124762,174.6609165,Auckland,2018,minor_injury,80,FALSE,curved_view_open,,fine,,darkness_not_lit,,1,0,0,1,1,0,0,0,0,0,0,0,0,0,0,0,0,0,0,0
-43.66097679,172.1914359,Selwyn District,2018,minor_injury,70,FALSE,straight,,fine,,dawn_dusk,,1,0,0,1,1,0,0,0,0,0,0,0,0,0,0,0,0,0,0,0