latitude,longitude,local_government_area,year,severity,speed_limit,intersection,road_position_horizontal,road_wet,weather,crash_type,lighting,traffic_controls,casualties,fatalities,serious_injuries,minor_injuries,car_sedan,car_utility,car_van,car_4x4,car_station_wagon,motor_cycle,truck_small,truck_large,bus,taxi,bicycle,scooter,pedestrian,inanimate,train,tram
-44.83015651,169.3333879,Central Otago District,2018,minor_injury,100,FALSE,curved_view_open,,fine,,daylight,,1,0,0,1,1,0,0,0,0,0,0,0,0,0,0,0,0,0,0,0
-45.84384742,170.5059742,Dunedin City,2018,minor_injury,50,FALSE,curved_view_open,,fine,,darkness_not_lit,,1,0,0,1,1,0,0,0,0,0,0,0,0,0,0,0,0,0,0,0
-41.11331624,174.8603168,Porirua City,2018,minor_injury,100,FALSE,straight,,fine,,darkness_not_lit,,1,0,0,1,1,0,0,0,0,0,0,0,0,0,0,0,0,0,0,0
-41.12296754,175.0388348,Upper Hutt City,2018,minor_injury,20,FALSE,straight,,fine,,daylight,,1,0,0,1,1,0,0,0,0,0,0,0,0,0,0,0,0,0,0,0
-37.203408,174.8953745,Auckland,2018,minor_injury,50,TRUE,curved_view_open,,fine,,darkness_not_lit,giveway_sign,1,0,0,1,1,0,0,0,0,0,0,0,0,0,0,0,0,0,0,0
-41.26593955,173.2749317,Nelson City,2018,minor_injury,50,FALSE,straight,,fine,,darkness_not_lit,,1,0,0,1,1,0,0,0,0,0,0,0,0,0,0,0,0,0,0,0
-36.83553379,174.5473518,Auckland,2018,minor_injury,80,FALSE,straight,,fine,,daylight,,1,0,0,1,1,0,0,0,0,0,0,0,0,0,0,0,0,0,0,0
-35.20591829,173.9168703,Far North District,2018,minor_injury,70,FALSE,straight,,rain,,daylight,,1,0,0,1,1,0,0,0,0,0,0,0,0,0,0,0,0,0,0,0
-35.7419715,174.3083202,Whangarei District,2018,minor_injury,50,FALSE,straight,,fine,,darkness_not_lit,,1,0,0,1,1,0,0,0,0,0,0,0,0,0,0,0,0,0,0,0
-37.74582898,175.2956469,Waikato District,2018,minor_injury,10,FALSE,straight,,fine,,daylight,,1,0,0,1,1,0,0,0,0,0,0,0,0,0,0,0,0,0,0,0
-36.80876661,174.7958342,Auckland,2018,minor_injury,50,FALSE,straight,,fine,,daylight,,1,0,0,1,1,0,0,0,0,0,0,0,0,0,0,0,0,0,0,0
-45.89597427,170.5020031,Dunedin City,2018,minor_injury,50,TRUE,straight,,fine,,daylight,,1,0,0,1,1,0,0,0,0,0,0,0,0,0,0,0,0,0,0,0
-41.51251016,173.9579233,Marlborough District,2018,minor_injury,30,FALSE,straight,,fine,,daylight,,1,0,0,1,1,0,0,0,0,0,0,0,0,0,0,0,0,0,0,0
-38.192316,176.3355027,Rotorua District,2018,minor_injury,100,FALSE,curved_view_open,,fine,,daylight,,1,0,0,1,1,0,0,0,0,0,0,0,0,0,0,0,0,0,0,0
-45.84590772,170.6280277,Dunedin City,2018,minor_injury,50,FALSE,curved_view_open,,rain,,darkness_not_lit,,1,0,0,1,1,0,0,0,0,0,0,0,0,0,0,0,0,0,0,0
-37.68953417,176.1304411,Tauranga City,2018,minor_injury,50,FALSE,straight,,fine,,daylight,,1,0,0,1,1,0,0,0,0,0,0,0,0,0,0,0,0,0,0,0
-35.7256006,174.3254881,Whangarei District,2018,minor_injury,10,FALSE,straight,,fine,,daylight,,1,0,0,1,1,0,0,0,0,0,0,0,0,0,0,0,0,0,0,0
-37.91886195,175.3068528,Waipa District,2018,minor_injury,50,FALSE,curved_view_open,,fine,,daylight,,1,0,0,1,1,0,0,0,0,0,0,0,0,0,0,0,0,0,0,0
-45.8766804,170.5054713,Dunedin City,2018,minor_injury,50,FALSE,curved_view_open,,fine,,daylight,,1,0,0,1,1,0,0,0,0,0,0,0,0,0,0,0,0,0,0,0
-37.98746775,177.3603897,Opotiki District,2018,minor_injury,80,FALSE,straight,,fine,,darkness_not_lit,,1,0,0,1,1,0,0,0,0,0,0,0,0,0,0,0,0,0,0,0
-41.12960164,174.8797303,Porirua City,2018,minor_injury,20,FALSE,straight,,,,daylight,,1,0,0,1,1,0,0,0,0,0,0,0,0,0,0,0,0,0,0,0
-36.69117803,174.7030861,Auckland,2018,minor_injury,100,FALSE,straight,,fine,,darkness_not_lit,,1,0,0,1,1,0,0,0,0,0,0,0,0,0,0,0,0,0,0,0
-37.18983361,174.9027518,Auckland,2018,minor_injury,50,FALSE,straight,,rain,,darkness_not_lit,,1,0,0,1,1,0,0,0,0,0,0,0,0,0,0,0,0,0,0,0
-37.51880301,175.9195431,Western Bay Of Plenty District,2018,minor_injury,100,FALSE,straight,,rain,,daylight,,1,0,0,1,1,0,0,0,0,0,0,0,0,0,0,0,0,0,0,0
-37.67436071,176.1712343,Tauranga City,2018,minor_injury,80,FALSE,curved_view_open,,fine,,darkness_not_lit,,1,0,0,1,1,0,0,0,0,0,0,0,0,0,0,0,0,0,0,0
-36.98875715,174.8828539,Auckland,2018,minor_injury,60,FALSE,straight,,rain,,darkness_not_lit,,1,0,0,1,1,0,0,0,0,0,0,0,0,0,0,0,0,0,0,0
-37.84229777,175.346736,Waipa District,2018,minor_injury,100,FALSE,curved_view_open,,rain,,darkness_not_lit,,1,0,0,1,1,0,0,0,0,0,0,0,0,0,0,0,0,0,0,0
-35.10248666,173.1897018,Far North District,2018,minor_injury,100,FALSE,straight,,rain,,daylight,,1,0,0,1,1,0,0,0,0,0,0,0,0,0,0,0,0,0,0,0
-45.78054148,170.5240439,Dunedin City,2018,minor_injury,100,FALSE,curved_view_open,,fine,,daylight,,1,0,0,1,1,0,0,0,0,0,0,0,0,0,0,0,0,0,0,0
-38.10139331,175.3417869,Otorohanga District,2018,minor_injury,100,FALSE,straight,,fine,,darkness_not_lit,,1,0,0,1,1,0,0,0,0,0,0,0,0,0,0,0,0,0,0,0
-44.4249685,171.2419326,Timaru District,2018,minor_injury,100,FALSE,curved_view_open,,mist,,darkness_not_lit,,1,0,0,1,1,0,0,0,0,0,0,0,0,0,0,0,0,0,0,0
-36.89187334,174.8122443,Auckland,2018,minor_injury,50,FALSE,straight,,fine,,daylight,,1,0,0,1,1,0,0,0,0,0,0,0,0,0,0,0,0,0,0,0
-36.92622799,174.8487578,Auckland,2018,minor_injury,100,FALSE,straight,,fine,,daylight,,1,0,0,1,1,0,0,0,0,0,0,0,0,0,0,0,0,0,0,0
-42.25442408,173.8114595,Kaikoura District,2018,minor_injury,80,FALSE,straight,,rain,,daylight,,1,0,0,1,1,0,0,0,0,0,0,0,0,0,0,0,0,0,0,0
-41.2313665,174.8128805,Wellington City,2018,minor_injury,50,TRUE,straight,,fine,,daylight,giveway_sign,1,0,0,1,1,0,0,0,0,0,0,0,0,0,0,0,0,0,0,0
-37.35372877,175.0819626,Waikato District,2018,minor_injury,100,FALSE,straight,,fine,,darkness_not_lit,,1,0,0,1,1,0,0,0,0,0,0,0,0,0,0,0,0,0,0,0
-45.80455498,169.4946608,Clutha District,2018,minor_injury,100,FALSE,curved_view_open,,rain,,darkness_not_lit,,1,0,0,1,1,0,0,0,0,0,0,0,0,0,0,0,0,0,0,0
-39.08454014,177.193246,Wairoa District,2018,minor_injury,100,FALSE,curved_view_open,,fine,,daylight,,1,0,0,1,1,0,0,0,0,0,0,0,0,0,0,0,0,0,0,0
-39.65793779,176.849647,Hastings District,2018,minor_injury,50,FALSE,straight,,rain,,daylight,,1,0,0,1,1,0,0,0,0,0,0,0,0,0,0,0,0,0,0,0
-36.87961462,174.8468141,Auckland,2018,minor_injury,50,FALSE,straight,,rain,,darkness_not_lit,,1,0,0,1,1,0,0,0,0,0,0,0,0,0,0,0,0,0,0,0
-36.95699761,174.862114,Auckland,2018,minor_injury,50,FALSE,straight,,fine,,daylight,,1,0,0,1,1,0,0,0,0,0,0,0,0,0,0,0,0,0,0,0
-40.74772135,175.1282144,Kapiti Coast District,2018,minor_injury,80,FALSE,straight,,rain,,daylight,,1,0,0,1,1,0,0,0,0,0,0,0,0,0,0,0,0,0,0,0
-39.47192428,175.550108,Ruapehu District,2018,minor_injury,100,FALSE,straight,,snow,,darkness_not_lit,,1,0,0,1,1,0,0,0,0,0,0,0,0,0,0,0,0,0,0,0
-38.04098249,175.2799968,Waipa District,2018,minor_injury,100,FALSE,curved_view_open,,rain,,daylight,,1,0,0,1,1,0,0,0,0,0,0,0,0,0,0,0,0,0,0,0
-43.53705778,172.6017199,Christchurch City,2018,minor_injury,50,FALSE,straight,,fine,,daylight,,1,0,0,1,1,0,0,0,0,0,0,0,0,0,0,0,0,0,0,0
-37.56835764,175.1584706,Waikato District,2018,minor_injury,70,FALSE,straight,,fine,,daylight,,1,0,0,1,1,0,0,0,0,0,0,0,0,0,0,0,0,0,0,0
-37.78032609,175.289561,Hamilton City,2018,minor_injury,50,FALSE,straight,,fine,,daylight,,1,0,0,1,1,0,0,0,0,0,0,0,0,0,0,0,0,0,0,0
-40.95727283,174.9880172,Kapiti Coast District,2018,minor_injury,100,FALSE,straight,,fine,,daylight,,1,0,0,1,1,0,0,0,0,0,0,0,0,0,0,0,0,0,0,0
-46.18285674,168.8775313,Gore District,2018,minor_injury,100,FALSE,straight,,rain,,dawn_dusk,,1,0,0,1,1,0,0,0,0,0,0,0,0,0,0,0,0,0,0,0
-46.42231557,168.3694829,Invercargill City,2018,minor_injury,50,FALSE,straight,,fine,,daylight,,1,0,0,1,1,0,0,0,0,0,0,0,0,0,0,0,0,0,0,0
-37.27091019,175.5302266,Hauraki District,2018,minor_injury,100,TRUE,straight,,fine,,daylight,stop_sign,1,0,0,1,1,0,0,0,0,0,0,0,0,0,0,0,0,0,0,0
-37.07055391,175.5186811,Thames-Coromandel District,2018,minor_injury,100,FALSE,curved_view_open,,fine,,daylight,,1,0,0,1,1,0,0,0,0,0,0,0,0,0,0,0,0,0,0,0
-37.99681003,176.2001104,Rotorua District,2018,minor_injury,100,FALSE,curved_view_open,,fine,,dawn_dusk,,1,0,0,1,1,0,0,0,0,0,0,0,0,0,0,0,0,0,0,0
-43.38119586,172.6437032,Waimakariri District,2018,minor_injury,100,FALSE,straight,,fine,,daylight,,1,0,0,1,1,0,0,0,0,0,0,0,0,0,0,0,0,0,0,0
-35.74595096,174.3013406,Whangarei District,2018,minor_injury,50,FALSE,curved_view_open,,fine,,darkness_not_lit,,1,0,0,1,1,0,0,0,0,0,0,0,0,0,0,0,0,0,0,0
-40.41902952,175.7398002,Tararua District,2018,minor_injury,100,FALSE,curved_view_open,,rain,,daylight,,1,0,0,1,1,0,0,0,0,0,0,0,0,0,0,0,0,0,0,0
-35.18061698,173.4717904,Far North District,2018,minor_injury,100,FALSE,curved_view_open,,rain,,darkness_not_lit,,1,0,0,1,1,0,0,0,0,0,0,0,0,0,0,0,0,0,0,0
-36.79239277,174.5265119,Auckland,2018,minor_injury,80,FALSE,straight,,fine,,daylight,,1,0,0,1,1,0,0,0,0,0,0,0,0,0,0,0,0,0,0,0
-36.16624943,174.0480588,Kaipara District,2018,minor_injury,100,FALSE,curved_view_open,,fine,,daylight,,1,0,0,1,1,0,0,0,0,0,0,0,0,0,0,0,0,0,0,0
-43.56447901,172.5515754,Christchurch City,2018,minor_injury,100,FALSE,straight,,fine,,darkness_not_lit,,1,0,0,1,1,0,0,0,0,0,0,0,0,0,0,0,0,0,0,0
-34.99038027,173.5141418,Far North District,2018,minor_injury,60,TRUE,straight,,rain,,darkness_not_lit,,1,0,0,1,1,0,0,0,0,0,0,0,0,0,0,0,0,0,0,0
-39.06120444,177.8321683,Wairoa District,2018,minor_injury,70,FALSE,curved_view_open,,rain,,daylight,,1,0,0,1,1,0,0,0,0,0,0,0,0,0,0,0,0,0,0,0
-36.91144816,174.8223941,Auckland,2018,minor_injury,100,FALSE,straight,,fine,,darkness_not_lit,,1,0,0,1,1,0,0,0,0,0,0,0,0,0,0,0,0,0,0,0
-37.60191424,175.9210806,Western Bay Of Plenty District,2018,minor_injury,100,FALSE,straight,,fine,,daylight,,1,0,0,1,1,0,0,0,0,0,0,0,0,0,0,0,0,0,0,0
-39.58679444,174.2729798,South Taranaki District,2018,minor_injury,50,FALSE,straight,,fine,,daylight,,1,0,0,1,1,0,0,0,0,0,0,0,0,0,0,0,0,0,0,0
-36.96530165,174.7627531,Auckland,2018,minor_injury,50,FALSE,curved_view_open,,fine,,dawn_dusk,,1,0,0,1,1,0,0,0,0,0,0,0,0,0,0,0,0,0,0,0
-38.14810579,176.2388196,Rotorua District,2018,minor_injury,50,FALSE,straight,,rain,,daylight,,1,0,0,1,1,0,0,0,0,0,0,0,0,0,0,0,0,0,0,0
-39.65633472,176.86643,Hastings District,2018,minor_injury,80,FALSE,straight,,fine,,daylight,,1,0,0,1,1,0,0,0,0,0,0,0,0,0,0,0,0,0,0,0
-36.87629236,174.7732144,Auckland,2018,minor_injury,50,FALSE,straight,,rain,,daylight,,1,0,0,1,1,0,0,0,0,0,0,0,0,0,0,0,0,0,0,0
-35.68195843,174.2878911,Whangarei District,2018,minor_injury,100,FALSE,curved_view_open,,fine,,daylight,,1,0,0,1,1,0,0,0,0,0,0,0,0,0,0,0,0,0,0,0
-42.43840552,171.3384962,Grey District,2018,minor_injury,100,FALSE,curved_view_open,,rain,,daylight,,1,0,0,1,1,0,0,0,0,0,0,0,0,0,0,0,0,0,0,0
-38.64940607,178.0033921,Gisborne District,2018,minor_injury,50,FALSE,straight,,fine,,dawn_dusk,,1,0,0,1,1,0,0,0,0,0,0,0,0,0,0,0,0,0,0,0
-39.65812831,176.6675637,Hastings District,2018,minor_injury,100,FALSE,curved_view_open,,fine,,daylight,,1,0,0,1,1,0,0,0,0,0,0,0,0,0,0,0,0,0,0,0
-36.90699768,174.7588851,Auckland,2018,minor_injury,50,FALSE,straight,,fine,,daylight,,1,0,0,1,1,0,0,0,0,0,0,0,0,0,0,0,0,0,0,0
-35.19323181,173.4832322,Far North District,2018,minor_injury,100,FALSE,curved_view_open,,rain,,darkness_not_lit,,1,0,0,1,1,0,0,0,0,0,0,0,0,0,0,0,0,0,0,0
-36.90201066,174.7196692,Auckland,2018,minor_injury,50,FALSE,straight,,fine,,daylight,,1,0,0,1,1,0,0,0,0,0,0,0,0,0,0,0,0,0,0,0
-40.89562833,175.0091277,Kapiti Coast District,2018,minor_injury,10,FALSE,straight,,,,daylight,,1,0,0,1,1,0,0,0,0,0,0,0,0,0,0,0,0,0,0,0
-35.04216014,173.2865305,Far North District,2018,minor_injury,100,FALSE,curved_view_open,,fine,,darkness_not_lit,,1,0,0,1,1,0,0,0,0,0,0,0,0,0,0,0,0,0,0,0
-37.19763565,174.9647555,Waikato District,2018,minor_injury,100,FALSE,straight,,fine,,daylight,,1,0,0,1,1,0,0,0,0,0,0,0,0,0,0,0,0,0,0,0
-36.95609383,174.890214,Auckland,2018,minor_injury,60,FALSE,straight,,fine,,darkness_not_lit,,1,0,0,1,1,0,0,0,0,0,0,0,0,0,0,0,0,0,0,0
-37.20986972,174.7501953,Auckland,2018,minor_injury,70,FALSE,straight,,fine,,dawn_dusk,,1,0,0,1,1,0,0,0,0,0,0,0,0,0,0,0,0,0,0,0
-41.44017634,173.9574333,Marlborough District,2018,minor_injury,50,FALSE,curved_view_open,,fine,,daylight,,1,0,0,1,1,0,0,0,0,0,0,0,0,0,0,0,0,0,0,0
-37.73789881,176.100496,Tauranga City,2018,minor_injury,70,FALSE,straight,,fine,,dawn_dusk,,1,0,0,1,1,0,0,0,0,0,0,0,0,0,0,0,0,0,0,0
-40.96726666,174.9851443,Kapiti Coast District,2018,minor_injury,100,FALSE,straight,,fine,,daylight,,1,0,0,1,1,0,0,0,0,0,0,0,0,0,0,0,0,0,0,0
-37.73463099,177.7027171,Opotiki District,2018,minor_injury,70,TRUE,curved_view_open,,fine,,daylight,,1,0,0,1,1,0,0,0,0,0,0,0,0,0,0,0,0,0,0,0
-37.99706487,175.8633948,South Waikato District,2018,minor_injury,100,FALSE,straight,,fine,,darkness_not_lit,,1,0,0,1,1,0,0,0,0,0,0,0,0,0,0,0,0,0,0,0
-38.67873035,176.089907,Taupo District,2018,minor_injury,60,TRUE,straight,,fine,,daylight,giveway_sign,1,0,0,1,1,0,0,0,0,0,0,0,0,0,0,0,0,0,0,0
-41.35297396,173.7636556,Marlborough District,2018,minor_injury,100,FALSE,curved_view_open,,fine,,daylight,,1,0,0,1,1,0,0,0,0,0,0,0,0,0,0,0,0,0,0,0
-46.00805508,169.5039269,Clutha District,2018,minor_injury,100,FALSE,curved_view_open,,mist,,darkness_not_lit,,1,0,0,1,1,0,0,0,0,0,0,0,0,0,0,0,0,0,0,0
-43.59793746,172.3350317,Selwyn District,2018,minor_injury,100,FALSE,straight,,fine,,daylight,,1,0,0,1,1,0,0,0,0,0,0,0,0,0,0,0,0,0,0,0
-36.62520284,174.7468789,Auckland,2018,minor_injury,50,TRUE,straight,,rain,,daylight,stop_sign,1,0,0,1,1,0,0,0,0,0,0,0,0,0,0,0,0,0,0,0
-36.92969932,174.8428801,Auckland,2018,minor_injury,50,FALSE,straight,,fine,,daylight,,1,0,0,1,1,0,0,0,0,0,0,0,0,0,0,0,0,0,0,0
-38.14065501,176.2365392,Rotorua District,2018,minor_injury,60,FALSE,straight,,fine,,daylight,giveway_sign,1,0,0,1,1,0,0,0,0,0,0,0,0,0,0,0,0,0,0,0
-37.73946542,176.1436973,Tauranga City,2018,minor_injury,100,FALSE,straight,,rain,,daylight,,1,0,0,1,1,0,0,0,0,0,0,0,0,0,0,0,0,0,0,0
-39.52866023,176.9181899,Napier City,2018,minor_injury,100,FALSE,straight,,fine,,darkness_not_lit,,1,0,0,1,1,0,0,0,0,0,0,0,0,0,0,0,0,0,0,0
-38.66666188,178.0018394,Gisborne District,2018,minor_injury,50,FALSE,straight,,fine,,darkness_not_lit,,1,0,0,1,1,0,0,0,0,0,0,0,0,0,0,0,0,0,0,0
-43.57892957,172.3538441,Selwyn District,2018,minor_injury,100,FALSE,straight,,fine,,daylight,,1,0,0,1,1,0,0,0,0,0,0,0,0,0,0,0,0,0,0,0
-41.30400874,173.2543304,Nelson City,2018,serious_injury,70,TRUE,curved_view_open,,fine,,daylight,giveway_sign,2,0,2,0,1,0,0,0,0,0,0,0,0,0,0,0,0,0,0,0
-46.40552879,168.368161,Invercargill City,2018,serious_injury,50,TRUE,straight,,fine,,darkness_not_lit,giveway_sign,2,0,2,0,1,0,0,0,0,0,0,0,0,0,0,0,0,0,0,0
-37.78233332,176.3208999,Western Bay Of Plenty District,2018,serious_injury,50,FALSE,straight,,fine,,darkness_not_lit,,2,0,2,0,1,0,0,0,0,0,0,0,0,0,0,0,0,0,0,0
-36.85281714,174.6101519,Auckland,2018,serious_injury,50,FALSE,curved_view_open,,rain,,daylight,,2,0,2,0,1,0,0,0,0,0,0,0,0,0,0,0,0,0,0,0
-46.10530405,167.6961647,Southland District,2018,serious_injury,100,FALSE,curved_view_open,,fine,,daylight,,2,0,2,0,1,0,0,0,0,0,0,0,0,0,0,0,0,0,0,0
-37.80070908,175.6921082,Matamata-Piako District,2018,serious_injury,100,FALSE,curved_view_open,,fine,,darkness_not_lit,,2,0,2,0,1,0,0,0,0,0,0,0,0,0,0,0,0,0,0,0
-36.90797288,174.8133099,Auckland,2018,serious_injury,50,FALSE,curved_view_open,,fine,,daylight,,1,0,1,0,1,0,0,0,0,0,0,0,0,0,0,0,0,0,0,0
-43.47815486,172.5848579,Christchurch City,2018,serious_injury,50,TRUE,straight,,fine,,daylight,traffic_lights,1,0,1,0,1,0,0,0,0,0,0,0,0,0,0,0,0,0,0,0
-43.47815486,172.5848579,Christchurch City,2018,serious_injury,50,TRUE,straight,,fine,,daylight,traffic_lights,1,0,1,0,1,0,0,0,0,0,0,0,0,0,0,0,0,0,0,0
-37.030248,174.9264053,Auckland,2018,serious_injury,80,TRUE,straight,,rain,,darkness_not_lit,stop_sign,1,0,1,0,1,0,0,0,0,0,0,0,0,0,0,0,0,0,0,0
-37.58205746,175.9126049,Western Bay Of Plenty District,2018,serious_injury,100,TRUE,curved_view_open,,fine,,daylight,stop_sign,1,0,1,0,1,0,0,0,0,0,0,0,0,0,0,0,0,0,0,0
-41.19355509,174.9313438,Hutt City,2018,serious_injury,50,TRUE,curved_view_open,,fine,,daylight,giveway_sign,1,0,1,0,1,0,0,0,0,0,0,0,0,0,0,0,0,0,0,0
-36.88766079,174.763962,Auckland,2018,serious_injury,50,TRUE,straight,,fine,,daylight,giveway_sign,1,0,1,0,1,0,0,0,0,0,0,0,0,0,0,0,0,0,0,0
-43.4761663,172.5338182,Christchurch City,2018,serious_injury,100,TRUE,curved_view_open,,fine,,darkness_not_lit,,1,0,1,0,1,0,0,0,0,0,0,0,0,0,0,0,0,0,0,0
-44.736397,171.0456328,Waimate District,2018,serious_injury,50,TRUE,straight,,fine,,daylight,giveway_sign,1,0,1,0,1,0,0,0,0,0,0,0,0,0,0,0,0,0,0,0
-40.54936647,175.1961746,Horowhenua District,2018,serious_injury,30,FALSE,straight,,rain,,daylight,,1,0,1,0,1,0,0,0,0,0,0,0,0,0,0,0,0,0,0,0
-43.72253168,172.5962349,Christchurch City,2018,serious_injury,100,FALSE,curved_view_open,,fine,,daylight,,1,0,1,0,1,0,0,0,0,0,0,0,0,0,0,0,0,0,0,0
-46.28268715,169.8208605,Clutha District,2018,serious_injury,100,FALSE,straight,,fine,,daylight,,1,0,1,0,1,0,0,0,0,0,0,0,0,0,0,0,0,0,0,0
-37.00277839,174.9296112,Auckland,2018,serious_injury,60,FALSE,curved_view_open,,fine,,daylight,,1,0,1,0,1,0,0,0,0,0,0,0,0,0,0,0,0,0,0,0
-45.01892251,168.7329265,Queenstown-Lakes District,2018,serious_injury,70,FALSE,straight,,fine,,daylight,,1,0,1,0,1,0,0,0,0,0,0,0,0,0,0,0,0,0,0,0
-37.28923172,174.9439776,Waikato District,2018,serious_injury,100,FALSE,curved_view_open,,fine,,dawn_dusk,,1,0,1,0,1,0,0,0,0,0,0,0,0,0,0,0,0,0,0,0
-36.78505021,174.6672066,Auckland,2018,serious_injury,100,FALSE,straight,,fine,,darkness_not_lit,,1,0,1,0,1,0,0,0,0,0,0,0,0,0,0,0,0,0,0,0
-37.76736985,178.4676694,Gisborne District,2018,serious_injury,100,FALSE,straight,,fine,,darkness_not_lit,,1,0,1,0,1,0,0,0,0,0,0,0,0,0,0,0,0,0,0,0
-43.6762683,172.5023621,Selwyn District,2018,serious_injury,100,TRUE,straight,,fine,,daylight,stop_sign,1,0,1,0,1,0,0,0,0,0,0,0,0,0,0,0,0,0,0,0
-43.92001612,171.7212451,Ashburton District,2018,serious_injury,50,FALSE,straight,,rain,,daylight,,1,0,1,0,1,0,0,0,0,0,0,0,0,0,0,0,0,0,0,0
-36.44550759,174.6501927,Auckland,2018,serious_injury,100,FALSE,curved_view_open,,fine,,daylight,,1,0,1,0,1,0,0,0,0,0,0,0,0,0,0,0,0,0,0,0
-45.04323657,169.0421283,Queenstown-Lakes District,2018,serious_injury,100,FALSE,straight,,fine,,daylight,,1,0,1,0,1,0,0,0,0,0,0,0,0,0,0,0,0,0,0,0
-41.00425727,174.9382418,Kapiti Coast District,2018,serious_injury,70,FALSE,curved_view_open,,fine,,daylight,,1,0,1,0,1,0,0,0,0,0,0,0,0,0,0,0,0,0,0,0
-46.39466076,168.3747287,Invercargill City,2018,serious_injury,50,FALSE,straight,,fine,,darkness_not_lit,,1,0,1,0,1,0,0,0,0,0,0,0,0,0,0,0,0,0,0,0
-44.21713523,171.2713267,Timaru District,2018,serious_injury,100,FALSE,curved_view_open,,fine,,darkness_not_lit,,1,0,1,0,1,0,0,0,0,0,0,0,0,0,0,0,0,0,0,0
-37.16316618,174.8930963,Auckland,2018,serious_injury,70,FALSE,straight,,fine,,daylight,,1,0,1,0,1,0,0,0,0,0,0,0,0,0,0,0,0,0,0,0
-41.11564437,175.090596,Upper Hutt City,2018,serious_injury,50,FALSE,straight,,fine,,daylight,,1,0,1,0,1,0,0,0,0,0,0,0,0,0,0,0,0,0,0,0
-43.5463968,172.5265679,Christchurch City,2018,serious_injury,50,FALSE,straight,,fine,,daylight,giveway_sign,1,0,1,0,1,0,0,0,0,0,0,0,0,0,0,0,0,0,0,0
-45.89375205,170.4971143,Dunedin City,2018,serious_injury,50,FALSE,straight,,fine,,darkness_not_lit,,1,0,1,0,1,0,0,0,0,0,0,0,0,0,0,0,0,0,0,0
-37.78413023,175.2260368,Hamilton City,2018,serious_injury,50,FALSE,straight,,fine,,daylight,,1,0,1,0,1,0,0,0,0,0,0,0,0,0,0,0,0,0,0,0
-39.46749313,175.5879536,Ruapehu District,2018,serious_injury,100,FALSE,straight,,fine,,daylight,,1,0,1,0,1,0,0,0,0,0,0,0,0,0,0,0,0,0,0,0
-36.97697167,174.8190466,Auckland,2018,serious_injury,50,FALSE,straight,,fine,,darkness_not_lit,,1,0,1,0,1,0,0,0,0,0,0,0,0,0,0,0,0,0,0,0
-42.48263449,171.1832118,Grey District,2018,serious_injury,70,TRUE,straight,,fine,,daylight,giveway_sign,1,0,1,0,1,0,0,0,0,0,0,0,0,0,0,0,0,0,0,0
-37.83029257,175.2461475,Waipa District,2018,serious_injury,100,FALSE,straight,,fine,,darkness_not_lit,,1,0,1,0,1,0,0,0,0,0,0,0,0,0,0,0,0,0,0,0
-37.60148485,176.0695779,Western Bay Of Plenty District,2018,serious_injury,100,FALSE,straight,,rain,,darkness_not_lit,,1,0,1,0,1,0,0,0,0,0,0,0,0,0,0,0,0,0,0,0
-35.33133875,173.9779965,Far North District,2018,serious_injury,100,FALSE,curved_view_open,,rain,,daylight,,1,0,1,0,1,0,0,0,0,0,0,0,0,0,0,0,0,0,0,0
-36.62646231,174.6742398,Auckland,2018,serious_injury,50,FALSE,curved_view_open,,fine,,darkness_not_lit,,1,0,1,0,1,0,0,0,0,0,0,0,0,0,0,0,0,0,0,0
-39.52725517,176.910179,Napier City,2018,minor_injury,70,TRUE,straight,,rain,,daylight,giveway_sign,2,0,0,2,1,0,0,0,0,0,0,0,0,0,0,0,0,0,0,0
-38.65730919,177.9477078,Gisborne District,2018,minor_injury,70,TRUE,curved_view_open,,fine,,daylight,stop_sign,2,0,0,2,1,0,0,0,0,0,0,0,0,0,0,0,0,0,0,0
-36.95300538,174.7983513,Auckland,2018,minor_injury,50,TRUE,straight,,fine,,daylight,traffic_lights,2,0,0,2,1,0,0,0,0,0,0,0,0,0,0,0,0,0,0,0
-36.95300538,174.7983513,Auckland,2018,minor_injury,50,TRUE,straight,,fine,,daylight,traffic_lights,2,0,0,2,1,0,0,0,0,0,0,0,0,0,0,0,0,0,0,0
-36.99641243,174.8854923,Auckland,2018,minor_injury,60,TRUE,straight,,fine,,daylight,traffic_lights,2,0,0,2,1,0,0,0,0,0,0,0,0,0,0,0,0,0,0,0
-36.89759042,174.8454405,Auckland,2018,minor_injury,50,TRUE,straight,,fine,,daylight,traffic_lights,2,0,0,2,1,0,0,0,0,0,0,0,0,0,0,0,0,0,0,0
-36.89943481,174.9290365,Auckland,2018,minor_injury,50,TRUE,straight,,rain,,daylight,stop_sign,2,0,0,2,1,0,0,0,0,0,0,0,0,0,0,0,0,0,0,0
-36.62478104,174.672649,Auckland,2018,minor_injury,80,TRUE,straight,,fine,,daylight,stop_sign,2,0,0,2,1,0,0,0,0,0,0,0,0,0,0,0,0,0,0,0
-45.85509101,170.5188549,Dunedin City,2018,minor_injury,50,TRUE,straight,,fine,,daylight,traffic_lights,2,0,0,2,1,0,0,0,0,0,0,0,0,0,0,0,0,0,0,0
-45.85509101,170.5188549,Dunedin City,2018,minor_injury,50,TRUE,straight,,fine,,daylight,traffic_lights,2,0,0,2,1,0,0,0,0,0,0,0,0,0,0,0,0,0,0,0
-35.63956882,174.2969186,Whangarei District,2018,minor_injury,80,TRUE,curved_view_open,,rain,,darkness_not_lit,stop_sign,2,0,0,2,1,0,0,0,0,0,0,0,0,0,0,0,0,0,0,0
-38.00938946,175.3268971,Waipa District,2018,minor_injury,50,TRUE,straight,,fine,,daylight,giveway_sign,2,0,0,2,1,0,0,0,0,0,0,0,0,0,0,0,0,0,0,0
-37.02316292,174.8985069,Auckland,2018,minor_injury,50,FALSE,straight,,fine,,daylight,,2,0,0,2,1,0,0,0,0,0,0,0,0,0,0,0,0,0,0,0