latitude,longitude,local_government_area,year,severity,speed_limit,intersection,road_position_horizontal,road_wet,weather,crash_type,lighting,traffic_controls,casualties,fatalities,serious_injuries,minor_injuries,car_sedan,car_utility,car_van,car_4x4,car_station_wagon,motor_cycle,truck_small,truck_large,bus,taxi,bicycle,scooter,pedestrian,inanimate,train,tram
-39.62504395,176.8385617,Hastings District,2018,property_damage,50,FALSE,straight,,fine,,darkness_not_lit,,0,0,0,0,2,0,0,0,0,0,0,0,0,0,0,0,0,1,0,0
-37.82796055,175.292328,Hamilton City,2018,property_damage,50,FALSE,straight,,fine,,darkness_not_lit,,0,0,0,0,2,0,0,0,0,0,0,0,0,0,0,0,0,1,0,0
-37.20032952,174.9891053,Auckland,2018,property_damage,100,FALSE,straight,,rain,,darkness_not_lit,,0,0,0,0,2,0,0,0,0,0,0,0,0,0,0,0,0,1,0,0
-36.80230425,174.7089741,Auckland,2018,property_damage,50,FALSE,straight,,fine,,darkness_not_lit,,0,0,0,0,2,0,0,0,0,0,0,0,0,0,0,0,0,1,0,0
-36.9569884,174.8615522,Auckland,2018,property_damage,100,FALSE,straight,,fine,,daylight,,0,0,0,0,2,0,0,0,0,0,0,0,0,0,0,0,0,1,0,0
-41.2042978,174.9293699,Hutt City,2018,property_damage,50,FALSE,straight,,fine,,dawn_dusk,,0,0,0,0,2,0,0,0,0,0,0,0,0,0,0,0,0,1,0,0
-36.76337057,174.7322967,Auckland,2018,property_damage,50,FALSE,straight,,fine,,darkness_not_lit,,0,0,0,0,2,0,0,0,0,0,0,0,0,0,0,0,0,1,0,0
-36.97282418,174.8085233,Auckland,2018,property_damage,50,FALSE,straight,,fine,,darkness_not_lit,,0,0,0,0,2,0,0,0,0,0,0,0,0,0,0,0,0,1,0,0
-36.62741947,174.7327375,Auckland,2018,property_damage,50,FALSE,straight,,fine,,darkness_not_lit,,0,0,0,0,2,0,0,0,0,0,0,0,0,0,0,0,0,1,0,0
-43.51358826,172.6971898,Christchurch City,2018,property_damage,50,FALSE,straight,,mist,,darkness_not_lit,,0,0,0,0,2,0,0,0,0,0,0,0,0,0,0,0,0,1,0,0
-36.92270737,174.7344137,Auckland,2018,property_damage,50,FALSE,curved_view_open,,fine,,dawn_dusk,,0,0,0,0,2,0,0,0,0,0,0,0,0,0,0,0,0,1,0,0
-43.53198137,172.6549576,Christchurch City,2018,property_damage,50,FALSE,straight,,fine,,daylight,,0,0,0,0,2,0,0,0,0,0,0,0,0,0,0,0,0,1,0,0
-36.8708724,174.8057237,Auckland,2018,property_damage,50,FALSE,straight,,fine,,daylight,,0,0,0,0,2,0,0,0,0,0,0,0,0,0,0,0,0,1,0,0
-40.92948359,174.9775992,Kapiti Coast District,2018,property_damage,50,FALSE,straight,,fine,,darkness_not_lit,,0,0,0,0,2,0,0,0,0,0,0,0,0,0,0,0,0,1,0,0
-40.94833972,175.6651421,Masterton District,2018,property_damage,50,FALSE,straight,,rain,,daylight,,0,0,0,0,2,0,0,0,0,0,0,0,0,0,0,0,0,1,0,0
-45.8648563,170.4846783,Dunedin City,2018,property_damage,50,FALSE,straight,,rain,,daylight,,0,0,0,0,2,0,0,0,0,0,0,0,0,0,0,0,0,1,0,0
-36.60303335,174.6621398,Auckland,2018,property_damage,100,FALSE,straight,,rain,,darkness_not_lit,,0,0,0,0,2,0,0,0,0,0,0,0,0,0,0,0,0,1,0,0
-37.97157762,176.97497,Whakatane District,2018,property_damage,50,FALSE,straight,,rain,,darkness_not_lit,,0,0,0,0,2,0,0,0,0,0,0,0,0,0,0,0,0,1,0,0
-39.53558206,176.8556528,Napier City,2018,property_damage,50,FALSE,straight,,fine,,daylight,,0,0,0,0,2,0,0,0,0,0,0,0,0,0,0,0,0,1,0,0
-39.51888296,176.8624495,Napier City,2018,property_damage,50,FALSE,straight,,fine,,dawn_dusk,,0,0,0,0,2,0,0,0,0,0,0,0,0,0,0,0,0,1,0,0
-41.32066904,174.7744209,Wellington City,2018,property_damage,50,FALSE,straight,,fine,,daylight,,0,0,0,0,2,0,0,0,0,0,0,0,0,0,0,0,0,1,0,0
-36.75333645,174.7218777,Auckland,2018,property_damage,50,FALSE,curved_view_open,,rain,,daylight,,0,0,0,0,2,0,0,0,0,0,0,0,0,0,0,0,0,1,0,0
-36.87197575,174.8366457,Auckland,2018,property_damage,50,TRUE,straight,,rain,,darkness_not_lit,giveway_sign,0,0,0,0,2,0,0,0,0,0,0,0,0,0,0,0,0,1,0,0
-37.79195503,175.2874899,Hamilton City,2018,property_damage,50,FALSE,straight,,fine,,daylight,,0,0,0,0,2,0,0,0,0,0,0,0,0,0,0,0,0,1,0,0
-38.26270287,176.3209088,Rotorua District,2018,property_damage,100,FALSE,curved_view_open,,fine,,darkness_not_lit,,0,0,0,0,2,0,0,0,0,0,0,0,0,0,0,0,0,1,0,0
-37.86218709,175.3998332,Waikato District,2018,property_damage,50,FALSE,straight,,fine,,dawn_dusk,,0,0,0,0,2,0,0,0,0,0,0,0,0,0,0,0,0,1,0,0
-41.2247022,174.9053937,Hutt City,2018,property_damage,50,FALSE,straight,,fine,,daylight,,0,0,0,0,2,0,0,0,0,0,0,0,0,0,0,0,0,1,0,0
-41.21069906,174.9024824,Hutt City,2018,property_damage,50,FALSE,straight,,fine,,darkness_not_lit,,0,0,0,0,2,0,0,0,0,0,0,0,0,0,0,0,0,1,0,0
-41.28467067,174.7565841,Wellington City,2018,property_damage,50,FALSE,curved_view_open,,fine,,daylight,,0,0,0,0,2,0,0,0,0,0,0,0,0,0,0,0,0,1,0,0
-39.92255415,175.0508473,Wanganui District,2018,property_damage,50,FALSE,straight,,fine,,darkness_not_lit,,0,0,0,0,2,0,0,0,0,0,0,0,0,0,0,0,0,1,0,0
-41.50719773,173.9324899,Marlborough District,2018,property_damage,50,FALSE,straight,,,,dawn_dusk,,0,0,0,0,2,0,0,0,0,0,0,0,0,0,0,0,0,1,0,0
-36.87591369,174.6557951,Auckland,2018,property_damage,50,FALSE,straight,,,,darkness_not_lit,giveway_sign,0,0,0,0,2,0,0,0,0,0,0,0,0,0,0,0,0,1,0,0
-39.67818359,176.8599687,Hastings District,2018,property_damage,100,FALSE,curved_view_open,,fine,,daylight,,0,0,0,0,2,0,0,0,0,0,0,0,0,0,0,0,0,1,0,0
-36.78572723,174.7296174,Auckland,2018,property_damage,50,FALSE,straight,,fine,,daylight,,0,0,0,0,2,0,0,0,0,0,0,0,0,0,0,0,0,1,0,0
-36.79167753,174.7406444,Auckland,2018,property_damage,50,FALSE,straight,,rain,,dawn_dusk,,0,0,0,0,2,0,0,0,0,0,0,0,0,0,0,0,0,1,0,0
-43.53313687,172.6299882,Christchurch City,2018,property_damage,30,FALSE,straight,,fine,,darkness_not_lit,,0,0,0,0,2,0,0,0,0,0,0,0,0,0,0,0,0,1,0,0
-41.1428394,174.8565995,Porirua City,2018,property_damage,50,FALSE,straight,,rain,,darkness_not_lit,,0,0,0,0,2,0,0,0,0,0,0,0,0,0,0,0,0,1,0,0
-45.85945692,170.5118459,Dunedin City,2018,property_damage,50,FALSE,straight,,fine,,darkness_not_lit,,0,0,0,0,2,0,0,0,0,0,0,0,0,0,0,0,0,1,0,0
-43.38299419,172.6428779,Waimakariri District,2018,property_damage,100,FALSE,straight,,fine,,darkness_not_lit,,0,0,0,0,2,0,0,0,0,0,0,0,0,0,0,0,0,1,0,0
-36.90701344,174.6671749,Auckland,2018,property_damage,50,FALSE,straight,,rain,,darkness_not_lit,,0,0,0,0,2,0,0,0,0,0,0,0,0,0,0,0,0,1,0,0
-36.98920002,174.899179,Auckland,2018,property_damage,50,FALSE,straight,,fine,,daylight,,0,0,0,0,2,0,0,0,0,0,0,0,0,0,0,0,0,1,0,0
-43.52975237,172.6779517,Christchurch City,2018,property_damage,60,TRUE,straight,,rain,,darkness_not_lit,,0,0,0,0,2,0,0,0,0,0,0,0,0,0,0,0,0,1,0,0
-36.89001966,174.7347622,Auckland,2018,property_damage,50,FALSE,straight,,fine,,darkness_not_lit,,0,0,0,0,2,0,0,0,0,0,0,0,0,0,0,0,0,1,0,0
-45.89751724,170.3361024,Dunedin City,2018,property_damage,50,FALSE,straight,,fine,,daylight,,0,0,0,0,2,0,0,0,0,0,0,0,0,0,0,0,0,1,0,0
-43.56310231,172.7145992,Christchurch City,2018,property_damage,50,FALSE,straight,,fine,,daylight,,0,0,0,0,2,0,0,0,0,0,0,0,0,0,0,0,0,1,0,0
-36.96571882,174.8444446,Auckland,2018,property_damage,50,FALSE,curved_view_open,,,,darkness_not_lit,,0,0,0,0,2,0,0,0,0,0,0,0,0,0,0,0,0,1,0,0
-41.17632816,174.9609507,Hutt City,2018,property_damage,50,FALSE,straight,,fine,,darkness_not_lit,,0,0,0,0,2,0,0,0,0,0,0,0,0,0,0,0,0,1,0,0
-43.55461508,172.6309587,Christchurch City,2018,property_damage,50,FALSE,straight,,fine,,darkness_not_lit,,0,0,0,0,2,0,0,0,0,0,0,0,0,0,0,0,0,1,0,0
-36.72942487,174.7317016,Auckland,2018,property_damage,50,FALSE,straight,,fine,,daylight,,0,0,0,0,2,0,0,0,0,0,0,0,0,0,0,0,0,1,0,0
-41.28928327,174.7718026,Wellington City,2018,property_damage,50,FALSE,straight,,fine,,daylight,,0,0,0,0,2,0,0,0,0,0,0,0,0,0,0,0,0,1,0,0
-40.47830851,175.283226,Horowhenua District,2018,property_damage,50,FALSE,straight,,rain,,darkness_not_lit,,0,0,0,0,2,0,0,0,0,0,0,0,0,0,0,0,0,1,0,0
-39.07729614,174.0679492,New Plymouth District,2018,property_damage,50,FALSE,curved_view_open,,fine,,darkness_not_lit,,0,0,0,0,2,0,0,0,0,0,0,0,0,0,0,0,0,1,0,0
-38.64325024,178.0108735,Gisborne District,2018,property_damage,50,FALSE,straight,,fine,,daylight,,0,0,0,0,2,0,0,0,0,0,0,0,0,0,0,0,0,1,0,0
-37.95715018,177.0175127,Whakatane District,2018,property_damage,50,FALSE,straight,,fine,,daylight,,0,0,0,0,2,0,0,0,0,0,0,0,0,0,0,0,0,1,0,0
-40.34734185,175.649246,Palmerston North City,2018,property_damage,50,FALSE,curved_view_open,,fine,,darkness_not_lit,,0,0,0,0,2,0,0,0,0,0,0,0,0,0,0,0,0,1,0,0
-36.85275528,174.7866566,Auckland,2018,property_damage,50,FALSE,straight,,fine,,daylight,,0,0,0,0,2,0,0,0,0,0,0,0,0,0,0,0,0,1,0,0
-36.90163746,174.7067991,Auckland,2018,property_damage,50,FALSE,straight,,fine,,darkness_not_lit,,0,0,0,0,2,0,0,0,0,0,0,0,0,0,0,0,0,1,0,0
-36.56726176,174.6906391,Auckland,2018,property_damage,50,FALSE,straight,,fine,,daylight,,0,0,0,0,2,0,0,0,0,0,0,0,0,0,0,0,0,1,0,0
-41.22089718,174.8159196,Wellington City,2018,property_damage,50,FALSE,curved_view_open,,snow,,daylight,,0,0,0,0,2,0,0,0,0,0,0,0,0,0,0,0,0,1,0,0
-36.90162105,174.7066865,Auckland,2018,property_damage,50,FALSE,straight,,fine,,darkness_not_lit,,0,0,0,0,2,0,0,0,0,0,0,0,0,0,0,0,0,1,0,0
-41.50706791,173.9570642,Marlborough District,2018,property_damage,50,FALSE,straight,,fine,,daylight,,0,0,0,0,2,0,0,0,0,0,0,0,0,0,0,0,0,1,0,0
-41.5223208,173.9598777,Marlborough District,2018,property_damage,50,FALSE,straight,,fine,,daylight,,0,0,0,0,2,0,0,0,0,0,0,0,0,0,0,0,0,1,0,0
-39.53746512,176.8480335,Napier City,2018,property_damage,50,FALSE,straight,,fine,,daylight,,0,0,0,0,2,0,0,0,0,0,0,0,0,0,0,0,0,1,0,0
-37.98480357,175.3605261,Waipa District,2018,property_damage,100,TRUE,curved_view_open,,fine,,daylight,giveway_sign,0,0,0,0,2,0,0,0,0,0,0,0,0,0,0,0,0,1,0,0
-41.20726391,174.9103024,Hutt City,2018,property_damage,50,FALSE,straight,,fine,,darkness_not_lit,,0,0,0,0,2,0,0,0,0,0,0,0,0,0,0,0,0,1,0,0
-41.21288376,174.8802523,Hutt City,2018,property_damage,50,FALSE,curved_view_open,,fine,,daylight,,0,0,0,0,2,0,0,0,0,0,0,0,0,0,0,0,0,1,0,0
-36.78641795,174.7599457,Auckland,2018,property_damage,50,FALSE,straight,,fine,,darkness_not_lit,,0,0,0,0,2,0,0,0,0,0,0,0,0,0,0,0,0,1,0,0
-43.31238879,172.5840026,Waimakariri District,2018,property_damage,50,FALSE,straight,,mist,,darkness_not_lit,,0,0,0,0,2,0,0,0,0,0,0,0,0,0,0,0,0,1,0,0
-36.82420593,174.8065883,Auckland,2018,property_damage,50,FALSE,curved_view_open,,rain,,darkness_not_lit,,0,0,0,0,2,0,0,0,0,0,0,0,0,0,0,0,0,1,0,0
-37.01989808,174.8986392,Auckland,2018,property_damage,50,FALSE,curved_view_open,,,,daylight,,0,0,0,0,2,0,0,0,0,0,0,0,0,0,0,0,0,1,0,0
-36.96067092,174.923415,Auckland,2018,property_damage,50,FALSE,curved_view_open,,fine,,darkness_not_lit,,0,0,0,0,2,0,0,0,0,0,0,0,0,0,0,0,0,1,0,0
-36.87273953,174.7447038,Auckland,2018,property_damage,50,FALSE,curved_view_open,,,,darkness_not_lit,,0,0,0,0,2,0,0,0,0,0,0,0,0,0,0,0,0,1,0,0
-37.1384727,175.3004248,Hauraki District,2018,property_damage,100,FALSE,curved_view_open,,fine,,daylight,,0,0,0,0,2,0,0,0,0,0,0,0,0,0,0,0,0,1,0,0
-41.2175143,174.8304627,Wellington City,2018,property_damage,50,FALSE,straight,,fine,,darkness_not_lit,,0,0,0,0,2,0,0,0,0,0,0,0,0,0,0,0,0,1,0,0
-41.18785997,174.835133,Wellington City,2018,property_damage,50,FALSE,straight,,fine,,daylight,,0,0,0,0,2,0,0,0,0,0,0,0,0,0,0,0,0,1,0,0
-36.86076306,174.6004474,Auckland,2018,property_damage,50,FALSE,curved_view_open,,fine,,darkness_not_lit,,0,0,0,0,2,0,0,0,0,0,0,0,0,0,0,0,0,1,0,0
-36.89380388,174.8303571,Auckland,2018,property_damage,50,FALSE,straight,,fine,,darkness_not_lit,,0,0,0,0,2,0,0,0,0,0,0,0,0,0,0,0,0,1,0,0
-41.25845281,174.9361197,Hutt City,2018,property_damage,50,FALSE,straight,,rain,,darkness_not_lit,,0,0,0,0,2,0,0,0,0,0,0,0,0,0,0,0,0,1,0,0
-37.79504978,175.2569353,Hamilton City,2018,property_damage,50,FALSE,straight,,fine,,daylight,,0,0,0,0,2,0,0,0,0,0,0,0,0,0,0,0,0,1,0,0
-35.94139606,173.8710538,Kaipara District,2018,property_damage,50,TRUE,straight,,fine,,daylight,,0,0,0,0,2,0,0,0,0,0,0,0,0,0,0,0,0,1,0,0
-40.02769368,175.202115,Rangitikei District,2018,property_damage,100,FALSE,curved_view_open,,fine,,daylight,,0,0,0,0,2,0,0,0,0,0,0,0,0,0,0,0,0,1,0,0
-37.79128707,176.5289753,Western Bay Of Plenty District,2018,property_damage,50,FALSE,curved_view_open,,fine,,darkness_not_lit,,0,0,0,0,2,0,0,0,0,0,0,0,0,0,0,0,0,1,0,0
-37.0496272,174.9357334,Auckland,2018,property_damage,50,FALSE,straight,,rain,,darkness_not_lit,,0,0,0,0,2,0,0,0,0,0,0,0,0,0,0,0,0,1,0,0
-36.870569,174.7445871,Auckland,2018,property_damage,50,FALSE,straight,,rain,,daylight,,0,0,0,0,2,0,0,0,0,0,0,0,0,0,0,0,0,1,0,0
-36.96695457,174.9305372,Auckland,2018,property_damage,50,TRUE,straight,,fine,,darkness_not_lit,giveway_sign,0,0,0,0,2,0,0,0,0,0,0,0,0,0,0,0,0,1,0,0
-36.86119612,174.8689953,Auckland,2018,property_damage,50,FALSE,straight,,fine,,darkness_not_lit,,0,0,0,0,2,0,0,0,0,0,0,0,0,0,0,0,0,1,0,0
-36.81602771,174.7316892,Auckland,2018,property_damage,50,FALSE,straight,,fine,,daylight,,0,0,0,0,2,0,0,0,0,0,0,0,0,0,0,0,0,1,0,0
-36.85108648,174.7765237,Auckland,2018,property_damage,50,FALSE,straight,,fine,,daylight,,0,0,0,0,2,0,0,0,0,0,0,0,0,0,0,0,0,1,0,0
-45.88564934,170.4745371,Dunedin City,2018,property_damage,50,FALSE,straight,,rain,,darkness_not_lit,giveway_sign,0,0,0,0,2,0,0,0,0,0,0,0,0,0,0,0,0,1,0,0
-35.73625019,174.3146069,Whangarei District,2018,property_damage,50,FALSE,curved_view_obscure,,fine,,daylight,,0,0,0,0,2,0,0,0,0,0,0,0,0,0,0,0,0,1,0,0
-36.85968773,174.8467157,Auckland,2018,property_damage,50,TRUE,curved_view_open,,fine,,daylight,giveway_sign,0,0,0,0,2,0,0,0,0,0,0,0,0,0,0,0,0,1,0,0
-37.24892396,174.7280309,Auckland,2018,property_damage,50,FALSE,straight,,fine,,daylight,,0,0,0,0,2,0,0,0,0,0,0,0,0,0,0,0,0,1,0,0
-39.53554779,176.848544,Napier City,2018,property_damage,50,FALSE,straight,,fine,,daylight,,0,0,0,0,2,0,0,0,0,0,0,0,0,0,0,0,0,1,0,0
-43.55440865,172.5939669,Christchurch City,2018,property_damage,50,FALSE,straight,,mist,,daylight,,0,0,0,0,2,0,0,0,0,0,0,0,0,0,0,0,0,1,0,0
-37.68158483,176.1689574,Tauranga City,2018,property_damage,50,FALSE,straight,,fine,,darkness_not_lit,,0,0,0,0,2,0,0,0,0,0,0,0,0,0,0,0,0,1,0,0
-41.31314618,174.7657588,Wellington City,2018,property_damage,50,FALSE,straight,,fine,,daylight,,0,0,0,0,2,0,0,0,0,0,0,0,0,0,0,0,0,1,0,0
-36.85614533,174.6513754,Auckland,2018,property_damage,80,FALSE,curved_view_open,,rain,,daylight,,0,0,0,0,2,0,0,0,0,0,0,0,0,0,0,0,0,1,0,0
-36.84728392,174.7582673,Auckland,2018,property_damage,50,FALSE,straight,,fine,,darkness_not_lit,,0,0,0,0,2,0,0,0,0,0,0,0,0,0,0,0,0,1,0,0
-38.13750426,176.2299093,Rotorua District,2018,property_damage,50,FALSE,curved_view_open,,fine,,daylight,,0,0,0,0,2,0,0,0,0,0,0,0,0,0,0,0,0,1,0,0
-39.05780399,174.0740005,New Plymouth District,2018,property_damage,30,FALSE,straight,,fine,,daylight,,0,0,0,0,2,0,0,0,0,0,0,0,0,0,0,0,0,1,0,0
-36.85905966,174.7549365,Auckland,2018,property_damage,50,FALSE,straight,,fine,,darkness_not_lit,,0,0,0,0,2,0,0,0,0,0,0,0,0,0,0,0,0,1,0,0
-36.84398057,174.6236375,Auckland,2018,property_damage,50,FALSE,straight,,fine,,daylight,,0,0,0,0,2,0,0,0,0,0,0,0,0,0,0,0,0,1,0,0
-36.90958163,174.7431856,Auckland,2018,property_damage,50,FALSE,straight,,fine,,darkness_not_lit,,0,0,0,0,2,0,0,0,0,0,0,0,0,0,0,0,0,1,0,0
-43.50538297,172.5723998,Christchurch City,2018,property_damage,50,FALSE,straight,,fine,,darkness_not_lit,,0,0,0,0,2,0,0,0,0,0,0,0,0,0,0,0,0,1,0,0
-36.90531247,174.6740404,Auckland,2018,property_damage,50,FALSE,straight,,fine,,darkness_not_lit,,0,0,0,0,2,0,0,0,0,0,0,0,0,0,0,0,0,1,0,0
-36.81805608,174.72919,Auckland,2018,property_damage,50,FALSE,straight,,fine,,darkness_not_lit,,0,0,0,0,2,0,0,0,0,0,0,0,0,0,0,0,0,1,0,0
-36.85495084,174.7700405,Auckland,2018,property_damage,80,FALSE,straight,,fine,,daylight,,0,0,0,0,2,0,0,0,0,0,0,0,0,0,0,0,0,1,0,0
-36.89367793,174.7587476,Auckland,2018,property_damage,50,FALSE,straight,,fine,,daylight,,0,0,0,0,2,0,0,0,0,0,0,0,0,0,0,0,0,1,0,0
-36.90218117,174.8018038,Auckland,2018,property_damage,50,FALSE,straight,,fine,,daylight,,0,0,0,0,2,0,0,0,0,0,0,0,0,0,0,0,0,1,0,0
-36.85823526,174.7293996,Auckland,2018,property_damage,50,FALSE,straight,,fine,,daylight,,0,0,0,0,2,0,0,0,0,0,0,0,0,0,0,0,0,1,0,0
-36.90102784,174.8475434,Auckland,2018,property_damage,50,FALSE,straight,,fine,,darkness_not_lit,,0,0,0,0,2,0,0,0,0,0,0,0,0,0,0,0,0,1,0,0
-37.79915708,175.3077112,Hamilton City,2018,property_damage,40,FALSE,straight,,,,dawn_dusk,,0,0,0,0,2,0,0,0,0,0,0,0,0,0,0,0,0,1,0,0
-37.77453019,175.2854654,Hamilton City,2018,property_damage,50,FALSE,straight,,fine,,daylight,,0,0,0,0,2,0,0,0,0,0,0,0,0,0,0,0,0,1,0,0
-37.77221988,175.2930572,Hamilton City,2018,property_damage,50,FALSE,straight,,,,daylight,,0,0,0,0,2,0,0,0,0,0,0,0,0,0,0,0,0,1,0,0
-37.79283805,175.3055159,Hamilton City,2018,property_damage,50,FALSE,straight,,fine,,daylight,,0,0,0,0,2,0,0,0,0,0,0,0,0,0,0,0,0,1,0,0
-44.39233481,171.2147476,Timaru District,2018,property_damage,50,TRUE,straight,,fine,,darkness_not_lit,stop_sign,0,0,0,0,2,0,0,0,0,0,0,0,0,0,0,0,0,1,0,0
-37.7043778,176.0968751,Western Bay Of Plenty District,2018,property_damage,80,FALSE,curved_view_open,,rain,,daylight,,0,0,0,0,2,0,0,0,0,0,0,0,0,0,0,0,0,1,0,0
-41.30917289,174.8309583,Wellington City,2018,property_damage,40,FALSE,straight,,fine,,daylight,,0,0,0,0,2,0,0,0,0,0,0,0,0,0,0,0,0,1,0,0
-41.29179406,174.786512,Wellington City,2018,property_damage,40,TRUE,straight,,fine,,daylight,,0,0,0,0,2,0,0,0,0,0,0,0,0,0,0,0,0,1,0,0
-41.29334055,174.7773822,Wellington City,2018,property_damage,50,FALSE,straight,,fine,,daylight,,0,0,0,0,2,0,0,0,0,0,0,0,0,0,0,0,0,1,0,0
-36.91014526,174.640989,Auckland,2018,property_damage,50,FALSE,straight,,fine,,daylight,,0,0,0,0,2,0,0,0,0,0,0,0,0,0,0,0,0,1,0,0
-36.90120227,174.7038377,Auckland,2018,property_damage,50,FALSE,straight,,rain,,darkness_not_lit,,0,0,0,0,2,0,0,0,0,0,0,0,0,0,0,0,0,1,0,0
-36.90447535,174.7496351,Auckland,2018,property_damage,50,FALSE,straight,,rain,,darkness_not_lit,,0,0,0,0,2,0,0,0,0,0,0,0,0,0,0,0,0,1,0,0
-37.79495518,175.3211395,Hamilton City,2018,property_damage,50,FALSE,straight,,rain,,darkness_not_lit,giveway_sign,0,0,0,0,2,0,0,0,0,0,0,0,0,0,0,0,0,1,0,0
-36.9071453,174.7610883,Auckland,2018,property_damage,50,FALSE,straight,,fine,,dawn_dusk,,0,0,0,0,2,0,0,0,0,0,0,0,0,0,0,0,0,1,0,0
-37.79463985,175.2977023,Hamilton City,2018,property_damage,50,FALSE,straight,,rain,,darkness_not_lit,,0,0,0,0,2,0,0,0,0,0,0,0,0,0,0,0,0,1,0,0
-39.93916247,175.0094215,Wanganui District,2018,property_damage,50,FALSE,straight,,rain,,darkness_not_lit,,0,0,0,0,2,0,0,0,0,0,0,0,0,0,0,0,0,1,0,0
-40.93046121,174.9773195,Kapiti Coast District,2018,property_damage,50,FALSE,straight,,fine,,daylight,,0,0,0,0,2,0,0,0,0,0,0,0,0,0,0,0,0,1,0,0
-41.29636776,174.8022348,Wellington City,2018,property_damage,50,FALSE,curved_view_open,,fine,,daylight,,0,0,0,0,2,0,0,0,0,0,0,0,0,0,0,0,0,1,0,0
-37.77550001,175.231602,Hamilton City,2018,property_damage,50,FALSE,straight,,fine,,darkness_not_lit,,0,0,0,0,2,0,0,0,0,0,0,0,0,0,0,0,0,1,0,0
-36.85697695,174.7876298,Auckland,2018,property_damage,50,FALSE,curved_view_open,,fine,,daylight,,0,0,0,0,2,0,0,0,0,0,0,0,0,0,0,0,0,1,0,0
-41.16802291,174.8251149,Wellington City,2018,property_damage,50,FALSE,straight,,fine,,darkness_not_lit,,0,0,0,0,2,0,0,0,0,0,0,0,0,0,0,0,0,1,0,0
-38.65216328,178.0075459,Gisborne District,2018,property_damage,50,FALSE,straight,,fine,,daylight,,0,0,0,0,2,0,0,0,0,0,0,0,0,0,0,0,0,1,0,0
-37.7963494,175.2788244,Hamilton City,2018,property_damage,50,FALSE,straight,,,,daylight,,0,0,0,0,2,0,0,0,0,0,0,0,0,0,0,0,0,1,0,0
-36.84922189,174.748487,Auckland,2018,property_damage,50,TRUE,curved_view_open,,,,daylight,,0,0,0,0,2,0,0,0,0,0,0,0,0,0,0,0,0,1,0,0
-37.73104131,175.2564538,Hamilton City,2018,property_damage,50,FALSE,curved_view_open,,,,daylight,,0,0,0,0,2,0,0,0,0,0,0,0,0,0,0,0,0,1,0,0
-36.85879478,174.7848231,Auckland,2018,property_damage,50,FALSE,straight,,fine,,daylight,,0,0,0,0,2,0,0,0,0,0,0,0,0,0,0,0,0,1,0,0
-41.19722118,174.9479082,Hutt City,2018,property_damage,50,FALSE,straight,,fine,,daylight,,0,0,0,0,2,0,0,0,0,0,0,0,0,0,0,0,0,1,0,0
-36.4253778,174.7279906,Auckland,2018,property_damage,50,FALSE,straight,,fine,,daylight,,0,0,0,0,2,0,0,0,0,0,0,0,0,0,0,0,0,1,0,0
-41.22003046,174.8245921,Wellington City,2018,property_damage,50,FALSE,straight,,fine,,darkness_not_lit,,0,0,0,0,2,0,0,0,0,0,0,0,0,0,0,0,0,1,0,0
-41.2784811,174.7696238,Wellington City,2018,property_damage,50,FALSE,straight,,rain,,daylight,,0,0,0,0,2,0,0,0,0,0,0,0,0,0,0,0,0,1,0,0
-39.5820989,176.9183621,Hastings District,2018,property_damage,50,FALSE,straight,,fine,,darkness_not_lit,,0,0,0,0,2,0,0,0,0,0,0,0,0,0,0,0,0,1,0,0
-41.33129565,174.7739565,Wellington City,2018,property_damage,50,FALSE,straight,,rain,,darkness_not_lit,,0,0,0,0,2,0,0,0,0,0,0,0,0,0,0,0,0,1,0,0
-41.29486495,174.776074,Wellington City,2018,property_damage,50,FALSE,straight,,rain,,darkness_not_lit,,0,0,0,0,2,0,0,0,0,0,0,0,0,0,0,0,0,1,0,0
-39.63273335,176.8334545,Hastings District,2018,property_damage,50,FALSE,straight,,fine,,daylight,,0,0,0,0,2,0,0,0,0,0,0,0,0,0,0,0,0,1,0,0
-36.85948693,174.7424394,Auckland,2018,property_damage,50,FALSE,straight,,fine,,daylight,,0,0,0,0,2,0,0,0,0,0,0,0,0,0,0,0,0,1,0,0
-36.86865236,174.7584317,Auckland,2018,property_damage,50,FALSE,straight,,fine,,darkness_not_lit,,0,0,0,0,2,0,0,0,0,0,0,0,0,0,0,0,0,1,0,0
-36.90786073,174.6825142,Auckland,2018,property_damage,50,FALSE,straight,,fine,,daylight,,0,0,0,0,2,0,0,0,0,0,0,0,0,0,0,0,0,1,0,0
-39.93816109,174.9828257,Wanganui District,2018,property_damage,50,FALSE,straight,,mist,,daylight,,0,0,0,0,2,0,0,0,0,0,0,0,0,0,0,0,0,1,0,0
-35.71925796,174.3152342,Whangarei District,2018,property_damage,70,FALSE,straight,,rain,,darkness_not_lit,,0,0,0,0,2,0,0,0,0,0,0,0,0,0,0,0,0,1,0,0
-36.88362881,174.7136689,Auckland,2018,property_damage,50,FALSE,straight,,,,daylight,,0,0,0,0,2,0,0,0,0,0,0,0,0,0,0,0,0,1,0,0
-36.87206576,174.7506793,Auckland,2018,property_damage,60,FALSE,straight,,,,daylight,,0,0,0,0,2,0,0,0,0,0,0,0,0,0,0,0,0,1,0,0
-36.95615926,174.887801,Auckland,2018,property_damage,50,FALSE,straight,,fine,,darkness_not_lit,,0,0,0,0,2,0,0,0,0,0,0,0,0,0,0,0,0,1,0,0