latitude,longitude,local_government_area,year,severity,speed_limit,intersection,road_position_horizontal,road_wet,weather,crash_type,lighting,traffic_controls,casualties,fatalities,serious_injuries,minor_injuries,car_sedan,car_utility,car_van,car_4x4,car_station_wagon,motor_cycle,truck_small,truck_large,bus,taxi,bicycle,scooter,pedestrian,inanimate,train,tram
-37.68238312,176.1674156,Tauranga City,2018,property_damage,50,FALSE,straight,,fine,,daylight,,0,0,0,0,2,0,0,0,0,0,0,0,0,0,0,0,0,1,0,0
-45.90126557,170.4839103,Dunedin City,2018,property_damage,50,FALSE,straight,,fine,,darkness_not_lit,,0,0,0,0,2,0,0,0,0,0,0,0,0,0,0,0,0,1,0,0
-36.91292601,174.7425433,Auckland,2018,property_damage,100,FALSE,curved_view_open,,fine,,darkness_not_lit,,0,0,0,0,2,0,0,0,0,0,0,0,0,0,0,0,0,1,0,0
-37.65448216,175.5306014,Matamata-Piako District,2018,property_damage,50,FALSE,straight,,fine,,daylight,,0,0,0,0,2,0,0,0,0,0,0,0,0,0,0,0,0,1,0,0
-35.10261947,173.2592122,Far North District,2018,property_damage,50,FALSE,straight,,fine,,daylight,,0,0,0,0,2,0,0,0,0,0,0,0,0,0,0,0,0,1,0,0
-41.20749952,174.8976905,Hutt City,2018,property_damage,100,FALSE,straight,,fine,,daylight,,0,0,0,0,2,0,0,0,0,0,0,0,0,0,0,0,0,1,0,0
-36.90525237,174.6706271,Auckland,2018,property_damage,50,FALSE,straight,,fine,,darkness_not_lit,,0,0,0,0,2,0,0,0,0,0,0,0,0,0,0,0,0,1,0,0
-38.59514004,176.031582,Taupo District,2018,property_damage,100,FALSE,curved_view_open,,fine,,daylight,,0,0,0,0,2,0,0,0,0,0,0,0,0,0,0,0,0,1,0,0
-41.23472997,174.8063392,Wellington City,2018,property_damage,50,FALSE,curved_view_open,,,,darkness_not_lit,,0,0,0,0,2,0,0,0,0,0,0,0,0,0,0,0,0,1,0,0
-36.86565371,174.5805252,Auckland,2018,property_damage,50,FALSE,straight,,rain,,daylight,,0,0,0,0,2,0,0,0,0,0,0,0,0,0,0,0,0,1,0,0
-46.10531869,168.9402106,Gore District,2018,property_damage,50,FALSE,straight,,fine,,daylight,,0,0,0,0,2,0,0,0,0,0,0,0,0,0,0,0,0,1,0,0
-36.98641831,174.8905036,Auckland,2018,property_damage,50,FALSE,curved_view_open,,fine,,darkness_not_lit,,0,0,0,0,2,0,0,0,0,0,0,0,0,0,0,0,0,1,0,0
-36.90456076,174.6582324,Auckland,2018,property_damage,50,FALSE,straight,,fine,,daylight,,0,0,0,0,2,0,0,0,0,0,0,0,0,0,0,0,0,1,0,0
-36.968998,174.9044729,Auckland,2018,property_damage,50,FALSE,curved_view_open,,fine,,daylight,,0,0,0,0,2,0,0,0,0,0,0,0,0,0,0,0,0,1,0,0
-36.88643464,174.7904934,Auckland,2018,property_damage,50,FALSE,straight,,fine,,darkness_not_lit,,0,0,0,0,2,0,0,0,0,0,0,0,0,0,0,0,0,1,0,0
-41.20992555,174.9181565,Hutt City,2018,property_damage,50,FALSE,straight,,fine,,daylight,,0,0,0,0,2,0,0,0,0,0,0,0,0,0,0,0,0,1,0,0
-41.25321023,174.7769979,Wellington City,2018,property_damage,50,FALSE,curved_view_open,,fine,,daylight,,0,0,0,0,2,0,0,0,0,0,0,0,0,0,0,0,0,1,0,0
-36.96908615,174.6382547,Auckland,2018,property_damage,50,FALSE,curved_view_open,,fine,,darkness_not_lit,,0,0,0,0,2,0,0,0,0,0,0,0,0,0,0,0,0,1,0,0
-36.97761074,174.9131131,Auckland,2018,property_damage,50,TRUE,straight,,fine,,darkness_not_lit,giveway_sign,0,0,0,0,2,0,0,0,0,0,0,0,0,0,0,0,0,1,0,0
-39.48126075,176.9210686,Napier City,2018,property_damage,50,FALSE,straight,,fine,,darkness_not_lit,,0,0,0,0,2,0,0,0,0,0,0,0,0,0,0,0,0,1,0,0
-36.90272652,174.9183454,Auckland,2018,property_damage,50,FALSE,curved_view_open,,fine,,darkness_not_lit,,0,0,0,0,2,0,0,0,0,0,0,0,0,0,0,0,0,1,0,0
-36.87995074,174.9116045,Auckland,2018,property_damage,50,FALSE,straight,,fine,,daylight,,0,0,0,0,2,0,0,0,0,0,0,0,0,0,0,0,0,1,0,0
-36.91107671,174.8452828,Auckland,2018,property_damage,50,FALSE,straight,,fine,,dawn_dusk,,0,0,0,0,2,0,0,0,0,0,0,0,0,0,0,0,0,1,0,0
-45.04257838,169.207658,Central Otago District,2018,property_damage,50,FALSE,straight,,fine,,darkness_not_lit,,0,0,0,0,2,0,0,0,0,0,0,0,0,0,0,0,0,1,0,0
-40.622923,175.2794329,Horowhenua District,2018,property_damage,50,FALSE,straight,,fine,,daylight,,0,0,0,0,2,0,0,0,0,0,0,0,0,0,0,0,0,1,0,0
-40.40667908,175.4915538,Manawatu District,2018,property_damage,100,FALSE,straight,,fine,,darkness_not_lit,,0,0,0,0,2,0,0,0,0,0,0,0,0,0,0,0,0,1,0,0
-40.36762598,175.6228369,Palmerston North City,2018,property_damage,50,FALSE,straight,,fine,,daylight,,0,0,0,0,2,0,0,0,0,0,0,0,0,0,0,0,0,1,0,0
-43.55135527,172.5503976,Christchurch City,2018,property_damage,50,FALSE,straight,,fine,,darkness_not_lit,,0,0,0,0,2,0,0,0,0,0,0,0,0,0,0,0,0,1,0,0
-44.38188394,171.2258112,Timaru District,2018,property_damage,50,FALSE,straight,,fine,,daylight,,0,0,0,0,2,0,0,0,0,0,0,0,0,0,0,0,0,1,0,0
-41.32540685,173.2261653,Nelson City,2018,property_damage,50,FALSE,straight,,fine,,dawn_dusk,,0,0,0,0,2,0,0,0,0,0,0,0,0,0,0,0,0,1,0,0
-36.60911783,174.6998261,Auckland,2018,property_damage,50,FALSE,straight,,fine,,daylight,,0,0,0,0,2,0,0,0,0,0,0,0,0,0,0,0,0,1,0,0
-45.71299907,168.4325779,Southland District,2018,property_damage,100,FALSE,straight,,fine,,darkness_not_lit,,0,0,0,0,2,0,0,0,0,0,0,0,0,0,0,0,0,1,0,0
-43.53488192,172.5492205,Christchurch City,2018,property_damage,50,FALSE,straight,,fine,,daylight,,0,0,0,0,2,0,0,0,0,0,0,0,0,0,0,0,0,1,0,0
-43.50232953,172.5673496,Christchurch City,2018,property_damage,50,FALSE,straight,,fine,,darkness_not_lit,,0,0,0,0,2,0,0,0,0,0,0,0,0,0,0,0,0,1,0,0
-41.17560515,174.9387558,Hutt City,2018,property_damage,50,FALSE,straight,,fine,,darkness_not_lit,,0,0,0,0,2,0,0,0,0,0,0,0,0,0,0,0,0,1,0,0
-36.86332195,174.7525662,Auckland,2018,property_damage,80,FALSE,straight,,fine,,daylight,,0,0,0,0,2,0,0,0,0,0,0,0,0,0,0,0,0,1,0,0
-42.40041435,173.6811219,Kaikoura District,2018,property_damage,50,FALSE,straight,,fine,,daylight,,0,0,0,0,2,0,0,0,0,0,0,0,0,0,0,0,0,1,0,0
-36.93975382,174.8477933,Auckland,2018,property_damage,50,FALSE,straight,,fine,,darkness_not_lit,stop_sign,0,0,0,0,2,0,0,0,0,0,0,0,0,0,0,0,0,1,0,0
-36.88712566,174.7817011,Auckland,2018,property_damage,50,FALSE,straight,,fine,,daylight,,0,0,0,0,2,0,0,0,0,0,0,0,0,0,0,0,0,1,0,0
-37.67687501,176.1688702,Tauranga City,2018,property_damage,50,FALSE,straight,,fine,,daylight,,0,0,0,0,2,0,0,0,0,0,0,0,0,0,0,0,0,1,0,0
-43.53201997,172.7111072,Christchurch City,2018,property_damage,70,FALSE,straight,,fine,,darkness_not_lit,,0,0,0,0,2,0,0,0,0,0,0,0,0,0,0,0,0,1,0,0
-39.92606373,175.0475002,Wanganui District,2018,property_damage,50,FALSE,straight,,fine,,darkness_not_lit,,0,0,0,0,2,0,0,0,0,0,0,0,0,0,0,0,0,1,0,0
-38.99546756,174.2619582,New Plymouth District,2018,property_damage,100,FALSE,curved_view_open,,rain,,darkness_not_lit,,0,0,0,0,2,0,0,0,0,0,0,0,0,0,0,0,0,1,0,0
-40.35631101,175.5889347,Palmerston North City,2018,property_damage,50,FALSE,straight,,rain,,darkness_not_lit,,0,0,0,0,2,0,0,0,0,0,0,0,0,0,0,0,0,1,0,0
-39.63454061,176.8332748,Hastings District,2018,property_damage,50,FALSE,straight,,rain,,darkness_not_lit,,0,0,0,0,2,0,0,0,0,0,0,0,0,0,0,0,0,1,0,0
-36.85640248,174.7265093,Auckland,2018,property_damage,50,FALSE,straight,,fine,,darkness_not_lit,,0,0,0,0,2,0,0,0,0,0,0,0,0,0,0,0,0,1,0,0
-43.37774312,172.6453035,Waimakariri District,2018,property_damage,100,FALSE,straight,,fine,,darkness_not_lit,,0,0,0,0,2,0,0,0,0,0,0,0,0,0,0,0,0,1,0,0
-43.54053906,172.6444001,Christchurch City,2018,property_damage,50,FALSE,straight,,fine,,daylight,,0,0,0,0,2,0,0,0,0,0,0,0,0,0,0,0,0,1,0,0
-45.87312407,170.5058367,Dunedin City,2018,property_damage,20,FALSE,straight,,fine,,daylight,,0,0,0,0,2,0,0,0,0,0,0,0,0,0,0,0,0,1,0,0
-36.81196739,174.7504417,Auckland,2018,property_damage,50,FALSE,straight,,fine,,dawn_dusk,,0,0,0,0,2,0,0,0,0,0,0,0,0,0,0,0,0,1,0,0
-39.667646,176.8750908,Hastings District,2018,property_damage,50,FALSE,straight,,fine,,daylight,,0,0,0,0,2,0,0,0,0,0,0,0,0,0,0,0,0,1,0,0
-41.26755743,173.2945658,Nelson City,2018,property_damage,50,FALSE,straight,,fine,,darkness_not_lit,,0,0,0,0,2,0,0,0,0,0,0,0,0,0,0,0,0,1,0,0
-37.69529168,176.2580274,Tauranga City,2018,property_damage,50,TRUE,straight,,fine,,daylight,,0,0,0,0,2,0,0,0,0,0,0,0,0,0,0,0,0,1,0,0
-36.96911891,174.9053633,Auckland,2018,property_damage,60,FALSE,straight,,fine,,darkness_not_lit,,0,0,0,0,2,0,0,0,0,0,0,0,0,0,0,0,0,1,0,0
-36.85447193,174.7216541,Auckland,2018,property_damage,50,FALSE,straight,,fine,,daylight,,0,0,0,0,2,0,0,0,0,0,0,0,0,0,0,0,0,1,0,0
-36.86501127,174.759627,Auckland,2018,property_damage,50,FALSE,straight,,fine,,darkness_not_lit,,0,0,0,0,2,0,0,0,0,0,0,0,0,0,0,0,0,1,0,0
-41.34054309,173.1838594,Tasman District,2018,property_damage,50,FALSE,straight,,fine,,darkness_not_lit,,0,0,0,0,2,0,0,0,0,0,0,0,0,0,0,0,0,1,0,0
-46.4323224,168.3649885,Invercargill City,2018,property_damage,50,FALSE,straight,,fine,,daylight,,0,0,0,0,2,0,0,0,0,0,0,0,0,0,0,0,0,1,0,0
-46.41121075,168.3474173,Invercargill City,2018,property_damage,50,FALSE,straight,,fine,,daylight,,0,0,0,0,2,0,0,0,0,0,0,0,0,0,0,0,0,1,0,0
-36.98595011,174.884807,Auckland,2018,property_damage,100,FALSE,straight,,rain,,darkness_not_lit,,0,0,0,0,2,0,0,0,0,0,0,0,0,0,0,0,0,1,0,0
-40.23109252,175.5691724,Manawatu District,2018,property_damage,50,FALSE,straight,,fine,,daylight,,0,0,0,0,2,0,0,0,0,0,0,0,0,0,0,0,0,1,0,0
-36.75711542,174.7439965,Auckland,2018,property_damage,50,FALSE,straight,,fine,,darkness_not_lit,,0,0,0,0,2,0,0,0,0,0,0,0,0,0,0,0,0,1,0,0
-41.28238922,174.7466957,Wellington City,2018,property_damage,50,FALSE,straight,,fine,,darkness_not_lit,,0,0,0,0,2,0,0,0,0,0,0,0,0,0,0,0,0,1,0,0
-41.26167578,174.7753294,Wellington City,2018,property_damage,30,FALSE,straight,,fine,,daylight,,0,0,0,0,2,0,0,0,0,0,0,0,0,0,0,0,0,1,0,0
-36.69716116,174.7375255,Auckland,2018,property_damage,50,FALSE,curved_view_open,,fine,,darkness_not_lit,,0,0,0,0,2,0,0,0,0,0,0,0,0,0,0,0,0,1,0,0
-36.86203705,174.6632356,Auckland,2018,property_damage,100,FALSE,straight,,fine,,darkness_not_lit,,0,0,0,0,2,0,0,0,0,0,0,0,0,0,0,0,0,1,0,0
-39.05716868,174.0636817,New Plymouth District,2018,property_damage,50,FALSE,straight,,fine,,darkness_not_lit,,0,0,0,0,2,0,0,0,0,0,0,0,0,0,0,0,0,1,0,0
-36.97783458,174.8044403,Auckland,2018,property_damage,60,FALSE,straight,,fine,,daylight,,0,0,0,0,2,0,0,0,0,0,0,0,0,0,0,0,0,1,0,0
-38.45822644,175.7751326,Taupo District,2018,property_damage,100,FALSE,straight,,rain,,daylight,,0,0,0,0,2,0,0,0,0,0,0,0,0,0,0,0,0,1,0,0
-38.52425153,175.8765298,Taupo District,2018,property_damage,100,FALSE,curved_view_open,,rain,,daylight,,0,0,0,0,2,0,0,0,0,0,0,0,0,0,0,0,0,1,0,0
-36.89240022,174.6525042,Auckland,2018,property_damage,50,FALSE,straight,,fine,,daylight,,0,0,0,0,2,0,0,0,0,0,0,0,0,0,0,0,0,1,0,0
-41.13488373,175.0388584,Upper Hutt City,2018,property_damage,50,FALSE,straight,,fine,,daylight,,0,0,0,0,2,0,0,0,0,0,0,0,0,0,0,0,0,1,0,0
-41.30905051,173.2252964,Nelson City,2018,property_damage,50,FALSE,straight,,fine,,daylight,,0,0,0,0,2,0,0,0,0,0,0,0,0,0,0,0,0,1,0,0
-38.65903162,178.023092,Gisborne District,2018,property_damage,50,FALSE,straight,,fine,,darkness_not_lit,,0,0,0,0,2,0,0,0,0,0,0,0,0,0,0,0,0,1,0,0
-36.85044589,174.8176922,Auckland,2018,property_damage,50,FALSE,straight,,fine,,daylight,,0,0,0,0,2,0,0,0,0,0,0,0,0,0,0,0,0,1,0,0
-36.91731321,174.8018904,Auckland,2018,property_damage,50,FALSE,straight,,fine,,darkness_not_lit,,0,0,0,0,2,0,0,0,0,0,0,0,0,0,0,0,0,1,0,0
-43.55482957,172.6304622,Christchurch City,2018,property_damage,50,FALSE,straight,,rain,,daylight,,0,0,0,0,2,0,0,0,0,0,0,0,0,0,0,0,0,1,0,0
-36.97944891,174.874738,Auckland,2018,property_damage,50,TRUE,straight,,fine,,darkness_not_lit,stop_sign,0,0,0,0,2,0,0,0,0,0,0,0,0,0,0,0,0,1,0,0
-40.20253457,175.5632062,Manawatu District,2018,property_damage,50,FALSE,curved_view_open,,fine,,darkness_not_lit,,0,0,0,0,2,0,0,0,0,0,0,0,0,0,0,0,0,1,0,0
-39.61336615,176.7772577,Hastings District,2018,property_damage,50,FALSE,straight,,rain,,darkness_not_lit,,0,0,0,0,2,0,0,0,0,0,0,0,0,0,0,0,0,1,0,0
-36.78592512,174.762792,Auckland,2018,property_damage,50,FALSE,straight,,fine,,daylight,,0,0,0,0,2,0,0,0,0,0,0,0,0,0,0,0,0,1,0,0
-39.92896479,175.0166591,Wanganui District,2018,property_damage,50,FALSE,straight,,fine,,darkness_not_lit,,0,0,0,0,2,0,0,0,0,0,0,0,0,0,0,0,0,1,0,0
-37.72320022,176.144461,Tauranga City,2018,property_damage,50,FALSE,straight,,fine,,darkness_not_lit,,0,0,0,0,2,0,0,0,0,0,0,0,0,0,0,0,0,1,0,0
-39.49702181,176.9012977,Napier City,2018,property_damage,50,FALSE,curved_view_open,,fine,,darkness_not_lit,,0,0,0,0,2,0,0,0,0,0,0,0,0,0,0,0,0,1,0,0
-41.21268116,174.9487605,Hutt City,2018,property_damage,50,FALSE,straight,,rain,,darkness_not_lit,,0,0,0,0,2,0,0,0,0,0,0,0,0,0,0,0,0,1,0,0
-36.93941311,174.8453598,Auckland,2018,property_damage,50,FALSE,straight,,fine,,daylight,,0,0,0,0,2,0,0,0,0,0,0,0,0,0,0,0,0,1,0,0
-36.98355521,174.8548968,Auckland,2018,property_damage,50,FALSE,straight,,fine,,daylight,,0,0,0,0,2,0,0,0,0,0,0,0,0,0,0,0,0,1,0,0
-36.89865572,174.6171301,Auckland,2018,property_damage,50,FALSE,straight,,fine,,daylight,,0,0,0,0,2,0,0,0,0,0,0,0,0,0,0,0,0,1,0,0
-36.87829704,174.7443478,Auckland,2018,property_damage,50,FALSE,straight,,fine,,daylight,,0,0,0,0,2,0,0,0,0,0,0,0,0,0,0,0,0,1,0,0
-41.24732852,174.7851448,Wellington City,2018,property_damage,50,FALSE,straight,,rain,,darkness_not_lit,,0,0,0,0,2,0,0,0,0,0,0,0,0,0,0,0,0,1,0,0
-36.98430643,174.866195,Auckland,2018,property_damage,50,FALSE,straight,,fine,,daylight,,0,0,0,0,2,0,0,0,0,0,0,0,0,0,0,0,0,1,0,0
-36.71790018,174.7246131,Auckland,2018,property_damage,50,FALSE,straight,,fine,,daylight,,0,0,0,0,2,0,0,0,0,0,0,0,0,0,0,0,0,1,0,0
-41.26766502,174.9517083,Hutt City,2018,property_damage,50,FALSE,straight,,rain,,darkness_not_lit,,0,0,0,0,2,0,0,0,0,0,0,0,0,0,0,0,0,1,0,0
-37.13654726,175.0431007,Auckland,2018,property_damage,100,FALSE,curved_view_open,,fine,,daylight,,0,0,0,0,2,0,0,0,0,0,0,0,0,0,0,0,0,1,0,0
-38.1463549,176.2441496,Rotorua District,2018,property_damage,50,FALSE,straight,,fine,,daylight,,0,0,0,0,2,0,0,0,0,0,0,0,0,0,0,0,0,1,0,0
-36.92640077,174.8498173,Auckland,2018,property_damage,50,FALSE,straight,,fine,,daylight,,0,0,0,0,2,0,0,0,0,0,0,0,0,0,0,0,0,1,0,0
-36.62685417,174.7375112,Auckland,2018,property_damage,50,FALSE,straight,,mist,,darkness_not_lit,,0,0,0,0,2,0,0,0,0,0,0,0,0,0,0,0,0,1,0,0
-45.04075315,168.6295987,Queenstown-Lakes District,2018,property_damage,50,TRUE,straight,,fine,,darkness_not_lit,,0,0,0,0,2,0,0,0,0,0,0,0,0,0,0,0,0,1,0,0
-45.88515446,170.4892393,Dunedin City,2018,property_damage,50,FALSE,straight,,fine,,darkness_not_lit,,0,0,0,0,2,0,0,0,0,0,0,0,0,0,0,0,0,1,0,0
-40.76330598,175.1524173,Kapiti Coast District,2018,property_damage,50,FALSE,straight,,fine,,darkness_not_lit,,0,0,0,0,2,0,0,0,0,0,0,0,0,0,0,0,0,1,0,0
-46.37612456,168.3474264,Invercargill City,2018,property_damage,50,FALSE,straight,,fine,,daylight,,0,0,0,0,2,0,0,0,0,0,0,0,0,0,0,0,0,1,0,0
-37.03356145,174.8952807,Auckland,2018,property_damage,50,FALSE,straight,,fine,,darkness_not_lit,,0,0,0,0,2,0,0,0,0,0,0,0,0,0,0,0,0,1,0,0
-41.27950585,174.7306666,Wellington City,2018,property_damage,50,FALSE,curved_view_open,,fine,,dawn_dusk,,0,0,0,0,2,0,0,0,0,0,0,0,0,0,0,0,0,1,0,0
-37.53770988,175.1598499,Waikato District,2018,property_damage,50,FALSE,straight,,fine,,darkness_not_lit,,0,0,0,0,2,0,0,0,0,0,0,0,0,0,0,0,0,1,0,0
-37.74387481,175.2479125,Hamilton City,2018,property_damage,50,FALSE,straight,,fine,,darkness_not_lit,,0,0,0,0,2,0,0,0,0,0,0,0,0,0,0,0,0,1,0,0
-36.9656958,174.8078604,Auckland,2018,property_damage,50,FALSE,straight,,fine,,daylight,,0,0,0,0,2,0,0,0,0,0,0,0,0,0,0,0,0,1,0,0
-36.91607099,174.7153489,Auckland,2018,property_damage,50,FALSE,straight,,fine,,daylight,,0,0,0,0,2,0,0,0,0,0,0,0,0,0,0,0,0,1,0,0
-35.68355998,174.2991,Whangarei District,2018,property_damage,50,FALSE,straight,,fine,,daylight,,0,0,0,0,2,0,0,0,0,0,0,0,0,0,0,0,0,1,0,0
-43.53529205,172.6423022,Christchurch City,2018,property_damage,30,FALSE,straight,,fine,,darkness_not_lit,,0,0,0,0,2,0,0,0,0,0,0,0,0,0,0,0,0,1,0,0
-36.97604202,174.8592641,Auckland,2018,property_damage,50,FALSE,straight,,fine,,darkness_not_lit,,0,0,0,0,2,0,0,0,0,0,0,0,0,0,0,0,0,1,0,0
-41.33104672,174.779578,Wellington City,2018,property_damage,50,FALSE,straight,,fine,,darkness_not_lit,,0,0,0,0,2,0,0,0,0,0,0,0,0,0,0,0,0,1,0,0
-36.60164424,174.6789241,Auckland,2018,property_damage,50,FALSE,straight,,fine,,darkness_not_lit,,0,0,0,0,2,0,0,0,0,0,0,0,0,0,0,0,0,1,0,0
-36.85744224,174.722562,Auckland,2018,property_damage,50,FALSE,straight,,fine,,darkness_not_lit,,0,0,0,0,2,0,0,0,0,0,0,0,0,0,0,0,0,1,0,0
-37.72030271,176.3365338,Tauranga City,2018,property_damage,50,FALSE,straight,,fine,,darkness_not_lit,,0,0,0,0,2,0,0,0,0,0,0,0,0,0,0,0,0,1,0,0
-43.50892904,172.6990812,Christchurch City,2018,property_damage,50,FALSE,straight,,fine,,darkness_not_lit,,0,0,0,0,2,0,0,0,0,0,0,0,0,0,0,0,0,1,0,0
-39.69119556,175.8110758,Rangitikei District,2018,property_damage,100,FALSE,straight,,fine,,darkness_not_lit,,0,0,0,0,2,0,0,0,0,0,0,0,0,0,0,0,0,1,0,0
-36.7559717,174.7574015,Auckland,2018,property_damage,50,FALSE,straight,,fine,,darkness_not_lit,,0,0,0,0,2,0,0,0,0,0,0,0,0,0,0,0,0,1,0,0
-37.25427106,174.9489528,Waikato District,2018,property_damage,50,FALSE,straight,,fine,,daylight,,0,0,0,0,2,0,0,0,0,0,0,0,0,0,0,0,0,1,0,0
-36.60569836,174.7095,Auckland,2018,property_damage,50,FALSE,curved_view_open,,fine,,daylight,,0,0,0,0,2,0,0,0,0,0,0,0,0,0,0,0,0,1,0,0
-36.85557444,174.8364549,Auckland,2018,property_damage,50,FALSE,straight,,fine,,darkness_not_lit,,0,0,0,0,2,0,0,0,0,0,0,0,0,0,0,0,0,1,0,0
-36.91642294,174.7993775,Auckland,2018,property_damage,50,FALSE,straight,,fine,,daylight,,0,0,0,0,2,0,0,0,0,0,0,0,0,0,0,0,0,1,0,0
-37.26747979,174.9404071,Waikato District,2018,property_damage,50,FALSE,straight,,fine,,daylight,,0,0,0,0,2,0,0,0,0,0,0,0,0,0,0,0,0,1,0,0
-41.29900373,174.7978284,Wellington City,2018,property_damage,50,FALSE,straight,,fine,,darkness_not_lit,,0,0,0,0,2,0,0,0,0,0,0,0,0,0,0,0,0,1,0,0
-36.8736514,174.638884,Auckland,2018,property_damage,50,FALSE,straight,,fine,,darkness_not_lit,,0,0,0,0,2,0,0,0,0,0,0,0,0,0,0,0,0,1,0,0
-36.72458962,174.7226576,Auckland,2018,property_damage,50,FALSE,straight,,fine,,darkness_not_lit,,0,0,0,0,2,0,0,0,0,0,0,0,0,0,0,0,0,1,0,0
-36.95775563,174.8677929,Auckland,2018,property_damage,50,FALSE,straight,,fine,,darkness_not_lit,,0,0,0,0,2,0,0,0,0,0,0,0,0,0,0,0,0,1,0,0
-37.72429919,176.12823,Tauranga City,2018,property_damage,50,FALSE,straight,,rain,,darkness_not_lit,,0,0,0,0,2,0,0,0,0,0,0,0,0,0,0,0,0,1,0,0
-41.31229396,174.7789842,Wellington City,2018,property_damage,50,FALSE,straight,,fine,,daylight,,0,0,0,0,2,0,0,0,0,0,0,0,0,0,0,0,0,1,0,0
-41.53903719,173.9425859,Marlborough District,2018,property_damage,50,FALSE,straight,,fine,,daylight,,0,0,0,0,2,0,0,0,0,0,0,0,0,0,0,0,0,1,0,0
-37.07026737,174.9543778,Auckland,2018,property_damage,50,FALSE,straight,,fine,,daylight,,0,0,0,0,2,0,0,0,0,0,0,0,0,0,0,0,0,1,0,0
-45.07238379,169.2258456,Central Otago District,2018,property_damage,100,FALSE,curved_view_open,,fine,,daylight,,0,0,0,0,2,0,0,0,0,0,0,0,0,0,0,0,0,1,0,0
-41.31063202,174.7810295,Wellington City,2018,property_damage,40,FALSE,straight,,fine,,daylight,,0,0,0,0,2,0,0,0,0,0,0,0,0,0,0,0,0,1,0,0
-35.29737936,174.0991051,Far North District,2018,property_damage,80,FALSE,straight,,rain,,daylight,,0,0,0,0,2,0,0,0,0,0,0,0,0,0,0,0,0,1,0,0
-36.90041183,174.8604459,Auckland,2018,property_damage,50,FALSE,straight,,fine,,daylight,,0,0,0,0,2,0,0,0,0,0,0,0,0,0,0,0,0,1,0,0
-37.80743816,175.2836971,Hamilton City,2018,property_damage,60,FALSE,straight,,fine,,darkness_not_lit,,0,0,0,0,2,0,0,0,0,0,0,0,0,0,0,0,0,1,0,0
-36.6407646,174.7564132,Auckland,2018,property_damage,50,FALSE,straight,,rain,,daylight,,0,0,0,0,2,0,0,0,0,0,0,0,0,0,0,0,0,1,0,0
-36.9760326,174.8355493,Auckland,2018,property_damage,50,TRUE,straight,,fine,,daylight,giveway_sign,0,0,0,0,2,0,0,0,0,0,0,0,0,0,0,0,0,1,0,0
-36.96180049,174.793706,Auckland,2018,property_damage,50,FALSE,straight,,rain,,daylight,,0,0,0,0,2,0,0,0,0,0,0,0,0,0,0,0,0,1,0,0
-38.04158506,176.0891412,Rotorua District,2018,property_damage,100,FALSE,straight,,fine,,darkness_not_lit,,0,0,0,0,2,0,0,0,0,0,0,0,0,0,0,0,0,1,0,0
-36.80804593,174.7802253,Auckland,2018,property_damage,50,FALSE,straight,,fine,,daylight,,0,0,0,0,2,0,0,0,0,0,0,0,0,0,0,0,0,1,0,0
-40.6260643,175.2904754,Horowhenua District,2018,property_damage,50,FALSE,straight,,fine,,daylight,,0,0,0,0,2,0,0,0,0,0,0,0,0,0,0,0,0,1,0,0
-40.94812003,175.6777252,Masterton District,2018,property_damage,50,FALSE,straight,,rain,,daylight,,0,0,0,0,2,0,0,0,0,0,0,0,0,0,0,0,0,1,0,0
-36.92505845,174.6945566,Auckland,2018,property_damage,50,FALSE,straight,,fine,,daylight,,0,0,0,0,2,0,0,0,0,0,0,0,0,0,0,0,0,1,0,0
-37.07705114,174.9375329,Auckland,2018,property_damage,50,FALSE,straight,,fine,,daylight,,0,0,0,0,2,0,0,0,0,0,0,0,0,0,0,0,0,1,0,0
-41.10851994,174.9041258,Porirua City,2018,property_damage,50,FALSE,straight,,fine,,darkness_not_lit,,0,0,0,0,2,0,0,0,0,0,0,0,0,0,0,0,0,1,0,0
-43.60552179,172.7078191,Christchurch City,2018,property_damage,50,FALSE,straight,,fine,,daylight,,0,0,0,0,2,0,0,0,0,0,0,0,0,0,0,0,0,1,0,0
-40.63110795,175.2841451,Horowhenua District,2018,property_damage,50,FALSE,straight,,fine,,daylight,,0,0,0,0,2,0,0,0,0,0,0,0,0,0,0,0,0,1,0,0
-37.76961323,175.2397916,Hamilton City,2018,property_damage,80,FALSE,straight,,rain,,darkness_not_lit,,0,0,0,0,2,0,0,0,0,0,0,0,0,0,0,0,0,1,0,0
-36.90381803,174.8901802,Auckland,2018,property_damage,50,FALSE,straight,,fine,,dawn_dusk,,0,0,0,0,2,0,0,0,0,0,0,0,0,0,0,0,0,1,0,0
-40.32756131,175.6594293,Palmerston North City,2018,property_damage,50,FALSE,straight,,fine,,darkness_not_lit,,0,0,0,0,2,0,0,0,0,0,0,0,0,0,0,0,0,1,0,0
-45.0414047,168.6282792,Queenstown-Lakes District,2018,property_damage,50,FALSE,straight,,fine,,dawn_dusk,,0,0,0,0,2,0,0,0,0,0,0,0,0,0,0,0,0,1,0,0
-45.8539781,170.488531,Dunedin City,2018,property_damage,50,FALSE,straight,,fine,,daylight,,0,0,0,0,2,0,0,0,0,0,0,0,0,0,0,0,0,1,0,0
-35.71348705,174.3235408,Whangarei District,2018,minor_injury,50,TRUE,straight,,rain,,darkness_not_lit,stop_sign,1,0,0,1,2,0,0,0,0,0,0,0,0,0,0,0,0,1,0,0