latitude,longitude,local_government_area,year,severity,speed_limit,intersection,road_position_horizontal,road_wet,weather,crash_type,lighting,traffic_controls,casualties,fatalities,serious_injuries,minor_injuries,car_sedan,car_utility,car_van,car_4x4,car_station_wagon,motor_cycle,truck_small,truck_large,bus,taxi,bicycle,scooter,pedestrian,inanimate,train,tram
-38.95884742,175.7488859,Taupo District,2018,minor_injury,100,FALSE,curved_view_open,,fine,,darkness_not_lit,,1,0,0,1,2,0,0,0,0,0,0,0,0,0,0,0,0,1,0,0
-41.35044876,173.1911074,Tasman District,2018,minor_injury,50,FALSE,straight,,rain,,darkness_not_lit,,1,0,0,1,2,0,0,0,0,0,0,0,0,0,0,0,0,1,0,0
-37.07457594,174.9234884,Auckland,2018,minor_injury,50,FALSE,straight,,fine,,darkness_not_lit,,1,0,0,1,2,0,0,0,0,0,0,0,0,0,0,0,0,1,0,0
-36.87981804,174.7247476,Auckland,2018,minor_injury,30,FALSE,straight,,fine,,daylight,,1,0,0,1,2,0,0,0,0,0,0,0,0,0,0,0,0,1,0,0
-37.06007522,174.9722561,Auckland,2018,minor_injury,50,FALSE,straight,,rain,,darkness_not_lit,,1,0,0,1,2,0,0,0,0,0,0,0,0,0,0,0,0,1,0,0
-36.88540954,174.7479656,Auckland,2018,minor_injury,50,FALSE,straight,,fine,,darkness_not_lit,,1,0,0,1,2,0,0,0,0,0,0,0,0,0,0,0,0,1,0,0
-37.77435127,175.2313518,Hamilton City,2018,minor_injury,50,FALSE,curved_view_open,,rain,,darkness_not_lit,,1,0,0,1,2,0,0,0,0,0,0,0,0,0,0,0,0,1,0,0
-43.64014658,172.4866295,Selwyn District,2018,minor_injury,50,FALSE,straight,,fine,,daylight,,1,0,0,1,2,0,0,0,0,0,0,0,0,0,0,0,0,1,0,0
-36.80036174,174.7242751,Auckland,2018,minor_injury,50,FALSE,straight,,rain,,daylight,,1,0,0,1,2,0,0,0,0,0,0,0,0,0,0,0,0,1,0,0
-41.31776407,174.8197056,Wellington City,2018,minor_injury,50,TRUE,curved_view_open,,fine,,daylight,giveway_sign,1,0,0,1,2,0,0,0,0,0,0,0,0,0,0,0,0,1,0,0
-41.24740367,174.7895864,Wellington City,2018,minor_injury,50,FALSE,curved_view_open,,rain,,daylight,,1,0,0,1,2,0,0,0,0,0,0,0,0,0,0,0,0,1,0,0
-43.54965388,172.628216,Christchurch City,2018,minor_injury,50,FALSE,straight,,fine,,daylight,,1,0,0,1,2,0,0,0,0,0,0,0,0,0,0,0,0,1,0,0
-36.79502156,174.7578002,Auckland,2018,minor_injury,100,FALSE,straight,,,,dawn_dusk,,1,0,0,1,2,0,0,0,0,0,0,0,0,0,0,0,0,1,0,0
-37.72688546,176.1753466,Tauranga City,2018,minor_injury,50,FALSE,straight,,fine,,darkness_not_lit,,1,0,0,1,2,0,0,0,0,0,0,0,0,0,0,0,0,1,0,0
-41.12618245,174.8656596,Porirua City,2018,minor_injury,50,FALSE,straight,,rain,,daylight,,1,0,0,1,2,0,0,0,0,0,0,0,0,0,0,0,0,1,0,0
-43.53774519,172.6644057,Christchurch City,2018,minor_injury,50,FALSE,straight,,rain,,darkness_not_lit,,1,0,0,1,2,0,0,0,0,0,0,0,0,0,0,0,0,1,0,0
-40.34627411,175.5950611,Palmerston North City,2018,minor_injury,50,FALSE,straight,,rain,,darkness_not_lit,,1,0,0,1,2,0,0,0,0,0,0,0,0,0,0,0,0,1,0,0
-35.80243569,174.292766,Whangarei District,2018,minor_injury,100,FALSE,curved_view_open,,rain,,darkness_not_lit,,1,0,0,1,2,0,0,0,0,0,0,0,0,0,0,0,0,1,0,0
-41.03738932,175.5150087,Carterton District,2018,minor_injury,50,FALSE,straight,,rain,,daylight,,1,0,0,1,2,0,0,0,0,0,0,0,0,0,0,0,0,1,0,0
-35.10395458,173.2589531,Far North District,2018,minor_injury,50,FALSE,straight,,fine,,darkness_not_lit,,1,0,0,1,2,0,0,0,0,0,0,0,0,0,0,0,0,1,0,0
-37.78577395,175.2315591,Hamilton City,2018,minor_injury,50,FALSE,straight,,fine,,daylight,,1,0,0,1,2,0,0,0,0,0,0,0,0,0,0,0,0,1,0,0
-46.3920879,168.344441,Invercargill City,2018,minor_injury,50,FALSE,straight,,fine,,daylight,,1,0,0,1,2,0,0,0,0,0,0,0,0,0,0,0,0,1,0,0
-38.00684567,175.3374764,Waipa District,2018,minor_injury,50,FALSE,straight,,rain,,daylight,,1,0,0,1,2,0,0,0,0,0,0,0,0,0,0,0,0,1,0,0
-43.51695512,172.63808,Christchurch City,2018,minor_injury,50,FALSE,straight,,fine,,darkness_not_lit,,1,0,0,1,2,0,0,0,0,0,0,0,0,0,0,0,0,1,0,0
-41.10068432,174.8358353,Porirua City,2018,minor_injury,50,FALSE,straight,,fine,,daylight,,1,0,0,1,2,0,0,0,0,0,0,0,0,0,0,0,0,1,0,0
-36.91129751,174.7576369,Auckland,2018,minor_injury,50,FALSE,curved_view_open,,fine,,daylight,,1,0,0,1,2,0,0,0,0,0,0,0,0,0,0,0,0,1,0,0
-45.888817,170.4785824,Dunedin City,2018,minor_injury,50,FALSE,straight,,mist,,darkness_not_lit,,1,0,0,1,2,0,0,0,0,0,0,0,0,0,0,0,0,1,0,0
-36.99982081,174.9034662,Auckland,2018,minor_injury,50,FALSE,straight,,fine,,daylight,,1,0,0,1,2,0,0,0,0,0,0,0,0,0,0,0,0,1,0,0
-36.75258965,174.7248966,Auckland,2018,minor_injury,50,FALSE,straight,,fine,,daylight,,1,0,0,1,2,0,0,0,0,0,0,0,0,0,0,0,0,1,0,0
-36.83282576,174.6482276,Auckland,2018,minor_injury,50,FALSE,straight,,fine,,daylight,,1,0,0,1,2,0,0,0,0,0,0,0,0,0,0,0,0,1,0,0
-36.69793016,174.7042873,Auckland,2018,minor_injury,100,FALSE,straight,,fine,,daylight,,1,0,0,1,2,0,0,0,0,0,0,0,0,0,0,0,0,1,0,0
-36.84876358,174.7697071,Auckland,2018,minor_injury,50,FALSE,straight,,fine,,darkness_not_lit,,1,0,0,1,2,0,0,0,0,0,0,0,0,0,0,0,0,1,0,0
-36.97554453,174.8139462,Auckland,2018,minor_injury,50,TRUE,curved_view_open,,fine,,daylight,,1,0,0,1,2,0,0,0,0,0,0,0,0,0,0,0,0,1,0,0
-36.91718979,174.8329253,Auckland,2018,minor_injury,80,FALSE,curved_view_open,,rain,,darkness_not_lit,,1,0,0,1,2,0,0,0,0,0,0,0,0,0,0,0,0,1,0,0
-41.29524847,174.7862122,Wellington City,2018,minor_injury,50,FALSE,straight,,fine,,darkness_not_lit,,1,0,0,1,2,0,0,0,0,0,0,0,0,0,0,0,0,1,0,0
-41.2806258,174.7513054,Wellington City,2018,minor_injury,50,FALSE,straight,,fine,,darkness_not_lit,,1,0,0,1,2,0,0,0,0,0,0,0,0,0,0,0,0,1,0,0
-36.8877091,174.795034,Auckland,2018,minor_injury,100,FALSE,straight,,fine,,darkness_not_lit,,1,0,0,1,2,0,0,0,0,0,0,0,0,0,0,0,0,1,0,0
-41.24665023,174.9528369,Hutt City,2018,minor_injury,50,FALSE,straight,,fine,,darkness_not_lit,,1,0,0,1,2,0,0,0,0,0,0,0,0,0,0,0,0,1,0,0
-37.05078523,174.9617942,Auckland,2018,minor_injury,50,FALSE,straight,,mist,,daylight,,1,0,0,1,2,0,0,0,0,0,0,0,0,0,0,0,0,1,0,0
-38.66853759,178.0112159,Gisborne District,2018,minor_injury,50,FALSE,straight,,rain,,darkness_not_lit,,1,0,0,1,2,0,0,0,0,0,0,0,0,0,0,0,0,1,0,0
-36.95330422,174.7952811,Auckland,2018,minor_injury,100,FALSE,curved_view_open,,rain,,daylight,,1,0,0,1,2,0,0,0,0,0,0,0,0,0,0,0,0,1,0,0
-36.90152002,174.8466126,Auckland,2018,minor_injury,50,FALSE,straight,,rain,,darkness_not_lit,,1,0,0,1,2,0,0,0,0,0,0,0,0,0,0,0,0,1,0,0
-44.38499694,171.2367271,Timaru District,2018,minor_injury,50,FALSE,straight,,mist,,darkness_not_lit,,1,0,0,1,2,0,0,0,0,0,0,0,0,0,0,0,0,1,0,0
-36.86977532,174.8256103,Auckland,2018,minor_injury,50,FALSE,straight,,fine,,darkness_not_lit,,1,0,0,1,2,0,0,0,0,0,0,0,0,0,0,0,0,1,0,0
-39.51299549,176.8750648,Napier City,2018,minor_injury,50,FALSE,straight,,fine,,darkness_not_lit,,1,0,0,1,2,0,0,0,0,0,0,0,0,0,0,0,0,1,0,0
-43.557944,172.6443349,Christchurch City,2018,minor_injury,50,FALSE,straight,,fine,,daylight,,1,0,0,1,2,0,0,0,0,0,0,0,0,0,0,0,0,1,0,0
-37.79866101,175.3114093,Hamilton City,2018,minor_injury,50,FALSE,straight,,rain,,darkness_not_lit,,1,0,0,1,2,0,0,0,0,0,0,0,0,0,0,0,0,1,0,0
-36.90349902,174.9157161,Auckland,2018,minor_injury,50,FALSE,straight,,fine,,daylight,,1,0,0,1,2,0,0,0,0,0,0,0,0,0,0,0,0,1,0,0
-37.08343912,174.9420716,Auckland,2018,minor_injury,50,FALSE,straight,,rain,,darkness_not_lit,,1,0,0,1,2,0,0,0,0,0,0,0,0,0,0,0,0,1,0,0
-37.04482333,174.9213205,Auckland,2018,minor_injury,50,FALSE,straight,,fine,,daylight,,1,0,0,1,2,0,0,0,0,0,0,0,0,0,0,0,0,1,0,0
-36.8592062,174.6568255,Auckland,2018,minor_injury,100,FALSE,straight,,fine,,daylight,,1,0,0,1,2,0,0,0,0,0,0,0,0,0,0,0,0,1,0,0
-36.74990762,174.7468575,Auckland,2018,minor_injury,50,FALSE,straight,,fine,,darkness_not_lit,,1,0,0,1,2,0,0,0,0,0,0,0,0,0,0,0,0,1,0,0
-36.87792285,174.9121598,Auckland,2018,minor_injury,50,FALSE,straight,,fine,,darkness_not_lit,,1,0,0,1,2,0,0,0,0,0,0,0,0,0,0,0,0,1,0,0
-37.46572678,175.2451389,Waikato District,2018,minor_injury,100,FALSE,curved_view_open,,mist,,darkness_not_lit,,1,0,0,1,2,0,0,0,0,0,0,0,0,0,0,0,0,1,0,0
-46.43229814,168.3839323,Invercargill City,2018,minor_injury,50,FALSE,straight,,fine,,dawn_dusk,giveway_sign,1,0,0,1,2,0,0,0,0,0,0,0,0,0,0,0,0,1,0,0
-36.97997345,174.8054457,Auckland,2018,minor_injury,50,FALSE,straight,,fine,,daylight,,1,0,0,1,2,0,0,0,0,0,0,0,0,0,0,0,0,1,0,0
-36.87631882,174.6447976,Auckland,2018,minor_injury,50,FALSE,straight,,fine,,daylight,,1,0,0,1,2,0,0,0,0,0,0,0,0,0,0,0,0,1,0,0
-43.52917839,172.657065,Christchurch City,2018,minor_injury,50,FALSE,straight,,fine,,daylight,,1,0,0,1,2,0,0,0,0,0,0,0,0,0,0,0,0,1,0,0
-36.97147543,174.8376527,Auckland,2018,minor_injury,50,FALSE,straight,,fine,,darkness_not_lit,,1,0,0,1,2,0,0,0,0,0,0,0,0,0,0,0,0,1,0,0
-36.82301403,174.6302801,Auckland,2018,minor_injury,50,FALSE,straight,,rain,,daylight,,1,0,0,1,2,0,0,0,0,0,0,0,0,0,0,0,0,1,0,0
-41.1091144,174.8336287,Porirua City,2018,minor_injury,50,FALSE,straight,,fine,,dawn_dusk,,1,0,0,1,2,0,0,0,0,0,0,0,0,0,0,0,0,1,0,0
-38.09594748,175.8147144,South Waikato District,2018,minor_injury,100,FALSE,straight,,fine,,dawn_dusk,,1,0,0,1,2,0,0,0,0,0,0,0,0,0,0,0,0,1,0,0
-36.86837485,174.7044881,Auckland,2018,minor_injury,50,FALSE,straight,,fine,,daylight,,1,0,0,1,2,0,0,0,0,0,0,0,0,0,0,0,0,1,0,0
-38.05204668,175.2553264,Waipa District,2018,minor_injury,100,FALSE,curved_view_open,,rain,,daylight,,1,0,0,1,2,0,0,0,0,0,0,0,0,0,0,0,0,1,0,0
-43.57066143,172.6312323,Christchurch City,2018,serious_injury,50,TRUE,straight,,fine,,daylight,,2,0,2,0,2,0,0,0,0,0,0,0,0,0,0,0,0,1,0,0
-39.01268588,174.2274757,New Plymouth District,2018,serious_injury,100,FALSE,straight,,fine,,darkness_not_lit,,2,0,2,0,2,0,0,0,0,0,0,0,0,0,0,0,0,1,0,0
-37.79758081,175.3049139,Hamilton City,2018,serious_injury,50,FALSE,straight,,fine,,darkness_not_lit,,2,0,2,0,2,0,0,0,0,0,0,0,0,0,0,0,0,1,0,0
-36.67421884,174.6378659,Auckland,2018,serious_injury,100,TRUE,straight,,fine,,daylight,stop_sign,1,0,1,0,2,0,0,0,0,0,0,0,0,0,0,0,0,1,0,0
-39.05144354,174.0951794,New Plymouth District,2018,serious_injury,50,TRUE,straight,,fine,,daylight,giveway_sign,1,0,1,0,2,0,0,0,0,0,0,0,0,0,0,0,0,1,0,0
-36.8038886,174.7603904,Auckland,2018,serious_injury,100,TRUE,straight,,fine,,daylight,,1,0,1,0,2,0,0,0,0,0,0,0,0,0,0,0,0,1,0,0
-37.01913686,174.9090061,Auckland,2018,serious_injury,100,FALSE,straight,,fine,,daylight,,1,0,1,0,2,0,0,0,0,0,0,0,0,0,0,0,0,1,0,0
-41.28829742,174.7615059,Wellington City,2018,serious_injury,30,FALSE,straight,,fine,,daylight,,1,0,1,0,2,0,0,0,0,0,0,0,0,0,0,0,0,1,0,0
-39.43254744,174.1114866,South Taranaki District,2018,serious_injury,100,TRUE,straight,,fine,,daylight,giveway_sign,1,0,1,0,2,0,0,0,0,0,0,0,0,0,0,0,0,1,0,0
-43.5453212,172.6088328,Christchurch City,2018,serious_injury,50,TRUE,straight,,fine,,daylight,traffic_lights,1,0,1,0,2,0,0,0,0,0,0,0,0,0,0,0,0,1,0,0
-36.91311459,174.7284044,Auckland,2018,serious_injury,50,FALSE,straight,,fine,,daylight,,1,0,1,0,2,0,0,0,0,0,0,0,0,0,0,0,0,1,0,0
-41.30071918,174.7819302,Wellington City,2018,serious_injury,50,TRUE,curved_view_open,,rain,,daylight,traffic_lights,1,0,1,0,2,0,0,0,0,0,0,0,0,0,0,0,0,1,0,0
-36.54484236,174.7046845,Auckland,2018,serious_injury,80,FALSE,curved_view_open,,rain,,daylight,,1,0,1,0,2,0,0,0,0,0,0,0,0,0,0,0,0,1,0,0
-39.91090892,175.0562556,Wanganui District,2018,serious_injury,50,TRUE,straight,,fine,,darkness_not_lit,stop_sign,1,0,1,0,2,0,0,0,0,0,0,0,0,0,0,0,0,1,0,0
-36.94230876,174.7802682,Auckland,2018,serious_injury,50,FALSE,straight,,fine,,daylight,,1,0,1,0,2,0,0,0,0,0,0,0,0,0,0,0,0,1,0,0
-36.95385237,174.8459328,Auckland,2018,serious_injury,50,FALSE,straight,,fine,,darkness_not_lit,,1,0,1,0,2,0,0,0,0,0,0,0,0,0,0,0,0,1,0,0
-44.60401434,170.1926652,Waitaki District,2018,serious_injury,10,FALSE,straight,,fine,,daylight,,1,0,1,0,2,0,0,0,0,0,0,0,0,0,0,0,0,1,0,0
-36.9088236,174.6826251,Auckland,2018,serious_injury,20,FALSE,straight,,fine,,daylight,,1,0,1,0,2,0,0,0,0,0,0,0,0,0,0,0,0,1,0,0
-36.87232461,174.8438003,Auckland,2018,serious_injury,50,FALSE,straight,,fine,,daylight,,1,0,1,0,2,0,0,0,0,0,0,0,0,0,0,0,0,1,0,0
-43.51623114,172.5865518,Christchurch City,2018,serious_injury,50,FALSE,straight,,fine,,darkness_not_lit,,1,0,1,0,2,0,0,0,0,0,0,0,0,0,0,0,0,1,0,0
-45.8647213,170.5089054,Dunedin City,2018,serious_injury,50,FALSE,straight,,rain,,daylight,,1,0,1,0,2,0,0,0,0,0,0,0,0,0,0,0,0,1,0,0
-36.89087875,174.7333341,Auckland,2018,serious_injury,50,FALSE,straight,,fine,,darkness_not_lit,,1,0,1,0,2,0,0,0,0,0,0,0,0,0,0,0,0,1,0,0
-37.05294724,174.9250113,Auckland,2018,serious_injury,50,TRUE,straight,,rain,,darkness_not_lit,,1,0,1,0,2,0,0,0,0,0,0,0,0,0,0,0,0,1,0,0
-39.9399672,175.0554869,Wanganui District,2018,serious_injury,50,FALSE,straight,,fine,,daylight,,1,0,1,0,2,0,0,0,0,0,0,0,0,0,0,0,0,1,0,0
-36.71130469,174.714457,Auckland,2018,serious_injury,50,FALSE,curved_view_open,,fine,,daylight,,1,0,1,0,2,0,0,0,0,0,0,0,0,0,0,0,0,1,0,0
-41.08911276,175.1002907,Upper Hutt City,2018,serious_injury,50,FALSE,straight,,mist,,daylight,,1,0,1,0,2,0,0,0,0,0,0,0,0,0,0,0,0,1,0,0
-43.54750408,172.6233889,Christchurch City,2018,serious_injury,60,FALSE,curved_view_open,,fine,,darkness_not_lit,,1,0,1,0,2,0,0,0,0,0,0,0,0,0,0,0,0,1,0,0
-41.18714508,174.9343747,Hutt City,2018,minor_injury,100,TRUE,straight,,rain,,darkness_not_lit,giveway_sign,2,0,0,2,2,0,0,0,0,0,0,0,0,0,0,0,0,1,0,0
-35.66653264,174.2971226,Whangarei District,2018,minor_injury,60,FALSE,straight,,fine,,daylight,,2,0,0,2,2,0,0,0,0,0,0,0,0,0,0,0,0,1,0,0
-37.06780669,174.9450695,Auckland,2018,minor_injury,50,TRUE,straight,,fine,,dawn_dusk,stop_sign,2,0,0,2,2,0,0,0,0,0,0,0,0,0,0,0,0,1,0,0
-35.08892703,173.2569638,Far North District,2018,minor_injury,100,TRUE,straight,,fine,,daylight,giveway_sign,2,0,0,2,2,0,0,0,0,0,0,0,0,0,0,0,0,1,0,0
-36.90916457,174.7154972,Auckland,2018,minor_injury,50,TRUE,straight,,fine,,daylight,giveway_sign,2,0,0,2,2,0,0,0,0,0,0,0,0,0,0,0,0,1,0,0
-36.71456371,174.7414217,Auckland,2018,minor_injury,50,FALSE,straight,,fine,,darkness_not_lit,,2,0,0,2,2,0,0,0,0,0,0,0,0,0,0,0,0,1,0,0
-36.39466262,174.7031823,Auckland,2018,minor_injury,100,FALSE,curved_view_open,,fine,,daylight,,2,0,0,2,2,0,0,0,0,0,0,0,0,0,0,0,0,1,0,0
-41.14982998,174.9928833,Upper Hutt City,2018,minor_injury,80,FALSE,straight,,rain,,darkness_not_lit,,2,0,0,2,2,0,0,0,0,0,0,0,0,0,0,0,0,1,0,0
-41.35225334,173.0941637,Tasman District,2018,minor_injury,100,FALSE,straight,,fine,,daylight,,2,0,0,2,2,0,0,0,0,0,0,0,0,0,0,0,0,1,0,0
-36.73013849,174.7531395,Auckland,2018,minor_injury,50,FALSE,straight,,fine,,daylight,,2,0,0,2,2,0,0,0,0,0,0,0,0,0,0,0,0,1,0,0
-39.68266044,176.8613024,Hastings District,2018,minor_injury,100,FALSE,straight,,fine,,daylight,,2,0,0,2,2,0,0,0,0,0,0,0,0,0,0,0,0,1,0,0
-37.65871504,176.2129762,Tauranga City,2018,minor_injury,50,FALSE,straight,,fine,,daylight,,2,0,0,2,2,0,0,0,0,0,0,0,0,0,0,0,0,1,0,0
-43.29804832,172.5728322,Waimakariri District,2018,minor_injury,50,TRUE,straight,,fine,,daylight,giveway_sign,2,0,0,2,2,0,0,0,0,0,0,0,0,0,0,0,0,1,0,0
-37.69619514,176.1371166,Tauranga City,2018,minor_injury,50,FALSE,straight,,fine,,daylight,,2,0,0,2,2,0,0,0,0,0,0,0,0,0,0,0,0,1,0,0
-36.91415708,174.7858769,Auckland,2018,minor_injury,50,FALSE,straight,,fine,,daylight,,2,0,0,2,2,0,0,0,0,0,0,0,0,0,0,0,0,1,0,0
-36.67493914,174.4510025,Auckland,2018,minor_injury,50,FALSE,curved_view_open,,fine,,daylight,,2,0,0,2,2,0,0,0,0,0,0,0,0,0,0,0,0,1,0,0
-43.53990951,172.6534395,Christchurch City,2018,minor_injury,50,FALSE,straight,,fine,,daylight,,2,0,0,2,2,0,0,0,0,0,0,0,0,0,0,0,0,1,0,0
-45.8674807,170.5099674,Dunedin City,2018,minor_injury,50,FALSE,straight,,fine,,daylight,,2,0,0,2,2,0,0,0,0,0,0,0,0,0,0,0,0,1,0,0
-36.86679678,174.7741167,Auckland,2018,minor_injury,50,FALSE,straight,,fine,,daylight,,2,0,0,2,2,0,0,0,0,0,0,0,0,0,0,0,0,1,0,0
-40.88802607,174.9971945,Kapiti Coast District,2018,minor_injury,50,FALSE,straight,,fine,,daylight,,2,0,0,2,2,0,0,0,0,0,0,0,0,0,0,0,0,1,0,0
-39.62447506,176.7818457,Hastings District,2018,minor_injury,50,FALSE,straight,,fine,,darkness_not_lit,,2,0,0,2,2,0,0,0,0,0,0,0,0,0,0,0,0,1,0,0
-37.03047656,174.8790047,Auckland,2018,minor_injury,50,FALSE,straight,,fine,,daylight,,4,0,0,4,2,0,0,0,0,0,0,0,0,0,0,0,0,1,0,0
-37.80319487,175.300307,Hamilton City,2018,minor_injury,80,TRUE,straight,,fine,,darkness_not_lit,stop_sign,3,0,0,3,2,0,0,0,0,0,0,0,0,0,0,0,0,1,0,0
-40.88530698,174.9971246,Kapiti Coast District,2018,minor_injury,50,TRUE,straight,,fine,,daylight,giveway_sign,3,0,0,3,2,0,0,0,0,0,0,0,0,0,0,0,0,1,0,0
-37.37383214,175.2332265,Waikato District,2018,minor_injury,100,TRUE,straight,,fine,,daylight,giveway_sign,3,0,0,3,2,0,0,0,0,0,0,0,0,0,0,0,0,1,0,0
-38.63971329,177.9477347,Gisborne District,2018,minor_injury,100,FALSE,curved_view_open,,fine,,daylight,,3,0,0,3,2,0,0,0,0,0,0,0,0,0,0,0,0,1,0,0
-36.94290481,174.6549533,Auckland,2018,minor_injury,50,FALSE,straight,,fine,,daylight,,3,0,0,3,2,0,0,0,0,0,0,0,0,0,0,0,0,1,0,0
-36.95086991,174.8916795,Auckland,2018,minor_injury,60,FALSE,straight,,fine,,darkness_not_lit,,3,0,0,3,2,0,0,0,0,0,0,0,0,0,0,0,0,1,0,0
-43.93885221,171.6856047,Ashburton District,2018,serious_injury,100,TRUE,straight,,fine,,darkness_not_lit,giveway_sign,2,0,1,1,2,0,0,0,0,0,0,0,0,0,0,0,0,1,0,0
-36.43412519,174.6493604,Auckland,2018,serious_injury,100,TRUE,curved_view_open,,fine,,darkness_not_lit,,2,0,1,1,2,0,0,0,0,0,0,0,0,0,0,0,0,1,0,0
-35.40401081,173.804565,Far North District,2018,serious_injury,50,TRUE,straight,,fine,,darkness_not_lit,giveway_sign,2,0,1,1,2,0,0,0,0,0,0,0,0,0,0,0,0,1,0,0
-36.90027104,174.7934204,Auckland,2018,serious_injury,50,FALSE,straight,,fine,,daylight,,2,0,1,1,2,0,0,0,0,0,0,0,0,0,0,0,0,1,0,0
-37.00191473,174.87384,Auckland,2018,serious_injury,50,FALSE,straight,,fine,,darkness_not_lit,,2,0,1,1,2,0,0,0,0,0,0,0,0,0,0,0,0,1,0,0
-36.97181641,174.8313366,Auckland,2018,serious_injury,50,FALSE,straight,,fine,,darkness_not_lit,,2,0,1,1,2,0,0,0,0,0,0,0,0,0,0,0,0,1,0,0
-41.26789585,174.9519062,Hutt City,2018,serious_injury,50,FALSE,straight,,fine,,darkness_not_lit,,2,0,1,1,2,0,0,0,0,0,0,0,0,0,0,0,0,1,0,0
-37.28596874,175.5901792,Hauraki District,2018,serious_injury,100,FALSE,curved_view_open,,fine,,darkness_not_lit,,2,0,1,1,2,0,0,0,0,0,0,0,0,0,0,0,0,1,0,0
-36.97197274,174.87843,Auckland,2018,serious_injury,100,FALSE,straight,,fine,,daylight,,2,0,1,1,2,0,0,0,0,0,0,0,0,0,0,0,0,1,0,0
-36.75887368,174.4601776,Auckland,2018,serious_injury,100,FALSE,curved_view_open,,rain,,daylight,,3,0,1,2,2,0,0,0,0,0,0,0,0,0,0,0,0,1,0,0
-36.96970925,174.9240806,Auckland,2018,serious_injury,80,TRUE,straight,,fine,,darkness_not_lit,giveway_sign,3,0,1,2,2,0,0,0,0,0,0,0,0,0,0,0,0,1,0,0
-37.64181577,175.2948318,Waikato District,2018,serious_injury,100,FALSE,curved_view_open,,rain,,darkness_not_lit,,3,0,1,2,2,0,0,0,0,0,0,0,0,0,0,0,0,1,0,0
-37.70168035,176.0873961,Western Bay Of Plenty District,2018,fatality,90,FALSE,straight,,fine,,darkness_not_lit,,2,1,0,1,2,0,0,0,0,0,0,0,0,0,0,0,0,1,0,0
-45.98463595,170.140357,Dunedin City,2018,serious_injury,100,FALSE,straight,,fine,,daylight,,6,0,1,5,2,0,0,0,0,0,0,0,0,0,0,0,0,1,0,0
-37.81223208,175.3401496,Waikato District,2018,serious_injury,80,FALSE,curved_view_open,,fine,,daylight,,4,0,1,3,2,0,0,0,0,0,0,0,0,0,0,0,0,1,0,0
-36.85372142,174.6369889,Auckland,2018,fatality,50,FALSE,curved_view_open,,fine,,darkness_not_lit,,4,1,2,1,2,0,0,0,0,0,0,0,0,0,0,0,0,1,0,0
-41.19082213,174.8306846,Wellington City,2018,fatality,100,FALSE,curved_view_open,,rain,,darkness_not_lit,,6,1,1,4,2,0,0,0,0,0,0,0,0,0,0,0,0,1,0,0
-37.14538106,175.6620132,Thames-Coromandel District,2018,fatality,100,FALSE,curved_view_open,,rain,,daylight,,4,1,3,0,2,0,0,0,0,0,0,0,0,0,0,0,0,1,0,0
-41.27552311,174.779788,Wellington City,2018,property_damage,50,TRUE,curved_view_open,,fine,,dawn_dusk,traffic_lights,0,0,0,0,1,0,0,0,0,0,0,0,1,0,0,0,0,0,0,0
-36.92046179,174.7363498,Auckland,2018,property_damage,50,TRUE,curved_view_open,,fine,,darkness_not_lit,giveway_sign,0,0,0,0,1,0,0,0,0,0,0,0,1,0,0,0,0,0,0,0
-36.86570099,174.7611348,Auckland,2018,property_damage,50,TRUE,straight,,fine,,daylight,stop_sign,0,0,0,0,1,0,0,0,0,0,0,0,1,0,0,0,0,0,0,0
-36.85413463,174.7631013,Auckland,2018,property_damage,50,TRUE,straight,,fine,,daylight,traffic_lights,0,0,0,0,1,0,0,0,0,0,0,0,1,0,0,0,0,0,0,0
-36.85413463,174.7631013,Auckland,2018,property_damage,50,TRUE,straight,,fine,,daylight,traffic_lights,0,0,0,0,1,0,0,0,0,0,0,0,1,0,0,0,0,0,0,0
-36.90382183,174.8944676,Auckland,2018,property_damage,60,TRUE,straight,,fine,,daylight,giveway_sign,0,0,0,0,1,0,0,0,0,0,0,0,1,0,0,0,0,0,0,0
-37.90704635,175.5279391,Waipa District,2018,property_damage,100,TRUE,curved_view_open,,fine,,daylight,traffic_lights,0,0,0,0,1,0,0,0,0,0,0,0,1,0,0,0,0,0,0,0
-36.91537444,174.7592683,Auckland,2018,property_damage,60,TRUE,straight,,fine,,daylight,traffic_lights,0,0,0,0,1,0,0,0,0,0,0,0,1,0,0,0,0,0,0,0
-36.89454644,174.6965525,Auckland,2018,property_damage,50,TRUE,straight,,rain,,darkness_not_lit,traffic_lights,0,0,0,0,1,0,0,0,0,0,0,0,1,0,0,0,0,0,0,0
-36.89454644,174.6965525,Auckland,2018,property_damage,50,TRUE,straight,,fine,,daylight,traffic_lights,0,0,0,0,1,0,0,0,0,0,0,0,1,0,0,0,0,0,0,0
-36.88247315,174.7175478,Auckland,2018,property_damage,50,TRUE,curved_view_open,,fine,,daylight,stop_sign,0,0,0,0,1,0,0,0,0,0,0,0,1,0,0,0,0,0,0,0
-36.85402262,174.7682133,Auckland,2018,property_damage,50,TRUE,straight,,fine,,daylight,traffic_lights,0,0,0,0,1,0,0,0,0,0,0,0,1,0,0,0,0,0,0,0
-36.85402262,174.7682133,Auckland,2018,property_damage,50,TRUE,straight,,fine,,daylight,giveway_sign,0,0,0,0,1,0,0,0,0,0,0,0,1,0,0,0,0,0,0,0
-36.77202164,174.7423062,Auckland,2018,property_damage,50,TRUE,straight,,fine,,daylight,traffic_lights,0,0,0,0,1,0,0,0,0,0,0,0,1,0,0,0,0,0,0,0
-36.92519614,174.832174,Auckland,2018,property_damage,60,TRUE,straight,,fine,,darkness_not_lit,traffic_lights,0,0,0,0,1,0,0,0,0,0,0,0,1,0,0,0,0,0,0,0
-36.94602945,174.8342675,Auckland,2018,property_damage,50,TRUE,straight,,rain,,daylight,traffic_lights,0,0,0,0,1,0,0,0,0,0,0,0,1,0,0,0,0,0,0,0
-36.91968535,174.9130004,Auckland,2018,property_damage,60,TRUE,straight,,,,daylight,traffic_lights,0,0,0,0,1,0,0,0,0,0,0,0,1,0,0,0,0,0,0,0