latitude,longitude,local_government_area,year,severity,speed_limit,intersection,road_position_horizontal,road_wet,weather,crash_type,lighting,traffic_controls,casualties,fatalities,serious_injuries,minor_injuries,car_sedan,car_utility,car_van,car_4x4,car_station_wagon,motor_cycle,truck_small,truck_large,bus,taxi,bicycle,scooter,pedestrian,inanimate,train,tram
-36.8610847,174.8127731,Auckland,2018,property_damage,50,TRUE,curved_view_open,,rain,,daylight,giveway_sign,0,0,0,0,1,0,0,0,0,0,0,0,1,0,0,0,0,0,0,0
-36.84848816,174.7438272,Auckland,2018,property_damage,40,TRUE,curved_view_open,,fine,,darkness_not_lit,,0,0,0,0,1,0,0,0,0,0,0,0,1,0,0,0,0,0,0,0
-36.84945619,174.7667735,Auckland,2018,property_damage,50,TRUE,straight,,fine,,daylight,traffic_lights,0,0,0,0,1,0,0,0,0,0,0,0,1,0,0,0,0,0,0,0
-36.90348942,174.6888492,Auckland,2018,property_damage,50,TRUE,curved_view_open,,fine,,darkness_not_lit,traffic_lights,0,0,0,0,1,0,0,0,0,0,0,0,1,0,0,0,0,0,0,0
-36.90348942,174.6888492,Auckland,2018,property_damage,50,TRUE,curved_view_open,,fine,,darkness_not_lit,traffic_lights,0,0,0,0,1,0,0,0,0,0,0,0,1,0,0,0,0,0,0,0
-43.5207963,172.6426477,Christchurch City,2018,property_damage,50,TRUE,straight,,fine,,darkness_not_lit,traffic_lights,0,0,0,0,1,0,0,0,0,0,0,0,1,0,0,0,0,0,0,0
-45.88498141,170.4809729,Dunedin City,2018,property_damage,50,TRUE,straight,,rain,,darkness_not_lit,stop_sign,0,0,0,0,1,0,0,0,0,0,0,0,1,0,0,0,0,0,0,0
-36.83760356,174.6173462,Auckland,2018,property_damage,50,TRUE,straight,,rain,,daylight,giveway_sign,0,0,0,0,1,0,0,0,0,0,0,0,1,0,0,0,0,0,0,0
-37.69750532,176.1501438,Tauranga City,2018,property_damage,50,TRUE,straight,,,,daylight,traffic_lights,0,0,0,0,1,0,0,0,0,0,0,0,1,0,0,0,0,0,0,0
-36.96945142,174.8605415,Auckland,2018,property_damage,50,TRUE,straight,,fine,,daylight,giveway_sign,0,0,0,0,1,0,0,0,0,0,0,0,1,0,0,0,0,0,0,0
-36.96945142,174.8605415,Auckland,2018,property_damage,50,TRUE,straight,,fine,,daylight,giveway_sign,0,0,0,0,1,0,0,0,0,0,0,0,1,0,0,0,0,0,0,0
-36.99009433,174.896235,Auckland,2018,property_damage,50,TRUE,straight,,fine,,daylight,traffic_lights,0,0,0,0,1,0,0,0,0,0,0,0,1,0,0,0,0,0,0,0
-37.80291915,175.3148357,Hamilton City,2018,property_damage,60,TRUE,straight,,rain,,daylight,giveway_sign,0,0,0,0,1,0,0,0,0,0,0,0,1,0,0,0,0,0,0,0
-37.61210117,175.1863679,Waikato District,2018,property_damage,70,TRUE,curved_view_open,,fine,,daylight,giveway_sign,0,0,0,0,1,0,0,0,0,0,0,0,1,0,0,0,0,0,0,0
-36.91434987,174.7541935,Auckland,2018,property_damage,50,TRUE,straight,,fine,,darkness_not_lit,giveway_sign,0,0,0,0,1,0,0,0,0,0,0,0,1,0,0,0,0,0,0,0
-40.35297473,175.6087169,Palmerston North City,2018,property_damage,50,TRUE,straight,,fine,,daylight,traffic_lights,0,0,0,0,1,0,0,0,0,0,0,0,1,0,0,0,0,0,0,0
-40.34986698,175.6063248,Palmerston North City,2018,property_damage,50,TRUE,straight,,fine,,daylight,traffic_lights,0,0,0,0,1,0,0,0,0,0,0,0,1,0,0,0,0,0,0,0
-40.34986698,175.6063248,Palmerston North City,2018,property_damage,50,TRUE,straight,,fine,,daylight,traffic_lights,0,0,0,0,1,0,0,0,0,0,0,0,1,0,0,0,0,0,0,0
-40.34986698,175.6063248,Palmerston North City,2018,property_damage,50,TRUE,straight,,fine,,daylight,traffic_lights,0,0,0,0,1,0,0,0,0,0,0,0,1,0,0,0,0,0,0,0
-40.34986698,175.6063248,Palmerston North City,2018,property_damage,50,TRUE,straight,,fine,,darkness_not_lit,traffic_lights,0,0,0,0,1,0,0,0,0,0,0,0,1,0,0,0,0,0,0,0
-40.34986698,175.6063248,Palmerston North City,2018,property_damage,50,TRUE,straight,,fine,,darkness_not_lit,traffic_lights,0,0,0,0,1,0,0,0,0,0,0,0,1,0,0,0,0,0,0,0
-40.34986698,175.6063248,Palmerston North City,2018,property_damage,50,TRUE,straight,,fine,,darkness_not_lit,traffic_lights,0,0,0,0,1,0,0,0,0,0,0,0,1,0,0,0,0,0,0,0
-41.2934261,174.7811704,Wellington City,2018,property_damage,30,TRUE,straight,,fine,,darkness_not_lit,traffic_lights,0,0,0,0,1,0,0,0,0,0,0,0,1,0,0,0,0,0,0,0
-41.2934261,174.7811704,Wellington City,2018,property_damage,30,TRUE,straight,,fine,,darkness_not_lit,traffic_lights,0,0,0,0,1,0,0,0,0,0,0,0,1,0,0,0,0,0,0,0
-43.54739905,172.6469099,Christchurch City,2018,property_damage,50,TRUE,straight,,fine,,daylight,traffic_lights,0,0,0,0,1,0,0,0,0,0,0,0,1,0,0,0,0,0,0,0
-41.26912555,173.2871348,Nelson City,2018,property_damage,50,TRUE,straight,,fine,,daylight,giveway_sign,0,0,0,0,1,0,0,0,0,0,0,0,1,0,0,0,0,0,0,0
-45.85679885,170.5133686,Dunedin City,2018,property_damage,50,TRUE,straight,,fine,,darkness_not_lit,traffic_lights,0,0,0,0,1,0,0,0,0,0,0,0,1,0,0,0,0,0,0,0
-39.65561098,176.8279734,Hastings District,2018,property_damage,100,TRUE,straight,,fine,,darkness_not_lit,stop_sign,0,0,0,0,1,0,0,0,0,0,0,0,1,0,0,0,0,0,0,0
-41.2887754,174.7720277,Wellington City,2018,property_damage,50,TRUE,straight,,rain,,daylight,traffic_lights,0,0,0,0,1,0,0,0,0,0,0,0,1,0,0,0,0,0,0,0
-37.77268726,175.2935825,Hamilton City,2018,property_damage,50,TRUE,curved_view_open,,fine,,daylight,giveway_sign,0,0,0,0,1,0,0,0,0,0,0,0,1,0,0,0,0,0,0,0
-36.84761695,174.7601254,Auckland,2018,property_damage,50,TRUE,straight,,fine,,daylight,traffic_lights,0,0,0,0,1,0,0,0,0,0,0,0,1,0,0,0,0,0,0,0
-45.86685628,170.5110518,Dunedin City,2018,property_damage,50,TRUE,straight,,fine,,daylight,traffic_lights,0,0,0,0,1,0,0,0,0,0,0,0,1,0,0,0,0,0,0,0
-36.83661032,174.6101709,Auckland,2018,property_damage,50,TRUE,straight,,fine,,daylight,stop_sign,0,0,0,0,1,0,0,0,0,0,0,0,1,0,0,0,0,0,0,0
-36.99858291,174.7877714,Auckland,2018,property_damage,50,TRUE,curved_view_open,,fine,,daylight,giveway_sign,0,0,0,0,1,0,0,0,0,0,0,0,1,0,0,0,0,0,0,0
-36.80291768,174.7443174,Auckland,2018,property_damage,50,TRUE,straight,,rain,,daylight,giveway_sign,0,0,0,0,1,0,0,0,0,0,0,0,1,0,0,0,0,0,0,0
-41.22176044,174.8074257,Wellington City,2018,property_damage,50,TRUE,curved_view_open,,fine,,daylight,giveway_sign,0,0,0,0,1,0,0,0,0,0,0,0,1,0,0,0,0,0,0,0
-41.2939557,174.777793,Wellington City,2018,property_damage,50,FALSE,straight,,fine,,daylight,traffic_lights,0,0,0,0,1,0,0,0,0,0,0,0,1,0,0,0,0,0,0,0
-41.2939557,174.777793,Wellington City,2018,property_damage,50,FALSE,straight,,fine,,daylight,traffic_lights,0,0,0,0,1,0,0,0,0,0,0,0,1,0,0,0,0,0,0,0
-40.62258965,175.2880869,Horowhenua District,2018,property_damage,50,TRUE,straight,,fine,,daylight,giveway_sign,0,0,0,0,1,0,0,0,0,0,0,0,1,0,0,0,0,0,0,0
-39.50585463,176.8847245,Napier City,2018,property_damage,50,TRUE,straight,,fine,,daylight,traffic_lights,0,0,0,0,1,0,0,0,0,0,0,0,1,0,0,0,0,0,0,0
-37.6754725,176.225205,Tauranga City,2018,property_damage,50,TRUE,curved_view_open,,fine,,daylight,giveway_sign,0,0,0,0,1,0,0,0,0,0,0,0,1,0,0,0,0,0,0,0
-36.84586108,174.7751579,Auckland,2018,property_damage,50,TRUE,straight,,rain,,daylight,traffic_lights,0,0,0,0,1,0,0,0,0,0,0,0,1,0,0,0,0,0,0,0
-39.0356676,174.1419251,New Plymouth District,2018,property_damage,50,TRUE,curved_view_open,,fine,,daylight,giveway_sign,0,0,0,0,1,0,0,0,0,0,0,0,1,0,0,0,0,0,0,0
-37.68266495,176.2260949,Tauranga City,2018,property_damage,70,TRUE,straight,,fine,,daylight,giveway_sign,0,0,0,0,1,0,0,0,0,0,0,0,1,0,0,0,0,0,0,0
-41.27951738,174.7754428,Wellington City,2018,property_damage,50,TRUE,straight,,fine,,daylight,,0,0,0,0,1,0,0,0,0,0,0,0,1,0,0,0,0,0,0,0
-41.31429558,174.7800182,Wellington City,2018,property_damage,40,TRUE,straight,,fine,,daylight,giveway_sign,0,0,0,0,1,0,0,0,0,0,0,0,1,0,0,0,0,0,0,0
-44.69763049,169.1347567,Queenstown-Lakes District,2018,property_damage,50,TRUE,straight,,fine,,daylight,stop_sign,0,0,0,0,1,0,0,0,0,0,0,0,1,0,0,0,0,0,0,0
-36.84812376,174.7569407,Auckland,2018,property_damage,50,FALSE,straight,,fine,,daylight,,0,0,0,0,1,0,0,0,0,0,0,0,1,0,0,0,0,0,0,0
-36.88741194,174.6848593,Auckland,2018,property_damage,50,TRUE,straight,,rain,,daylight,traffic_lights,0,0,0,0,1,0,0,0,0,0,0,0,1,0,0,0,0,0,0,0
-37.77770471,175.2708946,Hamilton City,2018,property_damage,60,FALSE,straight,,rain,,darkness_not_lit,,0,0,0,0,1,0,0,0,0,0,0,0,1,0,0,0,0,0,0,0
-35.72663743,174.3279377,Whangarei District,2018,property_damage,50,TRUE,straight,,rain,,dawn_dusk,giveway_sign,0,0,0,0,1,0,0,0,0,0,0,0,1,0,0,0,0,0,0,0
-45.87128663,170.5148611,Dunedin City,2018,property_damage,50,TRUE,curved_view_open,,fine,,daylight,giveway_sign,0,0,0,0,1,0,0,0,0,0,0,0,1,0,0,0,0,0,0,0
-41.30141061,174.7797394,Wellington City,2018,property_damage,50,FALSE,straight,,fine,,daylight,,0,0,0,0,1,0,0,0,0,0,0,0,1,0,0,0,0,0,0,0
-37.78229766,175.2376199,Hamilton City,2018,property_damage,50,TRUE,straight,,fine,,daylight,giveway_sign,0,0,0,0,1,0,0,0,0,0,0,0,1,0,0,0,0,0,0,0
-36.81067736,174.7413099,Auckland,2018,property_damage,50,FALSE,straight,,fine,,daylight,,0,0,0,0,1,0,0,0,0,0,0,0,1,0,0,0,0,0,0,0
-36.96377049,174.9022198,Auckland,2018,property_damage,80,FALSE,straight,,fine,,daylight,traffic_lights,0,0,0,0,1,0,0,0,0,0,0,0,1,0,0,0,0,0,0,0
-36.98150022,174.8778217,Auckland,2018,property_damage,50,FALSE,straight,,fine,,daylight,,0,0,0,0,1,0,0,0,0,0,0,0,1,0,0,0,0,0,0,0
-36.98150022,174.8778217,Auckland,2018,property_damage,50,FALSE,straight,,fine,,daylight,,0,0,0,0,1,0,0,0,0,0,0,0,1,0,0,0,0,0,0,0
-41.51179935,173.9545814,Marlborough District,2018,property_damage,30,TRUE,curved_view_open,,,,daylight,giveway_sign,0,0,0,0,1,0,0,0,0,0,0,0,1,0,0,0,0,0,0,0
-43.51957989,172.5047653,Christchurch City,2018,property_damage,70,TRUE,curved_view_open,,fine,,darkness_not_lit,giveway_sign,0,0,0,0,1,0,0,0,0,0,0,0,1,0,0,0,0,0,0,0
-39.39719004,176.8527943,Napier City,2018,property_damage,100,TRUE,curved_view_open,,fine,,daylight,giveway_sign,0,0,0,0,1,0,0,0,0,0,0,0,1,0,0,0,0,0,0,0
-41.29652962,174.7854947,Wellington City,2018,property_damage,50,TRUE,curved_view_open,,rain,,darkness_not_lit,giveway_sign,0,0,0,0,1,0,0,0,0,0,0,0,1,0,0,0,0,0,0,0
-36.9295713,174.9158858,Auckland,2018,property_damage,70,TRUE,curved_view_open,,fine,,daylight,traffic_lights,0,0,0,0,1,0,0,0,0,0,0,0,1,0,0,0,0,0,0,0
-36.86379279,174.7609564,Auckland,2018,property_damage,50,TRUE,straight,,fine,,daylight,traffic_lights,0,0,0,0,1,0,0,0,0,0,0,0,1,0,0,0,0,0,0,0
-36.87505887,174.6276386,Auckland,2018,property_damage,50,TRUE,straight,,rain,,darkness_not_lit,traffic_lights,0,0,0,0,1,0,0,0,0,0,0,0,1,0,0,0,0,0,0,0
-41.21078908,174.9057532,Hutt City,2018,property_damage,50,TRUE,straight,,rain,,daylight,stop_sign,0,0,0,0,1,0,0,0,0,0,0,0,1,0,0,0,0,0,0,0
-37.79399973,175.2856793,Hamilton City,2018,property_damage,50,TRUE,curved_view_open,,fine,,daylight,giveway_sign,0,0,0,0,1,0,0,0,0,0,0,0,1,0,0,0,0,0,0,0
-36.84449754,174.7632164,Auckland,2018,property_damage,50,TRUE,curved_view_open,,fine,,daylight,traffic_lights,0,0,0,0,1,0,0,0,0,0,0,0,1,0,0,0,0,0,0,0
-36.85009825,174.7617749,Auckland,2018,property_damage,50,TRUE,straight,,,,daylight,stop_sign,0,0,0,0,1,0,0,0,0,0,0,0,1,0,0,0,0,0,0,0
-37.70952583,176.1561534,Tauranga City,2018,property_damage,50,TRUE,straight,,fine,,dawn_dusk,giveway_sign,0,0,0,0,1,0,0,0,0,0,0,0,1,0,0,0,0,0,0,0
-41.21263147,174.899461,Hutt City,2018,property_damage,50,TRUE,curved_view_open,,rain,,daylight,giveway_sign,0,0,0,0,1,0,0,0,0,0,0,0,1,0,0,0,0,0,0,0
-43.52657656,172.6396312,Christchurch City,2018,property_damage,50,TRUE,straight,,fine,,daylight,traffic_lights,0,0,0,0,1,0,0,0,0,0,0,0,1,0,0,0,0,0,0,0
-43.52657656,172.6396312,Christchurch City,2018,property_damage,50,TRUE,straight,,fine,,daylight,traffic_lights,0,0,0,0,1,0,0,0,0,0,0,0,1,0,0,0,0,0,0,0
-37.67817375,176.1671457,Tauranga City,2018,property_damage,50,TRUE,straight,,fine,,daylight,giveway_sign,0,0,0,0,1,0,0,0,0,0,0,0,1,0,0,0,0,0,0,0
-37.78798888,175.2986544,Hamilton City,2018,property_damage,50,TRUE,straight,,rain,,dawn_dusk,giveway_sign,0,0,0,0,1,0,0,0,0,0,0,0,1,0,0,0,0,0,0,0
-36.87162996,174.7769995,Auckland,2018,property_damage,50,TRUE,straight,,fine,,daylight,traffic_lights,0,0,0,0,1,0,0,0,0,0,0,0,1,0,0,0,0,0,0,0
-41.21599498,174.8849817,Hutt City,2018,property_damage,50,TRUE,curved_view_open,,fine,,darkness_not_lit,giveway_sign,0,0,0,0,1,0,0,0,0,0,0,0,1,0,0,0,0,0,0,0
-36.71539984,174.7104951,Auckland,2018,property_damage,100,TRUE,straight,,fine,,daylight,,0,0,0,0,1,0,0,0,0,0,0,0,1,0,0,0,0,0,0,0
-43.55753899,172.6192282,Christchurch City,2018,property_damage,50,TRUE,straight,,rain,,daylight,traffic_lights,0,0,0,0,1,0,0,0,0,0,0,0,1,0,0,0,0,0,0,0
-36.88709389,174.7474317,Auckland,2018,property_damage,50,TRUE,straight,,rain,,daylight,traffic_lights,0,0,0,0,1,0,0,0,0,0,0,0,1,0,0,0,0,0,0,0
-36.9796848,174.8522526,Auckland,2018,property_damage,50,FALSE,straight,,fine,,daylight,,0,0,0,0,1,0,0,0,0,0,0,0,1,0,0,0,0,0,0,0
-36.74860387,174.7318414,Auckland,2018,property_damage,50,FALSE,straight,,fine,,daylight,,0,0,0,0,1,0,0,0,0,0,0,0,1,0,0,0,0,0,0,0
-36.9676475,174.7855086,Auckland,2018,property_damage,60,TRUE,straight,,fine,,daylight,giveway_sign,0,0,0,0,1,0,0,0,0,0,0,0,1,0,0,0,0,0,0,0
-43.60048766,172.3869425,Selwyn District,2018,property_damage,50,TRUE,curved_view_open,,mist,,darkness_not_lit,giveway_sign,0,0,0,0,1,0,0,0,0,0,0,0,1,0,0,0,0,0,0,0
-36.79542951,175.0266721,Auckland,2018,property_damage,50,TRUE,curved_view_open,,fine,,daylight,,0,0,0,0,1,0,0,0,0,0,0,0,1,0,0,0,0,0,0,0
-40.34213613,175.6235439,Palmerston North City,2018,property_damage,50,FALSE,straight,,fine,,daylight,,0,0,0,0,1,0,0,0,0,0,0,0,1,0,0,0,0,0,0,0
-36.77242837,174.7642419,Auckland,2018,property_damage,50,FALSE,straight,,fine,,daylight,,0,0,0,0,1,0,0,0,0,0,0,0,1,0,0,0,0,0,0,0
-36.83382876,174.7434494,Auckland,2018,property_damage,80,FALSE,curved_view_open,,fine,,daylight,,0,0,0,0,1,0,0,0,0,0,0,0,1,0,0,0,0,0,0,0
-37.52426339,175.1603786,Waikato District,2018,property_damage,100,FALSE,straight,,fine,,daylight,,0,0,0,0,1,0,0,0,0,0,0,0,1,0,0,0,0,0,0,0
-37.21161027,174.9104768,Auckland,2018,property_damage,50,TRUE,straight,,rain,,daylight,giveway_sign,0,0,0,0,1,0,0,0,0,0,0,0,1,0,0,0,0,0,0,0
-41.33763946,173.1801582,Tasman District,2018,property_damage,50,FALSE,straight,,fine,,darkness_not_lit,,0,0,0,0,1,0,0,0,0,0,0,0,1,0,0,0,0,0,0,0
-36.79329654,174.756203,Auckland,2018,property_damage,100,FALSE,straight,,rain,,dawn_dusk,,0,0,0,0,1,0,0,0,0,0,0,0,1,0,0,0,0,0,0,0
-36.91184526,174.6208995,Auckland,2018,property_damage,50,TRUE,straight,,rain,,daylight,giveway_sign,0,0,0,0,1,0,0,0,0,0,0,0,1,0,0,0,0,0,0,0
-41.29139252,174.7822018,Wellington City,2018,property_damage,50,FALSE,straight,,rain,,darkness_not_lit,traffic_lights,0,0,0,0,1,0,0,0,0,0,0,0,1,0,0,0,0,0,0,0
-36.84803337,174.7618285,Auckland,2018,property_damage,50,FALSE,straight,,fine,,daylight,traffic_lights,0,0,0,0,1,0,0,0,0,0,0,0,1,0,0,0,0,0,0,0
-43.54844576,172.4492801,Selwyn District,2018,property_damage,80,TRUE,straight,,fine,,daylight,stop_sign,0,0,0,0,1,0,0,0,0,0,0,0,1,0,0,0,0,0,0,0
-36.86725664,174.7680584,Auckland,2018,property_damage,80,FALSE,straight,,fine,,daylight,,0,0,0,0,1,0,0,0,0,0,0,0,1,0,0,0,0,0,0,0
-36.84811048,174.7620994,Auckland,2018,property_damage,50,FALSE,straight,,rain,,darkness_not_lit,,0,0,0,0,1,0,0,0,0,0,0,0,1,0,0,0,0,0,0,0
-41.22664268,174.8827105,Hutt City,2018,property_damage,50,FALSE,straight,,fine,,daylight,,0,0,0,0,1,0,0,0,0,0,0,0,1,0,0,0,0,0,0,0
-45.00995765,168.8997575,Queenstown-Lakes District,2018,property_damage,100,FALSE,straight,,rain,,daylight,,0,0,0,0,1,0,0,0,0,0,0,0,1,0,0,0,0,0,0,0
-36.88535495,174.739403,Auckland,2018,property_damage,50,FALSE,straight,,fine,,daylight,,0,0,0,0,1,0,0,0,0,0,0,0,1,0,0,0,0,0,0,0
-41.10317831,173.0115755,Tasman District,2018,property_damage,50,FALSE,straight,,fine,,daylight,,0,0,0,0,1,0,0,0,0,0,0,0,1,0,0,0,0,0,0,0
-36.85482048,174.8074433,Auckland,2018,property_damage,50,FALSE,curved_view_open,,rain,,daylight,,0,0,0,0,1,0,0,0,0,0,0,0,1,0,0,0,0,0,0,0
-41.13376748,174.8398551,Porirua City,2018,property_damage,50,TRUE,curved_view_open,,fine,,daylight,giveway_sign,0,0,0,0,1,0,0,0,0,0,0,0,1,0,0,0,0,0,0,0
-38.07192733,176.1239594,Rotorua District,2018,property_damage,100,FALSE,straight,,fine,,daylight,,0,0,0,0,1,0,0,0,0,0,0,0,1,0,0,0,0,0,0,0
-38.13687187,176.2505277,Rotorua District,2018,property_damage,50,FALSE,straight,,fine,,daylight,,0,0,0,0,1,0,0,0,0,0,0,0,1,0,0,0,0,0,0,0
-36.81648488,174.7509369,Auckland,2018,property_damage,100,FALSE,straight,,rain,,daylight,,0,0,0,0,1,0,0,0,0,0,0,0,1,0,0,0,0,0,0,0
-36.84766163,174.7843287,Auckland,2018,property_damage,50,FALSE,curved_view_open,,fine,,daylight,,0,0,0,0,1,0,0,0,0,0,0,0,1,0,0,0,0,0,0,0
-45.54188908,169.315258,Central Otago District,2018,property_damage,50,TRUE,straight,,rain,,daylight,giveway_sign,0,0,0,0,1,0,0,0,0,0,0,0,1,0,0,0,0,0,0,0
-37.76684991,175.290235,Hamilton City,2018,property_damage,50,FALSE,straight,,mist,,daylight,,0,0,0,0,1,0,0,0,0,0,0,0,1,0,0,0,0,0,0,0
-37.93031953,175.4301364,Waipa District,2018,property_damage,100,FALSE,straight,,fine,,daylight,,0,0,0,0,1,0,0,0,0,0,0,0,1,0,0,0,0,0,0,0
-41.21264047,174.8994613,Hutt City,2018,property_damage,50,TRUE,curved_view_open,,rain,,daylight,giveway_sign,0,0,0,0,1,0,0,0,0,0,0,0,1,0,0,0,0,0,0,0
-36.97941956,174.8720298,Auckland,2018,property_damage,50,FALSE,curved_view_open,,fine,,daylight,,0,0,0,0,1,0,0,0,0,0,0,0,1,0,0,0,0,0,0,0
-36.90105177,174.8986076,Auckland,2018,property_damage,60,FALSE,straight,,fine,,darkness_not_lit,,0,0,0,0,1,0,0,0,0,0,0,0,1,0,0,0,0,0,0,0
-41.24496989,174.9440871,Hutt City,2018,property_damage,50,FALSE,straight,,fine,,darkness_not_lit,,0,0,0,0,1,0,0,0,0,0,0,0,1,0,0,0,0,0,0,0
-36.85351016,174.62809,Auckland,2018,property_damage,50,TRUE,straight,,rain,,daylight,giveway_sign,0,0,0,0,1,0,0,0,0,0,0,0,1,0,0,0,0,0,0,0
-36.85277746,174.7983328,Auckland,2018,property_damage,50,FALSE,straight,,fine,,daylight,,0,0,0,0,1,0,0,0,0,0,0,0,1,0,0,0,0,0,0,0
-45.4109778,167.7384405,Southland District,2018,property_damage,80,TRUE,straight,,fine,,daylight,stop_sign,0,0,0,0,1,0,0,0,0,0,0,0,1,0,0,0,0,0,0,0
-41.25706675,174.7734022,Wellington City,2018,property_damage,50,FALSE,curved_view_open,,fine,,daylight,,0,0,0,0,1,0,0,0,0,0,0,0,1,0,0,0,0,0,0,0
-39.63104997,176.8257904,Hastings District,2018,property_damage,50,FALSE,straight,,fine,,daylight,,0,0,0,0,1,0,0,0,0,0,0,0,1,0,0,0,0,0,0,0
-43.92057805,171.7191654,Ashburton District,2018,property_damage,50,FALSE,straight,,fine,,daylight,,0,0,0,0,1,0,0,0,0,0,0,0,1,0,0,0,0,0,0,0
-39.51748981,176.9094446,Napier City,2018,property_damage,50,FALSE,straight,,fine,,daylight,,0,0,0,0,1,0,0,0,0,0,0,0,1,0,0,0,0,0,0,0
-36.84584347,174.7587614,Auckland,2018,property_damage,60,FALSE,straight,,,,daylight,,0,0,0,0,1,0,0,0,0,0,0,0,1,0,0,0,0,0,0,0
-36.91289433,174.7508265,Auckland,2018,property_damage,50,FALSE,straight,,fine,,daylight,,0,0,0,0,1,0,0,0,0,0,0,0,1,0,0,0,0,0,0,0
-36.86391193,174.7711334,Auckland,2018,property_damage,50,FALSE,curved_view_open,,fine,,darkness_not_lit,traffic_lights,0,0,0,0,1,0,0,0,0,0,0,0,1,0,0,0,0,0,0,0
-35.93599689,173.8608841,Kaipara District,2018,property_damage,50,TRUE,straight,,fine,,daylight,giveway_sign,0,0,0,0,1,0,0,0,0,0,0,0,1,0,0,0,0,0,0,0
-38.66131198,178.0054398,Gisborne District,2018,property_damage,50,FALSE,straight,,fine,,daylight,,0,0,0,0,1,0,0,0,0,0,0,0,1,0,0,0,0,0,0,0
-37.75811366,175.2769693,Hamilton City,2018,property_damage,50,FALSE,straight,,fine,,daylight,,0,0,0,0,1,0,0,0,0,0,0,0,1,0,0,0,0,0,0,0
-37.0531559,174.9188093,Auckland,2018,property_damage,80,FALSE,straight,,fine,,daylight,,0,0,0,0,1,0,0,0,0,0,0,0,1,0,0,0,0,0,0,0
-43.54035841,172.6589945,Christchurch City,2018,property_damage,50,FALSE,straight,,fine,,daylight,,0,0,0,0,1,0,0,0,0,0,0,0,1,0,0,0,0,0,0,0
-36.96072982,174.8637885,Auckland,2018,property_damage,100,FALSE,straight,,fine,,darkness_not_lit,,0,0,0,0,1,0,0,0,0,0,0,0,1,0,0,0,0,0,0,0
-41.2959541,174.7708605,Wellington City,2018,property_damage,50,FALSE,straight,,fine,,daylight,,0,0,0,0,1,0,0,0,0,0,0,0,1,0,0,0,0,0,0,0
-36.86722443,174.7684054,Auckland,2018,property_damage,80,FALSE,straight,,fine,,darkness_not_lit,,0,0,0,0,1,0,0,0,0,0,0,0,1,0,0,0,0,0,0,0
-46.00474617,169.1627777,Clutha District,2018,property_damage,100,FALSE,straight,,fine,,daylight,,0,0,0,0,1,0,0,0,0,0,0,0,1,0,0,0,0,0,0,0
-41.32452348,174.8108846,Wellington City,2018,property_damage,50,FALSE,straight,,fine,,darkness_not_lit,,0,0,0,0,1,0,0,0,0,0,0,0,1,0,0,0,0,0,0,0
-41.19007478,174.9299418,Hutt City,2018,property_damage,50,FALSE,curved_view_open,,fine,,daylight,,0,0,0,0,1,0,0,0,0,0,0,0,1,0,0,0,0,0,0,0
-36.90767888,174.7748948,Auckland,2018,property_damage,50,FALSE,straight,,,,daylight,stop_sign,0,0,0,0,1,0,0,0,0,0,0,0,1,0,0,0,0,0,0,0
-36.90376705,174.7420207,Auckland,2018,property_damage,50,FALSE,straight,,mist,,darkness_not_lit,,0,0,0,0,1,0,0,0,0,0,0,0,1,0,0,0,0,0,0,0
-38.08903229,176.2102751,Rotorua District,2018,property_damage,100,FALSE,straight,,rain,,darkness_not_lit,,0,0,0,0,1,0,0,0,0,0,0,0,1,0,0,0,0,0,0,0
-37.73976601,176.1408737,Tauranga City,2018,property_damage,80,FALSE,curved_view_open,,fine,,daylight,,0,0,0,0,1,0,0,0,0,0,0,0,1,0,0,0,0,0,0,0
-41.29006597,174.7788696,Wellington City,2018,property_damage,50,FALSE,straight,,fine,,darkness_not_lit,traffic_lights,0,0,0,0,1,0,0,0,0,0,0,0,1,0,0,0,0,0,0,0
-36.92354644,174.6560615,Auckland,2018,property_damage,50,FALSE,curved_view_open,,mist,,darkness_not_lit,,0,0,0,0,1,0,0,0,0,0,0,0,1,0,0,0,0,0,0,0
-37.03470494,174.9177827,Auckland,2018,property_damage,50,TRUE,straight,,mist,,darkness_not_lit,,0,0,0,0,1,0,0,0,0,0,0,0,1,0,0,0,0,0,0,0
-36.90964024,174.8593681,Auckland,2018,property_damage,50,FALSE,straight,,fine,,daylight,,0,0,0,0,1,0,0,0,0,0,0,0,1,0,0,0,0,0,0,0
-41.25007138,174.8096501,Wellington City,2018,property_damage,100,FALSE,straight,,rain,,dawn_dusk,,0,0,0,0,1,0,0,0,0,0,0,0,1,0,0,0,0,0,0,0
-37.78116764,175.24869,Hamilton City,2018,property_damage,50,FALSE,straight,,fine,,daylight,,0,0,0,0,1,0,0,0,0,0,0,0,1,0,0,0,0,0,0,0
-38.13822753,176.2555727,Rotorua District,2018,property_damage,50,FALSE,straight,,fine,,daylight,,0,0,0,0,1,0,0,0,0,0,0,0,1,0,0,0,0,0,0,0
-41.27523759,174.7796131,Wellington City,2018,property_damage,50,FALSE,straight,,,,daylight,,0,0,0,0,1,0,0,0,0,0,0,0,1,0,0,0,0,0,0,0
-43.53531799,172.6278585,Christchurch City,2018,property_damage,30,FALSE,straight,,fine,,dawn_dusk,,0,0,0,0,1,0,0,0,0,0,0,0,1,0,0,0,0,0,0,0