latitude,longitude,local_government_area,year,severity,speed_limit,intersection,road_position_horizontal,road_wet,weather,crash_type,lighting,traffic_controls,casualties,fatalities,serious_injuries,minor_injuries,car_sedan,car_utility,car_van,car_4x4,car_station_wagon,motor_cycle,truck_small,truck_large,bus,taxi,bicycle,scooter,pedestrian,inanimate,train,tram
-41.2878941,174.7754431,Wellington City,2018,property_damage,30,FALSE,straight,,fine,,daylight,,0,0,0,0,1,0,0,0,0,0,0,0,1,0,0,0,0,0,0,0
-36.87045258,174.7773761,Auckland,2018,property_damage,50,TRUE,straight,,fine,,dawn_dusk,,0,0,0,0,1,0,0,0,0,0,0,0,1,0,0,0,0,0,0,0
-38.12595066,176.2133071,Rotorua District,2018,property_damage,50,FALSE,straight,,fine,,daylight,,0,0,0,0,1,0,0,0,0,0,0,0,1,0,0,0,0,0,0,0
-41.32240347,174.7874794,Wellington City,2018,property_damage,50,FALSE,straight,,fine,,daylight,,0,0,0,0,1,0,0,0,0,0,0,0,1,0,0,0,0,0,0,0
-36.84276575,174.7639056,Auckland,2018,property_damage,50,FALSE,straight,,fine,,daylight,,0,0,0,0,1,0,0,0,0,0,0,0,1,0,0,0,0,0,0,0
-38.66015147,178.0085629,Gisborne District,2018,property_damage,50,FALSE,straight,,fine,,darkness_not_lit,,0,0,0,0,1,0,0,0,0,0,0,0,1,0,0,0,0,0,0,0
-36.90574986,174.7016156,Auckland,2018,property_damage,60,FALSE,straight,,fine,,daylight,,0,0,0,0,1,0,0,0,0,0,0,0,1,0,0,0,0,0,0,0
-41.21060694,174.9091353,Hutt City,2018,property_damage,50,FALSE,straight,,rain,,daylight,,0,0,0,0,1,0,0,0,0,0,0,0,1,0,0,0,0,0,0,0
-41.14641751,175.0073291,Upper Hutt City,2018,property_damage,50,FALSE,straight,,fine,,dawn_dusk,,0,0,0,0,1,0,0,0,0,0,0,0,1,0,0,0,0,0,0,0
-44.99738188,168.7544095,Queenstown-Lakes District,2018,property_damage,50,TRUE,curved_view_open,,fine,,daylight,,0,0,0,0,1,0,0,0,0,0,0,0,1,0,0,0,0,0,0,0
-41.29412092,174.7926903,Wellington City,2018,property_damage,50,FALSE,curved_view_open,,rain,,daylight,,0,0,0,0,1,0,0,0,0,0,0,0,1,0,0,0,0,0,0,0
-36.86825659,174.7356946,Auckland,2018,property_damage,80,FALSE,straight,,fine,,daylight,,0,0,0,0,1,0,0,0,0,0,0,0,1,0,0,0,0,0,0,0
-37.04026095,174.9153028,Auckland,2018,minor_injury,50,TRUE,straight,,rain,,daylight,traffic_lights,1,0,0,1,1,0,0,0,0,0,0,0,1,0,0,0,0,0,0,0
-37.04026095,174.9153028,Auckland,2018,minor_injury,50,TRUE,straight,,rain,,daylight,traffic_lights,1,0,0,1,1,0,0,0,0,0,0,0,1,0,0,0,0,0,0,0
-36.94020249,174.8456034,Auckland,2018,minor_injury,50,TRUE,straight,,rain,,darkness_not_lit,traffic_lights,1,0,0,1,1,0,0,0,0,0,0,0,1,0,0,0,0,0,0,0
-36.96945142,174.8605415,Auckland,2018,minor_injury,50,TRUE,straight,,fine,,darkness_not_lit,,1,0,0,1,1,0,0,0,0,0,0,0,1,0,0,0,0,0,0,0
-36.96945142,174.8605415,Auckland,2018,minor_injury,50,TRUE,straight,,fine,,darkness_not_lit,,1,0,0,1,1,0,0,0,0,0,0,0,1,0,0,0,0,0,0,0
-37.00186994,174.878952,Auckland,2018,minor_injury,60,TRUE,straight,,fine,,darkness_not_lit,giveway_sign,1,0,0,1,1,0,0,0,0,0,0,0,1,0,0,0,0,0,0,0
-41.26759939,174.7813634,Wellington City,2018,minor_injury,50,TRUE,straight,,fine,,daylight,giveway_sign,1,0,0,1,1,0,0,0,0,0,0,0,1,0,0,0,0,0,0,0
-37.70854991,176.1616349,Tauranga City,2018,minor_injury,50,FALSE,straight,,fine,,daylight,stop_sign,1,0,0,1,1,0,0,0,0,0,0,0,1,0,0,0,0,0,0,0
-36.90857861,174.8131895,Auckland,2018,minor_injury,50,FALSE,straight,,fine,,daylight,traffic_lights,1,0,0,1,1,0,0,0,0,0,0,0,1,0,0,0,0,0,0,0
-45.88320965,170.481852,Dunedin City,2018,minor_injury,50,TRUE,curved_view_open,,fine,,daylight,,1,0,0,1,1,0,0,0,0,0,0,0,1,0,0,0,0,0,0,0
-36.85504926,174.8366106,Auckland,2018,minor_injury,50,TRUE,straight,,fine,,dawn_dusk,stop_sign,1,0,0,1,1,0,0,0,0,0,0,0,1,0,0,0,0,0,0,0
-36.87872896,174.7814499,Auckland,2018,minor_injury,50,TRUE,straight,,rain,,daylight,stop_sign,1,0,0,1,1,0,0,0,0,0,0,0,1,0,0,0,0,0,0,0
-43.53977817,172.5968995,Christchurch City,2018,minor_injury,50,FALSE,straight,,fine,,darkness_not_lit,,1,0,0,1,1,0,0,0,0,0,0,0,1,0,0,0,0,0,0,0
-36.9186269,174.9132433,Auckland,2018,minor_injury,60,FALSE,straight,,rain,,darkness_not_lit,,1,0,0,1,1,0,0,0,0,0,0,0,1,0,0,0,0,0,0,0
-36.79762698,174.7449147,Auckland,2018,minor_injury,50,TRUE,straight,,fine,,daylight,,1,0,0,1,1,0,0,0,0,0,0,0,1,0,0,0,0,0,0,0
-39.92560655,175.0284138,Wanganui District,2018,minor_injury,50,FALSE,straight,,fine,,darkness_not_lit,,1,0,0,1,1,0,0,0,0,0,0,0,1,0,0,0,0,0,0,0
-41.27467191,173.280819,Nelson City,2018,minor_injury,50,FALSE,straight,,fine,,daylight,,1,0,0,1,1,0,0,0,0,0,0,0,1,0,0,0,0,0,0,0
-37.00204377,174.9287836,Auckland,2018,minor_injury,50,FALSE,curved_view_open,,fine,,daylight,,1,0,0,1,1,0,0,0,0,0,0,0,1,0,0,0,0,0,0,0
-37.76081128,175.7543786,Matamata-Piako District,2018,minor_injury,50,TRUE,straight,,fine,,daylight,giveway_sign,1,0,0,1,1,0,0,0,0,0,0,0,1,0,0,0,0,0,0,0
-36.84782889,174.7512703,Auckland,2018,minor_injury,50,FALSE,straight,,fine,,daylight,,1,0,0,1,1,0,0,0,0,0,0,0,1,0,0,0,0,0,0,0
-36.02748936,174.3938431,Whangarei District,2018,minor_injury,100,FALSE,curved_view_open,,fine,,daylight,,1,0,0,1,1,0,0,0,0,0,0,0,1,0,0,0,0,0,0,0
-36.80059463,174.6911148,Auckland,2018,minor_injury,50,TRUE,straight,,fine,,darkness_not_lit,,1,0,0,1,1,0,0,0,0,0,0,0,1,0,0,0,0,0,0,0
-45.0334808,168.6813535,Queenstown-Lakes District,2018,minor_injury,50,FALSE,straight,,fine,,daylight,,1,0,0,1,1,0,0,0,0,0,0,0,1,0,0,0,0,0,0,0
-40.32585178,175.7445118,Palmerston North City,2018,minor_injury,100,FALSE,straight,,fine,,daylight,,1,0,0,1,1,0,0,0,0,0,0,0,1,0,0,0,0,0,0,0
-36.12604897,174.0430568,Kaipara District,2018,minor_injury,100,FALSE,straight,,fine,,daylight,,1,0,0,1,1,0,0,0,0,0,0,0,1,0,0,0,0,0,0,0
-41.19858328,175.440204,South Wairarapa District,2018,minor_injury,100,FALSE,straight,,fine,,daylight,,1,0,0,1,1,0,0,0,0,0,0,0,1,0,0,0,0,0,0,0
-38.10142386,176.221649,Rotorua District,2018,minor_injury,80,FALSE,straight,,fine,,daylight,,1,0,0,1,1,0,0,0,0,0,0,0,1,0,0,0,0,0,0,0
-43.2413489,172.719271,Waimakariri District,2018,minor_injury,100,FALSE,straight,,fine,,darkness_not_lit,,1,0,0,1,1,0,0,0,0,0,0,0,1,0,0,0,0,0,0,0
-39.51800874,176.8703085,Napier City,2018,minor_injury,50,FALSE,straight,,fine,,daylight,,1,0,0,1,1,0,0,0,0,0,0,0,1,0,0,0,0,0,0,0
-37.73918128,176.0983259,Tauranga City,2018,serious_injury,50,TRUE,curved_view_open,,rain,,daylight,stop_sign,1,0,1,0,1,0,0,0,0,0,0,0,1,0,0,0,0,0,0,0
-41.20030313,174.94249,Hutt City,2018,serious_injury,50,TRUE,straight,,fine,,darkness_not_lit,giveway_sign,1,0,1,0,1,0,0,0,0,0,0,0,1,0,0,0,0,0,0,0
-36.88709389,174.7474317,Auckland,2018,minor_injury,50,TRUE,straight,,fine,,daylight,traffic_lights,2,0,0,2,1,0,0,0,0,0,0,0,1,0,0,0,0,0,0,0
-36.93328617,174.5809553,Auckland,2018,minor_injury,70,FALSE,curved_view_open,,rain,,daylight,,2,0,0,2,1,0,0,0,0,0,0,0,1,0,0,0,0,0,0,0
-46.41450261,168.3537609,Invercargill City,2018,minor_injury,50,TRUE,straight,,fine,,daylight,giveway_sign,4,0,0,4,1,0,0,0,0,0,0,0,1,0,0,0,0,0,0,0
-36.84903601,174.7653282,Auckland,2018,minor_injury,40,TRUE,straight,,fine,,darkness_not_lit,traffic_lights,3,0,0,3,1,0,0,0,0,0,0,0,1,0,0,0,0,0,0,0
-36.77328197,174.7025817,Auckland,2018,minor_injury,50,FALSE,curved_view_open,,rain,,daylight,,3,0,0,3,1,0,0,0,0,0,0,0,1,0,0,0,0,0,0,0
-43.52983413,172.6506013,Christchurch City,2018,serious_injury,50,TRUE,straight,,mist,,daylight,traffic_lights,2,0,1,1,1,0,0,0,0,0,0,0,1,0,0,0,0,0,0,0
-44.69025692,169.177196,Queenstown-Lakes District,2018,serious_injury,80,FALSE,straight,,fine,,darkness_not_lit,,5,0,1,4,1,0,0,0,0,0,0,0,1,0,0,0,0,0,0,0
-39.60866791,176.8735775,Hastings District,2018,property_damage,80,TRUE,straight,,fine,,daylight,giveway_sign,0,0,0,0,0,0,0,1,0,0,0,0,0,0,0,0,0,0,0,0
-37.10651541,174.9484561,Auckland,2018,property_damage,100,TRUE,straight,,,,daylight,,0,0,0,0,0,0,0,1,0,0,0,0,0,0,0,0,0,0,0,0
-36.09679114,174.4302783,Kaipara District,2018,property_damage,100,TRUE,straight,,fine,,daylight,giveway_sign,0,0,0,0,0,0,0,1,0,0,0,0,0,0,0,0,0,0,0,0
-37.73918128,176.0983259,Tauranga City,2018,property_damage,70,TRUE,straight,,fine,,daylight,stop_sign,0,0,0,0,0,0,0,1,0,0,0,0,0,0,0,0,0,0,0,0
-37.00925897,174.8904063,Auckland,2018,property_damage,50,TRUE,curved_view_open,,rain,,darkness_not_lit,traffic_lights,0,0,0,0,0,0,0,1,0,0,0,0,0,0,0,0,0,0,0,0
-37.00925897,174.8904063,Auckland,2018,property_damage,50,TRUE,curved_view_open,,rain,,darkness_not_lit,traffic_lights,0,0,0,0,0,0,0,1,0,0,0,0,0,0,0,0,0,0,0,0
-36.86647469,174.7305613,Auckland,2018,property_damage,50,TRUE,straight,,fine,,darkness_not_lit,traffic_lights,0,0,0,0,0,0,0,1,0,0,0,0,0,0,0,0,0,0,0,0
-36.95595884,174.835056,Auckland,2018,property_damage,50,TRUE,straight,,fine,,daylight,traffic_lights,0,0,0,0,0,0,0,1,0,0,0,0,0,0,0,0,0,0,0,0
-37.79476487,175.2843288,Hamilton City,2018,property_damage,50,TRUE,curved_view_open,,,,daylight,giveway_sign,0,0,0,0,0,0,0,1,0,0,0,0,0,0,0,0,0,0,0,0
-37.67638654,176.2220933,Tauranga City,2018,property_damage,50,TRUE,curved_view_open,,fine,,daylight,giveway_sign,0,0,0,0,0,0,0,1,0,0,0,0,0,0,0,0,0,0,0,0
-36.98690542,174.8814038,Auckland,2018,property_damage,60,TRUE,straight,,,,daylight,traffic_lights,0,0,0,0,0,0,0,1,0,0,0,0,0,0,0,0,0,0,0,0
-43.49630397,172.6541342,Christchurch City,2018,property_damage,50,TRUE,straight,,fine,,daylight,stop_sign,0,0,0,0,0,0,0,1,0,0,0,0,0,0,0,0,0,0,0,0
-36.8649137,174.5662968,Auckland,2018,property_damage,50,TRUE,straight,,fine,,daylight,giveway_sign,0,0,0,0,0,0,0,1,0,0,0,0,0,0,0,0,0,0,0,0
-35.73207642,174.3096068,Whangarei District,2018,property_damage,50,TRUE,straight,,fine,,daylight,traffic_lights,0,0,0,0,0,0,0,1,0,0,0,0,0,0,0,0,0,0,0,0
-43.54240248,172.6218115,Christchurch City,2018,property_damage,50,TRUE,straight,,fine,,dawn_dusk,giveway_sign,0,0,0,0,0,0,0,1,0,0,0,0,0,0,0,0,0,0,0,0
-37.67656344,176.222543,Tauranga City,2018,property_damage,70,TRUE,straight,,fine,,daylight,giveway_sign,0,0,0,0,0,0,0,1,0,0,0,0,0,0,0,0,0,0,0,0
-38.70428891,176.0963653,Taupo District,2018,property_damage,80,TRUE,straight,,fine,,daylight,stop_sign,0,0,0,0,0,0,0,1,0,0,0,0,0,0,0,0,0,0,0,0
-40.35831049,175.3253775,Manawatu District,2018,property_damage,100,TRUE,straight,,fine,,darkness_not_lit,,0,0,0,0,0,0,0,1,0,0,0,0,0,0,0,0,0,0,0,0
-41.2967894,174.7704292,Wellington City,2018,property_damage,50,TRUE,straight,,fine,,daylight,traffic_lights,0,0,0,0,0,0,0,1,0,0,0,0,0,0,0,0,0,0,0,0
-41.2967894,174.7704292,Wellington City,2018,property_damage,50,TRUE,straight,,fine,,daylight,traffic_lights,0,0,0,0,0,0,0,1,0,0,0,0,0,0,0,0,0,0,0,0
-37.77015114,175.282186,Hamilton City,2018,property_damage,50,TRUE,straight,,rain,,daylight,giveway_sign,0,0,0,0,0,0,0,1,0,0,0,0,0,0,0,0,0,0,0,0
-35.72487105,174.3122639,Whangarei District,2018,property_damage,50,TRUE,straight,,rain,,dawn_dusk,traffic_lights,0,0,0,0,0,0,0,1,0,0,0,0,0,0,0,0,0,0,0,0
-36.91645887,174.7784434,Auckland,2018,property_damage,50,TRUE,straight,,fine,,daylight,traffic_lights,0,0,0,0,0,0,0,1,0,0,0,0,0,0,0,0,0,0,0,0
-36.91645887,174.7784434,Auckland,2018,property_damage,50,TRUE,straight,,fine,,daylight,traffic_lights,0,0,0,0,0,0,0,1,0,0,0,0,0,0,0,0,0,0,0,0
-36.78438995,174.7391124,Auckland,2018,property_damage,50,TRUE,straight,,fine,,daylight,traffic_lights,0,0,0,0,0,0,0,1,0,0,0,0,0,0,0,0,0,0,0,0
-37.65402575,175.1559279,Waikato District,2018,property_damage,100,TRUE,straight,,rain,,daylight,giveway_sign,0,0,0,0,0,0,0,1,0,0,0,0,0,0,0,0,0,0,0,0
-39.93513897,175.0432301,Wanganui District,2018,property_damage,50,TRUE,straight,,fine,,daylight,giveway_sign,0,0,0,0,0,0,0,1,0,0,0,0,0,0,0,0,0,0,0,0
-43.52090485,172.6457034,Christchurch City,2018,property_damage,50,TRUE,straight,,fine,,daylight,traffic_lights,0,0,0,0,0,0,0,1,0,0,0,0,0,0,0,0,0,0,0,0
-45.02368227,168.698377,Queenstown-Lakes District,2018,property_damage,70,TRUE,straight,,fine,,daylight,giveway_sign,0,0,0,0,0,0,0,1,0,0,0,0,0,0,0,0,0,0,0,0
-37.73084693,176.1391579,Tauranga City,2018,property_damage,50,FALSE,curved_view_open,,mist,,darkness_not_lit,,0,0,0,0,0,0,0,1,0,0,0,0,0,0,0,0,0,0,0,0
-36.91136793,174.8223361,Auckland,2018,property_damage,100,FALSE,straight,,fine,,daylight,,0,0,0,0,0,0,0,1,0,0,0,0,0,0,0,0,0,0,0,0
-36.75967089,174.566159,Auckland,2018,property_damage,80,TRUE,straight,,fine,,dawn_dusk,stop_sign,0,0,0,0,0,0,0,1,0,0,0,0,0,0,0,0,0,0,0,0
-38.12975435,176.3018445,Rotorua District,2018,property_damage,60,TRUE,straight,,rain,,daylight,traffic_lights,0,0,0,0,0,0,0,1,0,0,0,0,0,0,0,0,0,0,0,0
-36.48076436,174.6578161,Auckland,2018,property_damage,100,FALSE,straight,,fine,,dawn_dusk,stop_sign,0,0,0,0,0,0,0,1,0,0,0,0,0,0,0,0,0,0,0,0
-37.69274719,175.2066869,Waikato District,2018,property_damage,100,TRUE,straight,,rain,,daylight,stop_sign,0,0,0,0,0,0,0,1,0,0,0,0,0,0,0,0,0,0,0,0
-39.62815021,176.8336904,Hastings District,2018,property_damage,50,FALSE,straight,,fine,,daylight,,0,0,0,0,0,0,0,1,0,0,0,0,0,0,0,0,0,0,0,0
-43.4862636,172.7233952,Christchurch City,2018,property_damage,50,TRUE,curved_view_open,,fine,,darkness_not_lit,,0,0,0,0,0,0,0,1,0,0,0,0,0,0,0,0,0,0,0,0
-43.4862636,172.7233952,Christchurch City,2018,property_damage,50,TRUE,curved_view_open,,fine,,darkness_not_lit,,0,0,0,0,0,0,0,1,0,0,0,0,0,0,0,0,0,0,0,0
-36.74336916,174.7298309,Auckland,2018,property_damage,50,FALSE,straight,,fine,,daylight,giveway_sign,0,0,0,0,0,0,0,1,0,0,0,0,0,0,0,0,0,0,0,0
-36.96907835,174.8017623,Auckland,2018,property_damage,50,TRUE,straight,,rain,,daylight,,0,0,0,0,0,0,0,1,0,0,0,0,0,0,0,0,0,0,0,0
-35.56022802,174.2827628,Whangarei District,2018,property_damage,100,TRUE,straight,,rain,,daylight,stop_sign,0,0,0,0,0,0,0,1,0,0,0,0,0,0,0,0,0,0,0,0
-37.01384674,174.9184721,Auckland,2018,property_damage,50,TRUE,straight,,fine,,daylight,giveway_sign,0,0,0,0,0,0,0,1,0,0,0,0,0,0,0,0,0,0,0,0
-36.99578453,174.9212655,Auckland,2018,property_damage,80,FALSE,straight,,fine,,daylight,,0,0,0,0,0,0,0,1,0,0,0,0,0,0,0,0,0,0,0,0
-41.30413993,174.7913402,Wellington City,2018,property_damage,50,FALSE,straight,,fine,,daylight,,0,0,0,0,0,0,0,1,0,0,0,0,0,0,0,0,0,0,0,0
-43.56133332,172.528395,Christchurch City,2018,property_damage,70,TRUE,curved_view_open,,fine,,daylight,giveway_sign,0,0,0,0,0,0,0,1,0,0,0,0,0,0,0,0,0,0,0,0
-37.75488909,175.2430703,Hamilton City,2018,property_damage,60,FALSE,straight,,fine,,daylight,,0,0,0,0,0,0,0,1,0,0,0,0,0,0,0,0,0,0,0,0
-42.89868894,173.0965923,Hurunui District,2018,property_damage,100,FALSE,straight,,fine,,daylight,,0,0,0,0,0,0,0,1,0,0,0,0,0,0,0,0,0,0,0,0
-36.88589979,174.7136973,Auckland,2018,property_damage,50,FALSE,straight,,fine,,darkness_not_lit,,0,0,0,0,0,0,0,1,0,0,0,0,0,0,0,0,0,0,0,0
-43.56995946,172.5219253,Christchurch City,2018,property_damage,80,TRUE,straight,,fine,,daylight,stop_sign,0,0,0,0,0,0,0,1,0,0,0,0,0,0,0,0,0,0,0,0
-41.20732488,174.817524,Wellington City,2018,property_damage,100,TRUE,straight,,fine,,daylight,,0,0,0,0,0,0,0,1,0,0,0,0,0,0,0,0,0,0,0,0
-40.34658183,175.6038084,Palmerston North City,2018,property_damage,50,FALSE,straight,,fine,,dawn_dusk,,0,0,0,0,0,0,0,1,0,0,0,0,0,0,0,0,0,0,0,0
-36.97970633,174.8520285,Auckland,2018,property_damage,50,TRUE,straight,,fine,,daylight,giveway_sign,0,0,0,0,0,0,0,1,0,0,0,0,0,0,0,0,0,0,0,0
-35.05218749,173.2583948,Far North District,2018,property_damage,50,FALSE,curved_view_open,,fine,,darkness_not_lit,,0,0,0,0,0,0,0,1,0,0,0,0,0,0,0,0,0,0,0,0
-41.299232,173.2387361,Nelson City,2018,property_damage,50,TRUE,straight,,fine,,daylight,giveway_sign,0,0,0,0,0,0,0,1,0,0,0,0,0,0,0,0,0,0,0,0
-43.60720087,172.5134521,Selwyn District,2018,property_damage,100,FALSE,straight,,fine,,daylight,,0,0,0,0,0,0,0,1,0,0,0,0,0,0,0,0,0,0,0,0
-37.02461482,174.9236327,Auckland,2018,property_damage,50,TRUE,straight,,fine,,daylight,stop_sign,0,0,0,0,0,0,0,1,0,0,0,0,0,0,0,0,0,0,0,0
-36.76207265,174.5658494,Auckland,2018,property_damage,80,TRUE,curved_view_open,,fine,,daylight,giveway_sign,0,0,0,0,0,0,0,1,0,0,0,0,0,0,0,0,0,0,0,0
-35.72894722,174.1899097,Whangarei District,2018,property_damage,100,FALSE,straight,,rain,,dawn_dusk,,0,0,0,0,0,0,0,1,0,0,0,0,0,0,0,0,0,0,0,0
-37.91611013,175.5538527,Waipa District,2018,property_damage,100,FALSE,straight,,fine,,darkness_not_lit,,0,0,0,0,0,0,0,1,0,0,0,0,0,0,0,0,0,0,0,0
-41.09437957,174.9078608,Porirua City,2018,property_damage,60,FALSE,curved_view_open,,rain,,darkness_not_lit,,0,0,0,0,0,0,0,1,0,0,0,0,0,0,0,0,0,0,0,0
-36.87269979,174.7045954,Auckland,2018,property_damage,100,FALSE,straight,,fine,,daylight,,0,0,0,0,0,0,0,1,0,0,0,0,0,0,0,0,0,0,0,0
-38.6902956,176.0991754,Taupo District,2018,property_damage,50,FALSE,straight,,rain,,darkness_not_lit,,0,0,0,0,0,0,0,1,0,0,0,0,0,0,0,0,0,0,0,0
-39.92677524,175.0300982,Wanganui District,2018,property_damage,50,TRUE,straight,,fine,,daylight,giveway_sign,0,0,0,0,0,0,0,1,0,0,0,0,0,0,0,0,0,0,0,0
-37.89119002,178.35258,Gisborne District,2018,property_damage,100,FALSE,curved_view_open,,fine,,daylight,,0,0,0,0,0,0,0,1,0,0,0,0,0,0,0,0,0,0,0,0
-43.54742937,172.6336517,Christchurch City,2018,property_damage,60,TRUE,straight,,rain,,dawn_dusk,traffic_lights,0,0,0,0,0,0,0,1,0,0,0,0,0,0,0,0,0,0,0,0
-37.58796772,175.1594448,Waikato District,2018,property_damage,100,FALSE,straight,,fine,,darkness_not_lit,,0,0,0,0,0,0,0,1,0,0,0,0,0,0,0,0,0,0,0,0
-45.89636306,170.507851,Dunedin City,2018,property_damage,50,TRUE,straight,,rain,,darkness_not_lit,giveway_sign,0,0,0,0,0,0,0,1,0,0,0,0,0,0,0,0,0,0,0,0
-36.83263623,174.627311,Auckland,2018,property_damage,50,TRUE,curved_view_open,,fine,,daylight,giveway_sign,0,0,0,0,0,0,0,1,0,0,0,0,0,0,0,0,0,0,0,0
-38.65311843,178.0232407,Gisborne District,2018,property_damage,50,FALSE,straight,,fine,,daylight,giveway_sign,0,0,0,0,0,0,0,1,0,0,0,0,0,0,0,0,0,0,0,0
-37.70492386,176.1523745,Tauranga City,2018,property_damage,50,FALSE,straight,,rain,,daylight,,0,0,0,0,0,0,0,1,0,0,0,0,0,0,0,0,0,0,0,0
-35.73360313,174.3274231,Whangarei District,2018,property_damage,50,TRUE,curved_view_open,,fine,,daylight,,0,0,0,0,0,0,0,1,0,0,0,0,0,0,0,0,0,0,0,0
-37.78577342,175.2557106,Hamilton City,2018,property_damage,60,TRUE,straight,,fine,,daylight,giveway_sign,0,0,0,0,0,0,0,1,0,0,0,0,0,0,0,0,0,0,0,0
-36.85688074,174.6281278,Auckland,2018,property_damage,50,FALSE,straight,,fine,,darkness_not_lit,,0,0,0,0,0,0,0,1,0,0,0,0,0,0,0,0,0,0,0,0
-36.8451399,174.7385811,Auckland,2018,property_damage,50,FALSE,straight,,fine,,daylight,,0,0,0,0,0,0,0,1,0,0,0,0,0,0,0,0,0,0,0,0
-36.96606821,174.9151492,Auckland,2018,property_damage,60,TRUE,straight,,fine,,daylight,traffic_lights,0,0,0,0,0,0,0,1,0,0,0,0,0,0,0,0,0,0,0,0
-38.05861803,177.1219681,Opotiki District,2018,property_damage,100,FALSE,curved_view_open,,rain,,daylight,,0,0,0,0,0,0,0,1,0,0,0,0,0,0,0,0,0,0,0,0
-36.42853416,174.6469108,Auckland,2018,property_damage,100,FALSE,straight,,fine,,daylight,,0,0,0,0,0,0,0,1,0,0,0,0,0,0,0,0,0,0,0,0
-42.71325585,170.9685483,Westland District,2018,property_damage,50,TRUE,straight,,fine,,daylight,giveway_sign,0,0,0,0,0,0,0,1,0,0,0,0,0,0,0,0,0,0,0,0
-42.589195,172.4477958,Hurunui District,2018,property_damage,100,FALSE,curved_view_open,,fine,,daylight,,0,0,0,0,0,0,0,1,0,0,0,0,0,0,0,0,0,0,0,0
-41.74721795,171.6013079,Buller District,2018,property_damage,50,TRUE,straight,,fine,,daylight,giveway_sign,0,0,0,0,0,0,0,1,0,0,0,0,0,0,0,0,0,0,0,0
-41.23794938,174.8294817,Wellington City,2018,property_damage,100,FALSE,straight,,fine,,daylight,,0,0,0,0,0,0,0,1,0,0,0,0,0,0,0,0,0,0,0,0
-36.86894152,174.7264213,Auckland,2018,property_damage,80,FALSE,straight,,rain,,daylight,,0,0,0,0,0,0,0,1,0,0,0,0,0,0,0,0,0,0,0,0
-36.89847423,174.6992207,Auckland,2018,property_damage,50,FALSE,curved_view_open,,fine,,darkness_not_lit,,0,0,0,0,0,0,0,1,0,0,0,0,0,0,0,0,0,0,0,0
-43.33655909,171.9243095,Selwyn District,2018,property_damage,50,FALSE,straight,,fine,,daylight,,0,0,0,0,0,0,0,1,0,0,0,0,0,0,0,0,0,0,0,0
-35.37455179,174.061665,Far North District,2018,property_damage,100,FALSE,straight,,rain,,daylight,,0,0,0,0,0,0,0,1,0,0,0,0,0,0,0,0,0,0,0,0
-37.18064837,174.8915727,Auckland,2018,property_damage,100,FALSE,curved_view_open,,rain,,daylight,,0,0,0,0,0,0,0,1,0,0,0,0,0,0,0,0,0,0,0,0
-37.81403832,175.2862859,Hamilton City,2018,property_damage,50,FALSE,curved_view_open,,fine,,daylight,,0,0,0,0,0,0,0,1,0,0,0,0,0,0,0,0,0,0,0,0
-43.38850544,170.1818075,Westland District,2018,property_damage,50,FALSE,straight,,fine,,daylight,,0,0,0,0,0,0,0,1,0,0,0,0,0,0,0,0,0,0,0,0
-39.58313761,176.9164071,Hastings District,2018,property_damage,50,FALSE,curved_view_open,,fine,,daylight,,0,0,0,0,0,0,0,1,0,0,0,0,0,0,0,0,0,0,0,0
-36.90668151,174.8880848,Auckland,2018,property_damage,60,TRUE,straight,,fine,,daylight,giveway_sign,0,0,0,0,0,0,0,1,0,0,0,0,0,0,0,0,0,0,0,0
-36.92267103,175.6989176,Thames-Coromandel District,2018,property_damage,100,FALSE,curved_view_open,,fine,,daylight,,0,0,0,0,0,0,0,1,0,0,0,0,0,0,0,0,0,0,0,0
-36.76641837,174.7402412,Auckland,2018,property_damage,100,FALSE,straight,,fine,,daylight,,0,0,0,0,0,0,0,1,0,0,0,0,0,0,0,0,0,0,0,0
-36.92957218,174.8342098,Auckland,2018,property_damage,50,FALSE,straight,,fine,,daylight,,0,0,0,0,0,0,0,1,0,0,0,0,0,0,0,0,0,0,0,0
-44.82118637,168.1161457,Southland District,2018,property_damage,100,FALSE,curved_view_open,,rain,,daylight,,0,0,0,0,0,0,0,1,0,0,0,0,0,0,0,0,0,0,0,0
-35.69733081,174.3045732,Whangarei District,2018,property_damage,50,FALSE,straight,,,,daylight,,0,0,0,0,0,0,0,1,0,0,0,0,0,0,0,0,0,0,0,0
-39.93309382,175.5720771,Rangitikei District,2018,property_damage,100,FALSE,curved_view_open,,fine,,darkness_not_lit,,0,0,0,0,0,0,0,1,0,0,0,0,0,0,0,0,0,0,0,0
-36.7527753,174.7170486,Auckland,2018,property_damage,80,FALSE,straight,,fine,,daylight,,0,0,0,0,0,0,0,1,0,0,0,0,0,0,0,0,0,0,0,0
-36.75612994,174.7649775,Auckland,2018,property_damage,50,FALSE,curved_view_open,,fine,,darkness_not_lit,,0,0,0,0,0,0,0,1,0,0,0,0,0,0,0,0,0,0,0,0
-41.58754138,175.2343094,South Wairarapa District,2018,property_damage,50,TRUE,straight,,fine,,daylight,,0,0,0,0,0,0,0,1,0,0,0,0,0,0,0,0,0,0,0,0
-45.06106452,170.8493239,Waitaki District,2018,property_damage,100,FALSE,straight,,fine,,darkness_not_lit,,0,0,0,0,0,0,0,1,0,0,0,0,0,0,0,0,0,0,0,0