latitude,longitude,local_government_area,year,severity,speed_limit,intersection,road_position_horizontal,road_wet,weather,crash_type,lighting,traffic_controls,casualties,fatalities,serious_injuries,minor_injuries,car_sedan,car_utility,car_van,car_4x4,car_station_wagon,motor_cycle,truck_small,truck_large,bus,taxi,bicycle,scooter,pedestrian,inanimate,train,tram
-35.99816265,173.8006157,Kaipara District,2018,property_damage,30,FALSE,curved_view_open,,fine,,daylight,,0,0,0,0,0,0,0,1,0,0,0,0,0,0,0,0,0,0,0,0
-36.10311704,174.2456627,Kaipara District,2018,property_damage,100,FALSE,curved_view_open,,fine,,daylight,,0,0,0,0,0,0,0,1,0,0,0,0,0,0,0,0,0,0,0,0
-37.65053664,176.2032861,Tauranga City,2018,property_damage,50,FALSE,straight,,fine,,daylight,,0,0,0,0,0,0,0,1,0,0,0,0,0,0,0,0,0,0,0,0
-35.71716031,174.3157856,Whangarei District,2018,property_damage,70,FALSE,straight,,fine,,daylight,,0,0,0,0,0,0,0,1,0,0,0,0,0,0,0,0,0,0,0,0
-37.2815289,175.3240711,Hauraki District,2018,property_damage,90,FALSE,straight,,fine,,daylight,,0,0,0,0,0,0,0,1,0,0,0,0,0,0,0,0,0,0,0,0
-35.20264994,173.5042817,Far North District,2018,property_damage,100,FALSE,curved_view_open,,fine,,darkness_not_lit,,0,0,0,0,0,0,0,1,0,0,0,0,0,0,0,0,0,0,0,0
-38.43583283,176.3409284,Rotorua District,2018,property_damage,50,FALSE,straight,,fine,,daylight,,0,0,0,0,0,0,0,1,0,0,0,0,0,0,0,0,0,0,0,0
-41.69508608,174.0939836,Marlborough District,2018,property_damage,100,FALSE,straight,,fine,,daylight,,0,0,0,0,0,0,0,1,0,0,0,0,0,0,0,0,0,0,0,0
-39.62837827,176.8333303,Hastings District,2018,property_damage,50,FALSE,straight,,rain,,darkness_not_lit,,0,0,0,0,0,0,0,1,0,0,0,0,0,0,0,0,0,0,0,0
-37.78737763,175.2636851,Hamilton City,2018,property_damage,50,FALSE,straight,,fine,,daylight,,0,0,0,0,0,0,0,1,0,0,0,0,0,0,0,0,0,0,0,0
-36.95728871,174.8825166,Auckland,2018,property_damage,50,FALSE,straight,,,,daylight,,0,0,0,0,0,0,0,1,0,0,0,0,0,0,0,0,0,0,0,0
-35.94844042,173.8902908,Kaipara District,2018,property_damage,100,FALSE,straight,,fine,,daylight,,0,0,0,0,0,0,0,1,0,0,0,0,0,0,0,0,0,0,0,0
-36.77282174,174.74368,Auckland,2018,property_damage,50,FALSE,curved_view_open,,fine,,daylight,,0,0,0,0,0,0,0,1,0,0,0,0,0,0,0,0,0,0,0,0
-36.78826582,174.6985763,Auckland,2018,property_damage,50,TRUE,straight,,fine,,daylight,giveway_sign,0,0,0,0,0,0,0,1,0,0,0,0,0,0,0,0,0,0,0,0
-41.11007861,173.0103143,Tasman District,2018,property_damage,50,FALSE,straight,,fine,,daylight,,0,0,0,0,0,0,0,1,0,0,0,0,0,0,0,0,0,0,0,0
-36.15344661,174.2230921,Kaipara District,2018,property_damage,50,FALSE,straight,,fine,,daylight,,0,0,0,0,0,0,0,1,0,0,0,0,0,0,0,0,0,0,0,0
-44.62865909,169.5204094,Central Otago District,2018,property_damage,100,FALSE,curved_view_open,,fine,,daylight,,0,0,0,0,0,0,0,1,0,0,0,0,0,0,0,0,0,0,0,0
-43.38398679,172.6321806,Waimakariri District,2018,property_damage,60,FALSE,curved_view_open,,fine,,daylight,,0,0,0,0,0,0,0,1,0,0,0,0,0,0,0,0,0,0,0,0
-36.87611723,174.7038748,Auckland,2018,property_damage,50,FALSE,straight,,fine,,daylight,,0,0,0,0,0,0,0,1,0,0,0,0,0,0,0,0,0,0,0,0
-45.28015497,170.8033818,Waitaki District,2018,property_damage,100,FALSE,straight,,fine,,daylight,,0,0,0,0,0,0,0,1,0,0,0,0,0,0,0,0,0,0,0,0
-37.64951087,176.0301595,Western Bay Of Plenty District,2018,property_damage,50,FALSE,straight,,fine,,daylight,,0,0,0,0,0,0,0,1,0,0,0,0,0,0,0,0,0,0,0,0
-38.07653882,176.3257296,Rotorua District,2018,property_damage,100,FALSE,straight,,fine,,daylight,,0,0,0,0,0,0,0,1,0,0,0,0,0,0,0,0,0,0,0,0
-35.70911431,174.3128567,Whangarei District,2018,property_damage,50,FALSE,straight,,fine,,darkness_not_lit,,0,0,0,0,0,0,0,1,0,0,0,0,0,0,0,0,0,0,0,0
-36.91020906,174.7372734,Auckland,2018,property_damage,80,FALSE,straight,,fine,,daylight,,0,0,0,0,0,0,0,1,0,0,0,0,0,0,0,0,0,0,0,0
-35.44869588,174.4162605,Whangarei District,2018,property_damage,100,FALSE,curved_view_open,,fine,,daylight,,0,0,0,0,0,0,0,1,0,0,0,0,0,0,0,0,0,0,0,0
-45.80900541,170.1350918,Dunedin City,2018,property_damage,100,TRUE,straight,,fine,,daylight,stop_sign,0,0,0,0,0,0,0,1,0,0,0,0,0,0,0,0,0,0,0,0
-37.62037487,175.5952757,Matamata-Piako District,2018,property_damage,50,FALSE,straight,,fine,,daylight,,0,0,0,0,0,0,0,1,0,0,0,0,0,0,0,0,0,0,0,0
-44.99280055,168.9095464,Queenstown-Lakes District,2018,property_damage,100,FALSE,curved_view_open,,fine,,daylight,,0,0,0,0,0,0,0,1,0,0,0,0,0,0,0,0,0,0,0,0
-36.86183483,174.7635251,Auckland,2018,property_damage,80,FALSE,straight,,fine,,darkness_not_lit,,0,0,0,0,0,0,0,1,0,0,0,0,0,0,0,0,0,0,0,0
-37.67921749,175.4586639,Matamata-Piako District,2018,property_damage,100,FALSE,straight,,fine,,darkness_not_lit,,0,0,0,0,0,0,0,1,0,0,0,0,0,0,0,0,0,0,0,0
-36.90856722,174.6841797,Auckland,2018,property_damage,50,TRUE,straight,,fine,,darkness_not_lit,,0,0,0,0,0,0,0,1,0,0,0,0,0,0,0,0,0,0,0,0
-37.71371553,176.1419955,Tauranga City,2018,property_damage,50,FALSE,straight,,fine,,daylight,,0,0,0,0,0,0,0,1,0,0,0,0,0,0,0,0,0,0,0,0
-36.92650346,174.7854015,Auckland,2018,property_damage,50,FALSE,straight,,fine,,daylight,,0,0,0,0,0,0,0,1,0,0,0,0,0,0,0,0,0,0,0,0
-45.56054833,168.031698,Southland District,2018,property_damage,100,FALSE,straight,,snow,,daylight,,0,0,0,0,0,0,0,1,0,0,0,0,0,0,0,0,0,0,0,0
-36.89225637,174.7457428,Auckland,2018,property_damage,50,FALSE,straight,,fine,,daylight,,0,0,0,0,0,0,0,1,0,0,0,0,0,0,0,0,0,0,0,0
-37.69745454,176.2852557,Tauranga City,2018,property_damage,50,FALSE,straight,,fine,,darkness_not_lit,,0,0,0,0,0,0,0,1,0,0,0,0,0,0,0,0,0,0,0,0
-36.91656394,174.832596,Auckland,2018,property_damage,100,FALSE,straight,,fine,,darkness_not_lit,,0,0,0,0,0,0,0,1,0,0,0,0,0,0,0,0,0,0,0,0
-36.84507451,174.7522392,Auckland,2018,property_damage,80,FALSE,curved_view_open,,fine,,dawn_dusk,,0,0,0,0,0,0,0,1,0,0,0,0,0,0,0,0,0,0,0,0
-41.29798574,174.7687776,Wellington City,2018,property_damage,50,FALSE,curved_view_open,,fine,,darkness_not_lit,,0,0,0,0,0,0,0,1,0,0,0,0,0,0,0,0,0,0,0,0
-36.60549897,174.6324536,Auckland,2018,property_damage,100,TRUE,straight,,fine,,daylight,stop_sign,0,0,0,0,0,0,0,1,0,0,0,0,0,0,0,0,0,0,0,0
-43.56612298,172.5552162,Christchurch City,2018,property_damage,50,FALSE,curved_view_open,,fine,,daylight,,0,0,0,0,0,0,0,1,0,0,0,0,0,0,0,0,0,0,0,0
-37.84766493,175.3068024,Waipa District,2018,property_damage,100,FALSE,straight,,rain,,darkness_not_lit,,0,0,0,0,0,0,0,1,0,0,0,0,0,0,0,0,0,0,0,0
-37.24965374,175.8570966,Hauraki District,2018,property_damage,100,FALSE,curved_view_open,,fine,,daylight,,0,0,0,0,0,0,0,1,0,0,0,0,0,0,0,0,0,0,0,0
-37.22760734,175.0122394,Waikato District,2018,property_damage,100,FALSE,straight,,fine,,daylight,,0,0,0,0,0,0,0,1,0,0,0,0,0,0,0,0,0,0,0,0
-36.22070146,175.4736349,Auckland,2018,property_damage,100,FALSE,curved_view_open,,fine,,darkness_not_lit,,0,0,0,0,0,0,0,1,0,0,0,0,0,0,0,0,0,0,0,0
-36.98013131,174.8502076,Auckland,2018,property_damage,50,FALSE,straight,,fine,,daylight,giveway_sign,0,0,0,0,0,0,0,1,0,0,0,0,0,0,0,0,0,0,0,0
-35.96976913,173.8721972,Kaipara District,2018,property_damage,100,FALSE,straight,,fine,,daylight,,0,0,0,0,0,0,0,1,0,0,0,0,0,0,0,0,0,0,0,0
-38.65744899,178.0127839,Gisborne District,2018,property_damage,50,TRUE,straight,,rain,,daylight,giveway_sign,0,0,0,0,0,0,0,1,0,0,0,0,0,0,0,0,0,0,0,0
-41.51951191,173.9510394,Marlborough District,2018,property_damage,50,FALSE,straight,,fine,,daylight,,0,0,0,0,0,0,0,1,0,0,0,0,0,0,0,0,0,0,0,0
-41.26090038,173.2839234,Nelson City,2018,property_damage,50,FALSE,straight,,fine,,daylight,,0,0,0,0,0,0,0,1,0,0,0,0,0,0,0,0,0,0,0,0
-37.68910757,176.1336091,Tauranga City,2018,property_damage,50,FALSE,straight,,fine,,daylight,,0,0,0,0,0,0,0,1,0,0,0,0,0,0,0,0,0,0,0,0
-38.68087311,176.069794,Taupo District,2018,property_damage,50,FALSE,straight,,fine,,daylight,,0,0,0,0,0,0,0,1,0,0,0,0,0,0,0,0,0,0,0,0
-36.77427855,174.671724,Auckland,2018,property_damage,50,TRUE,curved_view_open,,fine,,daylight,giveway_sign,0,0,0,0,0,0,0,1,0,0,0,0,0,0,0,0,0,0,0,0
-41.20738534,174.9513942,Hutt City,2018,property_damage,50,FALSE,straight,,fine,,darkness_not_lit,,0,0,0,0,0,0,0,1,0,0,0,0,0,0,0,0,0,0,0,0
-45.90189775,170.4503235,Dunedin City,2018,property_damage,100,FALSE,straight,,fine,,daylight,,0,0,0,0,0,0,0,1,0,0,0,0,0,0,0,0,0,0,0,0
-36.95290326,174.9054308,Auckland,2018,property_damage,80,FALSE,straight,,fine,,darkness_not_lit,,0,0,0,0,0,0,0,1,0,0,0,0,0,0,0,0,0,0,0,0
-36.91538012,174.9116917,Auckland,2018,property_damage,60,FALSE,straight,,fine,,darkness_not_lit,,0,0,0,0,0,0,0,1,0,0,0,0,0,0,0,0,0,0,0,0
-39.61676048,176.8482698,Hastings District,2018,property_damage,50,FALSE,straight,,fine,,daylight,,0,0,0,0,0,0,0,1,0,0,0,0,0,0,0,0,0,0,0,0
-45.92282086,170.2563737,Dunedin City,2018,property_damage,100,FALSE,straight,,fine,,darkness_not_lit,,0,0,0,0,0,0,0,1,0,0,0,0,0,0,0,0,0,0,0,0
-36.85062051,174.6363508,Auckland,2018,property_damage,100,FALSE,straight,,rain,,darkness_not_lit,,0,0,0,0,0,0,0,1,0,0,0,0,0,0,0,0,0,0,0,0
-41.14301585,174.8444985,Porirua City,2018,property_damage,100,FALSE,straight,,fine,,darkness_not_lit,,0,0,0,0,0,0,0,1,0,0,0,0,0,0,0,0,0,0,0,0
-36.85715588,174.7684425,Auckland,2018,property_damage,80,FALSE,straight,,fine,,dawn_dusk,,0,0,0,0,0,0,0,1,0,0,0,0,0,0,0,0,0,0,0,0
-36.97696762,174.8981559,Auckland,2018,property_damage,60,FALSE,straight,,fine,,darkness_not_lit,,0,0,0,0,0,0,0,1,0,0,0,0,0,0,0,0,0,0,0,0
-37.19703361,174.9184689,Auckland,2018,property_damage,50,TRUE,straight,,fine,,daylight,giveway_sign,0,0,0,0,0,0,0,1,0,0,0,0,0,0,0,0,0,0,0,0
-45.00029683,168.7720458,Queenstown-Lakes District,2018,property_damage,100,TRUE,straight,,rain,,daylight,giveway_sign,0,0,0,0,0,0,0,1,0,0,0,0,0,0,0,0,0,0,0,0
-36.89768174,174.7248129,Auckland,2018,property_damage,50,FALSE,straight,,fine,,daylight,,0,0,0,0,0,0,0,1,0,0,0,0,0,0,0,0,0,0,0,0
-36.98414343,174.8321152,Auckland,2018,property_damage,100,FALSE,straight,,fine,,daylight,,0,0,0,0,0,0,0,1,0,0,0,0,0,0,0,0,0,0,0,0
-43.50766686,172.5413695,Christchurch City,2018,property_damage,80,FALSE,straight,,fine,,darkness_not_lit,,0,0,0,0,0,0,0,1,0,0,0,0,0,0,0,0,0,0,0,0
-37.37474479,175.6677772,Hauraki District,2018,property_damage,50,FALSE,straight,,fine,,daylight,,0,0,0,0,0,0,0,1,0,0,0,0,0,0,0,0,0,0,0,0
-37.67160973,175.1523666,Waikato District,2018,minor_injury,50,TRUE,curved_view_open,,fine,,daylight,giveway_sign,1,0,0,1,0,0,0,1,0,0,0,0,0,0,0,0,0,0,0,0
-38.13990612,176.253845,Rotorua District,2018,minor_injury,50,TRUE,straight,,fine,,dawn_dusk,traffic_lights,1,0,0,1,0,0,0,1,0,0,0,0,0,0,0,0,0,0,0,0
-45.86129005,170.514186,Dunedin City,2018,minor_injury,50,TRUE,straight,,fine,,darkness_not_lit,traffic_lights,1,0,0,1,0,0,0,1,0,0,0,0,0,0,0,0,0,0,0,0
-43.52090435,172.642647,Christchurch City,2018,minor_injury,50,TRUE,straight,,rain,,daylight,traffic_lights,1,0,0,1,0,0,0,1,0,0,0,0,0,0,0,0,0,0,0,0
-36.71069308,174.6680613,Auckland,2018,minor_injury,80,TRUE,straight,,fine,,dawn_dusk,giveway_sign,1,0,0,1,0,0,0,1,0,0,0,0,0,0,0,0,0,0,0,0
-41.22733504,174.8849853,Hutt City,2018,minor_injury,50,TRUE,straight,,fine,,daylight,traffic_lights,1,0,0,1,0,0,0,1,0,0,0,0,0,0,0,0,0,0,0,0
-39.92685481,175.0511629,Wanganui District,2018,minor_injury,50,TRUE,straight,,fine,,daylight,giveway_sign,1,0,0,1,0,0,0,1,0,0,0,0,0,0,0,0,0,0,0,0
-35.79023893,174.3018411,Whangarei District,2018,minor_injury,100,FALSE,curved_view_open,,fine,,darkness_not_lit,,1,0,0,1,0,0,0,1,0,0,0,0,0,0,0,0,0,0,0,0
-43.54472704,172.6389785,Christchurch City,2018,minor_injury,50,TRUE,straight,,fine,,daylight,stop_sign,1,0,0,1,0,0,0,1,0,0,0,0,0,0,0,0,0,0,0,0
-37.14594151,174.9710954,Auckland,2018,minor_injury,100,TRUE,straight,,fine,,dawn_dusk,,1,0,0,1,0,0,0,1,0,0,0,0,0,0,0,0,0,0,0,0
-37.7323315,175.2872193,Hamilton City,2018,minor_injury,80,TRUE,curved_view_open,,rain,,darkness_not_lit,giveway_sign,1,0,0,1,0,0,0,1,0,0,0,0,0,0,0,0,0,0,0,0
-37.66570375,176.1971834,Tauranga City,2018,minor_injury,70,TRUE,straight,,fine,,darkness_not_lit,traffic_lights,1,0,0,1,0,0,0,1,0,0,0,0,0,0,0,0,0,0,0,0
-37.03379957,174.9479002,Auckland,2018,minor_injury,80,TRUE,straight,,fine,,darkness_not_lit,giveway_sign,1,0,0,1,0,0,0,1,0,0,0,0,0,0,0,0,0,0,0,0
-37.03379957,174.9479002,Auckland,2018,minor_injury,80,TRUE,straight,,fine,,darkness_not_lit,giveway_sign,1,0,0,1,0,0,0,1,0,0,0,0,0,0,0,0,0,0,0,0
-38.03670096,175.347335,Waipa District,2018,minor_injury,50,TRUE,straight,,fine,,daylight,giveway_sign,1,0,0,1,0,0,0,1,0,0,0,0,0,0,0,0,0,0,0,0
-37.00468446,174.8805047,Auckland,2018,minor_injury,50,TRUE,straight,,fine,,daylight,giveway_sign,1,0,0,1,0,0,0,1,0,0,0,0,0,0,0,0,0,0,0,0
-36.7820053,174.7208718,Auckland,2018,minor_injury,50,TRUE,straight,,fine,,daylight,traffic_lights,1,0,0,1,0,0,0,1,0,0,0,0,0,0,0,0,0,0,0,0
-37.05997751,174.9410346,Auckland,2018,minor_injury,50,FALSE,straight,,fine,,daylight,,1,0,0,1,0,0,0,1,0,0,0,0,0,0,0,0,0,0,0,0
-36.97816894,174.8488906,Auckland,2018,minor_injury,50,FALSE,curved_view_open,,rain,,daylight,,1,0,0,1,0,0,0,1,0,0,0,0,0,0,0,0,0,0,0,0
-41.70967485,174.0999043,Marlborough District,2018,minor_injury,30,FALSE,curved_view_open,,,,daylight,,1,0,0,1,0,0,0,1,0,0,0,0,0,0,0,0,0,0,0,0
-36.86256333,174.753278,Auckland,2018,minor_injury,80,FALSE,straight,,fine,,daylight,,1,0,0,1,0,0,0,1,0,0,0,0,0,0,0,0,0,0,0,0
-40.33423692,175.6219312,Palmerston North City,2018,minor_injury,50,FALSE,straight,,fine,,daylight,,1,0,0,1,0,0,0,1,0,0,0,0,0,0,0,0,0,0,0,0
-44.40661577,171.2276255,Timaru District,2018,minor_injury,50,TRUE,straight,,fine,,daylight,giveway_sign,1,0,0,1,0,0,0,1,0,0,0,0,0,0,0,0,0,0,0,0
-38.08592877,175.6216113,Waipa District,2018,minor_injury,100,FALSE,straight,,fine,,daylight,,1,0,0,1,0,0,0,1,0,0,0,0,0,0,0,0,0,0,0,0
-37.26001373,174.9841119,Waikato District,2018,minor_injury,100,FALSE,straight,,mist,,darkness_not_lit,,1,0,0,1,0,0,0,1,0,0,0,0,0,0,0,0,0,0,0,0
-35.94156484,173.7740679,Kaipara District,2018,minor_injury,100,FALSE,straight,,fine,,darkness_not_lit,,1,0,0,1,0,0,0,1,0,0,0,0,0,0,0,0,0,0,0,0
-41.24038176,172.8252288,Tasman District,2018,minor_injury,100,FALSE,curved_view_open,,rain,,daylight,,1,0,0,1,0,0,0,1,0,0,0,0,0,0,0,0,0,0,0,0
-38.88563394,175.964321,Taupo District,2018,minor_injury,100,FALSE,curved_view_open,,fine,,daylight,,1,0,0,1,0,0,0,1,0,0,0,0,0,0,0,0,0,0,0,0
-36.58999162,174.6978415,Auckland,2018,minor_injury,50,FALSE,straight,,fine,,daylight,,1,0,0,1,0,0,0,1,0,0,0,0,0,0,0,0,0,0,0,0
-36.97935079,174.8261135,Auckland,2018,minor_injury,100,FALSE,straight,,fine,,darkness_not_lit,,1,0,0,1,0,0,0,1,0,0,0,0,0,0,0,0,0,0,0,0
-36.95245624,174.8006855,Auckland,2018,minor_injury,60,FALSE,straight,,rain,,daylight,,1,0,0,1,0,0,0,1,0,0,0,0,0,0,0,0,0,0,0,0
-36.42733417,174.7310791,Auckland,2018,minor_injury,50,FALSE,straight,,fine,,daylight,,1,0,0,1,0,0,0,1,0,0,0,0,0,0,0,0,0,0,0,0
-44.58518591,169.6493799,Waitaki District,2018,minor_injury,100,FALSE,straight,,snow,,daylight,,1,0,0,1,0,0,0,1,0,0,0,0,0,0,0,0,0,0,0,0
-37.69918109,176.0937105,Western Bay Of Plenty District,2018,minor_injury,90,FALSE,straight,,fine,,darkness_not_lit,,1,0,0,1,0,0,0,1,0,0,0,0,0,0,0,0,0,0,0,0
-42.38796989,173.6792987,Kaikoura District,2018,minor_injury,50,FALSE,straight,,fine,,daylight,,1,0,0,1,0,0,0,1,0,0,0,0,0,0,0,0,0,0,0,0
-37.0453002,174.9247057,Auckland,2018,minor_injury,50,TRUE,straight,,fine,,daylight,,1,0,0,1,0,0,0,1,0,0,0,0,0,0,0,0,0,0,0,0
-36.63713221,174.6628387,Auckland,2018,minor_injury,100,FALSE,straight,,fine,,daylight,,1,0,0,1,0,0,0,1,0,0,0,0,0,0,0,0,0,0,0,0
-43.49310998,172.5201696,Christchurch City,2018,minor_injury,70,FALSE,straight,,fine,,daylight,,1,0,0,1,0,0,0,1,0,0,0,0,0,0,0,0,0,0,0,0
-36.79501103,175.0295413,Auckland,2018,minor_injury,50,FALSE,curved_view_open,,fine,,darkness_not_lit,,1,0,0,1,0,0,0,1,0,0,0,0,0,0,0,0,0,0,0,0
-35.54042683,174.2460125,Whangarei District,2018,minor_injury,100,FALSE,straight,,fine,,daylight,,1,0,0,1,0,0,0,1,0,0,0,0,0,0,0,0,0,0,0,0
-36.3718285,174.7038992,Auckland,2018,minor_injury,80,FALSE,straight,,fine,,daylight,,1,0,0,1,0,0,0,1,0,0,0,0,0,0,0,0,0,0,0,0
-38.64316066,176.0862409,Taupo District,2018,serious_injury,100,TRUE,straight,,fine,,daylight,giveway_sign,1,0,1,0,0,0,0,1,0,0,0,0,0,0,0,0,0,0,0,0
-36.97517211,174.8532217,Auckland,2018,serious_injury,50,TRUE,curved_view_open,,rain,,daylight,giveway_sign,1,0,1,0,0,0,0,1,0,0,0,0,0,0,0,0,0,0,0,0
-43.52859904,172.5520393,Christchurch City,2018,serious_injury,50,FALSE,straight,,fine,,daylight,,1,0,1,0,0,0,0,1,0,0,0,0,0,0,0,0,0,0,0,0
-39.26189473,174.5682629,Stratford District,2018,serious_injury,100,FALSE,straight,,fine,,darkness_not_lit,,1,0,1,0,0,0,0,1,0,0,0,0,0,0,0,0,0,0,0,0
-36.04968924,174.4165036,Whangarei District,2018,serious_injury,100,FALSE,curved_view_open,,fine,,darkness_not_lit,,1,0,1,0,0,0,0,1,0,0,0,0,0,0,0,0,0,0,0,0
-37.22352381,175.8427907,Thames-Coromandel District,2018,serious_injury,100,FALSE,curved_view_open,,fine,,dawn_dusk,,1,0,1,0,0,0,0,1,0,0,0,0,0,0,0,0,0,0,0,0
-36.89658092,174.8413762,Auckland,2018,minor_injury,50,TRUE,straight,,fine,,daylight,giveway_sign,2,0,0,2,0,0,0,1,0,0,0,0,0,0,0,0,0,0,0,0
-40.92121675,175.0030388,Kapiti Coast District,2018,minor_injury,50,TRUE,straight,,fine,,daylight,giveway_sign,2,0,0,2,0,0,0,1,0,0,0,0,0,0,0,0,0,0,0,0
-37.79073407,175.2965138,Hamilton City,2018,minor_injury,50,FALSE,straight,,rain,,daylight,,2,0,0,2,0,0,0,1,0,0,0,0,0,0,0,0,0,0,0,0
-45.87332183,170.5111882,Dunedin City,2018,minor_injury,50,TRUE,curved_view_open,,fine,,darkness_not_lit,traffic_lights,2,0,0,2,0,0,0,1,0,0,0,0,0,0,0,0,0,0,0,0
-36.98957812,174.915469,Auckland,2018,minor_injury,60,TRUE,curved_view_open,,fine,,daylight,giveway_sign,2,0,0,2,0,0,0,1,0,0,0,0,0,0,0,0,0,0,0,0
-39.63691612,176.8434124,Hastings District,2018,minor_injury,50,TRUE,straight,,fine,,darkness_not_lit,traffic_lights,2,0,0,2,0,0,0,1,0,0,0,0,0,0,0,0,0,0,0,0
-36.99900632,174.9243468,Auckland,2018,minor_injury,80,FALSE,curved_view_open,,rain,,daylight,,2,0,0,2,0,0,0,1,0,0,0,0,0,0,0,0,0,0,0,0
-39.93910269,175.0345353,Wanganui District,2018,minor_injury,50,FALSE,curved_view_open,,fine,,daylight,,2,0,0,2,0,0,0,1,0,0,0,0,0,0,0,0,0,0,0,0
-41.24102132,174.8095077,Wellington City,2018,minor_injury,80,FALSE,curved_view_open,,fine,,daylight,,2,0,0,2,0,0,0,1,0,0,0,0,0,0,0,0,0,0,0,0
-46.45185171,168.2357407,Invercargill City,2018,minor_injury,30,FALSE,straight,,fine,,daylight,,2,0,0,2,0,0,0,1,0,0,0,0,0,0,0,0,0,0,0,0
-36.73270046,174.7264895,Auckland,2018,minor_injury,50,FALSE,straight,,rain,,daylight,,2,0,0,2,0,0,0,1,0,0,0,0,0,0,0,0,0,0,0,0
-35.74158113,174.3085681,Whangarei District,2018,minor_injury,50,FALSE,straight,,fine,,dawn_dusk,stop_sign,2,0,0,2,0,0,0,1,0,0,0,0,0,0,0,0,0,0,0,0
-36.9791665,175.8409006,Thames-Coromandel District,2018,minor_injury,70,FALSE,curved_view_open,,mist,,daylight,,2,0,0,2,0,0,0,1,0,0,0,0,0,0,0,0,0,0,0,0
-40.61553374,175.2932244,Horowhenua District,2018,minor_injury,50,FALSE,straight,,rain,,darkness_not_lit,,2,0,0,2,0,0,0,1,0,0,0,0,0,0,0,0,0,0,0,0
-35.31430702,174.1183535,Far North District,2018,minor_injury,50,FALSE,straight,,fine,,dawn_dusk,,4,0,0,4,0,0,0,1,0,0,0,0,0,0,0,0,0,0,0,0
-37.77327051,175.2427062,Hamilton City,2018,minor_injury,50,FALSE,straight,,fine,,daylight,,4,0,0,4,0,0,0,1,0,0,0,0,0,0,0,0,0,0,0,0
-37.05225945,174.9571206,Auckland,2018,minor_injury,50,TRUE,straight,,fine,,daylight,stop_sign,3,0,0,3,0,0,0,1,0,0,0,0,0,0,0,0,0,0,0,0
-42.80715644,171.5691407,Westland District,2018,minor_injury,100,FALSE,curved_view_open,,fine,,daylight,,3,0,0,3,0,0,0,1,0,0,0,0,0,0,0,0,0,0,0,0
-39.92768438,175.27095,Wanganui District,2018,minor_injury,70,FALSE,curved_view_open,,fine,,darkness_not_lit,,3,0,0,3,0,0,0,1,0,0,0,0,0,0,0,0,0,0,0,0
-35.69689509,174.3681719,Whangarei District,2018,fatality,100,FALSE,curved_view_open,,rain,,daylight,,2,1,1,0,0,0,0,1,0,0,0,0,0,0,0,0,0,0,0,0
-36.86326852,174.7586224,Auckland,2018,serious_injury,50,TRUE,straight,,rain,,dawn_dusk,traffic_lights,2,0,1,1,0,0,0,1,0,0,0,0,0,0,0,0,0,0,0,0
-44.8718969,169.3636878,Central Otago District,2018,serious_injury,100,FALSE,straight,,mist,,darkness_not_lit,,2,0,1,1,0,0,0,1,0,0,0,0,0,0,0,0,0,0,0,0
-38.80469321,175.6910774,Taupo District,2018,serious_injury,100,FALSE,curved_view_open,,fine,,darkness_not_lit,,2,0,1,1,0,0,0,1,0,0,0,0,0,0,0,0,0,0,0,0
-45.89089667,168.411993,Southland District,2018,serious_injury,100,FALSE,straight,,rain,,darkness_not_lit,,2,0,1,1,0,0,0,1,0,0,0,0,0,0,0,0,0,0,0,0
-44.3825236,170.6527198,Waimate District,2018,fatality,100,FALSE,curved_view_open,,fine,,daylight,,1,1,0,0,0,0,0,1,0,0,0,0,0,0,0,0,0,0,0,0
-46.20528433,168.8523604,Gore District,2018,serious_injury,100,FALSE,straight,,fine,,daylight,,3,0,2,1,0,0,0,1,0,0,0,0,0,0,0,0,0,0,0,0
-45.17291733,169.4004888,Central Otago District,2018,serious_injury,10,FALSE,curved_view_open,,,,daylight,,3,0,2,1,0,0,0,1,0,0,0,0,0,0,0,0,0,0,0,0
-35.03956807,173.1684835,Far North District,2018,fatality,50,FALSE,straight,,fine,,darkness_not_lit,,4,1,2,1,0,0,0,1,0,0,0,0,0,0,0,0,0,0,0,0
-46.38738478,168.3236392,Invercargill City,2018,fatality,100,FALSE,curved_view_open,,fine,,dawn_dusk,,3,2,1,0,0,0,0,1,0,0,0,0,0,0,0,0,0,0,0,0
-40.24160894,175.403886,Manawatu District,2018,property_damage,100,TRUE,straight,,fine,,daylight,stop_sign,0,0,0,0,1,0,0,1,0,0,0,0,0,0,0,0,0,0,0,0
-41.29269997,174.7739492,Wellington City,2018,property_damage,50,TRUE,straight,,fine,,darkness_not_lit,traffic_lights,0,0,0,0,1,0,0,1,0,0,0,0,0,0,0,0,0,0,0,0
-40.35534385,175.616285,Palmerston North City,2018,property_damage,50,TRUE,straight,,fine,,daylight,traffic_lights,0,0,0,0,1,0,0,1,0,0,0,0,0,0,0,0,0,0,0,0
-40.35322749,175.6146725,Palmerston North City,2018,property_damage,50,TRUE,straight,,rain,,daylight,traffic_lights,0,0,0,0,1,0,0,1,0,0,0,0,0,0,0,0,0,0,0,0
-39.92417144,175.0372992,Wanganui District,2018,property_damage,50,TRUE,curved_view_open,,fine,,daylight,giveway_sign,0,0,0,0,1,0,0,1,0,0,0,0,0,0,0,0,0,0,0,0
-38.58140262,177.9402342,Gisborne District,2018,property_damage,100,TRUE,curved_view_open,,rain,,daylight,stop_sign,0,0,0,0,1,0,0,1,0,0,0,0,0,0,0,0,0,0,0,0