latitude,longitude,local_government_area,year,severity,speed_limit,intersection,road_position_horizontal,road_wet,weather,crash_type,lighting,traffic_controls,casualties,fatalities,serious_injuries,minor_injuries,car_sedan,car_utility,car_van,car_4x4,car_station_wagon,motor_cycle,truck_small,truck_large,bus,taxi,bicycle,scooter,pedestrian,inanimate,train,tram
-40.36502562,175.6179432,Palmerston North City,2018,property_damage,50,TRUE,straight,,fine,,daylight,traffic_lights,0,0,0,0,1,0,0,1,0,0,0,0,0,0,0,0,0,0,0,0
-39.56401103,176.8520043,Hastings District,2018,property_damage,30,TRUE,curved_view_open,,fine,,daylight,giveway_sign,0,0,0,0,1,0,0,1,0,0,0,0,0,0,0,0,0,0,0,0
-40.30925041,175.5891125,Manawatu District,2018,property_damage,100,TRUE,straight,,fine,,daylight,giveway_sign,0,0,0,0,1,0,0,1,0,0,0,0,0,0,0,0,0,0,0,0
-40.30925041,175.5891125,Manawatu District,2018,property_damage,100,TRUE,straight,,fine,,daylight,giveway_sign,0,0,0,0,1,0,0,1,0,0,0,0,0,0,0,0,0,0,0,0
-40.30925041,175.5891125,Palmerston North City,2018,property_damage,100,TRUE,straight,,fine,,daylight,giveway_sign,0,0,0,0,1,0,0,1,0,0,0,0,0,0,0,0,0,0,0,0
-41.28429933,174.7389252,Wellington City,2018,property_damage,50,TRUE,straight,,,,daylight,giveway_sign,0,0,0,0,1,0,0,1,0,0,0,0,0,0,0,0,0,0,0,0
-40.62183507,175.2866189,Horowhenua District,2018,property_damage,50,TRUE,straight,,fine,,darkness_not_lit,traffic_lights,0,0,0,0,1,0,0,1,0,0,0,0,0,0,0,0,0,0,0,0
-39.50401879,176.8965042,Napier City,2018,property_damage,50,TRUE,straight,,fine,,darkness_not_lit,traffic_lights,0,0,0,0,1,0,0,1,0,0,0,0,0,0,0,0,0,0,0,0
-39.60405603,176.8698155,Hastings District,2018,property_damage,100,TRUE,straight,,fine,,daylight,giveway_sign,0,0,0,0,1,0,0,1,0,0,0,0,0,0,0,0,0,0,0,0
-39.60405603,176.8698155,Hastings District,2018,property_damage,100,TRUE,straight,,fine,,daylight,giveway_sign,0,0,0,0,1,0,0,1,0,0,0,0,0,0,0,0,0,0,0,0
-39.05771129,174.0840193,New Plymouth District,2018,property_damage,50,TRUE,straight,,rain,,dawn_dusk,stop_sign,0,0,0,0,1,0,0,1,0,0,0,0,0,0,0,0,0,0,0,0
-41.29414789,174.7729255,Wellington City,2018,property_damage,50,TRUE,straight,,fine,,daylight,traffic_lights,0,0,0,0,1,0,0,1,0,0,0,0,0,0,0,0,0,0,0,0
-41.29414789,174.7729255,Wellington City,2018,property_damage,50,TRUE,straight,,fine,,daylight,traffic_lights,0,0,0,0,1,0,0,1,0,0,0,0,0,0,0,0,0,0,0,0
-36.89344612,174.6197583,Auckland,2018,property_damage,50,TRUE,straight,,fine,,daylight,giveway_sign,0,0,0,0,1,0,0,1,0,0,0,0,0,0,0,0,0,0,0,0
-36.89344612,174.6197583,Auckland,2018,property_damage,50,TRUE,straight,,fine,,daylight,giveway_sign,0,0,0,0,1,0,0,1,0,0,0,0,0,0,0,0,0,0,0,0
-37.06005492,174.9407105,Auckland,2018,property_damage,50,TRUE,straight,,,,daylight,traffic_lights,0,0,0,0,1,0,0,1,0,0,0,0,0,0,0,0,0,0,0,0
-37.79245911,175.2879824,Hamilton City,2018,property_damage,50,TRUE,curved_view_open,,fine,,daylight,giveway_sign,0,0,0,0,1,0,0,1,0,0,0,0,0,0,0,0,0,0,0,0
-38.13389774,176.2538175,Rotorua District,2018,property_damage,50,TRUE,straight,,fine,,daylight,giveway_sign,0,0,0,0,1,0,0,1,0,0,0,0,0,0,0,0,0,0,0,0
-37.80319487,175.300307,Hamilton City,2018,property_damage,50,TRUE,curved_view_open,,,,daylight,stop_sign,0,0,0,0,1,0,0,1,0,0,0,0,0,0,0,0,0,0,0,0
-37.80319487,175.300307,Hamilton City,2018,property_damage,50,TRUE,straight,,fine,,daylight,stop_sign,0,0,0,0,1,0,0,1,0,0,0,0,0,0,0,0,0,0,0,0
-37.00925897,174.8904063,Auckland,2018,property_damage,50,TRUE,curved_view_open,,rain,,darkness_not_lit,giveway_sign,0,0,0,0,1,0,0,1,0,0,0,0,0,0,0,0,0,0,0,0
-37.00925897,174.8904063,Auckland,2018,property_damage,50,TRUE,curved_view_open,,rain,,darkness_not_lit,giveway_sign,0,0,0,0,1,0,0,1,0,0,0,0,0,0,0,0,0,0,0,0
-36.91180853,174.8693767,Auckland,2018,property_damage,60,TRUE,straight,,rain,,daylight,traffic_lights,0,0,0,0,1,0,0,1,0,0,0,0,0,0,0,0,0,0,0,0
-36.91180853,174.8693767,Auckland,2018,property_damage,60,TRUE,straight,,rain,,daylight,traffic_lights,0,0,0,0,1,0,0,1,0,0,0,0,0,0,0,0,0,0,0,0
-36.89057803,174.7942595,Auckland,2018,property_damage,50,TRUE,straight,,fine,,daylight,giveway_sign,0,0,0,0,1,0,0,1,0,0,0,0,0,0,0,0,0,0,0,0
-37.80640138,175.3310838,Waikato District,2018,property_damage,80,TRUE,straight,,fine,,daylight,giveway_sign,0,0,0,0,1,0,0,1,0,0,0,0,0,0,0,0,0,0,0,0
-35.3034142,173.9623058,Far North District,2018,property_damage,100,TRUE,straight,,fine,,daylight,stop_sign,0,0,0,0,1,0,0,1,0,0,0,0,0,0,0,0,0,0,0,0
-37.00053506,174.8693112,Auckland,2018,property_damage,70,TRUE,straight,,fine,,daylight,stop_sign,0,0,0,0,1,0,0,1,0,0,0,0,0,0,0,0,0,0,0,0
-37.02346258,174.8989303,Auckland,2018,property_damage,50,TRUE,curved_view_open,,fine,,daylight,traffic_lights,0,0,0,0,1,0,0,1,0,0,0,0,0,0,0,0,0,0,0,0
-37.02346258,174.8989303,Auckland,2018,property_damage,50,TRUE,curved_view_open,,fine,,daylight,traffic_lights,0,0,0,0,1,0,0,1,0,0,0,0,0,0,0,0,0,0,0,0
-37.80234771,175.3053801,Hamilton City,2018,property_damage,50,TRUE,curved_view_open,,fine,,daylight,giveway_sign,0,0,0,0,1,0,0,1,0,0,0,0,0,0,0,0,0,0,0,0
-38.05512098,175.3445503,Waipa District,2018,property_damage,100,TRUE,straight,,rain,,darkness_not_lit,giveway_sign,0,0,0,0,1,0,0,1,0,0,0,0,0,0,0,0,0,0,0,0
-35.70819835,174.3215853,Whangarei District,2018,property_damage,50,TRUE,straight,,fine,,darkness_not_lit,traffic_lights,0,0,0,0,1,0,0,1,0,0,0,0,0,0,0,0,0,0,0,0
-35.70819835,174.3215853,Whangarei District,2018,property_damage,50,TRUE,straight,,fine,,daylight,giveway_sign,0,0,0,0,1,0,0,1,0,0,0,0,0,0,0,0,0,0,0,0
-36.85260541,174.8055181,Auckland,2018,property_damage,50,TRUE,straight,,fine,,daylight,traffic_lights,0,0,0,0,1,0,0,1,0,0,0,0,0,0,0,0,0,0,0,0
-36.95595884,174.835056,Auckland,2018,property_damage,50,TRUE,straight,,fine,,darkness_not_lit,traffic_lights,0,0,0,0,1,0,0,1,0,0,0,0,0,0,0,0,0,0,0,0
-36.88470293,174.7482076,Auckland,2018,property_damage,50,FALSE,straight,,fine,,daylight,,0,0,0,0,1,0,0,1,0,0,0,0,0,0,0,0,0,0,0,0
-36.81104048,174.7435938,Auckland,2018,property_damage,50,TRUE,straight,,rain,,daylight,traffic_lights,0,0,0,0,1,0,0,1,0,0,0,0,0,0,0,0,0,0,0,0
-36.79735654,174.7789803,Auckland,2018,property_damage,50,TRUE,straight,,rain,,darkness_not_lit,traffic_lights,0,0,0,0,1,0,0,1,0,0,0,0,0,0,0,0,0,0,0,0
-36.94297055,174.8443788,Auckland,2018,property_damage,50,TRUE,straight,,fine,,darkness_not_lit,traffic_lights,0,0,0,0,1,0,0,1,0,0,0,0,0,0,0,0,0,0,0,0
-36.90382183,174.8944676,Auckland,2018,property_damage,60,TRUE,straight,,fine,,daylight,traffic_lights,0,0,0,0,1,0,0,1,0,0,0,0,0,0,0,0,0,0,0,0
-38.01526306,175.3586215,Waipa District,2018,property_damage,100,TRUE,straight,,fine,,daylight,giveway_sign,0,0,0,0,1,0,0,1,0,0,0,0,0,0,0,0,0,0,0,0
-36.87822386,174.6308361,Auckland,2018,property_damage,50,TRUE,straight,,rain,,daylight,traffic_lights,0,0,0,0,1,0,0,1,0,0,0,0,0,0,0,0,0,0,0,0
-36.87822386,174.6308361,Auckland,2018,property_damage,50,TRUE,straight,,rain,,daylight,traffic_lights,0,0,0,0,1,0,0,1,0,0,0,0,0,0,0,0,0,0,0,0
-36.98581051,174.8963983,Auckland,2018,property_damage,50,TRUE,straight,,rain,,daylight,giveway_sign,0,0,0,0,1,0,0,1,0,0,0,0,0,0,0,0,0,0,0,0
-36.98581051,174.8963983,Auckland,2018,property_damage,50,TRUE,straight,,fine,,daylight,giveway_sign,0,0,0,0,1,0,0,1,0,0,0,0,0,0,0,0,0,0,0,0
-36.98576242,174.8841395,Auckland,2018,property_damage,60,TRUE,straight,,fine,,darkness_not_lit,traffic_lights,0,0,0,0,1,0,0,1,0,0,0,0,0,0,0,0,0,0,0,0
-36.91537444,174.7592683,Auckland,2018,property_damage,50,TRUE,straight,,rain,,darkness_not_lit,traffic_lights,0,0,0,0,1,0,0,1,0,0,0,0,0,0,0,0,0,0,0,0
-37.817985,175.2760704,Hamilton City,2018,property_damage,50,TRUE,straight,,fine,,darkness_not_lit,giveway_sign,0,0,0,0,1,0,0,1,0,0,0,0,0,0,0,0,0,0,0,0
-37.02537879,174.8935149,Auckland,2018,property_damage,50,TRUE,straight,,fine,,daylight,traffic_lights,0,0,0,0,1,0,0,1,0,0,0,0,0,0,0,0,0,0,0,0
-37.01071096,174.857827,Auckland,2018,property_damage,60,TRUE,straight,,,,daylight,traffic_lights,0,0,0,0,1,0,0,1,0,0,0,0,0,0,0,0,0,0,0,0
-36.86596611,174.7584486,Auckland,2018,property_damage,50,TRUE,straight,,fine,,daylight,traffic_lights,0,0,0,0,1,0,0,1,0,0,0,0,0,0,0,0,0,0,0,0
-37.0267295,174.8896365,Auckland,2018,property_damage,50,TRUE,straight,,fine,,daylight,giveway_sign,0,0,0,0,1,0,0,1,0,0,0,0,0,0,0,0,0,0,0,0
-37.0267295,174.8896365,Auckland,2018,property_damage,50,TRUE,straight,,fine,,daylight,giveway_sign,0,0,0,0,1,0,0,1,0,0,0,0,0,0,0,0,0,0,0,0
-36.87083947,174.7098605,Auckland,2018,property_damage,50,TRUE,straight,,,,daylight,traffic_lights,0,0,0,0,1,0,0,1,0,0,0,0,0,0,0,0,0,0,0,0
-36.87083947,174.7098605,Auckland,2018,property_damage,50,TRUE,straight,,,,daylight,traffic_lights,0,0,0,0,1,0,0,1,0,0,0,0,0,0,0,0,0,0,0,0
-36.89660008,174.7010645,Auckland,2018,property_damage,50,TRUE,straight,,rain,,darkness_not_lit,traffic_lights,0,0,0,0,1,0,0,1,0,0,0,0,0,0,0,0,0,0,0,0
-36.91775972,174.7938299,Auckland,2018,property_damage,50,TRUE,straight,,rain,,daylight,stop_sign,0,0,0,0,1,0,0,1,0,0,0,0,0,0,0,0,0,0,0,0
-37.10505949,175.0961198,Auckland,2018,property_damage,100,TRUE,straight,,fine,,daylight,giveway_sign,0,0,0,0,1,0,0,1,0,0,0,0,0,0,0,0,0,0,0,0
-36.96857497,174.8229242,Auckland,2018,property_damage,50,TRUE,straight,,rain,,darkness_not_lit,traffic_lights,0,0,0,0,1,0,0,1,0,0,0,0,0,0,0,0,0,0,0,0
-36.96857497,174.8229242,Auckland,2018,property_damage,50,TRUE,straight,,rain,,darkness_not_lit,traffic_lights,0,0,0,0,1,0,0,1,0,0,0,0,0,0,0,0,0,0,0,0
-37.06168944,174.9399649,Auckland,2018,property_damage,50,TRUE,straight,,fine,,daylight,traffic_lights,0,0,0,0,1,0,0,1,0,0,0,0,0,0,0,0,0,0,0,0
-36.92134263,174.840647,Auckland,2018,property_damage,50,TRUE,straight,,fine,,daylight,traffic_lights,0,0,0,0,1,0,0,1,0,0,0,0,0,0,0,0,0,0,0,0
-36.92384718,174.8849606,Auckland,2018,property_damage,60,TRUE,straight,,fine,,daylight,giveway_sign,0,0,0,0,1,0,0,1,0,0,0,0,0,0,0,0,0,0,0,0
-36.92888861,174.9123884,Auckland,2018,property_damage,70,TRUE,straight,,,,daylight,traffic_lights,0,0,0,0,1,0,0,1,0,0,0,0,0,0,0,0,0,0,0,0
-36.92311265,174.7831221,Auckland,2018,property_damage,50,TRUE,straight,,fine,,daylight,traffic_lights,0,0,0,0,1,0,0,1,0,0,0,0,0,0,0,0,0,0,0,0
-36.94602945,174.8342675,Auckland,2018,property_damage,50,TRUE,straight,,fine,,daylight,traffic_lights,0,0,0,0,1,0,0,1,0,0,0,0,0,0,0,0,0,0,0,0
-36.84903601,174.7653282,Auckland,2018,property_damage,30,TRUE,straight,,fine,,darkness_not_lit,traffic_lights,0,0,0,0,1,0,0,1,0,0,0,0,0,0,0,0,0,0,0,0
-37.03915801,174.913836,Auckland,2018,property_damage,60,TRUE,straight,,,,dawn_dusk,stop_sign,0,0,0,0,1,0,0,1,0,0,0,0,0,0,0,0,0,0,0,0
-37.03915801,174.913836,Auckland,2018,property_damage,60,TRUE,straight,,,,dawn_dusk,stop_sign,0,0,0,0,1,0,0,1,0,0,0,0,0,0,0,0,0,0,0,0
-37.7848018,175.2687615,Hamilton City,2018,property_damage,50,TRUE,straight,,fine,,daylight,traffic_lights,0,0,0,0,1,0,0,1,0,0,0,0,0,0,0,0,0,0,0,0
-38.68406654,176.0716891,Taupo District,2018,property_damage,50,TRUE,straight,,fine,,daylight,stop_sign,0,0,0,0,1,0,0,1,0,0,0,0,0,0,0,0,0,0,0,0
-38.68406654,176.0716891,Taupo District,2018,property_damage,50,TRUE,straight,,rain,,darkness_not_lit,giveway_sign,0,0,0,0,1,0,0,1,0,0,0,0,0,0,0,0,0,0,0,0
-36.90993805,174.6507386,Auckland,2018,property_damage,50,TRUE,straight,,fine,,dawn_dusk,traffic_lights,0,0,0,0,1,0,0,1,0,0,0,0,0,0,0,0,0,0,0,0
-36.90993805,174.6507386,Auckland,2018,property_damage,50,TRUE,straight,,fine,,dawn_dusk,traffic_lights,0,0,0,0,1,0,0,1,0,0,0,0,0,0,0,0,0,0,0,0
-36.88894717,174.8114458,Auckland,2018,property_damage,50,TRUE,straight,,fine,,daylight,traffic_lights,0,0,0,0,1,0,0,1,0,0,0,0,0,0,0,0,0,0,0,0
-36.89759042,174.8454405,Auckland,2018,property_damage,50,TRUE,curved_view_obscure,,fine,,daylight,traffic_lights,0,0,0,0,1,0,0,1,0,0,0,0,0,0,0,0,0,0,0,0
-36.96327892,174.8684783,Auckland,2018,property_damage,60,TRUE,curved_view_open,,,,daylight,traffic_lights,0,0,0,0,1,0,0,1,0,0,0,0,0,0,0,0,0,0,0,0
-36.89352828,174.7059676,Auckland,2018,property_damage,60,TRUE,straight,,fine,,daylight,traffic_lights,0,0,0,0,1,0,0,1,0,0,0,0,0,0,0,0,0,0,0,0
-36.89352828,174.7059676,Auckland,2018,property_damage,60,TRUE,straight,,fine,,daylight,traffic_lights,0,0,0,0,1,0,0,1,0,0,0,0,0,0,0,0,0,0,0,0
-36.98681657,174.881323,Auckland,2018,property_damage,60,TRUE,straight,,fine,,darkness_not_lit,traffic_lights,0,0,0,0,1,0,0,1,0,0,0,0,0,0,0,0,0,0,0,0
-36.90462748,174.7417373,Auckland,2018,property_damage,50,TRUE,straight,,fine,,daylight,traffic_lights,0,0,0,0,1,0,0,1,0,0,0,0,0,0,0,0,0,0,0,0
-36.78369982,174.7736331,Auckland,2018,property_damage,50,TRUE,straight,,rain,,daylight,stop_sign,0,0,0,0,1,0,0,1,0,0,0,0,0,0,0,0,0,0,0,0
-36.98928486,174.8734289,Auckland,2018,property_damage,60,TRUE,straight,,rain,,darkness_not_lit,traffic_lights,0,0,0,0,1,0,0,1,0,0,0,0,0,0,0,0,0,0,0,0
-36.86060249,174.6116613,Auckland,2018,property_damage,50,TRUE,curved_view_open,,fine,,daylight,giveway_sign,0,0,0,0,1,0,0,1,0,0,0,0,0,0,0,0,0,0,0,0
-36.86060249,174.6116613,Auckland,2018,property_damage,50,TRUE,curved_view_open,,fine,,daylight,giveway_sign,0,0,0,0,1,0,0,1,0,0,0,0,0,0,0,0,0,0,0,0
-36.94134691,174.8438793,Auckland,2018,property_damage,50,TRUE,straight,,rain,,daylight,stop_sign,0,0,0,0,1,0,0,1,0,0,0,0,0,0,0,0,0,0,0,0
-36.94134691,174.8438793,Auckland,2018,property_damage,50,TRUE,straight,,rain,,daylight,stop_sign,0,0,0,0,1,0,0,1,0,0,0,0,0,0,0,0,0,0,0,0
-36.97790907,174.8973368,Auckland,2018,property_damage,50,FALSE,straight,,fine,,darkness_not_lit,,0,0,0,0,1,0,0,1,0,0,0,0,0,0,0,0,0,0,0,0
-36.85278236,174.767366,Auckland,2018,property_damage,50,TRUE,straight,,fine,,daylight,traffic_lights,0,0,0,0,1,0,0,1,0,0,0,0,0,0,0,0,0,0,0,0
-36.77171067,174.7432291,Auckland,2018,property_damage,50,TRUE,curved_view_open,,fine,,darkness_not_lit,,0,0,0,0,1,0,0,1,0,0,0,0,0,0,0,0,0,0,0,0
-35.72216795,174.3145966,Whangarei District,2018,property_damage,50,TRUE,straight,,fine,,daylight,traffic_lights,0,0,0,0,1,0,0,1,0,0,0,0,0,0,0,0,0,0,0,0
-36.88948162,174.7321018,Auckland,2018,property_damage,50,TRUE,straight,,fine,,daylight,giveway_sign,0,0,0,0,1,0,0,1,0,0,0,0,0,0,0,0,0,0,0,0
-36.87486287,174.773574,Auckland,2018,property_damage,50,TRUE,straight,,fine,,daylight,traffic_lights,0,0,0,0,1,0,0,1,0,0,0,0,0,0,0,0,0,0,0,0
-36.90348942,174.6888492,Auckland,2018,property_damage,50,TRUE,straight,,fine,,daylight,giveway_sign,0,0,0,0,1,0,0,1,0,0,0,0,0,0,0,0,0,0,0,0
-36.90348942,174.6888492,Auckland,2018,property_damage,50,TRUE,straight,,fine,,daylight,giveway_sign,0,0,0,0,1,0,0,1,0,0,0,0,0,0,0,0,0,0,0,0
-36.92162482,174.8456942,Auckland,2018,property_damage,100,TRUE,curved_view_open,,fine,,daylight,,0,0,0,0,1,0,0,1,0,0,0,0,0,0,0,0,0,0,0,0
-37.19072144,174.9063903,Auckland,2018,property_damage,50,TRUE,straight,,rain,,daylight,giveway_sign,0,0,0,0,1,0,0,1,0,0,0,0,0,0,0,0,0,0,0,0
-36.91193043,174.7762842,Auckland,2018,property_damage,50,TRUE,straight,,fine,,daylight,giveway_sign,0,0,0,0,1,0,0,1,0,0,0,0,0,0,0,0,0,0,0,0
-36.91193043,174.7762842,Auckland,2018,property_damage,50,TRUE,curved_view_open,,rain,,darkness_not_lit,giveway_sign,0,0,0,0,1,0,0,1,0,0,0,0,0,0,0,0,0,0,0,0
-36.85960442,174.6515284,Auckland,2018,property_damage,50,TRUE,straight,,fine,,darkness_not_lit,stop_sign,0,0,0,0,1,0,0,1,0,0,0,0,0,0,0,0,0,0,0,0
-36.85061871,174.6312364,Auckland,2018,property_damage,50,TRUE,straight,,fine,,daylight,,0,0,0,0,1,0,0,1,0,0,0,0,0,0,0,0,0,0,0,0
-35.7227472,174.3258941,Whangarei District,2018,property_damage,50,TRUE,curved_view_open,,fine,,daylight,stop_sign,0,0,0,0,1,0,0,1,0,0,0,0,0,0,0,0,0,0,0,0
-35.70898083,174.325036,Whangarei District,2018,property_damage,50,TRUE,straight,,fine,,daylight,traffic_lights,0,0,0,0,1,0,0,1,0,0,0,0,0,0,0,0,0,0,0,0
-43.53989207,172.6306153,Christchurch City,2018,property_damage,50,TRUE,straight,,rain,,daylight,traffic_lights,0,0,0,0,1,0,0,1,0,0,0,0,0,0,0,0,0,0,0,0
-43.53193509,172.5720142,Christchurch City,2018,property_damage,50,TRUE,straight,,fine,,daylight,giveway_sign,0,0,0,0,1,0,0,1,0,0,0,0,0,0,0,0,0,0,0,0
-44.38413745,171.2387867,Timaru District,2018,property_damage,50,TRUE,straight,,fine,,darkness_not_lit,traffic_lights,0,0,0,0,1,0,0,1,0,0,0,0,0,0,0,0,0,0,0,0
-45.87909729,170.5060976,Dunedin City,2018,property_damage,50,TRUE,straight,,fine,,dawn_dusk,stop_sign,0,0,0,0,1,0,0,1,0,0,0,0,0,0,0,0,0,0,0,0
-43.53202501,172.6456754,Christchurch City,2018,property_damage,50,TRUE,straight,,rain,,daylight,traffic_lights,0,0,0,0,1,0,0,1,0,0,0,0,0,0,0,0,0,0,0,0
-36.89383595,174.6288228,Auckland,2018,property_damage,50,TRUE,straight,,mist,,darkness_not_lit,giveway_sign,0,0,0,0,1,0,0,1,0,0,0,0,0,0,0,0,0,0,0,0
-37.07349807,174.9299176,Auckland,2018,property_damage,50,TRUE,straight,,fine,,dawn_dusk,,0,0,0,0,1,0,0,1,0,0,0,0,0,0,0,0,0,0,0,0
-37.07349807,174.9299176,Auckland,2018,property_damage,50,TRUE,straight,,fine,,dawn_dusk,,0,0,0,0,1,0,0,1,0,0,0,0,0,0,0,0,0,0,0,0
-36.86441173,174.737279,Auckland,2018,property_damage,50,TRUE,straight,,,,daylight,giveway_sign,0,0,0,0,1,0,0,1,0,0,0,0,0,0,0,0,0,0,0,0
-37.77245619,175.2692241,Hamilton City,2018,property_damage,50,TRUE,straight,,rain,,darkness_not_lit,traffic_lights,0,0,0,0,1,0,0,1,0,0,0,0,0,0,0,0,0,0,0,0
-36.90349992,174.8122837,Auckland,2018,property_damage,50,TRUE,curved_view_open,,fine,,daylight,giveway_sign,0,0,0,0,1,0,0,1,0,0,0,0,0,0,0,0,0,0,0,0
-36.84345435,174.7502509,Auckland,2018,property_damage,80,TRUE,curved_view_open,,fine,,daylight,,0,0,0,0,1,0,0,1,0,0,0,0,0,0,0,0,0,0,0,0
-37.01897193,174.8621084,Auckland,2018,property_damage,60,TRUE,straight,,fine,,daylight,traffic_lights,0,0,0,0,1,0,0,1,0,0,0,0,0,0,0,0,0,0,0,0
-37.01897193,174.8621084,Auckland,2018,property_damage,60,TRUE,straight,,fine,,daylight,traffic_lights,0,0,0,0,1,0,0,1,0,0,0,0,0,0,0,0,0,0,0,0
-36.90387692,174.8112039,Auckland,2018,property_damage,50,TRUE,straight,,rain,,daylight,giveway_sign,0,0,0,0,1,0,0,1,0,0,0,0,0,0,0,0,0,0,0,0
-36.84537484,174.7360743,Auckland,2018,property_damage,60,TRUE,straight,,fine,,daylight,giveway_sign,0,0,0,0,1,0,0,1,0,0,0,0,0,0,0,0,0,0,0,0
-36.84537484,174.7360743,Auckland,2018,property_damage,60,TRUE,straight,,fine,,daylight,giveway_sign,0,0,0,0,1,0,0,1,0,0,0,0,0,0,0,0,0,0,0,0
-36.8968278,174.8312373,Auckland,2018,property_damage,50,TRUE,straight,,fine,,daylight,giveway_sign,0,0,0,0,1,0,0,1,0,0,0,0,0,0,0,0,0,0,0,0
-36.72898305,174.7048727,Auckland,2018,property_damage,50,TRUE,curved_view_open,,rain,,daylight,giveway_sign,0,0,0,0,1,0,0,1,0,0,0,0,0,0,0,0,0,0,0,0
-36.90629775,174.7924391,Auckland,2018,property_damage,50,TRUE,straight,,fine,,daylight,stop_sign,0,0,0,0,1,0,0,1,0,0,0,0,0,0,0,0,0,0,0,0
-36.92228097,174.8388398,Auckland,2018,property_damage,50,TRUE,straight,,fine,,daylight,giveway_sign,0,0,0,0,1,0,0,1,0,0,0,0,0,0,0,0,0,0,0,0
-37.99731511,176.8866294,Whakatane District,2018,property_damage,70,TRUE,straight,,fine,,daylight,stop_sign,0,0,0,0,1,0,0,1,0,0,0,0,0,0,0,0,0,0,0,0
-35.7255327,174.3193618,Whangarei District,2018,property_damage,50,TRUE,straight,,fine,,daylight,traffic_lights,0,0,0,0,1,0,0,1,0,0,0,0,0,0,0,0,0,0,0,0
-36.84888646,174.7735568,Auckland,2018,property_damage,50,TRUE,curved_view_open,,fine,,darkness_not_lit,giveway_sign,0,0,0,0,1,0,0,1,0,0,0,0,0,0,0,0,0,0,0,0
-35.73207642,174.3096068,Whangarei District,2018,property_damage,50,TRUE,straight,,fine,,daylight,giveway_sign,0,0,0,0,1,0,0,1,0,0,0,0,0,0,0,0,0,0,0,0
-39.07740689,174.0842629,New Plymouth District,2018,property_damage,50,TRUE,straight,,fine,,daylight,giveway_sign,0,0,0,0,1,0,0,1,0,0,0,0,0,0,0,0,0,0,0,0
-43.5374421,172.6034873,Christchurch City,2018,property_damage,50,FALSE,straight,,rain,,daylight,,0,0,0,0,1,0,0,1,0,0,0,0,0,0,0,0,0,0,0,0
-43.48455841,172.616212,Christchurch City,2018,property_damage,50,TRUE,straight,,fine,,darkness_not_lit,traffic_lights,0,0,0,0,1,0,0,1,0,0,0,0,0,0,0,0,0,0,0,0
-43.48455841,172.616212,Christchurch City,2018,property_damage,50,TRUE,straight,,fine,,darkness_not_lit,traffic_lights,0,0,0,0,1,0,0,1,0,0,0,0,0,0,0,0,0,0,0,0
-46.40393206,168.3614264,Invercargill City,2018,property_damage,50,TRUE,straight,,fine,,daylight,traffic_lights,0,0,0,0,1,0,0,1,0,0,0,0,0,0,0,0,0,0,0,0
-43.53964753,172.6561393,Christchurch City,2018,property_damage,50,TRUE,straight,,fine,,daylight,giveway_sign,0,0,0,0,1,0,0,1,0,0,0,0,0,0,0,0,0,0,0,0
-43.49119228,172.6128555,Christchurch City,2018,property_damage,50,TRUE,straight,,fine,,daylight,traffic_lights,0,0,0,0,1,0,0,1,0,0,0,0,0,0,0,0,0,0,0,0
-44.09769926,170.8288813,Mackenzie District,2018,property_damage,50,TRUE,straight,,fine,,daylight,giveway_sign,0,0,0,0,1,0,0,1,0,0,0,0,0,0,0,0,0,0,0,0
-46.41908586,168.3568979,Invercargill City,2018,property_damage,50,TRUE,straight,,fine,,daylight,giveway_sign,0,0,0,0,1,0,0,1,0,0,0,0,0,0,0,0,0,0,0,0
-45.09818247,170.9654055,Waitaki District,2018,property_damage,50,TRUE,straight,,mist,,daylight,giveway_sign,0,0,0,0,1,0,0,1,0,0,0,0,0,0,0,0,0,0,0,0
-36.84545769,174.761074,Auckland,2018,property_damage,50,TRUE,straight,,fine,,darkness_not_lit,traffic_lights,0,0,0,0,1,0,0,1,0,0,0,0,0,0,0,0,0,0,0,0
-38.21744736,175.8730907,South Waikato District,2018,property_damage,50,TRUE,curved_view_open,,fine,,darkness_not_lit,giveway_sign,0,0,0,0,1,0,0,1,0,0,0,0,0,0,0,0,0,0,0,0
-37.01431962,174.9070311,Auckland,2018,property_damage,50,TRUE,curved_view_open,,fine,,daylight,traffic_lights,0,0,0,0,1,0,0,1,0,0,0,0,0,0,0,0,0,0,0,0
-36.99443452,174.8857468,Auckland,2018,property_damage,60,TRUE,straight,,rain,,darkness_not_lit,traffic_lights,0,0,0,0,1,0,0,1,0,0,0,0,0,0,0,0,0,0,0,0
-36.94172971,174.8505584,Auckland,2018,property_damage,50,TRUE,curved_view_open,,rain,,daylight,stop_sign,0,0,0,0,1,0,0,1,0,0,0,0,0,0,0,0,0,0,0,0
-36.94172971,174.8505584,Auckland,2018,property_damage,50,TRUE,curved_view_open,,rain,,daylight,stop_sign,0,0,0,0,1,0,0,1,0,0,0,0,0,0,0,0,0,0,0,0
-36.94172971,174.8505584,Auckland,2018,property_damage,50,TRUE,curved_view_open,,rain,,daylight,stop_sign,0,0,0,0,1,0,0,1,0,0,0,0,0,0,0,0,0,0,0,0
-36.90601397,174.8158674,Auckland,2018,property_damage,100,FALSE,straight,,rain,,darkness_not_lit,,0,0,0,0,1,0,0,1,0,0,0,0,0,0,0,0,0,0,0,0