latitude,longitude,local_government_area,year,severity,speed_limit,intersection,road_position_horizontal,road_wet,weather,crash_type,lighting,traffic_controls,casualties,fatalities,serious_injuries,minor_injuries,car_sedan,car_utility,car_van,car_4x4,car_station_wagon,motor_cycle,truck_small,truck_large,bus,taxi,bicycle,scooter,pedestrian,inanimate,train,tram
-40.62659801,175.2917232,Horowhenua District,2018,property_damage,50,TRUE,straight,,fine,,daylight,stop_sign,0,0,0,0,1,0,0,1,0,0,0,0,0,0,0,0,0,0,0,0
-45.89337535,170.4984073,Dunedin City,2018,property_damage,50,FALSE,straight,,fine,,daylight,traffic_lights,0,0,0,0,1,0,0,1,0,0,0,0,0,0,0,0,0,0,0,0
-43.54373949,172.5695788,Christchurch City,2018,property_damage,50,TRUE,straight,,fine,,daylight,giveway_sign,0,0,0,0,1,0,0,1,0,0,0,0,0,0,0,0,0,0,0,0
-44.94242243,168.8282208,Queenstown-Lakes District,2018,property_damage,100,TRUE,straight,,fine,,daylight,stop_sign,0,0,0,0,1,0,0,1,0,0,0,0,0,0,0,0,0,0,0,0
-37.03318918,174.8698979,Auckland,2018,property_damage,50,TRUE,straight,,fine,,daylight,giveway_sign,0,0,0,0,1,0,0,1,0,0,0,0,0,0,0,0,0,0,0,0
-36.84467219,174.7666297,Auckland,2018,property_damage,50,TRUE,straight,,fine,,daylight,traffic_lights,0,0,0,0,1,0,0,1,0,0,0,0,0,0,0,0,0,0,0,0
-36.92769778,174.8423379,Auckland,2018,property_damage,50,TRUE,straight,,rain,,daylight,traffic_lights,0,0,0,0,1,0,0,1,0,0,0,0,0,0,0,0,0,0,0,0
-43.52869014,172.5616048,Christchurch City,2018,property_damage,60,TRUE,straight,,mist,,daylight,giveway_sign,0,0,0,0,1,0,0,1,0,0,0,0,0,0,0,0,0,0,0,0
-36.78081673,174.722033,Auckland,2018,property_damage,50,FALSE,straight,,fine,,daylight,,0,0,0,0,1,0,0,1,0,0,0,0,0,0,0,0,0,0,0,0
-37.6683588,175.4840275,Matamata-Piako District,2018,property_damage,100,TRUE,straight,,fine,,daylight,giveway_sign,0,0,0,0,1,0,0,1,0,0,0,0,0,0,0,0,0,0,0,0
-38.1479215,176.2766075,Rotorua District,2018,property_damage,60,TRUE,straight,,fine,,daylight,giveway_sign,0,0,0,0,1,0,0,1,0,0,0,0,0,0,0,0,0,0,0,0
-40.76092128,175.1571144,Kapiti Coast District,2018,property_damage,50,FALSE,straight,,fine,,daylight,,0,0,0,0,1,0,0,1,0,0,0,0,0,0,0,0,0,0,0,0
-42.77511046,172.8472465,Hurunui District,2018,property_damage,50,FALSE,straight,,fine,,daylight,,0,0,0,0,1,0,0,1,0,0,0,0,0,0,0,0,0,0,0,0
-36.73670254,174.7370166,Auckland,2018,property_damage,50,TRUE,straight,,fine,,daylight,traffic_lights,0,0,0,0,1,0,0,1,0,0,0,0,0,0,0,0,0,0,0,0
-37.7825908,175.2894152,Hamilton City,2018,property_damage,50,TRUE,straight,,,,daylight,giveway_sign,0,0,0,0,1,0,0,1,0,0,0,0,0,0,0,0,0,0,0,0
-36.89320656,174.7282247,Auckland,2018,property_damage,50,TRUE,straight,,rain,,darkness_not_lit,stop_sign,0,0,0,0,1,0,0,1,0,0,0,0,0,0,0,0,0,0,0,0
-36.96239543,174.8656262,Auckland,2018,property_damage,100,TRUE,curved_view_open,,fine,,daylight,,0,0,0,0,1,0,0,1,0,0,0,0,0,0,0,0,0,0,0,0
-36.96866099,174.8597922,Auckland,2018,property_damage,50,TRUE,straight,,fine,,daylight,traffic_lights,0,0,0,0,1,0,0,1,0,0,0,0,0,0,0,0,0,0,0,0
-37.69130587,176.136661,Tauranga City,2018,property_damage,50,TRUE,straight,,fine,,darkness_not_lit,stop_sign,0,0,0,0,1,0,0,1,0,0,0,0,0,0,0,0,0,0,0,0
-36.94772395,174.8458972,Auckland,2018,property_damage,50,TRUE,straight,,fine,,darkness_not_lit,stop_sign,0,0,0,0,1,0,0,1,0,0,0,0,0,0,0,0,0,0,0,0
-36.94772395,174.8458972,Auckland,2018,property_damage,50,TRUE,straight,,fine,,darkness_not_lit,stop_sign,0,0,0,0,1,0,0,1,0,0,0,0,0,0,0,0,0,0,0,0
-36.90046072,174.8094397,Auckland,2018,property_damage,100,FALSE,straight,,fine,,daylight,,0,0,0,0,1,0,0,1,0,0,0,0,0,0,0,0,0,0,0,0
-41.50816912,173.9557024,Marlborough District,2018,property_damage,30,TRUE,curved_view_open,,fine,,dawn_dusk,giveway_sign,0,0,0,0,1,0,0,1,0,0,0,0,0,0,0,0,0,0,0,0
-36.90788411,174.8850054,Auckland,2018,property_damage,60,TRUE,straight,,fine,,daylight,traffic_lights,0,0,0,0,1,0,0,1,0,0,0,0,0,0,0,0,0,0,0,0
-37.70091887,176.2937997,Tauranga City,2018,property_damage,60,FALSE,straight,,fine,,daylight,,0,0,0,0,1,0,0,1,0,0,0,0,0,0,0,0,0,0,0,0
-43.53639128,172.6396594,Christchurch City,2018,property_damage,50,TRUE,straight,,fine,,darkness_not_lit,traffic_lights,0,0,0,0,1,0,0,1,0,0,0,0,0,0,0,0,0,0,0,0
-41.21263147,174.899461,Hutt City,2018,property_damage,50,TRUE,curved_view_open,,rain,,daylight,giveway_sign,0,0,0,0,1,0,0,1,0,0,0,0,0,0,0,0,0,0,0,0
-36.67854396,174.4540246,Auckland,2018,property_damage,50,TRUE,straight,,fine,,daylight,stop_sign,0,0,0,0,1,0,0,1,0,0,0,0,0,0,0,0,0,0,0,0
-37.69836123,176.1592287,Tauranga City,2018,property_damage,50,TRUE,straight,,rain,,daylight,traffic_lights,0,0,0,0,1,0,0,1,0,0,0,0,0,0,0,0,0,0,0,0
-37.69836123,176.1592287,Tauranga City,2018,property_damage,50,TRUE,straight,,rain,,daylight,traffic_lights,0,0,0,0,1,0,0,1,0,0,0,0,0,0,0,0,0,0,0,0
-38.6886864,176.0744961,Taupo District,2018,property_damage,50,TRUE,straight,,fine,,daylight,stop_sign,0,0,0,0,1,0,0,1,0,0,0,0,0,0,0,0,0,0,0,0
-38.6886864,176.0744961,Taupo District,2018,property_damage,50,TRUE,straight,,fine,,daylight,stop_sign,0,0,0,0,1,0,0,1,0,0,0,0,0,0,0,0,0,0,0,0
-38.6886864,176.0744961,Taupo District,2018,property_damage,50,TRUE,straight,,rain,,daylight,stop_sign,0,0,0,0,1,0,0,1,0,0,0,0,0,0,0,0,0,0,0,0
-37.02513324,174.894217,Auckland,2018,property_damage,50,TRUE,straight,,fine,,daylight,giveway_sign,0,0,0,0,1,0,0,1,0,0,0,0,0,0,0,0,0,0,0,0
-37.02513324,174.894217,Auckland,2018,property_damage,50,TRUE,straight,,fine,,daylight,giveway_sign,0,0,0,0,1,0,0,1,0,0,0,0,0,0,0,0,0,0,0,0
-37.82185111,175.2867542,Hamilton City,2018,property_damage,60,FALSE,straight,,fine,,daylight,,0,0,0,0,1,0,0,1,0,0,0,0,0,0,0,0,0,0,0,0
-36.9106638,174.875668,Auckland,2018,property_damage,60,FALSE,straight,,fine,,daylight,,0,0,0,0,1,0,0,1,0,0,0,0,0,0,0,0,0,0,0,0
-36.9106638,174.875668,Auckland,2018,property_damage,60,FALSE,straight,,fine,,daylight,,0,0,0,0,1,0,0,1,0,0,0,0,0,0,0,0,0,0,0,0
-38.21815439,175.8707089,South Waikato District,2018,property_damage,50,TRUE,curved_view_open,,rain,,darkness_not_lit,giveway_sign,0,0,0,0,1,0,0,1,0,0,0,0,0,0,0,0,0,0,0,0
-36.92746384,174.8978256,Auckland,2018,property_damage,60,FALSE,straight,,fine,,darkness_not_lit,,0,0,0,0,1,0,0,1,0,0,0,0,0,0,0,0,0,0,0,0
-36.86882868,174.7205292,Auckland,2018,property_damage,80,FALSE,straight,,fine,,dawn_dusk,,0,0,0,0,1,0,0,1,0,0,0,0,0,0,0,0,0,0,0,0
-37.69786871,176.1581079,Tauranga City,2018,property_damage,50,TRUE,straight,,fine,,daylight,stop_sign,0,0,0,0,1,0,0,1,0,0,0,0,0,0,0,0,0,0,0,0
-38.65339535,178.0235012,Gisborne District,2018,property_damage,50,TRUE,straight,,fine,,daylight,giveway_sign,0,0,0,0,1,0,0,1,0,0,0,0,0,0,0,0,0,0,0,0
-41.29298372,174.784144,Wellington City,2018,property_damage,50,TRUE,curved_view_open,,fine,,daylight,,0,0,0,0,1,0,0,1,0,0,0,0,0,0,0,0,0,0,0,0
-41.27136494,173.2699876,Nelson City,2018,property_damage,50,TRUE,straight,,fine,,darkness_not_lit,giveway_sign,0,0,0,0,1,0,0,1,0,0,0,0,0,0,0,0,0,0,0,0
-40.34767391,175.6105022,Palmerston North City,2018,property_damage,50,FALSE,straight,,fine,,daylight,,0,0,0,0,1,0,0,1,0,0,0,0,0,0,0,0,0,0,0,0
-43.48456567,172.5798551,Christchurch City,2018,property_damage,50,TRUE,straight,,fine,,daylight,stop_sign,0,0,0,0,1,0,0,1,0,0,0,0,0,0,0,0,0,0,0,0
-43.52874419,172.6504591,Christchurch City,2018,property_damage,50,TRUE,straight,,fine,,darkness_not_lit,traffic_lights,0,0,0,0,1,0,0,1,0,0,0,0,0,0,0,0,0,0,0,0
-37.76666683,175.754437,Matamata-Piako District,2018,property_damage,100,FALSE,straight,,rain,,daylight,,0,0,0,0,1,0,0,1,0,0,0,0,0,0,0,0,0,0,0,0
-43.52874464,172.6506076,Christchurch City,2018,property_damage,50,TRUE,straight,,fine,,daylight,traffic_lights,0,0,0,0,1,0,0,1,0,0,0,0,0,0,0,0,0,0,0,0
-45.85307475,170.5217526,Dunedin City,2018,property_damage,50,FALSE,straight,,mist,,dawn_dusk,,0,0,0,0,1,0,0,1,0,0,0,0,0,0,0,0,0,0,0,0
-37.02163119,174.9041003,Auckland,2018,property_damage,50,TRUE,straight,,fine,,daylight,stop_sign,0,0,0,0,1,0,0,1,0,0,0,0,0,0,0,0,0,0,0,0
-37.02163119,174.9041003,Auckland,2018,property_damage,50,TRUE,straight,,fine,,daylight,stop_sign,0,0,0,0,1,0,0,1,0,0,0,0,0,0,0,0,0,0,0,0
-36.8598072,174.6296594,Auckland,2018,property_damage,50,FALSE,straight,,fine,,daylight,,0,0,0,0,1,0,0,1,0,0,0,0,0,0,0,0,0,0,0,0
-41.3131943,174.7830824,Wellington City,2018,property_damage,50,FALSE,straight,,fine,,daylight,,0,0,0,0,1,0,0,1,0,0,0,0,0,0,0,0,0,0,0,0
-41.21111788,174.9195749,Hutt City,2018,property_damage,50,FALSE,straight,,fine,,daylight,,0,0,0,0,1,0,0,1,0,0,0,0,0,0,0,0,0,0,0,0
-41.21193903,174.8911869,Hutt City,2018,property_damage,50,TRUE,curved_view_open,,fine,,daylight,giveway_sign,0,0,0,0,1,0,0,1,0,0,0,0,0,0,0,0,0,0,0,0
-43.5080292,172.52427,Christchurch City,2018,property_damage,80,TRUE,straight,,fine,,daylight,giveway_sign,0,0,0,0,1,0,0,1,0,0,0,0,0,0,0,0,0,0,0,0
-43.54473386,172.6382852,Christchurch City,2018,property_damage,50,TRUE,straight,,fine,,daylight,stop_sign,0,0,0,0,1,0,0,1,0,0,0,0,0,0,0,0,0,0,0,0
-43.49853651,172.6092463,Christchurch City,2018,property_damage,50,TRUE,straight,,fine,,darkness_not_lit,,0,0,0,0,1,0,0,1,0,0,0,0,0,0,0,0,0,0,0,0
-43.52985298,172.6336096,Christchurch City,2018,property_damage,30,TRUE,straight,,fine,,daylight,traffic_lights,0,0,0,0,1,0,0,1,0,0,0,0,0,0,0,0,0,0,0,0
-37.02461482,174.9236327,Auckland,2018,property_damage,70,TRUE,straight,,fine,,daylight,stop_sign,0,0,0,0,1,0,0,1,0,0,0,0,0,0,0,0,0,0,0,0
-36.97543165,174.7929026,Auckland,2018,property_damage,60,TRUE,straight,,fine,,darkness_not_lit,traffic_lights,0,0,0,0,1,0,0,1,0,0,0,0,0,0,0,0,0,0,0,0
-36.86326563,174.6292056,Auckland,2018,property_damage,50,FALSE,straight,,fine,,daylight,,0,0,0,0,1,0,0,1,0,0,0,0,0,0,0,0,0,0,0,0
-36.99746782,174.8522458,Auckland,2018,property_damage,50,TRUE,curved_view_open,,fine,,daylight,giveway_sign,0,0,0,0,1,0,0,1,0,0,0,0,0,0,0,0,0,0,0,0
-36.96666968,174.8637761,Auckland,2018,property_damage,50,TRUE,straight,,fine,,daylight,stop_sign,0,0,0,0,1,0,0,1,0,0,0,0,0,0,0,0,0,0,0,0
-36.91197434,174.6604919,Auckland,2018,property_damage,50,FALSE,straight,,fine,,darkness_not_lit,,0,0,0,0,1,0,0,1,0,0,0,0,0,0,0,0,0,0,0,0
-37.66048001,175.5257271,Matamata-Piako District,2018,property_damage,50,TRUE,curved_view_open,,rain,,darkness_not_lit,stop_sign,0,0,0,0,1,0,0,1,0,0,0,0,0,0,0,0,0,0,0,0
-36.90909381,174.6883555,Auckland,2018,property_damage,50,TRUE,straight,,fine,,dawn_dusk,stop_sign,0,0,0,0,1,0,0,1,0,0,0,0,0,0,0,0,0,0,0,0
-37.24639126,174.7421784,Auckland,2018,property_damage,50,TRUE,straight,,rain,,daylight,giveway_sign,0,0,0,0,1,0,0,1,0,0,0,0,0,0,0,0,0,0,0,0
-38.6883503,176.0718609,Taupo District,2018,property_damage,50,FALSE,straight,,fine,,darkness_not_lit,giveway_sign,0,0,0,0,1,0,0,1,0,0,0,0,0,0,0,0,0,0,0,0
-38.6791589,176.0692035,Taupo District,2018,property_damage,50,FALSE,straight,,fine,,darkness_not_lit,,0,0,0,0,1,0,0,1,0,0,0,0,0,0,0,0,0,0,0,0
-36.9363152,174.8751065,Auckland,2018,property_damage,70,FALSE,straight,,rain,,darkness_not_lit,,0,0,0,0,1,0,0,1,0,0,0,0,0,0,0,0,0,0,0,0
-41.2232622,174.9129273,Hutt City,2018,property_damage,50,TRUE,straight,,rain,,daylight,,0,0,0,0,1,0,0,1,0,0,0,0,0,0,0,0,0,0,0,0
-41.51085365,173.9589054,Marlborough District,2018,property_damage,50,TRUE,curved_view_open,,fine,,daylight,giveway_sign,0,0,0,0,1,0,0,1,0,0,0,0,0,0,0,0,0,0,0,0
-41.17926838,174.961253,Hutt City,2018,property_damage,50,TRUE,straight,,,,daylight,giveway_sign,0,0,0,0,1,0,0,1,0,0,0,0,0,0,0,0,0,0,0,0
-41.13697636,174.8726851,Porirua City,2018,property_damage,50,TRUE,straight,,fine,,daylight,,0,0,0,0,1,0,0,1,0,0,0,0,0,0,0,0,0,0,0,0
-41.33144924,173.2029665,Nelson City,2018,property_damage,50,TRUE,curved_view_open,,fine,,daylight,giveway_sign,0,0,0,0,1,0,0,1,0,0,0,0,0,0,0,0,0,0,0,0
-43.49959009,172.5862325,Christchurch City,2018,property_damage,50,TRUE,straight,,fine,,darkness_not_lit,traffic_lights,0,0,0,0,1,0,0,1,0,0,0,0,0,0,0,0,0,0,0,0
-43.4983005,172.5832108,Christchurch City,2018,property_damage,50,FALSE,straight,,fine,,daylight,traffic_lights,0,0,0,0,1,0,0,1,0,0,0,0,0,0,0,0,0,0,0,0
-36.88737339,174.8387874,Auckland,2018,property_damage,50,TRUE,straight,,fine,,darkness_not_lit,giveway_sign,0,0,0,0,1,0,0,1,0,0,0,0,0,0,0,0,0,0,0,0
-37.76864558,175.2338026,Hamilton City,2018,property_damage,50,TRUE,,,fine,,daylight,,0,0,0,0,1,0,0,1,0,0,0,0,0,0,0,0,0,0,0,0
-40.24128883,175.4884506,Manawatu District,2018,property_damage,100,TRUE,curved_view_open,,fine,,daylight,giveway_sign,0,0,0,0,1,0,0,1,0,0,0,0,0,0,0,0,0,0,0,0
-43.5105405,172.6203156,Christchurch City,2018,property_damage,50,TRUE,straight,,fine,,daylight,giveway_sign,0,0,0,0,1,0,0,1,0,0,0,0,0,0,0,0,0,0,0,0
-36.7969896,174.5972139,Auckland,2018,property_damage,80,TRUE,curved_view_open,,fine,,dawn_dusk,giveway_sign,0,0,0,0,1,0,0,1,0,0,0,0,0,0,0,0,0,0,0,0
-37.71174909,175.2097688,Hamilton City,2018,property_damage,80,TRUE,curved_view_open,,rain,,daylight,giveway_sign,0,0,0,0,1,0,0,1,0,0,0,0,0,0,0,0,0,0,0,0
-36.95181319,174.8599326,Auckland,2018,property_damage,50,TRUE,curved_view_open,,fine,,daylight,giveway_sign,0,0,0,0,1,0,0,1,0,0,0,0,0,0,0,0,0,0,0,0
-36.77156573,174.7395845,Auckland,2018,property_damage,50,FALSE,straight,,fine,,daylight,,0,0,0,0,1,0,0,1,0,0,0,0,0,0,0,0,0,0,0,0
-36.9125459,174.8894191,Auckland,2018,property_damage,50,TRUE,straight,,fine,,darkness_not_lit,,0,0,0,0,1,0,0,1,0,0,0,0,0,0,0,0,0,0,0,0
-36.85850731,174.6298,Auckland,2018,property_damage,50,FALSE,straight,,rain,,darkness_not_lit,traffic_lights,0,0,0,0,1,0,0,1,0,0,0,0,0,0,0,0,0,0,0,0
-37.82112522,175.2884017,Hamilton City,2018,property_damage,50,TRUE,straight,,,,darkness_not_lit,giveway_sign,0,0,0,0,1,0,0,1,0,0,0,0,0,0,0,0,0,0,0,0
-37.77472726,175.2845973,Hamilton City,2018,property_damage,50,TRUE,straight,,fine,,daylight,giveway_sign,0,0,0,0,1,0,0,1,0,0,0,0,0,0,0,0,0,0,0,0
-36.85455603,174.6300414,Auckland,2018,property_damage,50,FALSE,straight,,rain,,daylight,,0,0,0,0,1,0,0,1,0,0,0,0,0,0,0,0,0,0,0,0
-38.2130328,175.8620227,South Waikato District,2018,property_damage,50,TRUE,straight,,fine,,daylight,stop_sign,0,0,0,0,1,0,0,1,0,0,0,0,0,0,0,0,0,0,0,0
-41.31204584,174.7932292,Wellington City,2018,property_damage,50,FALSE,straight,,rain,,daylight,traffic_lights,0,0,0,0,1,0,0,1,0,0,0,0,0,0,0,0,0,0,0,0
-41.27299036,173.2758926,Nelson City,2018,property_damage,50,FALSE,curved_view_open,,fine,,daylight,,0,0,0,0,1,0,0,1,0,0,0,0,0,0,0,0,0,0,0,0
-41.19897574,174.9352001,Hutt City,2018,property_damage,50,TRUE,straight,,rain,,darkness_not_lit,,0,0,0,0,1,0,0,1,0,0,0,0,0,0,0,0,0,0,0,0
-41.09072066,172.9967614,Tasman District,2018,property_damage,80,TRUE,curved_view_open,,fine,,daylight,stop_sign,0,0,0,0,1,0,0,1,0,0,0,0,0,0,0,0,0,0,0,0
-43.53127782,172.6760872,Christchurch City,2018,property_damage,50,TRUE,straight,,rain,,daylight,traffic_lights,0,0,0,0,1,0,0,1,0,0,0,0,0,0,0,0,0,0,0,0
-37.784627,175.2806102,Hamilton City,2018,property_damage,50,FALSE,straight,,rain,,daylight,,0,0,0,0,1,0,0,1,0,0,0,0,0,0,0,0,0,0,0,0
-44.24548041,171.2763329,Timaru District,2018,property_damage,50,TRUE,straight,,fine,,daylight,giveway_sign,0,0,0,0,1,0,0,1,0,0,0,0,0,0,0,0,0,0,0,0
-37.78538926,176.3297665,Western Bay Of Plenty District,2018,property_damage,50,FALSE,straight,,rain,,daylight,,0,0,0,0,1,0,0,1,0,0,0,0,0,0,0,0,0,0,0,0
-37.69522534,176.1420647,Tauranga City,2018,property_damage,50,FALSE,straight,,fine,,dawn_dusk,,0,0,0,0,1,0,0,1,0,0,0,0,0,0,0,0,0,0,0,0
-37.78923736,175.2597562,Hamilton City,2018,property_damage,60,FALSE,straight,,fine,,darkness_not_lit,traffic_lights,0,0,0,0,1,0,0,1,0,0,0,0,0,0,0,0,0,0,0,0
-36.86304319,174.7439448,Auckland,2018,property_damage,50,TRUE,straight,,rain,,daylight,stop_sign,0,0,0,0,1,0,0,1,0,0,0,0,0,0,0,0,0,0,0,0
-37.00567247,174.897139,Auckland,2018,property_damage,100,FALSE,straight,,fine,,daylight,,0,0,0,0,1,0,0,1,0,0,0,0,0,0,0,0,0,0,0,0
-41.26629789,173.2757569,Nelson City,2018,property_damage,50,TRUE,straight,,fine,,daylight,giveway_sign,0,0,0,0,1,0,0,1,0,0,0,0,0,0,0,0,0,0,0,0
-41.13244341,175.0408557,Upper Hutt City,2018,property_damage,50,TRUE,straight,,fine,,daylight,giveway_sign,0,0,0,0,1,0,0,1,0,0,0,0,0,0,0,0,0,0,0,0
-35.11502459,173.2645958,Far North District,2018,property_damage,50,TRUE,straight,,fine,,daylight,giveway_sign,0,0,0,0,1,0,0,1,0,0,0,0,0,0,0,0,0,0,0,0
-45.67055418,168.2410707,Southland District,2018,property_damage,50,TRUE,straight,,fine,,daylight,stop_sign,0,0,0,0,1,0,0,1,0,0,0,0,0,0,0,0,0,0,0,0
-40.96276374,175.658344,Masterton District,2018,property_damage,50,TRUE,straight,,fine,,daylight,giveway_sign,0,0,0,0,1,0,0,1,0,0,0,0,0,0,0,0,0,0,0,0
-43.49907849,172.6097499,Christchurch City,2018,property_damage,50,FALSE,straight,,fine,,daylight,,0,0,0,0,1,0,0,1,0,0,0,0,0,0,0,0,0,0,0,0
-41.28692472,174.7781395,Wellington City,2018,property_damage,50,FALSE,straight,,rain,,daylight,traffic_lights,0,0,0,0,1,0,0,1,0,0,0,0,0,0,0,0,0,0,0,0
-45.89542822,170.4698397,Dunedin City,2018,property_damage,60,FALSE,straight,,fine,,dawn_dusk,,0,0,0,0,1,0,0,1,0,0,0,0,0,0,0,0,0,0,0,0
-40.32534691,175.6479852,Palmerston North City,2018,property_damage,50,TRUE,curved_view_open,,rain,,daylight,giveway_sign,0,0,0,0,1,0,0,1,0,0,0,0,0,0,0,0,0,0,0,0
-36.88175311,174.6344119,Auckland,2018,property_damage,50,FALSE,straight,,rain,,darkness_not_lit,,0,0,0,0,1,0,0,1,0,0,0,0,0,0,0,0,0,0,0,0
-41.21118804,174.9077686,Hutt City,2018,property_damage,50,TRUE,straight,,fine,,daylight,giveway_sign,0,0,0,0,1,0,0,1,0,0,0,0,0,0,0,0,0,0,0,0
-36.97448871,174.8652025,Auckland,2018,property_damage,50,FALSE,straight,,fine,,daylight,,0,0,0,0,1,0,0,1,0,0,0,0,0,0,0,0,0,0,0,0
-36.91037778,174.6893378,Auckland,2018,property_damage,50,TRUE,straight,,fine,,daylight,traffic_lights,0,0,0,0,1,0,0,1,0,0,0,0,0,0,0,0,0,0,0,0
-41.22050541,174.8076178,Wellington City,2018,property_damage,50,TRUE,curved_view_open,,,,daylight,giveway_sign,0,0,0,0,1,0,0,1,0,0,0,0,0,0,0,0,0,0,0,0
-37.69541219,176.1613485,Tauranga City,2018,property_damage,50,TRUE,curved_view_open,,fine,,daylight,giveway_sign,0,0,0,0,1,0,0,1,0,0,0,0,0,0,0,0,0,0,0,0
-43.52031521,172.5340352,Christchurch City,2018,property_damage,60,TRUE,straight,,fine,,dawn_dusk,traffic_lights,0,0,0,0,1,0,0,1,0,0,0,0,0,0,0,0,0,0,0,0
-37.80740064,175.7737581,Matamata-Piako District,2018,property_damage,50,TRUE,straight,,fine,,daylight,giveway_sign,0,0,0,0,1,0,0,1,0,0,0,0,0,0,0,0,0,0,0,0
-41.29605755,174.7717471,Wellington City,2018,property_damage,50,TRUE,straight,,fine,,daylight,traffic_lights,0,0,0,0,1,0,0,1,0,0,0,0,0,0,0,0,0,0,0,0
-36.73584489,174.7166153,Auckland,2018,property_damage,50,TRUE,curved_view_open,,,,daylight,traffic_lights,0,0,0,0,1,0,0,1,0,0,0,0,0,0,0,0,0,0,0,0
-36.95756945,174.8618584,Auckland,2018,property_damage,100,FALSE,straight,,fine,,daylight,,0,0,0,0,1,0,0,1,0,0,0,0,0,0,0,0,0,0,0,0
-37.7592551,175.2252567,Hamilton City,2018,property_damage,50,TRUE,straight,,fine,,daylight,giveway_sign,0,0,0,0,1,0,0,1,0,0,0,0,0,0,0,0,0,0,0,0
-40.33081088,175.6296021,Palmerston North City,2018,property_damage,50,FALSE,straight,,fine,,daylight,,0,0,0,0,1,0,0,1,0,0,0,0,0,0,0,0,0,0,0,0
-36.8117797,174.7460431,Auckland,2018,property_damage,50,TRUE,straight,,fine,,daylight,,0,0,0,0,1,0,0,1,0,0,0,0,0,0,0,0,0,0,0,0
-36.79258588,174.7240784,Auckland,2018,property_damage,50,TRUE,curved_view_open,,fine,,daylight,giveway_sign,0,0,0,0,1,0,0,1,0,0,0,0,0,0,0,0,0,0,0,0
-36.88773709,174.7472108,Auckland,2018,property_damage,50,FALSE,straight,,fine,,daylight,,0,0,0,0,1,0,0,1,0,0,0,0,0,0,0,0,0,0,0,0
-36.8301515,174.7458888,Auckland,2018,property_damage,80,FALSE,straight,,fine,,daylight,,0,0,0,0,1,0,0,1,0,0,0,0,0,0,0,0,0,0,0,0
-45.00388148,168.7524821,Queenstown-Lakes District,2018,property_damage,80,FALSE,straight,,fine,,daylight,,0,0,0,0,1,0,0,1,0,0,0,0,0,0,0,0,0,0,0,0
-38.12981994,176.2193965,Rotorua District,2018,property_damage,50,TRUE,straight,,fine,,daylight,giveway_sign,0,0,0,0,1,0,0,1,0,0,0,0,0,0,0,0,0,0,0,0
-36.01214108,174.4180728,Whangarei District,2018,property_damage,100,TRUE,straight,,rain,,daylight,,0,0,0,0,1,0,0,1,0,0,0,0,0,0,0,0,0,0,0,0
-36.71508535,174.748263,Auckland,2018,property_damage,50,FALSE,straight,,fine,,daylight,,0,0,0,0,1,0,0,1,0,0,0,0,0,0,0,0,0,0,0,0
-43.64863661,172.2245479,Selwyn District,2018,property_damage,100,FALSE,curved_view_open,,rain,,darkness_not_lit,,0,0,0,0,1,0,0,1,0,0,0,0,0,0,0,0,0,0,0,0
-36.81824919,174.7504838,Auckland,2018,property_damage,80,FALSE,straight,,rain,,daylight,,0,0,0,0,1,0,0,1,0,0,0,0,0,0,0,0,0,0,0,0
-36.91889511,174.8398024,Auckland,2018,property_damage,100,FALSE,straight,,,,dawn_dusk,,0,0,0,0,1,0,0,1,0,0,0,0,0,0,0,0,0,0,0,0
-36.79384064,174.7760075,Auckland,2018,property_damage,50,FALSE,straight,,fine,,darkness_not_lit,traffic_lights,0,0,0,0,1,0,0,1,0,0,0,0,0,0,0,0,0,0,0,0
-37.73854011,176.1076137,Tauranga City,2018,property_damage,50,TRUE,curved_view_open,,fine,,daylight,giveway_sign,0,0,0,0,1,0,0,1,0,0,0,0,0,0,0,0,0,0,0,0
-41.28202076,174.7737315,Wellington City,2018,property_damage,100,FALSE,straight,,fine,,daylight,,0,0,0,0,1,0,0,1,0,0,0,0,0,0,0,0,0,0,0,0
-36.84683097,174.7529298,Auckland,2018,property_damage,80,FALSE,straight,,fine,,daylight,,0,0,0,0,1,0,0,1,0,0,0,0,0,0,0,0,0,0,0,0
-36.86311134,174.7649678,Auckland,2018,property_damage,80,FALSE,straight,,fine,,darkness_not_lit,,0,0,0,0,1,0,0,1,0,0,0,0,0,0,0,0,0,0,0,0
-35.70590632,174.3118867,Whangarei District,2018,property_damage,50,FALSE,straight,,fine,,darkness_not_lit,,0,0,0,0,1,0,0,1,0,0,0,0,0,0,0,0,0,0,0,0
-41.13416716,174.8373882,Porirua City,2018,property_damage,70,FALSE,straight,,fine,,daylight,traffic_lights,0,0,0,0,1,0,0,1,0,0,0,0,0,0,0,0,0,0,0,0
-36.81798673,174.7505563,Auckland,2018,property_damage,100,FALSE,straight,,fine,,daylight,,0,0,0,0,1,0,0,1,0,0,0,0,0,0,0,0,0,0,0,0
-37.73870967,176.1083583,Tauranga City,2018,property_damage,50,TRUE,curved_view_open,,rain,,daylight,giveway_sign,0,0,0,0,1,0,0,1,0,0,0,0,0,0,0,0,0,0,0,0
-43.29482191,172.5769353,Waimakariri District,2018,property_damage,50,TRUE,straight,,fine,,daylight,giveway_sign,0,0,0,0,1,0,0,1,0,0,0,0,0,0,0,0,0,0,0,0