latitude,longitude,local_government_area,year,severity,speed_limit,intersection,road_position_horizontal,road_wet,weather,crash_type,lighting,traffic_controls,casualties,fatalities,serious_injuries,minor_injuries,car_sedan,car_utility,car_van,car_4x4,car_station_wagon,motor_cycle,truck_small,truck_large,bus,taxi,bicycle,scooter,pedestrian,inanimate,train,tram
-36.83905557,174.7422897,Auckland,2018,property_damage,80,FALSE,straight,,fine,,daylight,,0,0,0,0,1,0,0,1,0,0,0,0,0,0,0,0,0,0,0,0
-37.78816856,175.2986827,Hamilton City,2018,property_damage,50,FALSE,straight,,fine,,daylight,,0,0,0,0,1,0,0,1,0,0,0,0,0,0,0,0,0,0,0,0
-36.81878279,174.7503615,Auckland,2018,property_damage,80,FALSE,straight,,rain,,daylight,,0,0,0,0,1,0,0,1,0,0,0,0,0,0,0,0,0,0,0,0
-36.89239753,174.8026735,Auckland,2018,property_damage,100,FALSE,straight,,rain,,darkness_not_lit,,0,0,0,0,1,0,0,1,0,0,0,0,0,0,0,0,0,0,0,0
-36.90632598,174.8166829,Auckland,2018,property_damage,100,FALSE,straight,,rain,,darkness_not_lit,,0,0,0,0,1,0,0,1,0,0,0,0,0,0,0,0,0,0,0,0
-36.81004935,174.7262747,Auckland,2018,property_damage,50,FALSE,straight,,fine,,daylight,,0,0,0,0,1,0,0,1,0,0,0,0,0,0,0,0,0,0,0,0
-39.63021969,176.8307531,Hastings District,2018,property_damage,50,TRUE,straight,,rain,,darkness_not_lit,giveway_sign,0,0,0,0,1,0,0,1,0,0,0,0,0,0,0,0,0,0,0,0
-36.85685678,174.627903,Auckland,2018,property_damage,50,FALSE,straight,,fine,,daylight,,0,0,0,0,1,0,0,1,0,0,0,0,0,0,0,0,0,0,0,0
-36.92218492,174.719516,Auckland,2018,property_damage,50,FALSE,straight,,fine,,daylight,,0,0,0,0,1,0,0,1,0,0,0,0,0,0,0,0,0,0,0,0
-45.88194694,170.5270411,Dunedin City,2018,property_damage,50,FALSE,curved_view_open,,fine,,daylight,,0,0,0,0,1,0,0,1,0,0,0,0,0,0,0,0,0,0,0,0
-37.78942022,175.2393336,Hamilton City,2018,property_damage,40,TRUE,curved_view_open,,fine,,daylight,giveway_sign,0,0,0,0,1,0,0,1,0,0,0,0,0,0,0,0,0,0,0,0
-36.72666913,174.7395676,Auckland,2018,property_damage,50,FALSE,curved_view_open,,fine,,daylight,,0,0,0,0,1,0,0,1,0,0,0,0,0,0,0,0,0,0,0,0
-36.96684729,174.8250846,Auckland,2018,property_damage,50,FALSE,straight,,fine,,darkness_not_lit,,0,0,0,0,1,0,0,1,0,0,0,0,0,0,0,0,0,0,0,0
-36.78421784,174.67064,Auckland,2018,property_damage,100,FALSE,straight,,rain,,daylight,,0,0,0,0,1,0,0,1,0,0,0,0,0,0,0,0,0,0,0,0
-39.94164994,175.0423471,Wanganui District,2018,property_damage,50,TRUE,straight,,fine,,daylight,giveway_sign,0,0,0,0,1,0,0,1,0,0,0,0,0,0,0,0,0,0,0,0
-37.63591214,176.182389,Tauranga City,2018,property_damage,30,FALSE,straight,,fine,,daylight,,0,0,0,0,1,0,0,1,0,0,0,0,0,0,0,0,0,0,0,0
-36.91613513,174.8722213,Auckland,2018,property_damage,60,FALSE,straight,,fine,,daylight,,0,0,0,0,1,0,0,1,0,0,0,0,0,0,0,0,0,0,0,0
-36.88776384,174.7949904,Auckland,2018,property_damage,100,FALSE,straight,,fine,,darkness_not_lit,,0,0,0,0,1,0,0,1,0,0,0,0,0,0,0,0,0,0,0,0
-36.98109697,174.877104,Auckland,2018,property_damage,50,FALSE,straight,,fine,,darkness_not_lit,,0,0,0,0,1,0,0,1,0,0,0,0,0,0,0,0,0,0,0,0
-41.22280865,174.9142025,Hutt City,2018,property_damage,50,FALSE,straight,,fine,,daylight,,0,0,0,0,1,0,0,1,0,0,0,0,0,0,0,0,0,0,0,0
-44.09245434,171.2444081,Timaru District,2018,property_damage,50,FALSE,straight,,fine,,daylight,,0,0,0,0,1,0,0,1,0,0,0,0,0,0,0,0,0,0,0,0
-39.08273682,174.043278,New Plymouth District,2018,property_damage,50,TRUE,curved_view_open,,rain,,daylight,stop_sign,0,0,0,0,1,0,0,1,0,0,0,0,0,0,0,0,0,0,0,0
-36.91100336,174.7396598,Auckland,2018,property_damage,50,TRUE,straight,,fine,,daylight,traffic_lights,0,0,0,0,1,0,0,1,0,0,0,0,0,0,0,0,0,0,0,0
-36.96092632,174.8872897,Auckland,2018,property_damage,60,FALSE,straight,,fine,,daylight,,0,0,0,0,1,0,0,1,0,0,0,0,0,0,0,0,0,0,0,0
-36.90380084,174.7230203,Auckland,2018,property_damage,50,TRUE,straight,,rain,,daylight,traffic_lights,0,0,0,0,1,0,0,1,0,0,0,0,0,0,0,0,0,0,0,0
-37.20048307,174.9012953,Auckland,2018,property_damage,50,TRUE,curved_view_open,,fine,,daylight,giveway_sign,0,0,0,0,1,0,0,1,0,0,0,0,0,0,0,0,0,0,0,0
-36.88940429,174.7600522,Auckland,2018,property_damage,50,FALSE,straight,,rain,,daylight,,0,0,0,0,1,0,0,1,0,0,0,0,0,0,0,0,0,0,0,0
-37.04171981,174.9109096,Auckland,2018,property_damage,100,FALSE,straight,,fine,,daylight,,0,0,0,0,1,0,0,1,0,0,0,0,0,0,0,0,0,0,0,0
-36.83956683,174.7430751,Auckland,2018,property_damage,80,FALSE,straight,,rain,,daylight,,0,0,0,0,1,0,0,1,0,0,0,0,0,0,0,0,0,0,0,0
-37.78656571,175.2566885,Hamilton City,2018,property_damage,60,FALSE,straight,,rain,,daylight,,0,0,0,0,1,0,0,1,0,0,0,0,0,0,0,0,0,0,0,0
-36.97492899,174.843948,Auckland,2018,property_damage,50,FALSE,straight,,fine,,daylight,,0,0,0,0,1,0,0,1,0,0,0,0,0,0,0,0,0,0,0,0
-41.3015644,174.7796958,Wellington City,2018,property_damage,50,FALSE,straight,,fine,,daylight,,0,0,0,0,1,0,0,1,0,0,0,0,0,0,0,0,0,0,0,0
-43.7673847,172.962031,Christchurch City,2018,property_damage,100,FALSE,curved_view_open,,fine,,daylight,,0,0,0,0,1,0,0,1,0,0,0,0,0,0,0,0,0,0,0,0
-37.81023322,174.8514789,Waikato District,2018,property_damage,50,FALSE,straight,,fine,,daylight,,0,0,0,0,1,0,0,1,0,0,0,0,0,0,0,0,0,0,0,0
-36.63339153,174.6941744,Auckland,2018,property_damage,80,FALSE,curved_view_open,,rain,,daylight,,0,0,0,0,1,0,0,1,0,0,0,0,0,0,0,0,0,0,0,0
-36.89296363,174.9301304,Auckland,2018,property_damage,50,TRUE,straight,,fine,,daylight,giveway_sign,0,0,0,0,1,0,0,1,0,0,0,0,0,0,0,0,0,0,0,0
-41.50346359,173.9615522,Marlborough District,2018,property_damage,50,FALSE,straight,,fine,,daylight,,0,0,0,0,1,0,0,1,0,0,0,0,0,0,0,0,0,0,0,0
-35.74140135,174.262971,Whangarei District,2018,property_damage,80,FALSE,straight,,fine,,darkness_not_lit,,0,0,0,0,1,0,0,1,0,0,0,0,0,0,0,0,0,0,0,0
-39.49455981,176.9104944,Napier City,2018,property_damage,50,FALSE,straight,,fine,,daylight,,0,0,0,0,1,0,0,1,0,0,0,0,0,0,0,0,0,0,0,0
-43.53912658,172.5760726,Christchurch City,2018,property_damage,60,FALSE,straight,,fine,,daylight,,0,0,0,0,1,0,0,1,0,0,0,0,0,0,0,0,0,0,0,0
-37.93394034,176.9144362,Whakatane District,2018,property_damage,100,FALSE,curved_view_open,,fine,,daylight,,0,0,0,0,1,0,0,1,0,0,0,0,0,0,0,0,0,0,0,0
-41.11948892,175.0596903,Upper Hutt City,2018,property_damage,50,FALSE,straight,,fine,,daylight,,0,0,0,0,1,0,0,1,0,0,0,0,0,0,0,0,0,0,0,0
-36.93008556,174.7851483,Auckland,2018,property_damage,100,FALSE,straight,,rain,,daylight,,0,0,0,0,1,0,0,1,0,0,0,0,0,0,0,0,0,0,0,0
-36.90894091,174.6762411,Auckland,2018,property_damage,50,FALSE,straight,,rain,,daylight,,0,0,0,0,1,0,0,1,0,0,0,0,0,0,0,0,0,0,0,0
-43.39982244,170.179949,Westland District,2018,property_damage,50,FALSE,straight,,fine,,daylight,,0,0,0,0,1,0,0,1,0,0,0,0,0,0,0,0,0,0,0,0
-45.02284059,168.7001664,Queenstown-Lakes District,2018,property_damage,70,FALSE,straight,,rain,,daylight,,0,0,0,0,1,0,0,1,0,0,0,0,0,0,0,0,0,0,0,0
-41.33077857,174.7852587,Wellington City,2018,property_damage,50,FALSE,curved_view_open,,fine,,dawn_dusk,,0,0,0,0,1,0,0,1,0,0,0,0,0,0,0,0,0,0,0,0
-36.40073918,174.6595821,Auckland,2018,property_damage,60,FALSE,straight,,fine,,daylight,,0,0,0,0,1,0,0,1,0,0,0,0,0,0,0,0,0,0,0,0
-36.94519996,174.8551678,Auckland,2018,property_damage,100,FALSE,straight,,rain,,daylight,,0,0,0,0,1,0,0,1,0,0,0,0,0,0,0,0,0,0,0,0
-36.910523,174.7342949,Auckland,2018,property_damage,50,FALSE,straight,,rain,,daylight,,0,0,0,0,1,0,0,1,0,0,0,0,0,0,0,0,0,0,0,0
-36.92061628,174.8433125,Auckland,2018,property_damage,100,FALSE,straight,,rain,,daylight,,0,0,0,0,1,0,0,1,0,0,0,0,0,0,0,0,0,0,0,0
-38.68903792,176.0762009,Taupo District,2018,property_damage,50,FALSE,straight,,fine,,daylight,,0,0,0,0,1,0,0,1,0,0,0,0,0,0,0,0,0,0,0,0
-36.86394816,174.7662771,Auckland,2018,property_damage,80,FALSE,straight,,rain,,daylight,,0,0,0,0,1,0,0,1,0,0,0,0,0,0,0,0,0,0,0,0
-37.78271214,176.0509202,Western Bay Of Plenty District,2018,property_damage,100,FALSE,straight,,fine,,daylight,,0,0,0,0,1,0,0,1,0,0,0,0,0,0,0,0,0,0,0,0
-36.84693473,174.7732762,Auckland,2018,property_damage,50,FALSE,straight,,fine,,daylight,,0,0,0,0,1,0,0,1,0,0,0,0,0,0,0,0,0,0,0,0
-38.10185222,175.1890629,Otorohanga District,2018,property_damage,100,FALSE,straight,,fine,,daylight,,0,0,0,0,1,0,0,1,0,0,0,0,0,0,0,0,0,0,0,0
-36.95073101,174.8582442,Auckland,2018,property_damage,100,FALSE,straight,,fine,,daylight,,0,0,0,0,1,0,0,1,0,0,0,0,0,0,0,0,0,0,0,0
-36.772641,174.7650983,Auckland,2018,property_damage,50,FALSE,straight,,fine,,daylight,,0,0,0,0,1,0,0,1,0,0,0,0,0,0,0,0,0,0,0,0
-36.91251122,174.7602801,Auckland,2018,property_damage,50,FALSE,straight,,fine,,daylight,,0,0,0,0,1,0,0,1,0,0,0,0,0,0,0,0,0,0,0,0
-36.74825103,174.7325503,Auckland,2018,property_damage,50,FALSE,straight,,fine,,daylight,,0,0,0,0,1,0,0,1,0,0,0,0,0,0,0,0,0,0,0,0
-43.30209763,172.5918032,Waimakariri District,2018,property_damage,50,FALSE,straight,,fine,,daylight,,0,0,0,0,1,0,0,1,0,0,0,0,0,0,0,0,0,0,0,0
-36.81133325,174.7260009,Auckland,2018,property_damage,50,FALSE,straight,,fine,,darkness_not_lit,,0,0,0,0,1,0,0,1,0,0,0,0,0,0,0,0,0,0,0,0
-40.17161229,175.3844565,Rangitikei District,2018,property_damage,50,TRUE,straight,,fine,,daylight,stop_sign,0,0,0,0,1,0,0,1,0,0,0,0,0,0,0,0,0,0,0,0
-35.66998004,174.3001504,Whangarei District,2018,property_damage,60,FALSE,straight,,fine,,daylight,,0,0,0,0,1,0,0,1,0,0,0,0,0,0,0,0,0,0,0,0
-37.67719919,176.1668662,Tauranga City,2018,property_damage,50,FALSE,straight,,mist,,daylight,,0,0,0,0,1,0,0,1,0,0,0,0,0,0,0,0,0,0,0,0
-46.3279729,168.8490443,Southland District,2018,property_damage,50,TRUE,straight,,rain,,daylight,giveway_sign,0,0,0,0,1,0,0,1,0,0,0,0,0,0,0,0,0,0,0,0
-37.89317123,175.4710315,Waipa District,2018,property_damage,50,TRUE,straight,,fine,,daylight,,0,0,0,0,1,0,0,1,0,0,0,0,0,0,0,0,0,0,0,0
-36.86429677,174.7622243,Auckland,2018,property_damage,50,FALSE,straight,,rain,,daylight,,0,0,0,0,1,0,0,1,0,0,0,0,0,0,0,0,0,0,0,0
-45.50136316,169.2954798,Central Otago District,2018,property_damage,100,FALSE,straight,,fine,,daylight,,0,0,0,0,1,0,0,1,0,0,0,0,0,0,0,0,0,0,0,0
-39.11142828,174.1531863,New Plymouth District,2018,property_damage,100,FALSE,curved_view_open,,fine,,daylight,,0,0,0,0,1,0,0,1,0,0,0,0,0,0,0,0,0,0,0,0
-35.73236834,174.3159031,Whangarei District,2018,property_damage,50,FALSE,straight,,fine,,daylight,,0,0,0,0,1,0,0,1,0,0,0,0,0,0,0,0,0,0,0,0
-36.84874772,174.6091357,Auckland,2018,property_damage,50,FALSE,straight,,fine,,daylight,,0,0,0,0,1,0,0,1,0,0,0,0,0,0,0,0,0,0,0,0
-36.76693837,174.7404322,Auckland,2018,property_damage,100,FALSE,straight,,rain,,daylight,,0,0,0,0,1,0,0,1,0,0,0,0,0,0,0,0,0,0,0,0
-36.78269041,174.7529578,Auckland,2018,property_damage,50,FALSE,straight,,rain,,daylight,traffic_lights,0,0,0,0,1,0,0,1,0,0,0,0,0,0,0,0,0,0,0,0
-38.00027263,175.8902549,South Waikato District,2018,property_damage,100,FALSE,straight,,fine,,daylight,,0,0,0,0,1,0,0,1,0,0,0,0,0,0,0,0,0,0,0,0
-37.76129878,175.235829,Hamilton City,2018,property_damage,50,FALSE,straight,,rain,,daylight,stop_sign,0,0,0,0,1,0,0,1,0,0,0,0,0,0,0,0,0,0,0,0
-43.52090493,172.6428327,Christchurch City,2018,property_damage,50,FALSE,straight,,fine,,daylight,traffic_lights,0,0,0,0,1,0,0,1,0,0,0,0,0,0,0,0,0,0,0,0
-36.90806887,174.7406258,Auckland,2018,property_damage,50,TRUE,straight,,fine,,daylight,stop_sign,0,0,0,0,1,0,0,1,0,0,0,0,0,0,0,0,0,0,0,0
-36.75102982,174.7261722,Auckland,2018,property_damage,100,FALSE,straight,,rain,,daylight,,0,0,0,0,1,0,0,1,0,0,0,0,0,0,0,0,0,0,0,0
-36.96885296,175.4952538,Thames-Coromandel District,2018,property_damage,100,FALSE,straight,,fine,,daylight,,0,0,0,0,1,0,0,1,0,0,0,0,0,0,0,0,0,0,0,0
-38.26395694,175.1310615,Waitomo District,2018,property_damage,80,FALSE,straight,,,,daylight,,0,0,0,0,1,0,0,1,0,0,0,0,0,0,0,0,0,0,0,0
-41.13398076,174.9769991,Porirua City,2018,property_damage,100,FALSE,straight,,fine,,darkness_not_lit,,0,0,0,0,1,0,0,1,0,0,0,0,0,0,0,0,0,0,0,0
-36.99017953,175.583894,Thames-Coromandel District,2018,property_damage,100,FALSE,curved_view_open,,fine,,daylight,,0,0,0,0,1,0,0,1,0,0,0,0,0,0,0,0,0,0,0,0
-36.85206999,174.8075355,Auckland,2018,property_damage,50,FALSE,straight,,rain,,daylight,,0,0,0,0,1,0,0,1,0,0,0,0,0,0,0,0,0,0,0,0
-36.79966666,174.7618517,Auckland,2018,property_damage,60,FALSE,straight,,fine,,daylight,,0,0,0,0,1,0,0,1,0,0,0,0,0,0,0,0,0,0,0,0
-37.37880691,175.0999685,Waikato District,2018,property_damage,100,FALSE,straight,,fine,,daylight,,0,0,0,0,1,0,0,1,0,0,0,0,0,0,0,0,0,0,0,0
-36.78356159,174.6730799,Auckland,2018,property_damage,100,FALSE,straight,,fine,,daylight,,0,0,0,0,1,0,0,1,0,0,0,0,0,0,0,0,0,0,0,0
-36.91184571,174.7406106,Auckland,2018,property_damage,100,FALSE,straight,,fine,,daylight,,0,0,0,0,1,0,0,1,0,0,0,0,0,0,0,0,0,0,0,0
-36.78259968,174.7209075,Auckland,2018,property_damage,50,FALSE,straight,,fine,,daylight,,0,0,0,0,1,0,0,1,0,0,0,0,0,0,0,0,0,0,0,0
-36.99767091,174.8646002,Auckland,2018,property_damage,100,FALSE,straight,,fine,,daylight,,0,0,0,0,1,0,0,1,0,0,0,0,0,0,0,0,0,0,0,0
-36.86366469,174.9036943,Auckland,2018,property_damage,50,FALSE,straight,,fine,,daylight,,0,0,0,0,1,0,0,1,0,0,0,0,0,0,0,0,0,0,0,0
-40.22823676,175.4166228,Manawatu District,2018,property_damage,100,FALSE,straight,,fine,,daylight,,0,0,0,0,1,0,0,1,0,0,0,0,0,0,0,0,0,0,0,0
-36.90220874,174.6556113,Auckland,2018,property_damage,50,FALSE,straight,,fine,,daylight,,0,0,0,0,1,0,0,1,0,0,0,0,0,0,0,0,0,0,0,0
-37.70142289,176.2847847,Tauranga City,2018,property_damage,50,FALSE,straight,,fine,,daylight,,0,0,0,0,1,0,0,1,0,0,0,0,0,0,0,0,0,0,0,0
-43.4695215,172.6589232,Christchurch City,2018,property_damage,70,FALSE,straight,,rain,,daylight,,0,0,0,0,1,0,0,1,0,0,0,0,0,0,0,0,0,0,0,0
-37.69586917,176.1004215,Tauranga City,2018,property_damage,50,FALSE,straight,,,,daylight,,0,0,0,0,1,0,0,1,0,0,0,0,0,0,0,0,0,0,0,0
-37.83253232,175.0616727,Waikato District,2018,property_damage,100,FALSE,straight,,fine,,daylight,,0,0,0,0,1,0,0,1,0,0,0,0,0,0,0,0,0,0,0,0
-41.2239166,174.8089286,Wellington City,2018,property_damage,100,FALSE,straight,,fine,,daylight,,0,0,0,0,1,0,0,1,0,0,0,0,0,0,0,0,0,0,0,0
-36.91040796,174.7366157,Auckland,2018,property_damage,50,FALSE,straight,,rain,,darkness_not_lit,,0,0,0,0,1,0,0,1,0,0,0,0,0,0,0,0,0,0,0,0
-37.02082177,174.8955486,Auckland,2018,property_damage,50,FALSE,straight,,fine,,dawn_dusk,,0,0,0,0,1,0,0,1,0,0,0,0,0,0,0,0,0,0,0,0
-41.14350222,174.8445002,Porirua City,2018,property_damage,100,FALSE,straight,,,,daylight,,0,0,0,0,1,0,0,1,0,0,0,0,0,0,0,0,0,0,0,0
-36.94406809,174.8468308,Auckland,2018,property_damage,50,FALSE,straight,,rain,,daylight,,0,0,0,0,1,0,0,1,0,0,0,0,0,0,0,0,0,0,0,0
-43.50910356,172.7217693,Christchurch City,2018,property_damage,50,TRUE,curved_view_open,,,,daylight,giveway_sign,0,0,0,0,1,0,0,1,0,0,0,0,0,0,0,0,0,0,0,0
-36.80974374,174.7255953,Auckland,2018,property_damage,50,FALSE,straight,,fine,,daylight,,0,0,0,0,1,0,0,1,0,0,0,0,0,0,0,0,0,0,0,0
-36.21221256,174.4708214,Kaipara District,2018,property_damage,100,FALSE,straight,,rain,,daylight,,0,0,0,0,1,0,0,1,0,0,0,0,0,0,0,0,0,0,0,0
-37.56117776,175.1519125,Waikato District,2018,property_damage,50,FALSE,straight,,fine,,daylight,,0,0,0,0,1,0,0,1,0,0,0,0,0,0,0,0,0,0,0,0
-39.65059812,176.8466411,Hastings District,2018,property_damage,50,FALSE,straight,,fine,,darkness_not_lit,,0,0,0,0,1,0,0,1,0,0,0,0,0,0,0,0,0,0,0,0
-38.31081391,176.3775173,Rotorua District,2018,property_damage,100,FALSE,curved_view_open,,fine,,daylight,giveway_sign,0,0,0,0,1,0,0,1,0,0,0,0,0,0,0,0,0,0,0,0
-40.34549957,175.816308,Tararua District,2018,property_damage,100,FALSE,curved_view_open,,fine,,daylight,,0,0,0,0,1,0,0,1,0,0,0,0,0,0,0,0,0,0,0,0
-39.49902352,176.9036418,Napier City,2018,property_damage,50,FALSE,straight,,fine,,daylight,,0,0,0,0,1,0,0,1,0,0,0,0,0,0,0,0,0,0,0,0
-36.9874806,174.8360491,Auckland,2018,property_damage,100,FALSE,straight,,fine,,darkness_not_lit,,0,0,0,0,1,0,0,1,0,0,0,0,0,0,0,0,0,0,0,0
-37.6660934,176.1871241,Tauranga City,2018,property_damage,60,FALSE,straight,,fine,,daylight,,0,0,0,0,1,0,0,1,0,0,0,0,0,0,0,0,0,0,0,0
-40.9208385,175.0025167,Kapiti Coast District,2018,property_damage,50,FALSE,straight,,fine,,daylight,,0,0,0,0,1,0,0,1,0,0,0,0,0,0,0,0,0,0,0,0
-36.87675222,174.8425043,Auckland,2018,property_damage,50,TRUE,straight,,fine,,daylight,giveway_sign,0,0,0,0,1,0,0,1,0,0,0,0,0,0,0,0,0,0,0,0
-41.30288244,174.7876389,Wellington City,2018,property_damage,50,FALSE,straight,,rain,,daylight,,0,0,0,0,1,0,0,1,0,0,0,0,0,0,0,0,0,0,0,0
-43.56166652,172.6369457,Christchurch City,2018,property_damage,50,TRUE,straight,,fine,,daylight,stop_sign,0,0,0,0,1,0,0,1,0,0,0,0,0,0,0,0,0,0,0,0
-36.92379106,174.8109565,Auckland,2018,property_damage,50,FALSE,straight,,fine,,daylight,,0,0,0,0,1,0,0,1,0,0,0,0,0,0,0,0,0,0,0,0
-41.212821,174.9281532,Hutt City,2018,property_damage,50,FALSE,straight,,fine,,daylight,,0,0,0,0,1,0,0,1,0,0,0,0,0,0,0,0,0,0,0,0
-41.27815039,173.2529881,Nelson City,2018,property_damage,50,FALSE,straight,,fine,,daylight,,0,0,0,0,1,0,0,1,0,0,0,0,0,0,0,0,0,0,0,0
-43.53598136,172.6772626,Christchurch City,2018,property_damage,60,FALSE,straight,,fine,,daylight,,0,0,0,0,1,0,0,1,0,0,0,0,0,0,0,0,0,0,0,0
-36.05567153,174.5535877,Whangarei District,2018,property_damage,100,FALSE,curved_view_open,,fine,,daylight,,0,0,0,0,1,0,0,1,0,0,0,0,0,0,0,0,0,0,0,0
-36.88014508,174.8573061,Auckland,2018,property_damage,50,FALSE,curved_view_open,,fine,,daylight,,0,0,0,0,1,0,0,1,0,0,0,0,0,0,0,0,0,0,0,0
-36.94419761,174.8816329,Auckland,2018,property_damage,50,FALSE,curved_view_open,,fine,,daylight,,0,0,0,0,1,0,0,1,0,0,0,0,0,0,0,0,0,0,0,0
-36.78047247,174.7481002,Auckland,2018,property_damage,100,FALSE,straight,,rain,,daylight,,0,0,0,0,1,0,0,1,0,0,0,0,0,0,0,0,0,0,0,0
-36.90910227,174.680768,Auckland,2018,property_damage,50,FALSE,straight,,,,daylight,,0,0,0,0,1,0,0,1,0,0,0,0,0,0,0,0,0,0,0,0
-40.62589701,175.298438,Horowhenua District,2018,property_damage,50,FALSE,straight,,fine,,darkness_not_lit,,0,0,0,0,1,0,0,1,0,0,0,0,0,0,0,0,0,0,0,0
-36.74541116,174.7220366,Auckland,2018,property_damage,100,FALSE,straight,,fine,,daylight,,0,0,0,0,1,0,0,1,0,0,0,0,0,0,0,0,0,0,0,0
-36.72832272,174.7150705,Auckland,2018,property_damage,100,FALSE,straight,,rain,,daylight,,0,0,0,0,1,0,0,1,0,0,0,0,0,0,0,0,0,0,0,0
-36.8682736,174.7332943,Auckland,2018,property_damage,80,FALSE,curved_view_open,,rain,,daylight,,0,0,0,0,1,0,0,1,0,0,0,0,0,0,0,0,0,0,0,0
-45.89619988,170.4807231,Dunedin City,2018,property_damage,50,TRUE,curved_view_open,,rain,,daylight,giveway_sign,0,0,0,0,1,0,0,1,0,0,0,0,0,0,0,0,0,0,0,0
-36.98327572,174.8914482,Auckland,2018,property_damage,60,FALSE,straight,,fine,,daylight,,0,0,0,0,1,0,0,1,0,0,0,0,0,0,0,0,0,0,0,0
-39.6475771,176.8491996,Hastings District,2018,property_damage,50,TRUE,straight,,fine,,daylight,stop_sign,0,0,0,0,1,0,0,1,0,0,0,0,0,0,0,0,0,0,0,0
-37.66476169,176.1400761,Tauranga City,2018,property_damage,50,TRUE,straight,,fine,,daylight,stop_sign,0,0,0,0,1,0,0,1,0,0,0,0,0,0,0,0,0,0,0,0
-36.99845847,174.8517192,Auckland,2018,property_damage,60,FALSE,straight,,fine,,darkness_not_lit,traffic_lights,0,0,0,0,1,0,0,1,0,0,0,0,0,0,0,0,0,0,0,0
-37.57515006,175.1595952,Waikato District,2018,property_damage,70,FALSE,straight,,rain,,daylight,traffic_lights,0,0,0,0,1,0,0,1,0,0,0,0,0,0,0,0,0,0,0,0
-36.90394588,174.7204758,Auckland,2018,property_damage,50,FALSE,straight,,fine,,daylight,,0,0,0,0,1,0,0,1,0,0,0,0,0,0,0,0,0,0,0,0
-38.18111608,175.1918446,Otorohanga District,2018,property_damage,100,FALSE,curved_view_open,,fine,,daylight,,0,0,0,0,1,0,0,1,0,0,0,0,0,0,0,0,0,0,0,0
-37.08510543,174.9421366,Auckland,2018,property_damage,70,FALSE,straight,,fine,,daylight,,0,0,0,0,1,0,0,1,0,0,0,0,0,0,0,0,0,0,0,0
-37.78025461,175.2992436,Hamilton City,2018,property_damage,50,FALSE,straight,,rain,,daylight,,0,0,0,0,1,0,0,1,0,0,0,0,0,0,0,0,0,0,0,0
-35.67509927,174.2969629,Whangarei District,2018,property_damage,50,FALSE,straight,,fine,,daylight,,0,0,0,0,1,0,0,1,0,0,0,0,0,0,0,0,0,0,0,0
-37.98961531,176.9020546,Whakatane District,2018,property_damage,100,FALSE,straight,,mist,,daylight,,0,0,0,0,1,0,0,1,0,0,0,0,0,0,0,0,0,0,0,0
-36.97316193,174.816507,Auckland,2018,property_damage,100,FALSE,straight,,rain,,darkness_not_lit,,0,0,0,0,1,0,0,1,0,0,0,0,0,0,0,0,0,0,0,0
-36.74471847,174.7392918,Auckland,2018,property_damage,50,FALSE,straight,,fine,,daylight,traffic_lights,0,0,0,0,1,0,0,1,0,0,0,0,0,0,0,0,0,0,0,0
-36.79654083,174.7235954,Auckland,2018,property_damage,50,FALSE,straight,,rain,,daylight,,0,0,0,0,1,0,0,1,0,0,0,0,0,0,0,0,0,0,0,0
-45.8701095,170.5058685,Dunedin City,2018,property_damage,30,FALSE,straight,,fine,,darkness_not_lit,,0,0,0,0,1,0,0,1,0,0,0,0,0,0,0,0,0,0,0,0
-37.82850318,175.3416748,Waikato District,2018,property_damage,80,TRUE,straight,,fine,,daylight,,0,0,0,0,1,0,0,1,0,0,0,0,0,0,0,0,0,0,0,0
-40.42832817,175.5784355,Palmerston North City,2018,property_damage,100,FALSE,curved_view_open,,rain,,daylight,,0,0,0,0,1,0,0,1,0,0,0,0,0,0,0,0,0,0,0,0
-37.00521458,174.8964645,Auckland,2018,property_damage,100,FALSE,straight,,fine,,daylight,,0,0,0,0,1,0,0,1,0,0,0,0,0,0,0,0,0,0,0,0
-36.9084409,174.6299191,Auckland,2018,property_damage,50,FALSE,straight,,fine,,dawn_dusk,,0,0,0,0,1,0,0,1,0,0,0,0,0,0,0,0,0,0,0,0
-36.94277684,174.8423417,Auckland,2018,property_damage,50,FALSE,straight,,fine,,daylight,giveway_sign,0,0,0,0,1,0,0,1,0,0,0,0,0,0,0,0,0,0,0,0
-36.84144395,174.6212736,Auckland,2018,property_damage,50,FALSE,straight,,mist,,dawn_dusk,,0,0,0,0,1,0,0,1,0,0,0,0,0,0,0,0,0,0,0,0
-38.24563374,175.1822411,Waitomo District,2018,property_damage,100,FALSE,straight,,fine,,daylight,,0,0,0,0,1,0,0,1,0,0,0,0,0,0,0,0,0,0,0,0
-41.12484453,175.0664331,Upper Hutt City,2018,property_damage,50,FALSE,straight,,,,darkness_not_lit,,0,0,0,0,1,0,0,1,0,0,0,0,0,0,0,0,0,0,0,0
-37.03221608,174.9100418,Auckland,2018,property_damage,100,FALSE,straight,,fine,,daylight,,0,0,0,0,1,0,0,1,0,0,0,0,0,0,0,0,0,0,0,0
-36.86348929,174.7552734,Auckland,2018,property_damage,70,FALSE,straight,,fine,,darkness_not_lit,,0,0,0,0,1,0,0,1,0,0,0,0,0,0,0,0,0,0,0,0
-36.76601014,174.7193491,Auckland,2018,property_damage,40,FALSE,straight,,fine,,daylight,,0,0,0,0,1,0,0,1,0,0,0,0,0,0,0,0,0,0,0,0