latitude,longitude,local_government_area,year,severity,speed_limit,intersection,road_position_horizontal,road_wet,weather,crash_type,lighting,traffic_controls,casualties,fatalities,serious_injuries,minor_injuries,car_sedan,car_utility,car_van,car_4x4,car_station_wagon,motor_cycle,truck_small,truck_large,bus,taxi,bicycle,scooter,pedestrian,inanimate,train,tram
-41.10593126,175.0982069,Upper Hutt City,2018,property_damage,70,FALSE,straight,,fine,,daylight,,0,0,0,0,1,0,0,1,0,0,0,0,0,0,0,0,0,0,0,0
-40.96135063,175.6343814,Masterton District,2018,property_damage,50,FALSE,straight,,fine,,daylight,,0,0,0,0,1,0,0,1,0,0,0,0,0,0,0,0,0,0,0,0
-41.29943962,174.8919934,Hutt City,2018,property_damage,50,FALSE,straight,,fine,,daylight,,0,0,0,0,1,0,0,1,0,0,0,0,0,0,0,0,0,0,0,0
-40.18379469,175.3864805,Rangitikei District,2018,property_damage,70,FALSE,straight,,rain,,daylight,,0,0,0,0,1,0,0,1,0,0,0,0,0,0,0,0,0,0,0,0
-36.75210728,174.7326594,Auckland,2018,property_damage,50,FALSE,straight,,fine,,daylight,,0,0,0,0,1,0,0,1,0,0,0,0,0,0,0,0,0,0,0,0
-37.13284381,174.7995827,Auckland,2018,property_damage,100,FALSE,straight,,fine,,darkness_not_lit,,0,0,0,0,1,0,0,1,0,0,0,0,0,0,0,0,0,0,0,0
-42.45117875,171.2003679,Grey District,2018,property_damage,50,FALSE,straight,,fine,,daylight,,0,0,0,0,1,0,0,1,0,0,0,0,0,0,0,0,0,0,0,0
-43.47340561,172.6172717,Christchurch City,2018,property_damage,60,FALSE,straight,,fine,,daylight,traffic_lights,0,0,0,0,1,0,0,1,0,0,0,0,0,0,0,0,0,0,0,0
-36.88042748,174.6351129,Auckland,2018,property_damage,50,FALSE,straight,,rain,,daylight,,0,0,0,0,1,0,0,1,0,0,0,0,0,0,0,0,0,0,0,0
-37.79391493,175.2858697,Hamilton City,2018,property_damage,50,TRUE,straight,,fine,,daylight,giveway_sign,0,0,0,0,1,0,0,1,0,0,0,0,0,0,0,0,0,0,0,0
-37.70313152,176.1530243,Tauranga City,2018,property_damage,50,FALSE,straight,,fine,,daylight,,0,0,0,0,1,0,0,1,0,0,0,0,0,0,0,0,0,0,0,0
-37.77468402,175.2356646,Hamilton City,2018,property_damage,50,FALSE,straight,,fine,,darkness_not_lit,,0,0,0,0,1,0,0,1,0,0,0,0,0,0,0,0,0,0,0,0
-36.89332132,174.7754487,Auckland,2018,property_damage,50,FALSE,straight,,,,daylight,,0,0,0,0,1,0,0,1,0,0,0,0,0,0,0,0,0,0,0,0
-36.32938996,174.7320843,Auckland,2018,property_damage,100,FALSE,straight,,fine,,daylight,,0,0,0,0,1,0,0,1,0,0,0,0,0,0,0,0,0,0,0,0
-36.9276006,174.9005458,Auckland,2018,property_damage,60,FALSE,straight,,fine,,daylight,,0,0,0,0,1,0,0,1,0,0,0,0,0,0,0,0,0,0,0,0
-36.75209348,174.7267897,Auckland,2018,property_damage,100,FALSE,straight,,fine,,daylight,,0,0,0,0,1,0,0,1,0,0,0,0,0,0,0,0,0,0,0,0
-43.48155213,172.5931072,Christchurch City,2018,property_damage,50,TRUE,straight,,fine,,daylight,giveway_sign,0,0,0,0,1,0,0,1,0,0,0,0,0,0,0,0,0,0,0,0
-37.69779735,176.0770522,Western Bay Of Plenty District,2018,property_damage,90,FALSE,straight,,fine,,daylight,,0,0,0,0,1,0,0,1,0,0,0,0,0,0,0,0,0,0,0,0
-41.21042569,174.9092016,Hutt City,2018,property_damage,50,TRUE,straight,,fine,,daylight,giveway_sign,0,0,0,0,1,0,0,1,0,0,0,0,0,0,0,0,0,0,0,0
-43.2462526,172.452158,Waimakariri District,2018,property_damage,100,TRUE,straight,,fine,,daylight,giveway_sign,0,0,0,0,1,0,0,1,0,0,0,0,0,0,0,0,0,0,0,0
-36.74681619,174.7511332,Auckland,2018,property_damage,50,FALSE,straight,,fine,,daylight,,0,0,0,0,1,0,0,1,0,0,0,0,0,0,0,0,0,0,0,0
-39.0229385,176.5708368,Hastings District,2018,property_damage,100,FALSE,curved_view_open,,fine,,daylight,,0,0,0,0,1,0,0,1,0,0,0,0,0,0,0,0,0,0,0,0
-36.99984153,174.8727103,Auckland,2018,property_damage,50,FALSE,straight,,,,daylight,,0,0,0,0,1,0,0,1,0,0,0,0,0,0,0,0,0,0,0,0
-36.92933044,174.9151725,Auckland,2018,property_damage,70,FALSE,straight,,,,daylight,,0,0,0,0,1,0,0,1,0,0,0,0,0,0,0,0,0,0,0,0
-45.02378846,168.6980898,Queenstown-Lakes District,2018,property_damage,70,FALSE,straight,,fine,,dawn_dusk,,0,0,0,0,1,0,0,1,0,0,0,0,0,0,0,0,0,0,0,0
-36.91651317,174.8323815,Auckland,2018,property_damage,100,FALSE,straight,,fine,,dawn_dusk,,0,0,0,0,1,0,0,1,0,0,0,0,0,0,0,0,0,0,0,0
-41.13842654,174.843095,Porirua City,2018,property_damage,50,FALSE,straight,,fine,,daylight,,0,0,0,0,1,0,0,1,0,0,0,0,0,0,0,0,0,0,0,0
-37.69861512,176.1598405,Tauranga City,2018,property_damage,50,FALSE,straight,,fine,,daylight,,0,0,0,0,1,0,0,1,0,0,0,0,0,0,0,0,0,0,0,0
-37.76622714,175.2735402,Hamilton City,2018,property_damage,50,FALSE,straight,,fine,,darkness_not_lit,,0,0,0,0,1,0,0,1,0,0,0,0,0,0,0,0,0,0,0,0
-38.3349774,175.1671642,Waitomo District,2018,property_damage,50,TRUE,straight,,rain,,darkness_not_lit,giveway_sign,0,0,0,0,1,0,0,1,0,0,0,0,0,0,0,0,0,0,0,0
-43.53530643,172.6326359,Christchurch City,2018,property_damage,30,FALSE,straight,,fine,,daylight,,0,0,0,0,1,0,0,1,0,0,0,0,0,0,0,0,0,0,0,0
-43.59429143,172.563111,Christchurch City,2018,property_damage,60,FALSE,straight,,fine,,daylight,,0,0,0,0,1,0,0,1,0,0,0,0,0,0,0,0,0,0,0,0
-44.7245928,169.2430687,Queenstown-Lakes District,2018,property_damage,100,TRUE,straight,,fine,,daylight,stop_sign,0,0,0,0,1,0,0,1,0,0,0,0,0,0,0,0,0,0,0,0
-36.89359838,174.7744003,Auckland,2018,property_damage,50,FALSE,straight,,fine,,dawn_dusk,,0,0,0,0,1,0,0,1,0,0,0,0,0,0,0,0,0,0,0,0
-40.21277737,176.1053508,Tararua District,2018,property_damage,50,FALSE,straight,,fine,,daylight,,0,0,0,0,1,0,0,1,0,0,0,0,0,0,0,0,0,0,0,0
-44.68148629,169.1471628,Queenstown-Lakes District,2018,property_damage,50,TRUE,straight,,fine,,daylight,giveway_sign,0,0,0,0,1,0,0,1,0,0,0,0,0,0,0,0,0,0,0,0
-36.96230773,174.8814609,Auckland,2018,property_damage,60,FALSE,straight,,fine,,daylight,,0,0,0,0,1,0,0,1,0,0,0,0,0,0,0,0,0,0,0,0
-43.3865757,172.6450422,Waimakariri District,2018,property_damage,50,FALSE,curved_view_open,,fine,,daylight,,0,0,0,0,1,0,0,1,0,0,0,0,0,0,0,0,0,0,0,0
-44.76583046,168.4094844,Queenstown-Lakes District,2018,property_damage,100,FALSE,curved_view_open,,rain,,daylight,,0,0,0,0,1,0,0,1,0,0,0,0,0,0,0,0,0,0,0,0
-38.05624317,177.1341716,Opotiki District,2018,property_damage,100,FALSE,curved_view_open,,mist,,daylight,,0,0,0,0,1,0,0,1,0,0,0,0,0,0,0,0,0,0,0,0
-38.13478618,176.234717,Rotorua District,2018,property_damage,60,FALSE,straight,,fine,,dawn_dusk,,0,0,0,0,1,0,0,1,0,0,0,0,0,0,0,0,0,0,0,0
-36.90899188,174.637698,Auckland,2018,property_damage,50,FALSE,straight,,fine,,daylight,,0,0,0,0,1,0,0,1,0,0,0,0,0,0,0,0,0,0,0,0
-39.93684475,175.0363995,Wanganui District,2018,property_damage,50,FALSE,straight,,fine,,daylight,,0,0,0,0,1,0,0,1,0,0,0,0,0,0,0,0,0,0,0,0
-38.67297895,177.9567834,Gisborne District,2018,property_damage,70,FALSE,curved_view_open,,fine,,darkness_not_lit,,0,0,0,0,1,0,0,1,0,0,0,0,0,0,0,0,0,0,0,0
-36.90410055,174.7548791,Auckland,2018,property_damage,50,FALSE,straight,,fine,,daylight,,0,0,0,0,1,0,0,1,0,0,0,0,0,0,0,0,0,0,0,0
-36.87663531,174.6699249,Auckland,2018,property_damage,50,FALSE,straight,,fine,,daylight,,0,0,0,0,1,0,0,1,0,0,0,0,0,0,0,0,0,0,0,0
-37.82191939,175.2683187,Waipa District,2018,property_damage,50,FALSE,straight,,fine,,daylight,,0,0,0,0,1,0,0,1,0,0,0,0,0,0,0,0,0,0,0,0
-37.80436677,175.2887247,Hamilton City,2018,property_damage,80,FALSE,straight,,fine,,daylight,,0,0,0,0,1,0,0,1,0,0,0,0,0,0,0,0,0,0,0,0
-36.80363449,174.7605079,Auckland,2018,property_damage,100,FALSE,straight,,rain,,darkness_not_lit,,0,0,0,0,1,0,0,1,0,0,0,0,0,0,0,0,0,0,0,0
-37.10086736,174.9449808,Auckland,2018,property_damage,100,FALSE,straight,,fine,,daylight,,0,0,0,0,1,0,0,1,0,0,0,0,0,0,0,0,0,0,0,0
-38.03413855,175.3434366,Waipa District,2018,property_damage,50,FALSE,curved_view_open,,rain,,darkness_not_lit,giveway_sign,0,0,0,0,1,0,0,1,0,0,0,0,0,0,0,0,0,0,0,0
-38.69011384,176.0716031,Taupo District,2018,property_damage,50,FALSE,straight,,,,daylight,,0,0,0,0,1,0,0,1,0,0,0,0,0,0,0,0,0,0,0,0
-38.71827845,176.0838142,Taupo District,2018,property_damage,50,FALSE,straight,,fine,,daylight,,0,0,0,0,1,0,0,1,0,0,0,0,0,0,0,0,0,0,0,0
-37.71503217,176.1405994,Tauranga City,2018,property_damage,50,FALSE,straight,,,,daylight,,0,0,0,0,1,0,0,1,0,0,0,0,0,0,0,0,0,0,0,0
-43.48985669,172.569232,Christchurch City,2018,property_damage,50,FALSE,straight,,fine,,daylight,,0,0,0,0,1,0,0,1,0,0,0,0,0,0,0,0,0,0,0,0
-38.52484253,177.9020364,Gisborne District,2018,property_damage,100,TRUE,straight,,fine,,daylight,,0,0,0,0,1,0,0,1,0,0,0,0,0,0,0,0,0,0,0,0
-36.90558101,174.7202207,Auckland,2018,property_damage,50,FALSE,straight,,rain,,daylight,,0,0,0,0,1,0,0,1,0,0,0,0,0,0,0,0,0,0,0,0
-36.75684439,175.4989276,Thames-Coromandel District,2018,property_damage,50,FALSE,straight,,fine,,daylight,,0,0,0,0,1,0,0,1,0,0,0,0,0,0,0,0,0,0,0,0
-37.66360991,176.2056051,Tauranga City,2018,property_damage,50,FALSE,straight,,fine,,daylight,,0,0,0,0,1,0,0,1,0,0,0,0,0,0,0,0,0,0,0,0
-37.79269124,175.2516285,Hamilton City,2018,property_damage,50,FALSE,straight,,fine,,daylight,,0,0,0,0,1,0,0,1,0,0,0,0,0,0,0,0,0,0,0,0
-36.85306881,174.7614281,Auckland,2018,property_damage,50,FALSE,straight,,fine,,daylight,,0,0,0,0,1,0,0,1,0,0,0,0,0,0,0,0,0,0,0,0
-41.2121234,174.8909298,Hutt City,2018,property_damage,50,FALSE,straight,,fine,,daylight,giveway_sign,0,0,0,0,1,0,0,1,0,0,0,0,0,0,0,0,0,0,0,0
-36.97385339,174.8365866,Auckland,2018,property_damage,50,FALSE,straight,,fine,,daylight,,0,0,0,0,1,0,0,1,0,0,0,0,0,0,0,0,0,0,0,0
-36.97573982,174.8653117,Auckland,2018,property_damage,50,FALSE,straight,,rain,,daylight,,0,0,0,0,1,0,0,1,0,0,0,0,0,0,0,0,0,0,0,0
-43.51887638,172.5935247,Christchurch City,2018,property_damage,50,TRUE,straight,,fine,,daylight,giveway_sign,0,0,0,0,1,0,0,1,0,0,0,0,0,0,0,0,0,0,0,0
-36.97556447,174.9136909,Auckland,2018,property_damage,50,TRUE,straight,,fine,,daylight,giveway_sign,0,0,0,0,1,0,0,1,0,0,0,0,0,0,0,0,0,0,0,0
-41.23982704,174.8263837,Wellington City,2018,property_damage,100,FALSE,straight,,fine,,darkness_not_lit,,0,0,0,0,1,0,0,1,0,0,0,0,0,0,0,0,0,0,0,0
-37.70700342,176.1591649,Tauranga City,2018,property_damage,50,FALSE,straight,,fine,,daylight,,0,0,0,0,1,0,0,1,0,0,0,0,0,0,0,0,0,0,0,0
-37.03862503,174.8681199,Auckland,2018,property_damage,50,FALSE,straight,,,,daylight,,0,0,0,0,1,0,0,1,0,0,0,0,0,0,0,0,0,0,0,0
-45.01377193,168.7367363,Queenstown-Lakes District,2018,property_damage,50,FALSE,straight,,fine,,darkness_not_lit,,0,0,0,0,1,0,0,1,0,0,0,0,0,0,0,0,0,0,0,0
-41.12668507,174.8366315,Porirua City,2018,property_damage,50,FALSE,straight,,fine,,daylight,,0,0,0,0,1,0,0,1,0,0,0,0,0,0,0,0,0,0,0,0
-36.99202304,174.8418775,Auckland,2018,property_damage,100,FALSE,straight,,fine,,daylight,,0,0,0,0,1,0,0,1,0,0,0,0,0,0,0,0,0,0,0,0
-40.98171847,174.9707558,Kapiti Coast District,2018,property_damage,100,FALSE,straight,,fine,,daylight,,0,0,0,0,1,0,0,1,0,0,0,0,0,0,0,0,0,0,0,0
-40.35931298,175.5912398,Palmerston North City,2018,property_damage,50,TRUE,straight,,fine,,daylight,giveway_sign,0,0,0,0,1,0,0,1,0,0,0,0,0,0,0,0,0,0,0,0
-41.29235089,174.7825503,Wellington City,2018,property_damage,50,FALSE,straight,,fine,,darkness_not_lit,,0,0,0,0,1,0,0,1,0,0,0,0,0,0,0,0,0,0,0,0
-38.33564188,175.1663146,Waitomo District,2018,property_damage,50,TRUE,straight,,fine,,daylight,,0,0,0,0,1,0,0,1,0,0,0,0,0,0,0,0,0,0,0,0
-36.7939781,174.7570479,Auckland,2018,property_damage,100,FALSE,straight,,rain,,darkness_not_lit,,0,0,0,0,1,0,0,1,0,0,0,0,0,0,0,0,0,0,0,0
-39.67667999,175.7981646,Rangitikei District,2018,property_damage,50,FALSE,curved_view_open,,fine,,daylight,,0,0,0,0,1,0,0,1,0,0,0,0,0,0,0,0,0,0,0,0
-37.8067716,175.2659583,Hamilton City,2018,property_damage,60,FALSE,straight,,fine,,daylight,,0,0,0,0,1,0,0,1,0,0,0,0,0,0,0,0,0,0,0,0
-36.97482705,174.7911584,Auckland,2018,property_damage,60,FALSE,straight,,,,daylight,,0,0,0,0,1,0,0,1,0,0,0,0,0,0,0,0,0,0,0,0
-37.14738519,175.5483595,Thames-Coromandel District,2018,property_damage,50,TRUE,straight,,fine,,daylight,giveway_sign,0,0,0,0,1,0,0,1,0,0,0,0,0,0,0,0,0,0,0,0
-37.03299688,174.9052047,Auckland,2018,property_damage,50,FALSE,straight,,fine,,daylight,,0,0,0,0,1,0,0,1,0,0,0,0,0,0,0,0,0,0,0,0
-43.55047577,172.5722792,Christchurch City,2018,property_damage,60,FALSE,straight,,rain,,darkness_not_lit,,0,0,0,0,1,0,0,1,0,0,0,0,0,0,0,0,0,0,0,0
-36.87366425,174.7052227,Auckland,2018,property_damage,50,FALSE,straight,,fine,,daylight,,0,0,0,0,1,0,0,1,0,0,0,0,0,0,0,0,0,0,0,0
-35.38678112,174.0172891,Far North District,2018,property_damage,70,FALSE,straight,,fine,,dawn_dusk,,0,0,0,0,1,0,0,1,0,0,0,0,0,0,0,0,0,0,0,0
-36.82744821,174.7476773,Auckland,2018,property_damage,80,FALSE,straight,,rain,,darkness_not_lit,,0,0,0,0,1,0,0,1,0,0,0,0,0,0,0,0,0,0,0,0
-35.69340228,174.3126544,Whangarei District,2018,property_damage,80,FALSE,straight,,fine,,daylight,,0,0,0,0,1,0,0,1,0,0,0,0,0,0,0,0,0,0,0,0
-43.53339384,172.6729323,Christchurch City,2018,property_damage,50,FALSE,straight,,fine,,darkness_not_lit,traffic_lights,0,0,0,0,1,0,0,1,0,0,0,0,0,0,0,0,0,0,0,0
-36.87129568,174.7119798,Auckland,2018,property_damage,80,FALSE,straight,,fine,,darkness_not_lit,,0,0,0,0,1,0,0,1,0,0,0,0,0,0,0,0,0,0,0,0
-37.68116462,176.1664908,Tauranga City,2018,property_damage,50,FALSE,straight,,fine,,daylight,,0,0,0,0,1,0,0,1,0,0,0,0,0,0,0,0,0,0,0,0
-36.90071369,174.6307647,Auckland,2018,property_damage,50,FALSE,straight,,fine,,darkness_not_lit,,0,0,0,0,1,0,0,1,0,0,0,0,0,0,0,0,0,0,0,0
-36.91613247,174.8307672,Auckland,2018,property_damage,100,FALSE,straight,,fine,,darkness_not_lit,,0,0,0,0,1,0,0,1,0,0,0,0,0,0,0,0,0,0,0,0
-37.697811,176.2860425,Tauranga City,2018,property_damage,50,FALSE,straight,,rain,,daylight,,0,0,0,0,1,0,0,1,0,0,0,0,0,0,0,0,0,0,0,0
-41.53419638,173.9419641,Marlborough District,2018,property_damage,50,FALSE,straight,,rain,,darkness_not_lit,,0,0,0,0,1,0,0,1,0,0,0,0,0,0,0,0,0,0,0,0
-36.78357599,174.5844967,Auckland,2018,property_damage,80,FALSE,straight,,fine,,daylight,,0,0,0,0,1,0,0,1,0,0,0,0,0,0,0,0,0,0,0,0
-36.88506098,174.7901359,Auckland,2018,property_damage,100,FALSE,curved_view_open,,fine,,darkness_not_lit,,0,0,0,0,1,0,0,1,0,0,0,0,0,0,0,0,0,0,0,0
-37.3597205,175.4182338,Hauraki District,2018,property_damage,100,FALSE,curved_view_open,,fine,,darkness_not_lit,,0,0,0,0,1,0,0,1,0,0,0,0,0,0,0,0,0,0,0,0
-39.64460517,176.8443047,Hastings District,2018,property_damage,50,FALSE,straight,,rain,,darkness_not_lit,,0,0,0,0,1,0,0,1,0,0,0,0,0,0,0,0,0,0,0,0
-40.35213354,175.6080722,Palmerston North City,2018,property_damage,50,FALSE,straight,,fine,,daylight,,0,0,0,0,1,0,0,1,0,0,0,0,0,0,0,0,0,0,0,0
-36.94535007,174.8519037,Auckland,2018,property_damage,50,FALSE,straight,,fine,,daylight,,0,0,0,0,1,0,0,1,0,0,0,0,0,0,0,0,0,0,0,0
-39.63553056,176.8574769,Hastings District,2018,property_damage,50,FALSE,straight,,rain,,dawn_dusk,traffic_lights,0,0,0,0,1,0,0,1,0,0,0,0,0,0,0,0,0,0,0,0
-36.95282991,174.7950566,Auckland,2018,property_damage,100,FALSE,straight,,fine,,dawn_dusk,,0,0,0,0,1,0,0,1,0,0,0,0,0,0,0,0,0,0,0,0
-36.76156681,174.6998804,Auckland,2018,property_damage,100,FALSE,straight,,fine,,daylight,,0,0,0,0,1,0,0,1,0,0,0,0,0,0,0,0,0,0,0,0
-36.92045789,174.8436455,Auckland,2018,property_damage,100,FALSE,straight,,fine,,daylight,,0,0,0,0,1,0,0,1,0,0,0,0,0,0,0,0,0,0,0,0
-40.62406082,175.2856663,Horowhenua District,2018,property_damage,50,TRUE,straight,,fine,,daylight,giveway_sign,0,0,0,0,1,0,0,1,0,0,0,0,0,0,0,0,0,0,0,0
-45.09810785,170.9708224,Waitaki District,2018,property_damage,50,FALSE,straight,,fine,,daylight,,0,0,0,0,1,0,0,1,0,0,0,0,0,0,0,0,0,0,0,0
-37.03592001,174.9100671,Auckland,2018,property_damage,100,FALSE,straight,,fine,,darkness_not_lit,,0,0,0,0,1,0,0,1,0,0,0,0,0,0,0,0,0,0,0,0
-36.9107054,174.6948114,Auckland,2018,property_damage,50,FALSE,straight,,fine,,daylight,,0,0,0,0,1,0,0,1,0,0,0,0,0,0,0,0,0,0,0,0
-37.55900542,175.158846,Waikato District,2018,property_damage,50,FALSE,straight,,fine,,daylight,,0,0,0,0,1,0,0,1,0,0,0,0,0,0,0,0,0,0,0,0
-38.66111097,178.0187129,Gisborne District,2018,property_damage,50,FALSE,straight,,fine,,daylight,,0,0,0,0,1,0,0,1,0,0,0,0,0,0,0,0,0,0,0,0
-40.71472239,175.2159731,Horowhenua District,2018,property_damage,80,FALSE,straight,,rain,,daylight,,0,0,0,0,1,0,0,1,0,0,0,0,0,0,0,0,0,0,0,0
-41.30011376,174.7656938,Wellington City,2018,property_damage,50,FALSE,curved_view_open,,rain,,daylight,,0,0,0,0,1,0,0,1,0,0,0,0,0,0,0,0,0,0,0,0
-41.37124194,173.104116,Tasman District,2018,property_damage,50,TRUE,straight,,fine,,daylight,giveway_sign,0,0,0,0,1,0,0,1,0,0,0,0,0,0,0,0,0,0,0,0
-41.2084604,174.9098482,Hutt City,2018,property_damage,50,FALSE,straight,,rain,,daylight,traffic_lights,0,0,0,0,1,0,0,1,0,0,0,0,0,0,0,0,0,0,0,0
-46.41172765,168.3614408,Invercargill City,2018,property_damage,50,FALSE,straight,,fine,,daylight,,0,0,0,0,1,0,0,1,0,0,0,0,0,0,0,0,0,0,0,0
-39.07923725,175.8081806,Taupo District,2018,property_damage,100,FALSE,straight,,rain,,daylight,,0,0,0,0,1,0,0,1,0,0,0,0,0,0,0,0,0,0,0,0
-36.61660039,174.6768555,Auckland,2018,property_damage,50,FALSE,straight,,fine,,daylight,,0,0,0,0,1,0,0,1,0,0,0,0,0,0,0,0,0,0,0,0
-36.9721455,174.7848835,Auckland,2018,property_damage,50,TRUE,straight,,fine,,darkness_not_lit,traffic_lights,0,0,0,0,1,0,0,1,0,0,0,0,0,0,0,0,0,0,0,0
-41.29139935,174.7893077,Wellington City,2018,property_damage,40,FALSE,straight,,fine,,daylight,,0,0,0,0,1,0,0,1,0,0,0,0,0,0,0,0,0,0,0,0
-36.96441072,174.9066949,Auckland,2018,property_damage,60,FALSE,straight,,fine,,daylight,traffic_lights,0,0,0,0,1,0,0,1,0,0,0,0,0,0,0,0,0,0,0,0
-43.53634469,172.6658244,Christchurch City,2018,property_damage,50,FALSE,straight,,fine,,darkness_not_lit,,0,0,0,0,1,0,0,1,0,0,0,0,0,0,0,0,0,0,0,0
-41.20198418,174.8497197,Wellington City,2018,property_damage,100,FALSE,curved_view_open,,rain,,daylight,,0,0,0,0,1,0,0,1,0,0,0,0,0,0,0,0,0,0,0,0
-38.089244,176.2124161,Rotorua District,2018,property_damage,100,FALSE,straight,,fine,,darkness_not_lit,,0,0,0,0,1,0,0,1,0,0,0,0,0,0,0,0,0,0,0,0
-43.49715505,172.6439251,Christchurch City,2018,property_damage,50,FALSE,straight,,rain,,daylight,,0,0,0,0,1,0,0,1,0,0,0,0,0,0,0,0,0,0,0,0
-45.31663862,170.255284,Dunedin City,2018,property_damage,100,FALSE,straight,,fine,,darkness_not_lit,,0,0,0,0,1,0,0,1,0,0,0,0,0,0,0,0,0,0,0,0
-39.5830066,176.9170864,Hastings District,2018,property_damage,50,FALSE,straight,,fine,,daylight,,0,0,0,0,1,0,0,1,0,0,0,0,0,0,0,0,0,0,0,0
-36.6253122,174.7356985,Auckland,2018,property_damage,50,FALSE,curved_view_open,,fine,,darkness_not_lit,,0,0,0,0,1,0,0,1,0,0,0,0,0,0,0,0,0,0,0,0
-36.97844609,174.8605696,Auckland,2018,property_damage,50,FALSE,curved_view_open,,fine,,daylight,giveway_sign,0,0,0,0,1,0,0,1,0,0,0,0,0,0,0,0,0,0,0,0
-36.75893387,174.7349078,Auckland,2018,property_damage,100,FALSE,straight,,fine,,darkness_not_lit,,0,0,0,0,1,0,0,1,0,0,0,0,0,0,0,0,0,0,0,0
-37.05298026,174.9185237,Auckland,2018,property_damage,100,FALSE,straight,,fine,,daylight,,0,0,0,0,1,0,0,1,0,0,0,0,0,0,0,0,0,0,0,0
-36.95607043,174.8608897,Auckland,2018,property_damage,100,FALSE,straight,,rain,,darkness_not_lit,,0,0,0,0,1,0,0,1,0,0,0,0,0,0,0,0,0,0,0,0
-41.21770128,174.8112385,Wellington City,2018,property_damage,100,FALSE,straight,,rain,,darkness_not_lit,,0,0,0,0,1,0,0,1,0,0,0,0,0,0,0,0,0,0,0,0
-36.98742457,175.1885406,Auckland,2018,property_damage,100,FALSE,straight,,mist,,daylight,,0,0,0,0,1,0,0,1,0,0,0,0,0,0,0,0,0,0,0,0
-36.87919066,174.7909076,Auckland,2018,property_damage,50,FALSE,straight,,fine,,dawn_dusk,,0,0,0,0,1,0,0,1,0,0,0,0,0,0,0,0,0,0,0,0
-36.79712373,174.7601011,Auckland,2018,property_damage,100,FALSE,straight,,rain,,daylight,,0,0,0,0,1,0,0,1,0,0,0,0,0,0,0,0,0,0,0,0
-36.96736203,174.8244342,Auckland,2018,property_damage,50,FALSE,straight,,rain,,daylight,,0,0,0,0,1,0,0,1,0,0,0,0,0,0,0,0,0,0,0,0
-36.9576597,174.8824247,Auckland,2018,property_damage,50,FALSE,curved_view_open,,fine,,daylight,,0,0,0,0,1,0,0,1,0,0,0,0,0,0,0,0,0,0,0,0
-40.33771464,175.6333899,Palmerston North City,2018,property_damage,50,FALSE,straight,,fine,,daylight,,0,0,0,0,1,0,0,1,0,0,0,0,0,0,0,0,0,0,0,0
-37.03947489,174.8782258,Auckland,2018,property_damage,50,FALSE,straight,,fine,,daylight,,0,0,0,0,1,0,0,1,0,0,0,0,0,0,0,0,0,0,0,0
-39.92705865,175.0421707,Wanganui District,2018,property_damage,50,FALSE,straight,,fine,,daylight,,0,0,0,0,1,0,0,1,0,0,0,0,0,0,0,0,0,0,0,0
-40.32179389,175.6292167,Palmerston North City,2018,property_damage,50,FALSE,straight,,fine,,daylight,,0,0,0,0,1,0,0,1,0,0,0,0,0,0,0,0,0,0,0,0
-38.70451053,176.1117579,Taupo District,2018,property_damage,50,TRUE,straight,,fine,,daylight,giveway_sign,0,0,0,0,1,0,0,1,0,0,0,0,0,0,0,0,0,0,0,0
-36.92419708,174.8477882,Auckland,2018,property_damage,100,FALSE,straight,,fine,,darkness_not_lit,,0,0,0,0,1,0,0,1,0,0,0,0,0,0,0,0,0,0,0,0
-41.2841408,174.7694185,Wellington City,2018,property_damage,50,FALSE,curved_view_open,,fine,,dawn_dusk,,0,0,0,0,1,0,0,1,0,0,0,0,0,0,0,0,0,0,0,0
-41.31485439,174.8002591,Wellington City,2018,property_damage,70,FALSE,straight,,fine,,darkness_not_lit,,0,0,0,0,1,0,0,1,0,0,0,0,0,0,0,0,0,0,0,0
-36.89228295,174.8025025,Auckland,2018,property_damage,100,FALSE,straight,,fine,,daylight,,0,0,0,0,1,0,0,1,0,0,0,0,0,0,0,0,0,0,0,0
-43.58382121,172.4005634,Selwyn District,2018,property_damage,100,FALSE,straight,,fine,,darkness_not_lit,,0,0,0,0,1,0,0,1,0,0,0,0,0,0,0,0,0,0,0,0
-37.83510883,175.9808258,Western Bay Of Plenty District,2018,property_damage,100,TRUE,curved_view_open,,fine,,dawn_dusk,,0,0,0,0,1,0,0,1,0,0,0,0,0,0,0,0,0,0,0,0
-43.52659212,172.6303995,Christchurch City,2018,property_damage,50,FALSE,straight,,fine,,daylight,traffic_lights,0,0,0,0,1,0,0,1,0,0,0,0,0,0,0,0,0,0,0,0
-36.94528434,174.8932145,Auckland,2018,property_damage,60,FALSE,straight,,rain,,darkness_not_lit,,0,0,0,0,1,0,0,1,0,0,0,0,0,0,0,0,0,0,0,0
-43.52255595,172.5610057,Christchurch City,2018,property_damage,50,FALSE,straight,,rain,,daylight,,0,0,0,0,1,0,0,1,0,0,0,0,0,0,0,0,0,0,0,0
-36.92805831,174.849296,Auckland,2018,property_damage,100,FALSE,straight,,rain,,daylight,,0,0,0,0,1,0,0,1,0,0,0,0,0,0,0,0,0,0,0,0
-43.3298694,170.2140128,Westland District,2018,property_damage,100,FALSE,straight,,rain,,daylight,,0,0,0,0,1,0,0,1,0,0,0,0,0,0,0,0,0,0,0,0
-37.00663672,174.8982755,Auckland,2018,property_damage,100,FALSE,straight,,rain,,daylight,,0,0,0,0,1,0,0,1,0,0,0,0,0,0,0,0,0,0,0,0