latitude,longitude,local_government_area,year,severity,speed_limit,intersection,road_position_horizontal,road_wet,weather,crash_type,lighting,traffic_controls,casualties,fatalities,serious_injuries,minor_injuries,car_sedan,car_utility,car_van,car_4x4,car_station_wagon,motor_cycle,truck_small,truck_large,bus,taxi,bicycle,scooter,pedestrian,inanimate,train,tram
-43.53998492,172.6457278,Christchurch City,2018,minor_injury,50,TRUE,straight,,fine,,darkness_not_lit,traffic_lights,1,0,0,1,1,0,0,1,0,0,0,0,0,0,0,0,0,0,0,0
-40.21657635,175.5798923,Manawatu District,2018,minor_injury,50,TRUE,straight,,fine,,darkness_not_lit,giveway_sign,1,0,0,1,1,0,0,1,0,0,0,0,0,0,0,0,0,0,0,0
-36.8773097,174.7298858,Auckland,2018,minor_injury,50,TRUE,straight,,fine,,daylight,stop_sign,1,0,0,1,1,0,0,1,0,0,0,0,0,0,0,0,0,0,0,0
-37.01436665,174.9069086,Auckland,2018,minor_injury,50,TRUE,straight,,fine,,darkness_not_lit,traffic_lights,1,0,0,1,1,0,0,1,0,0,0,0,0,0,0,0,0,0,0,0
-43.47367565,172.6172453,Christchurch City,2018,minor_injury,60,TRUE,straight,,rain,,darkness_not_lit,traffic_lights,1,0,0,1,1,0,0,1,0,0,0,0,0,0,0,0,0,0,0,0
-46.40859595,168.3767625,Invercargill City,2018,minor_injury,50,TRUE,straight,,fine,,daylight,giveway_sign,1,0,0,1,1,0,0,1,0,0,0,0,0,0,0,0,0,0,0,0
-36.75882297,174.7350958,Auckland,2018,minor_injury,100,FALSE,straight,,rain,,darkness_not_lit,,1,0,0,1,1,0,0,1,0,0,0,0,0,0,0,0,0,0,0,0
-37.02965028,174.9036934,Auckland,2018,minor_injury,50,FALSE,straight,,fine,,daylight,,1,0,0,1,1,0,0,1,0,0,0,0,0,0,0,0,0,0,0,0
-36.84953531,174.6346453,Auckland,2018,minor_injury,100,FALSE,straight,,fine,,darkness_not_lit,,1,0,0,1,1,0,0,1,0,0,0,0,0,0,0,0,0,0,0,0
-36.77315813,174.7416372,Auckland,2018,minor_injury,50,FALSE,straight,,fine,,daylight,,1,0,0,1,1,0,0,1,0,0,0,0,0,0,0,0,0,0,0,0
-36.8939918,174.644986,Auckland,2018,minor_injury,50,TRUE,straight,,rain,,darkness_not_lit,traffic_lights,1,0,0,1,1,0,0,1,0,0,0,0,0,0,0,0,0,0,0,0
-37.72773057,176.1727396,Tauranga City,2018,minor_injury,60,FALSE,curved_view_open,,fine,,daylight,,1,0,0,1,1,0,0,1,0,0,0,0,0,0,0,0,0,0,0,0
-36.94873345,174.8922668,Auckland,2018,minor_injury,60,TRUE,straight,,fine,,daylight,traffic_lights,1,0,0,1,1,0,0,1,0,0,0,0,0,0,0,0,0,0,0,0
-37.78779202,175.2711807,Hamilton City,2018,minor_injury,50,TRUE,straight,,rain,,darkness_not_lit,giveway_sign,1,0,0,1,1,0,0,1,0,0,0,0,0,0,0,0,0,0,0,0
-36.90065234,174.8993496,Auckland,2018,minor_injury,60,TRUE,straight,,fine,,daylight,traffic_lights,1,0,0,1,1,0,0,1,0,0,0,0,0,0,0,0,0,0,0,0
-36.90750397,174.8896427,Auckland,2018,minor_injury,50,TRUE,straight,,fine,,dawn_dusk,giveway_sign,1,0,0,1,1,0,0,1,0,0,0,0,0,0,0,0,0,0,0,0
-36.87074227,174.7609477,Auckland,2018,minor_injury,50,TRUE,straight,,rain,,daylight,giveway_sign,1,0,0,1,1,0,0,1,0,0,0,0,0,0,0,0,0,0,0,0
-36.71674937,174.7429713,Auckland,2018,minor_injury,50,TRUE,straight,,fine,,darkness_not_lit,traffic_lights,1,0,0,1,1,0,0,1,0,0,0,0,0,0,0,0,0,0,0,0
-36.85908257,174.7472647,Auckland,2018,minor_injury,50,TRUE,straight,,fine,,daylight,stop_sign,1,0,0,1,1,0,0,1,0,0,0,0,0,0,0,0,0,0,0,0
-43.46678047,172.6517188,Christchurch City,2018,minor_injury,80,TRUE,straight,,rain,,daylight,stop_sign,1,0,0,1,1,0,0,1,0,0,0,0,0,0,0,0,0,0,0,0
-44.38123534,171.2391624,Timaru District,2018,minor_injury,50,FALSE,straight,,mist,,daylight,,1,0,0,1,1,0,0,1,0,0,0,0,0,0,0,0,0,0,0,0
-43.89809804,171.7560056,Ashburton District,2018,minor_injury,50,TRUE,straight,,fine,,daylight,giveway_sign,1,0,0,1,1,0,0,1,0,0,0,0,0,0,0,0,0,0,0,0
-37.01666886,174.9394713,Auckland,2018,minor_injury,80,TRUE,straight,,fine,,daylight,giveway_sign,1,0,0,1,1,0,0,1,0,0,0,0,0,0,0,0,0,0,0,0
-41.21586509,174.882461,Hutt City,2018,minor_injury,50,TRUE,curved_view_open,,fine,,darkness_not_lit,giveway_sign,1,0,0,1,1,0,0,1,0,0,0,0,0,0,0,0,0,0,0,0
-40.90873869,175.0000737,Kapiti Coast District,2018,minor_injury,50,FALSE,straight,,fine,,dawn_dusk,traffic_lights,1,0,0,1,1,0,0,1,0,0,0,0,0,0,0,0,0,0,0,0
-44.21455373,171.3744871,Timaru District,2018,minor_injury,50,TRUE,straight,,rain,,darkness_not_lit,stop_sign,1,0,0,1,1,0,0,1,0,0,0,0,0,0,0,0,0,0,0,0
-43.49114127,172.592981,Christchurch City,2018,minor_injury,50,TRUE,straight,,rain,,dawn_dusk,,1,0,0,1,1,0,0,1,0,0,0,0,0,0,0,0,0,0,0,0
-39.48793403,176.9157485,Napier City,2018,minor_injury,50,FALSE,straight,,fine,,daylight,,1,0,0,1,1,0,0,1,0,0,0,0,0,0,0,0,0,0,0,0
-36.98230202,174.8829644,Auckland,2018,minor_injury,100,FALSE,straight,,rain,,darkness_not_lit,,1,0,0,1,1,0,0,1,0,0,0,0,0,0,0,0,0,0,0,0
-36.91682718,174.7964909,Auckland,2018,minor_injury,50,TRUE,straight,,fine,,daylight,stop_sign,1,0,0,1,1,0,0,1,0,0,0,0,0,0,0,0,0,0,0,0
-36.97746399,174.8702968,Auckland,2018,minor_injury,50,TRUE,straight,,fine,,daylight,stop_sign,1,0,0,1,1,0,0,1,0,0,0,0,0,0,0,0,0,0,0,0
-46.23265381,169.7479968,Clutha District,2018,minor_injury,50,TRUE,straight,,fine,,darkness_not_lit,giveway_sign,1,0,0,1,1,0,0,1,0,0,0,0,0,0,0,0,0,0,0,0
-36.90602002,174.7016328,Auckland,2018,minor_injury,50,TRUE,curved_view_open,,rain,,darkness_not_lit,traffic_lights,1,0,0,1,1,0,0,1,0,0,0,0,0,0,0,0,0,0,0,0
-36.81745313,174.7506787,Auckland,2018,minor_injury,80,FALSE,straight,,fine,,darkness_not_lit,,1,0,0,1,1,0,0,1,0,0,0,0,0,0,0,0,0,0,0,0
-36.93890679,174.8344111,Auckland,2018,minor_injury,50,FALSE,curved_view_open,,fine,,daylight,,1,0,0,1,1,0,0,1,0,0,0,0,0,0,0,0,0,0,0,0
-36.83166239,174.7448915,Auckland,2018,minor_injury,80,FALSE,straight,,fine,,daylight,,1,0,0,1,1,0,0,1,0,0,0,0,0,0,0,0,0,0,0,0
-36.94300306,174.7874485,Auckland,2018,minor_injury,50,TRUE,straight,,fine,,darkness_not_lit,giveway_sign,1,0,0,1,1,0,0,1,0,0,0,0,0,0,0,0,0,0,0,0
-43.33248638,172.5913284,Waimakariri District,2018,minor_injury,80,TRUE,straight,,fine,,darkness_not_lit,stop_sign,1,0,0,1,1,0,0,1,0,0,0,0,0,0,0,0,0,0,0,0
-36.79292256,174.7558919,Auckland,2018,minor_injury,100,FALSE,straight,,fine,,dawn_dusk,,1,0,0,1,1,0,0,1,0,0,0,0,0,0,0,0,0,0,0,0
-37.20341845,174.8952846,Auckland,2018,minor_injury,50,TRUE,straight,,fine,,daylight,giveway_sign,1,0,0,1,1,0,0,1,0,0,0,0,0,0,0,0,0,0,0,0
-36.89074607,174.9212547,Auckland,2018,minor_injury,50,FALSE,curved_view_open,,fine,,darkness_not_lit,,1,0,0,1,1,0,0,1,0,0,0,0,0,0,0,0,0,0,0,0
-41.2927772,173.1210344,Tasman District,2018,minor_injury,80,FALSE,straight,,fine,,daylight,,1,0,0,1,1,0,0,1,0,0,0,0,0,0,0,0,0,0,0,0
-38.7852542,176.0768473,Taupo District,2018,minor_injury,70,FALSE,straight,,fine,,daylight,,1,0,0,1,1,0,0,1,0,0,0,0,0,0,0,0,0,0,0,0
-36.75228066,174.7275555,Auckland,2018,minor_injury,100,FALSE,straight,,fine,,daylight,,1,0,0,1,1,0,0,1,0,0,0,0,0,0,0,0,0,0,0,0
-36.82147776,174.6120624,Auckland,2018,minor_injury,20,FALSE,straight,,fine,,daylight,,1,0,0,1,1,0,0,1,0,0,0,0,0,0,0,0,0,0,0,0
-41.28640418,174.7721785,Wellington City,2018,minor_injury,60,FALSE,straight,,fine,,daylight,,1,0,0,1,1,0,0,1,0,0,0,0,0,0,0,0,0,0,0,0
-36.86096781,174.6093134,Auckland,2018,minor_injury,50,FALSE,straight,,fine,,dawn_dusk,,1,0,0,1,1,0,0,1,0,0,0,0,0,0,0,0,0,0,0,0
-41.31158123,173.2300839,Nelson City,2018,minor_injury,50,TRUE,straight,,fine,,daylight,giveway_sign,1,0,0,1,1,0,0,1,0,0,0,0,0,0,0,0,0,0,0,0
-43.5511212,172.5324485,Christchurch City,2018,minor_injury,50,FALSE,straight,,fine,,dawn_dusk,,1,0,0,1,1,0,0,1,0,0,0,0,0,0,0,0,0,0,0,0
-41.10786903,174.8651886,Porirua City,2018,minor_injury,10,FALSE,straight,,,,daylight,,1,0,0,1,1,0,0,1,0,0,0,0,0,0,0,0,0,0,0,0
-37.69043084,176.1646629,Tauranga City,2018,minor_injury,50,FALSE,straight,,fine,,daylight,,1,0,0,1,1,0,0,1,0,0,0,0,0,0,0,0,0,0,0,0
-40.35015897,175.5865094,Palmerston North City,2018,minor_injury,50,FALSE,straight,,fine,,daylight,,1,0,0,1,1,0,0,1,0,0,0,0,0,0,0,0,0,0,0,0
-35.00212018,173.3432458,Far North District,2018,minor_injury,100,FALSE,curved_view_open,,rain,,darkness_not_lit,,1,0,0,1,1,0,0,1,0,0,0,0,0,0,0,0,0,0,0,0
-37.79632896,175.2808111,Hamilton City,2018,minor_injury,50,FALSE,straight,,fine,,daylight,,1,0,0,1,1,0,0,1,0,0,0,0,0,0,0,0,0,0,0,0
-43.73813508,172.0448558,Selwyn District,2018,minor_injury,100,FALSE,straight,,rain,,darkness_not_lit,,1,0,0,1,1,0,0,1,0,0,0,0,0,0,0,0,0,0,0,0
-43.52168221,172.5728044,Christchurch City,2018,minor_injury,50,FALSE,straight,,fine,,daylight,,1,0,0,1,1,0,0,1,0,0,0,0,0,0,0,0,0,0,0,0
-36.94106754,174.5534363,Auckland,2018,minor_injury,100,FALSE,straight,,fine,,daylight,,1,0,0,1,1,0,0,1,0,0,0,0,0,0,0,0,0,0,0,0
-44.75134813,169.2807234,Queenstown-Lakes District,2018,minor_injury,100,FALSE,straight,,rain,,darkness_not_lit,,1,0,0,1,1,0,0,1,0,0,0,0,0,0,0,0,0,0,0,0
-40.35243522,175.5813924,Palmerston North City,2018,minor_injury,50,FALSE,straight,,rain,,daylight,,1,0,0,1,1,0,0,1,0,0,0,0,0,0,0,0,0,0,0,0
-39.6972567,176.8443254,Hastings District,2018,minor_injury,100,FALSE,straight,,rain,,daylight,,1,0,0,1,1,0,0,1,0,0,0,0,0,0,0,0,0,0,0,0
-37.7177008,176.1378313,Tauranga City,2018,minor_injury,50,FALSE,straight,,fine,,daylight,,1,0,0,1,1,0,0,1,0,0,0,0,0,0,0,0,0,0,0,0
-37.59867096,175.9152348,Western Bay Of Plenty District,2018,minor_injury,100,FALSE,straight,,fine,,daylight,,1,0,0,1,1,0,0,1,0,0,0,0,0,0,0,0,0,0,0,0
-36.91643693,174.8320654,Auckland,2018,minor_injury,100,FALSE,straight,,fine,,daylight,,1,0,0,1,1,0,0,1,0,0,0,0,0,0,0,0,0,0,0,0
-36.91391326,174.7458996,Auckland,2018,minor_injury,100,FALSE,straight,,fine,,daylight,,1,0,0,1,1,0,0,1,0,0,0,0,0,0,0,0,0,0,0,0
-37.79827621,175.3112724,Hamilton City,2018,minor_injury,50,FALSE,curved_view_open,,fine,,daylight,,1,0,0,1,1,0,0,1,0,0,0,0,0,0,0,0,0,0,0,0
-39.7082938,176.7875557,Hastings District,2018,minor_injury,100,FALSE,straight,,fine,,daylight,,1,0,0,1,1,0,0,1,0,0,0,0,0,0,0,0,0,0,0,0
-41.20910719,174.9077797,Hutt City,2018,minor_injury,50,FALSE,straight,,fine,,daylight,,1,0,0,1,1,0,0,1,0,0,0,0,0,0,0,0,0,0,0,0
-36.96813072,174.8608464,Auckland,2018,minor_injury,50,FALSE,straight,,fine,,daylight,,1,0,0,1,1,0,0,1,0,0,0,0,0,0,0,0,0,0,0,0
-36.84787496,174.7585276,Auckland,2018,minor_injury,50,TRUE,straight,,fine,,dawn_dusk,giveway_sign,1,0,0,1,1,0,0,1,0,0,0,0,0,0,0,0,0,0,0,0
-41.15397892,175.0148174,Upper Hutt City,2018,minor_injury,50,FALSE,curved_view_open,,fine,,darkness_not_lit,,1,0,0,1,1,0,0,1,0,0,0,0,0,0,0,0,0,0,0,0
-37.44772095,175.1521724,Waikato District,2018,minor_injury,100,FALSE,straight,,fine,,darkness_not_lit,,1,0,0,1,1,0,0,1,0,0,0,0,0,0,0,0,0,0,0,0
-43.53351638,172.5387108,Christchurch City,2018,minor_injury,50,TRUE,straight,,fine,,darkness_not_lit,,1,0,0,1,1,0,0,1,0,0,0,0,0,0,0,0,0,0,0,0
-45.89597427,170.5020031,Dunedin City,2018,minor_injury,50,TRUE,straight,,rain,,daylight,,1,0,0,1,1,0,0,1,0,0,0,0,0,0,0,0,0,0,0,0
-36.91844169,174.7609103,Auckland,2018,minor_injury,100,FALSE,straight,,fine,,darkness_not_lit,,1,0,0,1,1,0,0,1,0,0,0,0,0,0,0,0,0,0,0,0
-41.30439659,174.8014406,Wellington City,2018,minor_injury,50,FALSE,straight,,fine,,daylight,,1,0,0,1,1,0,0,1,0,0,0,0,0,0,0,0,0,0,0,0
-36.91578992,174.8266731,Auckland,2018,minor_injury,80,FALSE,straight,,fine,,daylight,,1,0,0,1,1,0,0,1,0,0,0,0,0,0,0,0,0,0,0,0
-36.92007465,174.8141016,Auckland,2018,minor_injury,50,FALSE,straight,,fine,,dawn_dusk,,1,0,0,1,1,0,0,1,0,0,0,0,0,0,0,0,0,0,0,0
-36.93243165,174.6549176,Auckland,2018,minor_injury,50,FALSE,straight,,fine,,dawn_dusk,,1,0,0,1,1,0,0,1,0,0,0,0,0,0,0,0,0,0,0,0
-42.61359357,172.7616599,Hurunui District,2018,minor_injury,100,FALSE,curved_view_open,,fine,,daylight,,1,0,0,1,1,0,0,1,0,0,0,0,0,0,0,0,0,0,0,0
-36.73280965,174.7064243,Auckland,2018,minor_injury,80,FALSE,straight,,fine,,daylight,,1,0,0,1,1,0,0,1,0,0,0,0,0,0,0,0,0,0,0,0
-37.69862344,176.0775059,Western Bay Of Plenty District,2018,minor_injury,80,FALSE,straight,,rain,,daylight,,1,0,0,1,1,0,0,1,0,0,0,0,0,0,0,0,0,0,0,0
-37.73090604,176.1277935,Tauranga City,2018,minor_injury,50,FALSE,straight,,fine,,daylight,,1,0,0,1,1,0,0,1,0,0,0,0,0,0,0,0,0,0,0,0
-43.4824106,172.6602357,Christchurch City,2018,minor_injury,70,FALSE,straight,,fine,,dawn_dusk,,1,0,0,1,1,0,0,1,0,0,0,0,0,0,0,0,0,0,0,0
-43.21170398,171.7182807,Selwyn District,2018,minor_injury,100,FALSE,curved_view_open,,rain,,daylight,,1,0,0,1,1,0,0,1,0,0,0,0,0,0,0,0,0,0,0,0
-41.22181597,174.8721456,Hutt City,2018,minor_injury,50,FALSE,straight,,fine,,daylight,,1,0,0,1,1,0,0,1,0,0,0,0,0,0,0,0,0,0,0,0
-36.10803706,174.3618363,Kaipara District,2018,minor_injury,50,FALSE,curved_view_open,,fine,,daylight,,1,0,0,1,1,0,0,1,0,0,0,0,0,0,0,0,0,0,0,0
-45.8723336,170.5096217,Dunedin City,2018,minor_injury,50,FALSE,straight,,fine,,daylight,,1,0,0,1,1,0,0,1,0,0,0,0,0,0,0,0,0,0,0,0
-39.02337885,174.1877264,New Plymouth District,2018,minor_injury,80,FALSE,straight,,fine,,daylight,,1,0,0,1,1,0,0,1,0,0,0,0,0,0,0,0,0,0,0,0
-40.91929318,174.9830071,Kapiti Coast District,2018,minor_injury,50,TRUE,straight,,rain,,darkness_not_lit,giveway_sign,1,0,0,1,1,0,0,1,0,0,0,0,0,0,0,0,0,0,0,0
-36.79901228,174.785777,Auckland,2018,minor_injury,50,FALSE,straight,,fine,,daylight,,1,0,0,1,1,0,0,1,0,0,0,0,0,0,0,0,0,0,0,0
-43.48419577,172.6049116,Christchurch City,2018,minor_injury,50,FALSE,straight,,fine,,daylight,,1,0,0,1,1,0,0,1,0,0,0,0,0,0,0,0,0,0,0,0
-37.97906119,175.2442327,Waipa District,2018,minor_injury,100,FALSE,straight,,fine,,daylight,,1,0,0,1,1,0,0,1,0,0,0,0,0,0,0,0,0,0,0,0
-36.9645713,174.8376552,Auckland,2018,minor_injury,50,FALSE,straight,,fine,,darkness_not_lit,,1,0,0,1,1,0,0,1,0,0,0,0,0,0,0,0,0,0,0,0
-36.63672861,174.7041459,Auckland,2018,minor_injury,80,FALSE,curved_view_open,,fine,,daylight,,1,0,0,1,1,0,0,1,0,0,0,0,0,0,0,0,0,0,0,0
-37.27077726,174.730707,Waikato District,2018,minor_injury,100,TRUE,straight,,fine,,daylight,,1,0,0,1,1,0,0,1,0,0,0,0,0,0,0,0,0,0,0,0
-36.99341528,175.0082861,Auckland,2018,minor_injury,100,FALSE,curved_view_open,,fine,,dawn_dusk,,1,0,0,1,1,0,0,1,0,0,0,0,0,0,0,0,0,0,0,0
-46.18892703,168.8756382,Gore District,2018,minor_injury,50,FALSE,straight,,fine,,daylight,,1,0,0,1,1,0,0,1,0,0,0,0,0,0,0,0,0,0,0,0
-41.26683465,173.2918764,Nelson City,2018,minor_injury,50,FALSE,straight,,fine,,daylight,,1,0,0,1,1,0,0,1,0,0,0,0,0,0,0,0,0,0,0,0
-43.31824344,172.5970474,Waimakariri District,2018,minor_injury,50,FALSE,straight,,fine,,daylight,traffic_lights,1,0,0,1,1,0,0,1,0,0,0,0,0,0,0,0,0,0,0,0
-37.39988737,175.4678476,Hauraki District,2018,minor_injury,100,FALSE,straight,,fine,,daylight,,1,0,0,1,1,0,0,1,0,0,0,0,0,0,0,0,0,0,0,0
-37.01966526,174.8945982,Auckland,2018,minor_injury,50,FALSE,straight,,fine,,daylight,,1,0,0,1,1,0,0,1,0,0,0,0,0,0,0,0,0,0,0,0
-39.54728495,176.8585351,Napier City,2018,minor_injury,100,FALSE,straight,,fine,,daylight,,1,0,0,1,1,0,0,1,0,0,0,0,0,0,0,0,0,0,0,0
-40.18988396,176.1132785,Tararua District,2018,minor_injury,50,FALSE,curved_view_open,,fine,,daylight,,1,0,0,1,1,0,0,1,0,0,0,0,0,0,0,0,0,0,0,0
-41.22472511,174.8560274,Hutt City,2018,minor_injury,100,FALSE,straight,,fine,,daylight,,1,0,0,1,1,0,0,1,0,0,0,0,0,0,0,0,0,0,0,0
-44.91459667,171.1006776,Waimate District,2018,minor_injury,100,TRUE,straight,,fine,,daylight,,1,0,0,1,1,0,0,1,0,0,0,0,0,0,0,0,0,0,0,0
-40.86625772,175.0290038,Kapiti Coast District,2018,serious_injury,50,TRUE,curved_view_open,,fine,,daylight,giveway_sign,1,0,1,0,1,0,0,1,0,0,0,0,0,0,0,0,0,0,0,0
-35.42672094,173.7843895,Far North District,2018,serious_injury,100,TRUE,curved_view_open,,fine,,darkness_not_lit,giveway_sign,1,0,1,0,1,0,0,1,0,0,0,0,0,0,0,0,0,0,0,0
-45.84760519,170.5098889,Dunedin City,2018,serious_injury,100,FALSE,curved_view_open,,fine,,daylight,,1,0,1,0,1,0,0,1,0,0,0,0,0,0,0,0,0,0,0,0
-37.01079226,174.9515722,Auckland,2018,serious_injury,80,FALSE,straight,,fine,,darkness_not_lit,,1,0,1,0,1,0,0,1,0,0,0,0,0,0,0,0,0,0,0,0
-36.90011573,174.5701137,Auckland,2018,serious_injury,70,FALSE,straight,,rain,,dawn_dusk,,1,0,1,0,1,0,0,1,0,0,0,0,0,0,0,0,0,0,0,0
-36.61340989,174.6819409,Auckland,2018,serious_injury,50,TRUE,straight,,rain,,darkness_not_lit,stop_sign,1,0,1,0,1,0,0,1,0,0,0,0,0,0,0,0,0,0,0,0
-36.86202661,174.817787,Auckland,2018,serious_injury,50,FALSE,curved_view_open,,fine,,daylight,,1,0,1,0,1,0,0,1,0,0,0,0,0,0,0,0,0,0,0,0
-36.77244417,174.7411505,Auckland,2018,minor_injury,50,TRUE,straight,,fine,,daylight,traffic_lights,2,0,0,2,1,0,0,1,0,0,0,0,0,0,0,0,0,0,0,0
-36.77244417,174.7411505,Auckland,2018,minor_injury,50,TRUE,straight,,fine,,daylight,traffic_lights,2,0,0,2,1,0,0,1,0,0,0,0,0,0,0,0,0,0,0,0
-36.78155433,174.7295908,Auckland,2018,minor_injury,50,TRUE,straight,,rain,,daylight,giveway_sign,2,0,0,2,1,0,0,1,0,0,0,0,0,0,0,0,0,0,0,0
-36.7993462,174.7573163,Auckland,2018,minor_injury,50,TRUE,straight,,fine,,daylight,traffic_lights,2,0,0,2,1,0,0,1,0,0,0,0,0,0,0,0,0,0,0,0
-36.84191578,174.6472676,Auckland,2018,minor_injury,50,FALSE,curved_view_open,,fine,,daylight,,2,0,0,2,1,0,0,1,0,0,0,0,0,0,0,0,0,0,0,0
-38.00015445,175.8209637,South Waikato District,2018,minor_injury,100,TRUE,straight,,fine,,daylight,giveway_sign,2,0,0,2,1,0,0,1,0,0,0,0,0,0,0,0,0,0,0,0
-41.32071215,174.8092497,Wellington City,2018,minor_injury,70,TRUE,straight,,fine,,darkness_not_lit,giveway_sign,2,0,0,2,1,0,0,1,0,0,0,0,0,0,0,0,0,0,0,0
-41.05508501,174.8768571,Porirua City,2018,minor_injury,100,TRUE,straight,,fine,,daylight,giveway_sign,2,0,0,2,1,0,0,1,0,0,0,0,0,0,0,0,0,0,0,0
-36.91038726,174.6521401,Auckland,2018,minor_injury,50,TRUE,straight,,fine,,daylight,traffic_lights,2,0,0,2,1,0,0,1,0,0,0,0,0,0,0,0,0,0,0,0
-41.52224721,173.9824569,Marlborough District,2018,minor_injury,70,TRUE,curved_view_open,,rain,,daylight,giveway_sign,2,0,0,2,1,0,0,1,0,0,0,0,0,0,0,0,0,0,0,0
-38.14566011,176.2591432,Rotorua District,2018,minor_injury,70,TRUE,straight,,fine,,daylight,stop_sign,2,0,0,2,1,0,0,1,0,0,0,0,0,0,0,0,0,0,0,0
-37.76263104,175.2510457,Hamilton City,2018,minor_injury,60,TRUE,straight,,fine,,daylight,traffic_lights,2,0,0,2,1,0,0,1,0,0,0,0,0,0,0,0,0,0,0,0
-36.9707024,174.8531694,Auckland,2018,minor_injury,50,FALSE,straight,,fine,,dawn_dusk,,2,0,0,2,1,0,0,1,0,0,0,0,0,0,0,0,0,0,0,0
-40.35632057,175.581258,Palmerston North City,2018,minor_injury,50,TRUE,straight,,fine,,daylight,,2,0,0,2,1,0,0,1,0,0,0,0,0,0,0,0,0,0,0,0
-44.39640936,171.2400258,Timaru District,2018,minor_injury,50,TRUE,straight,,fine,,daylight,stop_sign,2,0,0,2,1,0,0,1,0,0,0,0,0,0,0,0,0,0,0,0
-36.60298462,174.6950295,Auckland,2018,minor_injury,50,TRUE,straight,,fine,,daylight,giveway_sign,2,0,0,2,1,0,0,1,0,0,0,0,0,0,0,0,0,0,0,0
-44.94239023,168.8330016,Queenstown-Lakes District,2018,minor_injury,40,TRUE,straight,,fine,,darkness_not_lit,giveway_sign,2,0,0,2,1,0,0,1,0,0,0,0,0,0,0,0,0,0,0,0
-36.91939618,174.840039,Auckland,2018,minor_injury,50,TRUE,straight,,rain,,darkness_not_lit,traffic_lights,2,0,0,2,1,0,0,1,0,0,0,0,0,0,0,0,0,0,0,0
-40.20492156,175.5473066,Manawatu District,2018,minor_injury,70,FALSE,straight,,fine,,daylight,,2,0,0,2,1,0,0,1,0,0,0,0,0,0,0,0,0,0,0,0
-35.11681808,173.2608704,Far North District,2018,minor_injury,50,TRUE,curved_view_open,,fine,,daylight,giveway_sign,2,0,0,2,1,0,0,1,0,0,0,0,0,0,0,0,0,0,0,0
-42.72318952,171.1441952,Westland District,2018,minor_injury,100,FALSE,curved_view_open,,fine,,daylight,,2,0,0,2,1,0,0,1,0,0,0,0,0,0,0,0,0,0,0,0
-38.01906982,177.0946198,Whakatane District,2018,minor_injury,100,FALSE,curved_view_open,,fine,,darkness_not_lit,,2,0,0,2,1,0,0,1,0,0,0,0,0,0,0,0,0,0,0,0
-43.48131822,172.6811273,Christchurch City,2018,minor_injury,50,FALSE,straight,,fine,,dawn_dusk,,2,0,0,2,1,0,0,1,0,0,0,0,0,0,0,0,0,0,0,0
-39.66715917,176.8268285,Hastings District,2018,minor_injury,100,FALSE,straight,,fine,,daylight,,2,0,0,2,1,0,0,1,0,0,0,0,0,0,0,0,0,0,0,0
-39.77036404,176.6921953,Hastings District,2018,minor_injury,100,FALSE,straight,,fine,,daylight,,2,0,0,2,1,0,0,1,0,0,0,0,0,0,0,0,0,0,0,0
-36.91496297,174.7987707,Auckland,2018,minor_injury,50,FALSE,straight,,rain,,daylight,,2,0,0,2,1,0,0,1,0,0,0,0,0,0,0,0,0,0,0,0
-41.2978483,174.7689291,Wellington City,2018,minor_injury,50,FALSE,curved_view_open,,rain,,darkness_not_lit,,2,0,0,2,1,0,0,1,0,0,0,0,0,0,0,0,0,0,0,0
-37.79035408,175.2850105,Hamilton City,2018,minor_injury,30,FALSE,straight,,fine,,daylight,,2,0,0,2,1,0,0,1,0,0,0,0,0,0,0,0,0,0,0,0
-38.13752992,176.2257013,Rotorua District,2018,minor_injury,50,FALSE,straight,,fine,,daylight,,2,0,0,2,1,0,0,1,0,0,0,0,0,0,0,0,0,0,0,0
-36.88950449,174.7751247,Auckland,2018,minor_injury,50,FALSE,straight,,fine,,darkness_not_lit,,2,0,0,2,1,0,0,1,0,0,0,0,0,0,0,0,0,0,0,0
-36.86393136,174.6147713,Auckland,2018,minor_injury,50,FALSE,straight,,fine,,darkness_not_lit,,2,0,0,2,1,0,0,1,0,0,0,0,0,0,0,0,0,0,0,0
-43.68104427,171.639041,Ashburton District,2018,minor_injury,100,FALSE,straight,,fine,,darkness_not_lit,,2,0,0,2,1,0,0,1,0,0,0,0,0,0,0,0,0,0,0,0
-37.03321583,174.9044795,Auckland,2018,minor_injury,50,FALSE,straight,,fine,,daylight,,2,0,0,2,1,0,0,1,0,0,0,0,0,0,0,0,0,0,0,0
-36.98921084,174.8735507,Auckland,2018,minor_injury,50,TRUE,straight,,fine,,daylight,traffic_lights,4,0,0,4,1,0,0,1,0,0,0,0,0,0,0,0,0,0,0,0
-45.89759804,170.5100001,Dunedin City,2018,minor_injury,50,TRUE,straight,,fine,,darkness_not_lit,giveway_sign,4,0,0,4,1,0,0,1,0,0,0,0,0,0,0,0,0,0,0,0
-37.21691901,175.1639749,Waikato District,2018,minor_injury,100,FALSE,curved_view_open,,fine,,daylight,,4,0,0,4,1,0,0,1,0,0,0,0,0,0,0,0,0,0,0,0
-44.69670823,169.1709273,Queenstown-Lakes District,2018,minor_injury,80,TRUE,straight,,fine,,daylight,giveway_sign,3,0,0,3,1,0,0,1,0,0,0,0,0,0,0,0,0,0,0,0
-43.53201274,172.650465,Christchurch City,2018,minor_injury,50,TRUE,straight,,fine,,daylight,traffic_lights,3,0,0,3,1,0,0,1,0,0,0,0,0,0,0,0,0,0,0,0
-38.01558813,175.3264895,Waipa District,2018,minor_injury,50,TRUE,straight,,fine,,daylight,stop_sign,3,0,0,3,1,0,0,1,0,0,0,0,0,0,0,0,0,0,0,0
-37.4612144,175.9823422,Western Bay Of Plenty District,2018,minor_injury,50,FALSE,curved_view_open,,fine,,daylight,,3,0,0,3,1,0,0,1,0,0,0,0,0,0,0,0,0,0,0,0
-36.99550915,174.8856161,Auckland,2018,minor_injury,60,FALSE,straight,,fine,,daylight,,3,0,0,3,1,0,0,1,0,0,0,0,0,0,0,0,0,0,0,0
-36.77138521,174.5732656,Auckland,2018,minor_injury,80,FALSE,straight,,fine,,dawn_dusk,,3,0,0,3,1,0,0,1,0,0,0,0,0,0,0,0,0,0,0,0