latitude,longitude,local_government_area,year,severity,speed_limit,intersection,road_position_horizontal,road_wet,weather,crash_type,lighting,traffic_controls,casualties,fatalities,serious_injuries,minor_injuries,car_sedan,car_utility,car_van,car_4x4,car_station_wagon,motor_cycle,truck_small,truck_large,bus,taxi,bicycle,scooter,pedestrian,inanimate,train,tram
-37.02280803,174.8571549,Auckland,2018,minor_injury,50,FALSE,curved_view_open,,fine,,darkness_not_lit,,3,0,0,3,1,0,0,1,0,0,0,0,0,0,0,0,0,0,0,0
-37.88365012,175.732064,Matamata-Piako District,2018,serious_injury,100,TRUE,straight,,fine,,daylight,giveway_sign,6,0,2,4,1,0,0,1,0,0,0,0,0,0,0,0,0,0,0,0
-35.0438905,173.2831046,Far North District,2018,fatality,100,FALSE,curved_view_open,,fine,,daylight,,2,1,1,0,1,0,0,1,0,0,0,0,0,0,0,0,0,0,0,0
-36.94359559,174.8389478,Auckland,2018,serious_injury,50,TRUE,straight,,fine,,daylight,stop_sign,2,0,1,1,1,0,0,1,0,0,0,0,0,0,0,0,0,0,0,0
-46.19392165,168.8654133,Gore District,2018,serious_injury,50,TRUE,straight,,fine,,daylight,,2,0,1,1,1,0,0,1,0,0,0,0,0,0,0,0,0,0,0,0
-36.94324047,174.8936468,Auckland,2018,serious_injury,60,TRUE,straight,,rain,,darkness_not_lit,traffic_lights,2,0,1,1,1,0,0,1,0,0,0,0,0,0,0,0,0,0,0,0
-36.86843355,174.7827925,Auckland,2018,serious_injury,50,FALSE,curved_view_open,,fine,,daylight,,2,0,1,1,1,0,0,1,0,0,0,0,0,0,0,0,0,0,0,0
-35.13346439,174.0157416,Far North District,2018,serious_injury,100,FALSE,curved_view_open,,fine,,daylight,,2,0,1,1,1,0,0,1,0,0,0,0,0,0,0,0,0,0,0,0
-37.69535,175.209656,Waikato District,2018,serious_injury,100,TRUE,straight,,fine,,daylight,giveway_sign,3,0,2,1,1,0,0,1,0,0,0,0,0,0,0,0,0,0,0,0
-45.88995656,170.5215942,Dunedin City,2018,serious_injury,50,FALSE,curved_view_open,,fine,,daylight,,3,0,1,2,1,0,0,1,0,0,0,0,0,0,0,0,0,0,0,0
-37.96478318,177.0289768,Whakatane District,2018,serious_injury,80,FALSE,curved_view_open,,fine,,daylight,,3,0,1,2,1,0,0,1,0,0,0,0,0,0,0,0,0,0,0,0
-40.26172591,175.3837741,Manawatu District,2018,serious_injury,100,FALSE,straight,,fine,,daylight,,3,0,1,2,1,0,0,1,0,0,0,0,0,0,0,0,0,0,0,0
-39.96192747,175.218336,Wanganui District,2018,serious_injury,100,TRUE,straight,,fine,,daylight,,3,0,1,2,1,0,0,1,0,0,0,0,0,0,0,0,0,0,0,0
-34.9831202,173.1920227,Far North District,2018,serious_injury,100,FALSE,curved_view_open,,fine,,darkness_not_lit,,4,0,2,2,1,0,0,1,0,0,0,0,0,0,0,0,0,0,0,0
-37.53767125,175.1585134,Waikato District,2018,fatality,70,FALSE,curved_view_open,,fine,,daylight,,3,1,0,2,1,0,0,1,0,0,0,0,0,0,0,0,0,0,0,0
-35.80507078,174.2942032,Whangarei District,2018,fatality,100,FALSE,straight,,rain,,darkness_not_lit,,8,1,5,2,1,0,0,1,0,0,0,0,0,0,0,0,0,0,0,0
-41.29269997,174.7739492,Wellington City,2018,property_damage,30,TRUE,straight,,fine,,daylight,traffic_lights,0,0,0,0,0,0,0,0,0,0,0,0,0,0,0,0,0,0,0,0
-41.29269997,174.7739492,Wellington City,2018,property_damage,30,TRUE,straight,,fine,,daylight,traffic_lights,0,0,0,0,,,,,,,,,,,,,,,,
-39.05771129,174.0840193,New Plymouth District,2018,property_damage,50,TRUE,straight,,fine,,daylight,stop_sign,0,0,0,0,0,0,0,0,0,0,0,0,0,0,0,0,0,0,0,0
-39.05771129,174.0840193,New Plymouth District,2018,property_damage,50,TRUE,straight,,fine,,daylight,stop_sign,0,0,0,0,,,,,,,,,,,,,,,,
-36.89362611,174.6928289,Auckland,2018,property_damage,50,TRUE,straight,,fine,,daylight,traffic_lights,0,0,0,0,0,0,0,0,0,0,0,0,0,0,0,0,0,0,0,0
-36.89362611,174.6928289,Auckland,2018,property_damage,50,TRUE,straight,,fine,,daylight,traffic_lights,0,0,0,0,,,,,,,,,,,,,,,,
-37.38730557,175.1050284,Waikato District,2018,property_damage,70,FALSE,straight,,rain,,daylight,,0,0,0,0,0,0,0,0,0,0,0,0,0,0,0,0,0,0,0,0
-37.38730557,175.1050284,Waikato District,2018,property_damage,70,FALSE,straight,,rain,,daylight,,0,0,0,0,,,,,,,,,,,,,,,,
-36.89573902,174.9223898,Auckland,2018,property_damage,50,TRUE,straight,,fine,,daylight,stop_sign,0,0,0,0,0,0,0,0,0,0,0,0,0,0,0,0,0,0,0,0
-36.89573902,174.9223898,Auckland,2018,property_damage,50,TRUE,straight,,fine,,daylight,stop_sign,0,0,0,0,,,,,,,,,,,,,,,,
-36.64861604,174.6426929,Auckland,2018,property_damage,100,TRUE,straight,,rain,,darkness_not_lit,giveway_sign,0,0,0,0,0,0,0,0,0,0,0,0,0,0,0,0,0,0,0,0
-36.64861604,174.6426929,Auckland,2018,property_damage,100,TRUE,straight,,rain,,darkness_not_lit,giveway_sign,0,0,0,0,,,,,,,,,,,,,,,,
-36.78858485,174.7523749,Auckland,2018,property_damage,50,TRUE,straight,,fine,,darkness_not_lit,traffic_lights,0,0,0,0,0,0,0,0,0,0,0,0,0,0,0,0,0,0,0,0
-36.78858485,174.7523749,Auckland,2018,property_damage,50,TRUE,straight,,fine,,darkness_not_lit,traffic_lights,0,0,0,0,,,,,,,,,,,,,,,,
-37.23657662,174.9193244,Waikato District,2018,property_damage,100,TRUE,straight,,fine,,daylight,stop_sign,0,0,0,0,0,0,0,0,0,0,0,0,0,0,0,0,0,0,0,0
-37.23657662,174.9193244,Waikato District,2018,property_damage,100,TRUE,straight,,fine,,daylight,stop_sign,0,0,0,0,,,,,,,,,,,,,,,,
-37.23657662,174.9193244,Auckland,2018,property_damage,100,TRUE,straight,,fine,,daylight,stop_sign,0,0,0,0,0,0,0,0,0,0,0,0,0,0,0,0,0,0,0,0
-37.23657662,174.9193244,Auckland,2018,property_damage,100,TRUE,straight,,fine,,daylight,stop_sign,0,0,0,0,,,,,,,,,,,,,,,,
-35.74127788,174.2609896,Whangarei District,2018,property_damage,70,TRUE,straight,,fine,,daylight,stop_sign,0,0,0,0,0,0,0,0,0,0,0,0,0,0,0,0,0,0,0,0
-35.74127788,174.2609896,Whangarei District,2018,property_damage,70,TRUE,straight,,fine,,daylight,stop_sign,0,0,0,0,,,,,,,,,,,,,,,,
-36.920886,175.789767,Thames-Coromandel District,2018,property_damage,100,TRUE,curved_view_open,,rain,,daylight,,0,0,0,0,0,0,0,0,0,0,0,0,0,0,0,0,0,0,0,0
-36.920886,175.789767,Thames-Coromandel District,2018,property_damage,100,TRUE,curved_view_open,,rain,,daylight,,0,0,0,0,,,,,,,,,,,,,,,,
-35.72434766,174.3246492,Whangarei District,2018,property_damage,50,TRUE,curved_view_open,,fine,,daylight,traffic_lights,0,0,0,0,0,0,0,0,0,0,0,0,0,0,0,0,0,0,0,0
-35.72434766,174.3246492,Whangarei District,2018,property_damage,50,TRUE,curved_view_open,,fine,,daylight,traffic_lights,0,0,0,0,,,,,,,,,,,,,,,,
-37.07375508,174.9274157,Auckland,2018,property_damage,50,TRUE,straight,,fine,,daylight,traffic_lights,0,0,0,0,0,0,0,0,0,0,0,0,0,0,0,0,0,0,0,0
-37.07375508,174.9274157,Auckland,2018,property_damage,50,TRUE,straight,,fine,,daylight,traffic_lights,0,0,0,0,,,,,,,,,,,,,,,,
-44.3891943,171.2142656,Timaru District,2018,property_damage,50,FALSE,straight,,fine,,daylight,,0,0,0,0,0,0,0,0,0,0,0,0,0,0,0,0,0,0,0,0
-44.3891943,171.2142656,Timaru District,2018,property_damage,50,FALSE,straight,,fine,,daylight,,0,0,0,0,,,,,,,,,,,,,,,,
-44.3891943,171.2142656,Timaru District,2018,property_damage,50,FALSE,straight,,fine,,daylight,,0,0,0,0,0,0,0,0,0,0,0,0,0,0,0,0,0,0,0,0
-44.3891943,171.2142656,Timaru District,2018,property_damage,50,FALSE,straight,,fine,,daylight,,0,0,0,0,,,,,,,,,,,,,,,,
-37.70372166,176.1538658,Tauranga City,2018,property_damage,50,TRUE,straight,,fine,,daylight,traffic_lights,0,0,0,0,0,0,0,0,0,0,0,0,0,0,0,0,0,0,0,0
-37.70372166,176.1538658,Tauranga City,2018,property_damage,50,TRUE,straight,,fine,,daylight,traffic_lights,0,0,0,0,,,,,,,,,,,,,,,,
-39.92545783,175.0394552,Wanganui District,2018,property_damage,50,TRUE,straight,,rain,,darkness_not_lit,traffic_lights,0,0,0,0,0,0,0,0,0,0,0,0,0,0,0,0,0,0,0,0
-39.92545783,175.0394552,Wanganui District,2018,property_damage,50,TRUE,straight,,rain,,darkness_not_lit,traffic_lights,0,0,0,0,,,,,,,,,,,,,,,,
-39.50592306,176.884833,Napier City,2018,property_damage,50,TRUE,straight,,fine,,darkness_not_lit,traffic_lights,0,0,0,0,0,0,0,0,0,0,0,0,0,0,0,0,0,0,0,0
-39.50592306,176.884833,Napier City,2018,property_damage,50,TRUE,straight,,fine,,darkness_not_lit,traffic_lights,0,0,0,0,,,,,,,,,,,,,,,,
-41.29715599,174.7822751,Wellington City,2018,property_damage,50,TRUE,straight,,mist,,dawn_dusk,traffic_lights,0,0,0,0,0,0,0,0,0,0,0,0,0,0,0,0,0,0,0,0
-41.29715599,174.7822751,Wellington City,2018,property_damage,50,TRUE,straight,,mist,,dawn_dusk,traffic_lights,0,0,0,0,,,,,,,,,,,,,,,,
-41.29715599,174.7822751,Wellington City,2018,property_damage,50,TRUE,straight,,mist,,dawn_dusk,traffic_lights,0,0,0,0,0,0,0,0,0,0,0,0,0,0,0,0,0,0,0,0
-41.29715599,174.7822751,Wellington City,2018,property_damage,50,TRUE,straight,,mist,,dawn_dusk,traffic_lights,0,0,0,0,,,,,,,,,,,,,,,,
-41.33663711,173.181745,Tasman District,2018,property_damage,50,TRUE,straight,,fine,,dawn_dusk,traffic_lights,0,0,0,0,0,0,0,0,0,0,0,0,0,0,0,0,0,0,0,0
-41.33663711,173.181745,Tasman District,2018,property_damage,50,TRUE,straight,,fine,,dawn_dusk,traffic_lights,0,0,0,0,,,,,,,,,,,,,,,,
-41.33663711,173.181745,Tasman District,2018,property_damage,50,TRUE,straight,,fine,,dawn_dusk,traffic_lights,0,0,0,0,0,0,0,0,0,0,0,0,0,0,0,0,0,0,0,0
-41.33663711,173.181745,Tasman District,2018,property_damage,50,TRUE,straight,,fine,,dawn_dusk,traffic_lights,0,0,0,0,,,,,,,,,,,,,,,,
-41.10595659,174.9017177,Porirua City,2018,property_damage,50,TRUE,curved_view_open,,fine,,daylight,giveway_sign,0,0,0,0,0,0,0,0,0,0,0,0,0,0,0,0,0,0,0,0
-41.10595659,174.9017177,Porirua City,2018,property_damage,50,TRUE,curved_view_open,,fine,,daylight,giveway_sign,0,0,0,0,,,,,,,,,,,,,,,,
-37.74488555,175.3678949,Waikato District,2018,property_damage,70,TRUE,straight,,fine,,darkness_not_lit,stop_sign,0,0,0,0,0,0,0,0,0,0,0,0,0,0,0,0,0,0,0,0
-37.74488555,175.3678949,Waikato District,2018,property_damage,70,TRUE,straight,,fine,,darkness_not_lit,stop_sign,0,0,0,0,,,,,,,,,,,,,,,,
-36.76646925,174.5123741,Auckland,2018,property_damage,100,TRUE,straight,,fine,,daylight,giveway_sign,0,0,0,0,0,0,0,0,0,0,0,0,0,0,0,0,0,0,0,0
-36.76646925,174.5123741,Auckland,2018,property_damage,100,TRUE,straight,,fine,,daylight,giveway_sign,0,0,0,0,,,,,,,,,,,,,,,,
-35.68292427,174.2986918,Whangarei District,2018,property_damage,50,TRUE,straight,,fine,,daylight,giveway_sign,0,0,0,0,0,0,0,0,0,0,0,0,0,0,0,0,0,0,0,0
-35.68292427,174.2986918,Whangarei District,2018,property_damage,50,TRUE,straight,,fine,,daylight,giveway_sign,0,0,0,0,,,,,,,,,,,,,,,,
-46.53720443,168.3037999,Invercargill City,2018,property_damage,100,FALSE,straight,,fine,,daylight,,0,0,0,0,0,0,0,0,0,0,0,0,0,0,0,0,0,0,0,0
-46.53720443,168.3037999,Invercargill City,2018,property_damage,100,FALSE,straight,,fine,,daylight,,0,0,0,0,,,,,,,,,,,,,,,,
-36.90804119,174.8375999,Auckland,2018,property_damage,50,TRUE,straight,,fine,,daylight,,0,0,0,0,0,0,0,0,0,0,0,0,0,0,0,0,0,0,0,0
-36.90804119,174.8375999,Auckland,2018,property_damage,50,TRUE,straight,,fine,,daylight,,0,0,0,0,,,,,,,,,,,,,,,,
-38.17493738,176.2468899,Rotorua District,2018,property_damage,100,TRUE,straight,,rain,,daylight,giveway_sign,0,0,0,0,0,0,0,0,0,0,0,0,0,0,0,0,0,0,0,0
-38.17493738,176.2468899,Rotorua District,2018,property_damage,100,TRUE,straight,,rain,,daylight,giveway_sign,0,0,0,0,,,,,,,,,,,,,,,,
-36.99405656,174.8800294,Auckland,2018,property_damage,70,TRUE,straight,,fine,,daylight,traffic_lights,0,0,0,0,0,0,0,0,0,0,0,0,0,0,0,0,0,0,0,0
-36.99405656,174.8800294,Auckland,2018,property_damage,70,TRUE,straight,,fine,,daylight,traffic_lights,0,0,0,0,,,,,,,,,,,,,,,,
-39.5089257,176.8893025,Napier City,2018,property_damage,50,TRUE,straight,,fine,,daylight,,0,0,0,0,0,0,0,0,0,0,0,0,0,0,0,0,0,0,0,0
-39.5089257,176.8893025,Napier City,2018,property_damage,50,TRUE,straight,,fine,,daylight,,0,0,0,0,,,,,,,,,,,,,,,,
-40.3520625,175.6203731,Palmerston North City,2018,property_damage,50,FALSE,straight,,fine,,daylight,,0,0,0,0,0,0,0,0,0,0,0,0,0,0,0,0,0,0,0,0
-40.3520625,175.6203731,Palmerston North City,2018,property_damage,50,FALSE,straight,,fine,,daylight,,0,0,0,0,,,,,,,,,,,,,,,,
-39.05144354,174.0951794,New Plymouth District,2018,property_damage,50,TRUE,straight,,fine,,daylight,giveway_sign,0,0,0,0,0,0,0,0,0,0,0,0,0,0,0,0,0,0,0,0
-39.05144354,174.0951794,New Plymouth District,2018,property_damage,50,TRUE,straight,,fine,,daylight,giveway_sign,0,0,0,0,,,,,,,,,,,,,,,,
-38.6526983,178.0007395,Gisborne District,2018,property_damage,50,TRUE,straight,,fine,,daylight,giveway_sign,0,0,0,0,0,0,0,0,0,0,0,0,0,0,0,0,0,0,0,0
-38.6526983,178.0007395,Gisborne District,2018,property_damage,50,TRUE,straight,,fine,,daylight,giveway_sign,0,0,0,0,,,,,,,,,,,,,,,,
-45.84082637,170.3666019,Dunedin City,2018,property_damage,80,TRUE,curved_view_open,,rain,,daylight,giveway_sign,0,0,0,0,0,0,0,0,0,0,0,0,0,0,0,0,0,0,0,0
-45.84082637,170.3666019,Dunedin City,2018,property_damage,80,TRUE,curved_view_open,,rain,,daylight,giveway_sign,0,0,0,0,,,,,,,,,,,,,,,,
-37.68266495,176.2260949,Tauranga City,2018,property_damage,50,TRUE,curved_view_open,,rain,,darkness_not_lit,traffic_lights,0,0,0,0,0,0,0,0,0,0,0,0,0,0,0,0,0,0,0,0
-37.68266495,176.2260949,Tauranga City,2018,property_damage,50,TRUE,curved_view_open,,rain,,darkness_not_lit,traffic_lights,0,0,0,0,,,,,,,,,,,,,,,,
-36.75867697,174.7345996,Auckland,2018,property_damage,100,FALSE,straight,,fine,,darkness_not_lit,,0,0,0,0,0,0,0,0,0,0,0,0,0,0,0,0,0,0,0,0
-36.75867697,174.7345996,Auckland,2018,property_damage,100,FALSE,straight,,fine,,darkness_not_lit,,0,0,0,0,,,,,,,,,,,,,,,,
-36.86827229,174.7694616,Auckland,2018,property_damage,80,FALSE,straight,,fine,,daylight,,0,0,0,0,0,0,0,0,0,0,0,0,0,0,0,0,0,0,0,0
-36.86827229,174.7694616,Auckland,2018,property_damage,80,FALSE,straight,,fine,,daylight,,0,0,0,0,,,,,,,,,,,,,,,,
-37.69274719,175.2066869,Waikato District,2018,property_damage,100,TRUE,straight,,rain,,daylight,stop_sign,0,0,0,0,0,0,0,0,0,0,0,0,0,0,0,0,0,0,0,0
-37.69274719,175.2066869,Waikato District,2018,property_damage,100,TRUE,straight,,rain,,daylight,stop_sign,0,0,0,0,,,,,,,,,,,,,,,,
-41.52242224,173.9574342,Marlborough District,2018,property_damage,50,TRUE,straight,,mist,,dawn_dusk,giveway_sign,0,0,0,0,0,0,0,0,0,0,0,0,0,0,0,0,0,0,0,0
-41.52242224,173.9574342,Marlborough District,2018,property_damage,50,TRUE,straight,,mist,,dawn_dusk,giveway_sign,0,0,0,0,,,,,,,,,,,,,,,,
-41.18820501,174.8315656,Wellington City,2018,property_damage,100,TRUE,curved_view_open,,fine,,darkness_not_lit,,0,0,0,0,0,0,0,0,0,0,0,0,0,0,0,0,0,0,0,0
-41.18820501,174.8315656,Wellington City,2018,property_damage,100,TRUE,curved_view_open,,fine,,darkness_not_lit,,0,0,0,0,,,,,,,,,,,,,,,,
-38.39633176,176.0336947,Taupo District,2018,property_damage,100,FALSE,straight,,fine,,daylight,,0,0,0,0,0,0,0,0,0,0,0,0,0,0,0,0,0,0,0,0
-38.39633176,176.0336947,Taupo District,2018,property_damage,100,FALSE,straight,,fine,,daylight,,0,0,0,0,,,,,,,,,,,,,,,,
-37.65403326,175.9963564,Western Bay Of Plenty District,2018,property_damage,100,TRUE,curved_view_open,,rain,,dawn_dusk,stop_sign,0,0,0,0,0,0,0,0,0,0,0,0,0,0,0,0,0,0,0,0
-37.65403326,175.9963564,Western Bay Of Plenty District,2018,property_damage,100,TRUE,curved_view_open,,rain,,dawn_dusk,stop_sign,0,0,0,0,,,,,,,,,,,,,,,,
-41.31232859,173.2346861,Nelson City,2018,property_damage,50,TRUE,straight,,rain,,daylight,traffic_lights,0,0,0,0,0,0,0,0,0,0,0,0,0,0,0,0,0,0,0,0
-41.31232859,173.2346861,Nelson City,2018,property_damage,50,TRUE,straight,,rain,,daylight,traffic_lights,0,0,0,0,,,,,,,,,,,,,,,,
-37.78860621,175.2607135,Hamilton City,2018,property_damage,50,FALSE,straight,,fine,,daylight,,0,0,0,0,0,0,0,0,0,0,0,0,0,0,0,0,0,0,0,0
-37.78860621,175.2607135,Hamilton City,2018,property_damage,50,FALSE,straight,,fine,,daylight,,0,0,0,0,,,,,,,,,,,,,,,,
-41.29845565,173.2438335,Nelson City,2018,property_damage,50,TRUE,curved_view_open,,fine,,daylight,giveway_sign,0,0,0,0,0,0,0,0,0,0,0,0,0,0,0,0,0,0,0,0
-41.29845565,173.2438335,Nelson City,2018,property_damage,50,TRUE,curved_view_open,,fine,,daylight,giveway_sign,0,0,0,0,,,,,,,,,,,,,,,,
-39.58333635,174.2842811,South Taranaki District,2018,property_damage,50,TRUE,straight,,fine,,daylight,,0,0,0,0,0,0,0,0,0,0,0,0,0,0,0,0,0,0,0,0
-39.58333635,174.2842811,South Taranaki District,2018,property_damage,50,TRUE,straight,,fine,,daylight,,0,0,0,0,,,,,,,,,,,,,,,,
-37.00244934,174.8867427,Auckland,2018,property_damage,50,FALSE,straight,,rain,,daylight,,0,0,0,0,0,0,0,0,0,0,0,0,0,0,0,0,0,0,0,0
-37.00244934,174.8867427,Auckland,2018,property_damage,50,FALSE,straight,,rain,,daylight,,0,0,0,0,,,,,,,,,,,,,,,,
-39.49683741,176.8739917,Napier City,2018,property_damage,50,TRUE,straight,,fine,,daylight,giveway_sign,0,0,0,0,0,0,0,0,0,0,0,0,0,0,0,0,0,0,0,0
-39.49683741,176.8739917,Napier City,2018,property_damage,50,TRUE,straight,,fine,,daylight,giveway_sign,0,0,0,0,,,,,,,,,,,,,,,,
-38.04625594,176.3299742,Rotorua District,2018,property_damage,70,FALSE,curved_view_open,,fine,,daylight,,0,0,0,0,0,0,0,0,0,0,0,0,0,0,0,0,0,0,0,0
-38.04625594,176.3299742,Rotorua District,2018,property_damage,70,FALSE,curved_view_open,,fine,,daylight,,0,0,0,0,,,,,,,,,,,,,,,,
-37.08351303,174.9347951,Auckland,2018,property_damage,100,FALSE,straight,,fine,,daylight,,0,0,0,0,0,0,0,0,0,0,0,0,0,0,0,0,0,0,0,0
-37.08351303,174.9347951,Auckland,2018,property_damage,100,FALSE,straight,,fine,,daylight,,0,0,0,0,,,,,,,,,,,,,,,,
-39.26099056,175.7344558,Taupo District,2018,property_damage,100,TRUE,curved_view_open,,fine,,darkness_not_lit,,0,0,0,0,0,0,0,0,0,0,0,0,0,0,0,0,0,0,0,0
-39.26099056,175.7344558,Taupo District,2018,property_damage,100,TRUE,curved_view_open,,fine,,darkness_not_lit,,0,0,0,0,,,,,,,,,,,,,,,,
-41.23351487,174.9040866,Hutt City,2018,property_damage,50,TRUE,straight,,fine,,daylight,giveway_sign,0,0,0,0,0,0,0,0,0,0,0,0,0,0,0,0,0,0,0,0
-41.23351487,174.9040866,Hutt City,2018,property_damage,50,TRUE,straight,,fine,,daylight,giveway_sign,0,0,0,0,,,,,,,,,,,,,,,,
-36.92478931,174.9356476,Auckland,2018,property_damage,80,FALSE,curved_view_open,,rain,,daylight,,0,0,0,0,0,0,0,0,0,0,0,0,0,0,0,0,0,0,0,0
-36.92478931,174.9356476,Auckland,2018,property_damage,80,FALSE,curved_view_open,,rain,,daylight,,0,0,0,0,,,,,,,,,,,,,,,,
-39.03774885,174.1465456,New Plymouth District,2018,property_damage,50,TRUE,straight,,fine,,darkness_not_lit,stop_sign,0,0,0,0,0,0,0,0,0,0,0,0,0,0,0,0,0,0,0,0
-39.03774885,174.1465456,New Plymouth District,2018,property_damage,50,TRUE,straight,,fine,,darkness_not_lit,stop_sign,0,0,0,0,,,,,,,,,,,,,,,,
-35.84053137,174.3367759,Whangarei District,2018,property_damage,100,FALSE,straight,,rain,,daylight,,0,0,0,0,0,0,0,0,0,0,0,0,0,0,0,0,0,0,0,0
-35.84053137,174.3367759,Whangarei District,2018,property_damage,100,FALSE,straight,,rain,,daylight,,0,0,0,0,,,,,,,,,,,,,,,,
-36.90450442,174.8126105,Auckland,2018,property_damage,100,FALSE,straight,,fine,,daylight,,0,0,0,0,0,0,0,0,0,0,0,0,0,0,0,0,0,0,0,0
-36.90450442,174.8126105,Auckland,2018,property_damage,100,FALSE,straight,,fine,,daylight,,0,0,0,0,,,,,,,,,,,,,,,,
-43.53203863,172.6328662,Christchurch City,2018,property_damage,50,TRUE,straight,,fine,,daylight,traffic_lights,0,0,0,0,0,0,0,0,0,0,0,0,0,0,0,0,0,0,0,0
-43.53203863,172.6328662,Christchurch City,2018,property_damage,50,TRUE,straight,,fine,,daylight,traffic_lights,0,0,0,0,,,,,,,,,,,,,,,,
-37.66507947,176.0150947,Western Bay Of Plenty District,2018,property_damage,100,TRUE,curved_view_open,,fine,,daylight,,0,0,0,0,0,0,0,0,0,0,0,0,0,0,0,0,0,0,0,0
-37.66507947,176.0150947,Western Bay Of Plenty District,2018,property_damage,100,TRUE,curved_view_open,,fine,,daylight,,0,0,0,0,,,,,,,,,,,,,,,,
-36.73803482,174.7191391,Auckland,2018,property_damage,100,FALSE,straight,,fine,,dawn_dusk,,0,0,0,0,0,0,0,0,0,0,0,0,0,0,0,0,0,0,0,0
-36.73803482,174.7191391,Auckland,2018,property_damage,100,FALSE,straight,,fine,,dawn_dusk,,0,0,0,0,,,,,,,,,,,,,,,,
-41.22283409,174.9066994,Hutt City,2018,property_damage,50,FALSE,straight,,fine,,darkness_not_lit,,0,0,0,0,0,0,0,0,0,0,0,0,0,0,0,0,0,0,0,0
-41.22283409,174.9066994,Hutt City,2018,property_damage,50,FALSE,straight,,fine,,darkness_not_lit,,0,0,0,0,,,,,,,,,,,,,,,,
-43.90596016,171.7495904,Ashburton District,2018,property_damage,50,TRUE,straight,,fine,,daylight,stop_sign,0,0,0,0,0,0,0,0,0,0,0,0,0,0,0,0,0,0,0,0
-43.90596016,171.7495904,Ashburton District,2018,property_damage,50,TRUE,straight,,fine,,daylight,stop_sign,0,0,0,0,,,,,,,,,,,,,,,,
-36.85938332,174.7531604,Auckland,2018,property_damage,50,FALSE,straight,,fine,,daylight,,0,0,0,0,0,0,0,0,0,0,0,0,0,0,0,0,0,0,0,0
-36.85938332,174.7531604,Auckland,2018,property_damage,50,FALSE,straight,,fine,,daylight,,0,0,0,0,,,,,,,,,,,,,,,,
-41.51352218,173.9596998,Marlborough District,2018,property_damage,30,TRUE,straight,,fine,,daylight,giveway_sign,0,0,0,0,0,0,0,0,0,0,0,0,0,0,0,0,0,0,0,0
-41.51352218,173.9596998,Marlborough District,2018,property_damage,30,TRUE,straight,,fine,,daylight,giveway_sign,0,0,0,0,,,,,,,,,,,,,,,,
-39.64261524,176.8494484,Hastings District,2018,property_damage,50,TRUE,straight,,fine,,daylight,giveway_sign,0,0,0,0,0,0,0,0,0,0,0,0,0,0,0,0,0,0,0,0
-39.64261524,176.8494484,Hastings District,2018,property_damage,50,TRUE,straight,,fine,,daylight,giveway_sign,0,0,0,0,,,,,,,,,,,,,,,,
-40.76106798,175.156977,Kapiti Coast District,2018,property_damage,50,FALSE,straight,,fine,,daylight,,0,0,0,0,0,0,0,0,0,0,0,0,0,0,0,0,0,0,0,0
-40.76106798,175.156977,Kapiti Coast District,2018,property_damage,50,FALSE,straight,,fine,,daylight,,0,0,0,0,,,,,,,,,,,,,,,,
-41.27262095,173.286983,Nelson City,2018,property_damage,50,TRUE,straight,,fine,,dawn_dusk,traffic_lights,0,0,0,0,0,0,0,0,0,0,0,0,0,0,0,0,0,0,0,0
-41.27262095,173.286983,Nelson City,2018,property_damage,50,TRUE,straight,,fine,,dawn_dusk,traffic_lights,0,0,0,0,,,,,,,,,,,,,,,,
-37.24770279,174.7692104,Waikato District,2018,property_damage,100,FALSE,curved_view_open,,rain,,daylight,,0,0,0,0,0,0,0,0,0,0,0,0,0,0,0,0,0,0,0,0
-37.24770279,174.7692104,Waikato District,2018,property_damage,100,FALSE,curved_view_open,,rain,,daylight,,0,0,0,0,,,,,,,,,,,,,,,,
-37.7950781,175.2606269,Hamilton City,2018,property_damage,60,FALSE,straight,,fine,,daylight,traffic_lights,0,0,0,0,0,0,0,0,0,0,0,0,0,0,0,0,0,0,0,0
-37.7950781,175.2606269,Hamilton City,2018,property_damage,60,FALSE,straight,,fine,,daylight,traffic_lights,0,0,0,0,,,,,,,,,,,,,,,,
-41.75342251,171.5982624,Buller District,2018,property_damage,50,TRUE,straight,,rain,,daylight,giveway_sign,0,0,0,0,0,0,0,0,0,0,0,0,0,0,0,0,0,0,0,0