latitude,longitude,local_government_area,year,severity,speed_limit,intersection,road_position_horizontal,road_wet,weather,crash_type,lighting,traffic_controls,casualties,fatalities,serious_injuries,minor_injuries,car_sedan,car_utility,car_van,car_4x4,car_station_wagon,motor_cycle,truck_small,truck_large,bus,taxi,bicycle,scooter,pedestrian,inanimate,train,tram
-41.75342251,171.5982624,Buller District,2018,property_damage,50,TRUE,straight,,rain,,daylight,giveway_sign,0,0,0,0,,,,,,,,,,,,,,,,
-39.54381412,176.8431614,Napier City,2018,property_damage,50,TRUE,straight,,fine,,darkness_not_lit,giveway_sign,0,0,0,0,0,0,0,0,0,0,0,0,0,0,0,0,0,0,0,0
-39.54381412,176.8431614,Napier City,2018,property_damage,50,TRUE,straight,,fine,,darkness_not_lit,giveway_sign,0,0,0,0,,,,,,,,,,,,,,,,
-35.27830905,174.08518,Far North District,2018,property_damage,50,FALSE,straight,,fine,,daylight,,0,0,0,0,0,0,0,0,0,0,0,0,0,0,0,0,0,0,0,0
-35.27830905,174.08518,Far North District,2018,property_damage,50,FALSE,straight,,fine,,daylight,,0,0,0,0,,,,,,,,,,,,,,,,
-37.38920705,175.6658166,Hauraki District,2018,property_damage,80,TRUE,curved_view_open,,fine,,daylight,giveway_sign,0,0,0,0,0,0,0,0,0,0,0,0,0,0,0,0,0,0,0,0
-37.38920705,175.6658166,Hauraki District,2018,property_damage,80,TRUE,curved_view_open,,fine,,daylight,giveway_sign,0,0,0,0,,,,,,,,,,,,,,,,
-43.52036083,172.5341833,Christchurch City,2018,property_damage,60,TRUE,straight,,fine,,daylight,traffic_lights,0,0,0,0,0,0,0,0,0,0,0,0,0,0,0,0,0,0,0,0
-43.52036083,172.5341833,Christchurch City,2018,property_damage,60,TRUE,straight,,fine,,daylight,traffic_lights,0,0,0,0,,,,,,,,,,,,,,,,
-41.53426531,173.9500088,Marlborough District,2018,property_damage,50,TRUE,straight,,fine,,darkness_not_lit,giveway_sign,0,0,0,0,0,0,0,0,0,0,0,0,0,0,0,0,0,0,0,0
-41.53426531,173.9500088,Marlborough District,2018,property_damage,50,TRUE,straight,,fine,,darkness_not_lit,giveway_sign,0,0,0,0,,,,,,,,,,,,,,,,
-45.89923232,170.4941865,Dunedin City,2018,property_damage,50,TRUE,straight,,fine,,daylight,stop_sign,0,0,0,0,0,0,0,0,0,0,0,0,0,0,0,0,0,0,0,0
-45.89923232,170.4941865,Dunedin City,2018,property_damage,50,TRUE,straight,,fine,,daylight,stop_sign,0,0,0,0,,,,,,,,,,,,,,,,
-45.01148962,168.7414237,Queenstown-Lakes District,2018,property_damage,80,TRUE,curved_view_open,,fine,,daylight,giveway_sign,0,0,0,0,0,0,0,0,0,0,0,0,0,0,0,0,0,0,0,0
-45.01148962,168.7414237,Queenstown-Lakes District,2018,property_damage,80,TRUE,curved_view_open,,fine,,daylight,giveway_sign,0,0,0,0,,,,,,,,,,,,,,,,
-36.86889911,174.7447511,Auckland,2018,property_damage,80,FALSE,curved_view_open,,rain,,dawn_dusk,,0,0,0,0,0,0,0,0,0,0,0,0,0,0,0,0,0,0,0,0
-36.86889911,174.7447511,Auckland,2018,property_damage,80,FALSE,curved_view_open,,rain,,dawn_dusk,,0,0,0,0,,,,,,,,,,,,,,,,
-37.72470946,176.2881279,Western Bay Of Plenty District,2018,property_damage,100,FALSE,curved_view_open,,fine,,daylight,,0,0,0,0,0,0,0,0,0,0,0,0,0,0,0,0,0,0,0,0
-37.72470946,176.2881279,Western Bay Of Plenty District,2018,property_damage,100,FALSE,curved_view_open,,fine,,daylight,,0,0,0,0,,,,,,,,,,,,,,,,
-39.00161315,174.2290281,New Plymouth District,2018,property_damage,50,TRUE,straight,,fine,,dawn_dusk,giveway_sign,0,0,0,0,0,0,0,0,0,0,0,0,0,0,0,0,0,0,0,0
-39.00161315,174.2290281,New Plymouth District,2018,property_damage,50,TRUE,straight,,fine,,dawn_dusk,giveway_sign,0,0,0,0,,,,,,,,,,,,,,,,
-43.53529964,172.4400183,Selwyn District,2018,property_damage,100,TRUE,straight,,fine,,daylight,stop_sign,0,0,0,0,0,0,0,0,0,0,0,0,0,0,0,0,0,0,0,0
-43.53529964,172.4400183,Selwyn District,2018,property_damage,100,TRUE,straight,,fine,,daylight,stop_sign,0,0,0,0,,,,,,,,,,,,,,,,
-36.87501199,174.7744526,Auckland,2018,property_damage,50,FALSE,straight,,fine,,daylight,,0,0,0,0,0,0,0,0,0,0,0,0,0,0,0,0,0,0,0,0
-36.87501199,174.7744526,Auckland,2018,property_damage,50,FALSE,straight,,fine,,daylight,,0,0,0,0,,,,,,,,,,,,,,,,
-37.10417282,174.9604363,Auckland,2018,property_damage,80,FALSE,curved_view_open,,rain,,dawn_dusk,,0,0,0,0,0,0,0,0,0,0,0,0,0,0,0,0,0,0,0,0
-37.10417282,174.9604363,Auckland,2018,property_damage,80,FALSE,curved_view_open,,rain,,dawn_dusk,,0,0,0,0,,,,,,,,,,,,,,,,
-38.45772144,176.0586205,Taupo District,2018,property_damage,100,FALSE,curved_view_open,,rain,,daylight,,0,0,0,0,0,0,0,0,0,0,0,0,0,0,0,0,0,0,0,0
-38.45772144,176.0586205,Taupo District,2018,property_damage,100,FALSE,curved_view_open,,rain,,daylight,,0,0,0,0,,,,,,,,,,,,,,,,
-37.3885289,175.6826424,Hauraki District,2018,property_damage,100,FALSE,straight,,rain,,daylight,,0,0,0,0,0,0,0,0,0,0,0,0,0,0,0,0,0,0,0,0
-37.3885289,175.6826424,Hauraki District,2018,property_damage,100,FALSE,straight,,rain,,daylight,,0,0,0,0,,,,,,,,,,,,,,,,
-35.17263546,173.4385685,Far North District,2018,property_damage,100,FALSE,curved_view_open,,rain,,daylight,,0,0,0,0,0,0,0,0,0,0,0,0,0,0,0,0,0,0,0,0
-35.17263546,173.4385685,Far North District,2018,property_damage,100,FALSE,curved_view_open,,rain,,daylight,,0,0,0,0,,,,,,,,,,,,,,,,
-37.93859266,177.5055929,Opotiki District,2018,property_damage,100,FALSE,curved_view_open,,rain,,daylight,,0,0,0,0,0,0,0,0,0,0,0,0,0,0,0,0,0,0,0,0
-37.93859266,177.5055929,Opotiki District,2018,property_damage,100,FALSE,curved_view_open,,rain,,daylight,,0,0,0,0,,,,,,,,,,,,,,,,
-37.53827918,175.9120766,Western Bay Of Plenty District,2018,property_damage,100,FALSE,curved_view_open,,rain,,daylight,,0,0,0,0,0,0,0,0,0,0,0,0,0,0,0,0,0,0,0,0
-37.53827918,175.9120766,Western Bay Of Plenty District,2018,property_damage,100,FALSE,curved_view_open,,rain,,daylight,,0,0,0,0,,,,,,,,,,,,,,,,
-35.481903,174.1249915,Far North District,2018,property_damage,100,FALSE,curved_view_open,,rain,,daylight,,0,0,0,0,0,0,0,0,0,0,0,0,0,0,0,0,0,0,0,0
-35.481903,174.1249915,Far North District,2018,property_damage,100,FALSE,curved_view_open,,rain,,daylight,,0,0,0,0,,,,,,,,,,,,,,,,
-43.53646217,172.5193804,Christchurch City,2018,property_damage,50,FALSE,curved_view_open,,fine,,daylight,,0,0,0,0,0,0,0,0,0,0,0,0,0,0,0,0,0,0,0,0
-43.53646217,172.5193804,Christchurch City,2018,property_damage,50,FALSE,curved_view_open,,fine,,daylight,,0,0,0,0,,,,,,,,,,,,,,,,
-38.15240502,176.2883087,Rotorua District,2018,property_damage,50,FALSE,straight,,fine,,daylight,,0,0,0,0,0,0,0,0,0,0,0,0,0,0,0,0,0,0,0,0
-38.15240502,176.2883087,Rotorua District,2018,property_damage,50,FALSE,straight,,fine,,daylight,,0,0,0,0,,,,,,,,,,,,,,,,
-42.59490627,172.518002,Hurunui District,2018,property_damage,100,FALSE,curved_view_open,,mist,,daylight,,0,0,0,0,0,0,0,0,0,0,0,0,0,0,0,0,0,0,0,0
-42.59490627,172.518002,Hurunui District,2018,property_damage,100,FALSE,curved_view_open,,mist,,daylight,,0,0,0,0,,,,,,,,,,,,,,,,
-38.08012494,175.18284,Otorohanga District,2018,property_damage,100,FALSE,curved_view_open,,fine,,daylight,,0,0,0,0,0,0,0,0,0,0,0,0,0,0,0,0,0,0,0,0
-38.08012494,175.18284,Otorohanga District,2018,property_damage,100,FALSE,curved_view_open,,fine,,daylight,,0,0,0,0,,,,,,,,,,,,,,,,
-37.29679769,174.9475454,Waikato District,2018,property_damage,100,FALSE,curved_view_open,,fine,,daylight,,0,0,0,0,0,0,0,0,0,0,0,0,0,0,0,0,0,0,0,0
-37.29679769,174.9475454,Waikato District,2018,property_damage,100,FALSE,curved_view_open,,fine,,daylight,,0,0,0,0,,,,,,,,,,,,,,,,
-37.2077626,175.8611482,Thames-Coromandel District,2018,property_damage,100,FALSE,curved_view_open,,fine,,daylight,,0,0,0,0,0,0,0,0,0,0,0,0,0,0,0,0,0,0,0,0
-37.2077626,175.8611482,Thames-Coromandel District,2018,property_damage,100,FALSE,curved_view_open,,fine,,daylight,,0,0,0,0,,,,,,,,,,,,,,,,
-37.67713873,175.6337252,Matamata-Piako District,2018,property_damage,100,FALSE,straight,,rain,,darkness_not_lit,,0,0,0,0,0,0,0,0,0,0,0,0,0,0,0,0,0,0,0,0
-37.67713873,175.6337252,Matamata-Piako District,2018,property_damage,100,FALSE,straight,,rain,,darkness_not_lit,,0,0,0,0,,,,,,,,,,,,,,,,
-37.8503176,176.4273889,Western Bay Of Plenty District,2018,property_damage,100,FALSE,curved_view_open,,fine,,darkness_not_lit,,0,0,0,0,0,0,0,0,0,0,0,0,0,0,0,0,0,0,0,0
-37.8503176,176.4273889,Western Bay Of Plenty District,2018,property_damage,100,FALSE,curved_view_open,,fine,,darkness_not_lit,,0,0,0,0,,,,,,,,,,,,,,,,
-36.99198,174.9174281,Auckland,2018,property_damage,60,FALSE,curved_view_open,,fine,,dawn_dusk,,0,0,0,0,0,0,0,0,0,0,0,0,0,0,0,0,0,0,0,0
-36.99198,174.9174281,Auckland,2018,property_damage,60,FALSE,curved_view_open,,fine,,dawn_dusk,,0,0,0,0,,,,,,,,,,,,,,,,
-46.36388715,168.018173,Southland District,2018,property_damage,50,TRUE,straight,,fine,,daylight,giveway_sign,0,0,0,0,0,0,0,0,0,0,0,0,0,0,0,0,0,0,0,0
-46.36388715,168.018173,Southland District,2018,property_damage,50,TRUE,straight,,fine,,daylight,giveway_sign,0,0,0,0,,,,,,,,,,,,,,,,
-37.19064889,175.5634657,Thames-Coromandel District,2018,property_damage,100,FALSE,straight,,fine,,daylight,,0,0,0,0,0,0,0,0,0,0,0,0,0,0,0,0,0,0,0,0
-37.19064889,175.5634657,Thames-Coromandel District,2018,property_damage,100,FALSE,straight,,fine,,daylight,,0,0,0,0,,,,,,,,,,,,,,,,
-35.01140237,173.5485345,Far North District,2018,property_damage,100,FALSE,curved_view_open,,fine,,daylight,,0,0,0,0,0,0,0,0,0,0,0,0,0,0,0,0,0,0,0,0
-35.01140237,173.5485345,Far North District,2018,property_damage,100,FALSE,curved_view_open,,fine,,daylight,,0,0,0,0,,,,,,,,,,,,,,,,
-39.64590929,176.826657,Hastings District,2018,property_damage,50,FALSE,straight,,fine,,daylight,,0,0,0,0,0,0,0,0,0,0,0,0,0,0,0,0,0,0,0,0
-39.64590929,176.826657,Hastings District,2018,property_damage,50,FALSE,straight,,fine,,daylight,,0,0,0,0,,,,,,,,,,,,,,,,
-43.48852678,172.6154572,Christchurch City,2018,property_damage,50,FALSE,straight,,fine,,daylight,,0,0,0,0,0,0,0,0,0,0,0,0,0,0,0,0,0,0,0,0
-43.48852678,172.6154572,Christchurch City,2018,property_damage,50,FALSE,straight,,fine,,daylight,,0,0,0,0,,,,,,,,,,,,,,,,
-44.87313645,168.0976909,Southland District,2018,property_damage,100,FALSE,curved_view_open,,fine,,daylight,,0,0,0,0,0,0,0,0,0,0,0,0,0,0,0,0,0,0,0,0
-44.87313645,168.0976909,Southland District,2018,property_damage,100,FALSE,curved_view_open,,fine,,daylight,,0,0,0,0,,,,,,,,,,,,,,,,
-36.72713636,174.7148313,Auckland,2018,property_damage,100,FALSE,straight,,rain,,daylight,,0,0,0,0,0,0,0,0,0,0,0,0,0,0,0,0,0,0,0,0
-36.72713636,174.7148313,Auckland,2018,property_damage,100,FALSE,straight,,rain,,daylight,,0,0,0,0,,,,,,,,,,,,,,,,
-42.38300516,173.4628202,Kaikoura District,2018,property_damage,100,FALSE,curved_view_open,,rain,,daylight,,0,0,0,0,0,0,0,0,0,0,0,0,0,0,0,0,0,0,0,0
-42.38300516,173.4628202,Kaikoura District,2018,property_damage,100,FALSE,curved_view_open,,rain,,daylight,,0,0,0,0,,,,,,,,,,,,,,,,
-45.0262163,168.6590775,Queenstown-Lakes District,2018,property_damage,50,TRUE,straight,,fine,,daylight,giveway_sign,0,0,0,0,0,0,0,0,0,0,0,0,0,0,0,0,0,0,0,0
-45.0262163,168.6590775,Queenstown-Lakes District,2018,property_damage,50,TRUE,straight,,fine,,daylight,giveway_sign,0,0,0,0,,,,,,,,,,,,,,,,
-35.67607889,174.2753107,Whangarei District,2018,property_damage,100,FALSE,straight,,rain,,darkness_not_lit,,0,0,0,0,0,0,0,0,0,0,0,0,0,0,0,0,0,0,0,0
-35.67607889,174.2753107,Whangarei District,2018,property_damage,100,FALSE,straight,,rain,,darkness_not_lit,,0,0,0,0,,,,,,,,,,,,,,,,
-45.65932761,168.2158751,Southland District,2018,property_damage,100,FALSE,curved_view_open,,rain,,daylight,,0,0,0,0,0,0,0,0,0,0,0,0,0,0,0,0,0,0,0,0
-45.65932761,168.2158751,Southland District,2018,property_damage,100,FALSE,curved_view_open,,rain,,daylight,,0,0,0,0,,,,,,,,,,,,,,,,
-35.72813405,174.1698627,Whangarei District,2018,property_damage,100,FALSE,curved_view_open,,fine,,darkness_not_lit,,0,0,0,0,0,0,0,0,0,0,0,0,0,0,0,0,0,0,0,0
-35.72813405,174.1698627,Whangarei District,2018,property_damage,100,FALSE,curved_view_open,,fine,,darkness_not_lit,,0,0,0,0,,,,,,,,,,,,,,,,
-37.23101319,174.8515767,Auckland,2018,property_damage,80,FALSE,straight,,fine,,daylight,,0,0,0,0,0,0,0,0,0,0,0,0,0,0,0,0,0,0,0,0
-37.23101319,174.8515767,Auckland,2018,property_damage,80,FALSE,straight,,fine,,daylight,,0,0,0,0,,,,,,,,,,,,,,,,
-42.57670422,171.1410526,Westland District,2018,property_damage,100,FALSE,straight,,fine,,daylight,,0,0,0,0,0,0,0,0,0,0,0,0,0,0,0,0,0,0,0,0
-42.57670422,171.1410526,Westland District,2018,property_damage,100,FALSE,straight,,fine,,daylight,,0,0,0,0,,,,,,,,,,,,,,,,
-45.00096027,168.76276,Queenstown-Lakes District,2018,property_damage,80,FALSE,straight,,fine,,daylight,,0,0,0,0,0,0,0,0,0,0,0,0,0,0,0,0,0,0,0,0
-45.00096027,168.76276,Queenstown-Lakes District,2018,property_damage,80,FALSE,straight,,fine,,daylight,,0,0,0,0,,,,,,,,,,,,,,,,
-41.27265956,173.2593188,Nelson City,2018,property_damage,50,FALSE,straight,,fine,,daylight,,0,0,0,0,0,0,0,0,0,0,0,0,0,0,0,0,0,0,0,0
-41.27265956,173.2593188,Nelson City,2018,property_damage,50,FALSE,straight,,fine,,daylight,,0,0,0,0,,,,,,,,,,,,,,,,
-38.21484705,176.2715592,Rotorua District,2018,property_damage,100,FALSE,straight,,fine,,daylight,,0,0,0,0,0,0,0,0,0,0,0,0,0,0,0,0,0,0,0,0
-38.21484705,176.2715592,Rotorua District,2018,property_damage,100,FALSE,straight,,fine,,daylight,,0,0,0,0,,,,,,,,,,,,,,,,
-46.09128504,168.9419536,Gore District,2018,property_damage,50,TRUE,straight,,rain,,darkness_not_lit,,0,0,0,0,0,0,0,0,0,0,0,0,0,0,0,0,0,0,0,0
-46.09128504,168.9419536,Gore District,2018,property_damage,50,TRUE,straight,,rain,,darkness_not_lit,,0,0,0,0,,,,,,,,,,,,,,,,
-43.28606738,170.315318,Westland District,2018,property_damage,100,FALSE,curved_view_open,,fine,,daylight,,0,0,0,0,0,0,0,0,0,0,0,0,0,0,0,0,0,0,0,0
-43.28606738,170.315318,Westland District,2018,property_damage,100,FALSE,curved_view_open,,fine,,daylight,,0,0,0,0,,,,,,,,,,,,,,,,
-41.77502502,171.4607117,Buller District,2018,property_damage,100,FALSE,straight,,fine,,daylight,,0,0,0,0,0,0,0,0,0,0,0,0,0,0,0,0,0,0,0,0
-41.77502502,171.4607117,Buller District,2018,property_damage,100,FALSE,straight,,fine,,daylight,,0,0,0,0,,,,,,,,,,,,,,,,
-36.87212199,174.7052894,Auckland,2018,property_damage,80,FALSE,straight,,fine,,daylight,,0,0,0,0,0,0,0,0,0,0,0,0,0,0,0,0,0,0,0,0
-36.87212199,174.7052894,Auckland,2018,property_damage,80,FALSE,straight,,fine,,daylight,,0,0,0,0,,,,,,,,,,,,,,,,
-39.14226026,174.2571582,New Plymouth District,2018,property_damage,100,FALSE,straight,,rain,,daylight,,0,0,0,0,0,0,0,0,0,0,0,0,0,0,0,0,0,0,0,0
-39.14226026,174.2571582,New Plymouth District,2018,property_damage,100,FALSE,straight,,rain,,daylight,,0,0,0,0,,,,,,,,,,,,,,,,
-46.16982762,168.5913573,Southland District,2018,property_damage,100,FALSE,curved_view_open,,rain,,daylight,,0,0,0,0,0,0,0,0,0,0,0,0,0,0,0,0,0,0,0,0
-46.16982762,168.5913573,Southland District,2018,property_damage,100,FALSE,curved_view_open,,rain,,daylight,,0,0,0,0,,,,,,,,,,,,,,,,
-42.32361915,172.1848726,Buller District,2018,property_damage,100,FALSE,straight,,fine,,daylight,,0,0,0,0,0,0,0,0,0,0,0,0,0,0,0,0,0,0,0,0
-42.32361915,172.1848726,Buller District,2018,property_damage,100,FALSE,straight,,fine,,daylight,,0,0,0,0,,,,,,,,,,,,,,,,
-44.97727018,168.8755085,Queenstown-Lakes District,2018,property_damage,100,TRUE,curved_view_open,,fine,,daylight,,0,0,0,0,0,0,0,0,0,0,0,0,0,0,0,0,0,0,0,0
-44.97727018,168.8755085,Queenstown-Lakes District,2018,property_damage,100,TRUE,curved_view_open,,fine,,daylight,,0,0,0,0,,,,,,,,,,,,,,,,
-45.40811973,167.7439974,Southland District,2018,property_damage,100,FALSE,straight,,mist,,daylight,,0,0,0,0,0,0,0,0,0,0,0,0,0,0,0,0,0,0,0,0
-45.40811973,167.7439974,Southland District,2018,property_damage,100,FALSE,straight,,mist,,daylight,,0,0,0,0,,,,,,,,,,,,,,,,
-39.03013787,174.1653115,New Plymouth District,2018,property_damage,80,FALSE,straight,,rain,,daylight,,0,0,0,0,0,0,0,0,0,0,0,0,0,0,0,0,0,0,0,0
-39.03013787,174.1653115,New Plymouth District,2018,property_damage,80,FALSE,straight,,rain,,daylight,,0,0,0,0,,,,,,,,,,,,,,,,
-39.19302534,174.1841509,New Plymouth District,2018,property_damage,100,FALSE,curved_view_open,,fine,,darkness_not_lit,,0,0,0,0,0,0,0,0,0,0,0,0,0,0,0,0,0,0,0,0
-39.19302534,174.1841509,New Plymouth District,2018,property_damage,100,FALSE,curved_view_open,,fine,,darkness_not_lit,,0,0,0,0,,,,,,,,,,,,,,,,
-37.23301458,174.8578703,Auckland,2018,property_damage,80,FALSE,straight,,rain,,daylight,,0,0,0,0,0,0,0,0,0,0,0,0,0,0,0,0,0,0,0,0
-37.23301458,174.8578703,Auckland,2018,property_damage,80,FALSE,straight,,rain,,daylight,,0,0,0,0,,,,,,,,,,,,,,,,
-36.46940023,174.5524188,Auckland,2018,property_damage,100,FALSE,curved_view_open,,fine,,daylight,,0,0,0,0,0,0,0,0,0,0,0,0,0,0,0,0,0,0,0,0
-36.46940023,174.5524188,Auckland,2018,property_damage,100,FALSE,curved_view_open,,fine,,daylight,,0,0,0,0,,,,,,,,,,,,,,,,
-36.85145913,175.4742057,Thames-Coromandel District,2018,property_damage,100,FALSE,straight,,fine,,daylight,,0,0,0,0,0,0,0,0,0,0,0,0,0,0,0,0,0,0,0,0
-36.85145913,175.4742057,Thames-Coromandel District,2018,property_damage,100,FALSE,straight,,fine,,daylight,,0,0,0,0,,,,,,,,,,,,,,,,
-41.21477269,173.3306174,Nelson City,2018,property_damage,100,FALSE,curved_view_open,,rain,,daylight,,0,0,0,0,0,0,0,0,0,0,0,0,0,0,0,0,0,0,0,0
-41.21477269,173.3306174,Nelson City,2018,property_damage,100,FALSE,curved_view_open,,rain,,daylight,,0,0,0,0,,,,,,,,,,,,,,,,
-40.2736267,176.2547725,Tararua District,2018,property_damage,100,FALSE,curved_view_open,,fine,,daylight,,0,0,0,0,0,0,0,0,0,0,0,0,0,0,0,0,0,0,0,0
-40.2736267,176.2547725,Tararua District,2018,property_damage,100,FALSE,curved_view_open,,fine,,daylight,,0,0,0,0,,,,,,,,,,,,,,,,
-36.95671385,174.8612423,Auckland,2018,property_damage,100,FALSE,straight,,rain,,darkness_not_lit,,0,0,0,0,0,0,0,0,0,0,0,0,0,0,0,0,0,0,0,0
-36.95671385,174.8612423,Auckland,2018,property_damage,100,FALSE,straight,,rain,,darkness_not_lit,,0,0,0,0,,,,,,,,,,,,,,,,
-37.87886773,175.9278558,Matamata-Piako District,2018,property_damage,100,FALSE,curved_view_open,,fine,,daylight,,0,0,0,0,0,0,0,0,0,0,0,0,0,0,0,0,0,0,0,0
-37.87886773,175.9278558,Matamata-Piako District,2018,property_damage,100,FALSE,curved_view_open,,fine,,daylight,,0,0,0,0,,,,,,,,,,,,,,,,
-42.52860067,171.3562821,Grey District,2018,property_damage,100,FALSE,curved_view_open,,fine,,dawn_dusk,,0,0,0,0,0,0,0,0,0,0,0,0,0,0,0,0,0,0,0,0
-42.52860067,171.3562821,Grey District,2018,property_damage,100,FALSE,curved_view_open,,fine,,dawn_dusk,,0,0,0,0,,,,,,,,,,,,,,,,
-42.6797164,171.5478783,Grey District,2018,property_damage,100,FALSE,curved_view_open,,fine,,daylight,,0,0,0,0,0,0,0,0,0,0,0,0,0,0,0,0,0,0,0,0
-42.6797164,171.5478783,Grey District,2018,property_damage,100,FALSE,curved_view_open,,fine,,daylight,,0,0,0,0,,,,,,,,,,,,,,,,
-37.61044857,175.9456531,Western Bay Of Plenty District,2018,property_damage,100,FALSE,curved_view_open,,fine,,darkness_not_lit,,0,0,0,0,0,0,0,0,0,0,0,0,0,0,0,0,0,0,0,0
-37.61044857,175.9456531,Western Bay Of Plenty District,2018,property_damage,100,FALSE,curved_view_open,,fine,,darkness_not_lit,,0,0,0,0,,,,,,,,,,,,,,,,
-43.8792375,170.1194799,Mackenzie District,2018,property_damage,100,FALSE,straight,,fine,,daylight,,0,0,0,0,0,0,0,0,0,0,0,0,0,0,0,0,0,0,0,0
-43.8792375,170.1194799,Mackenzie District,2018,property_damage,100,FALSE,straight,,fine,,daylight,,0,0,0,0,,,,,,,,,,,,,,,,
-41.26183749,174.7747728,Wellington City,2018,property_damage,50,TRUE,straight,,,,daylight,giveway_sign,0,0,0,0,0,0,0,0,0,0,0,0,0,0,0,0,0,0,0,0
-41.26183749,174.7747728,Wellington City,2018,property_damage,50,TRUE,straight,,,,daylight,giveway_sign,0,0,0,0,,,,,,,,,,,,,,,,
-38.8547666,176.0417877,Taupo District,2018,property_damage,100,FALSE,straight,,rain,,daylight,,0,0,0,0,0,0,0,0,0,0,0,0,0,0,0,0,0,0,0,0
-38.8547666,176.0417877,Taupo District,2018,property_damage,100,FALSE,straight,,rain,,daylight,,0,0,0,0,,,,,,,,,,,,,,,,
-40.47257454,175.4441549,Horowhenua District,2018,property_damage,100,FALSE,straight,,fine,,darkness_not_lit,,0,0,0,0,0,0,0,0,0,0,0,0,0,0,0,0,0,0,0,0
-40.47257454,175.4441549,Horowhenua District,2018,property_damage,100,FALSE,straight,,fine,,darkness_not_lit,,0,0,0,0,,,,,,,,,,,,,,,,
-46.23767439,168.842341,Gore District,2018,property_damage,100,FALSE,straight,,fine,,darkness_not_lit,,0,0,0,0,0,0,0,0,0,0,0,0,0,0,0,0,0,0,0,0
-46.23767439,168.842341,Gore District,2018,property_damage,100,FALSE,straight,,fine,,darkness_not_lit,,0,0,0,0,,,,,,,,,,,,,,,,
-36.97124344,174.8134734,Auckland,2018,property_damage,100,FALSE,straight,,rain,,darkness_not_lit,,0,0,0,0,0,0,0,0,0,0,0,0,0,0,0,0,0,0,0,0
-36.97124344,174.8134734,Auckland,2018,property_damage,100,FALSE,straight,,rain,,darkness_not_lit,,0,0,0,0,,,,,,,,,,,,,,,,
-38.84461247,174.5996864,New Plymouth District,2018,property_damage,100,FALSE,curved_view_open,,rain,,daylight,,0,0,0,0,0,0,0,0,0,0,0,0,0,0,0,0,0,0,0,0
-38.84461247,174.5996864,New Plymouth District,2018,property_damage,100,FALSE,curved_view_open,,rain,,daylight,,0,0,0,0,,,,,,,,,,,,,,,,
-36.92145171,174.7670079,Auckland,2018,property_damage,100,FALSE,straight,,fine,,daylight,,0,0,0,0,0,0,0,0,0,0,0,0,0,0,0,0,0,0,0,0
-36.92145171,174.7670079,Auckland,2018,property_damage,100,FALSE,straight,,fine,,daylight,,0,0,0,0,,,,,,,,,,,,,,,,
-36.87812445,174.7826924,Auckland,2018,property_damage,80,FALSE,straight,,fine,,daylight,,0,0,0,0,0,0,0,0,0,0,0,0,0,0,0,0,0,0,0,0
-36.87812445,174.7826924,Auckland,2018,property_damage,80,FALSE,straight,,fine,,daylight,,0,0,0,0,,,,,,,,,,,,,,,,
-44.69649655,169.1622201,Queenstown-Lakes District,2018,property_damage,80,FALSE,straight,,fine,,daylight,,0,0,0,0,0,0,0,0,0,0,0,0,0,0,0,0,0,0,0,0
-44.69649655,169.1622201,Queenstown-Lakes District,2018,property_damage,80,FALSE,straight,,fine,,daylight,,0,0,0,0,,,,,,,,,,,,,,,,
-36.9262636,174.7506607,Auckland,2018,property_damage,50,TRUE,straight,,fine,,daylight,,0,0,0,0,0,0,0,0,0,0,0,0,0,0,0,0,0,0,0,0
-36.9262636,174.7506607,Auckland,2018,property_damage,50,TRUE,straight,,fine,,daylight,,0,0,0,0,,,,,,,,,,,,,,,,
-35.9259859,173.8332746,Kaipara District,2018,property_damage,100,FALSE,curved_view_open,,fine,,darkness_not_lit,,0,0,0,0,0,0,0,0,0,0,0,0,0,0,0,0,0,0,0,0