latitude,longitude,local_government_area,year,severity,speed_limit,intersection,road_position_horizontal,road_wet,weather,crash_type,lighting,traffic_controls,casualties,fatalities,serious_injuries,minor_injuries,car_sedan,car_utility,car_van,car_4x4,car_station_wagon,motor_cycle,truck_small,truck_large,bus,taxi,bicycle,scooter,pedestrian,inanimate,train,tram
-35.9259859,173.8332746,Kaipara District,2018,property_damage,100,FALSE,curved_view_open,,fine,,darkness_not_lit,,0,0,0,0,,,,,,,,,,,,,,,,
-42.35897028,173.6762905,Kaikoura District,2018,property_damage,100,FALSE,straight,,fine,,daylight,,0,0,0,0,0,0,0,0,0,0,0,0,0,0,0,0,0,0,0,0
-42.35897028,173.6762905,Kaikoura District,2018,property_damage,100,FALSE,straight,,fine,,daylight,,0,0,0,0,,,,,,,,,,,,,,,,
-40.37363784,175.6242597,Palmerston North City,2018,property_damage,50,FALSE,straight,,,,daylight,,0,0,0,0,0,0,0,0,0,0,0,0,0,0,0,0,0,0,0,0
-40.37363784,175.6242597,Palmerston North City,2018,property_damage,50,FALSE,straight,,,,daylight,,0,0,0,0,,,,,,,,,,,,,,,,
-38.45319089,176.0585779,Taupo District,2018,property_damage,100,FALSE,curved_view_open,,fine,,daylight,,0,0,0,0,0,0,0,0,0,0,0,0,0,0,0,0,0,0,0,0
-38.45319089,176.0585779,Taupo District,2018,property_damage,100,FALSE,curved_view_open,,fine,,daylight,,0,0,0,0,,,,,,,,,,,,,,,,
-44.70373302,167.9708106,Southland District,2018,property_damage,80,FALSE,curved_view_open,,mist,,daylight,,0,0,0,0,0,0,0,0,0,0,0,0,0,0,0,0,0,0,0,0
-44.70373302,167.9708106,Southland District,2018,property_damage,80,FALSE,curved_view_open,,mist,,daylight,,0,0,0,0,,,,,,,,,,,,,,,,
-41.06772199,175.4752253,South Wairarapa District,2018,property_damage,100,FALSE,curved_view_open,,fine,,darkness_not_lit,,0,0,0,0,0,0,0,0,0,0,0,0,0,0,0,0,0,0,0,0
-41.06772199,175.4752253,South Wairarapa District,2018,property_damage,100,FALSE,curved_view_open,,fine,,darkness_not_lit,,0,0,0,0,,,,,,,,,,,,,,,,
-36.97526351,174.8444616,Auckland,2018,property_damage,50,FALSE,straight,,fine,,daylight,,0,0,0,0,0,0,0,0,0,0,0,0,0,0,0,0,0,0,0,0
-36.97526351,174.8444616,Auckland,2018,property_damage,50,FALSE,straight,,fine,,daylight,,0,0,0,0,,,,,,,,,,,,,,,,
-45.00897985,168.7450871,Queenstown-Lakes District,2018,property_damage,70,FALSE,straight,,fine,,daylight,giveway_sign,0,0,0,0,0,0,0,0,0,0,0,0,0,0,0,0,0,0,0,0
-45.00897985,168.7450871,Queenstown-Lakes District,2018,property_damage,70,FALSE,straight,,fine,,daylight,giveway_sign,0,0,0,0,,,,,,,,,,,,,,,,
-38.80269028,175.2208301,Ruapehu District,2018,property_damage,100,FALSE,straight,,fine,,daylight,,0,0,0,0,0,0,0,0,0,0,0,0,0,0,0,0,0,0,0,0
-38.80269028,175.2208301,Ruapehu District,2018,property_damage,100,FALSE,straight,,fine,,daylight,,0,0,0,0,,,,,,,,,,,,,,,,
-38.18401597,175.2125838,Otorohanga District,2018,property_damage,50,FALSE,straight,,fine,,daylight,,0,0,0,0,0,0,0,0,0,0,0,0,0,0,0,0,0,0,0,0
-38.18401597,175.2125838,Otorohanga District,2018,property_damage,50,FALSE,straight,,fine,,daylight,,0,0,0,0,,,,,,,,,,,,,,,,
-43.34171632,172.5460381,Waimakariri District,2018,property_damage,100,FALSE,straight,,fine,,darkness_not_lit,,0,0,0,0,0,0,0,0,0,0,0,0,0,0,0,0,0,0,0,0
-43.34171632,172.5460381,Waimakariri District,2018,property_damage,100,FALSE,straight,,fine,,darkness_not_lit,,0,0,0,0,,,,,,,,,,,,,,,,
-36.87226481,174.7009845,Auckland,2018,property_damage,100,FALSE,straight,,fine,,daylight,,0,0,0,0,0,0,0,0,0,0,0,0,0,0,0,0,0,0,0,0
-36.87226481,174.7009845,Auckland,2018,property_damage,100,FALSE,straight,,fine,,daylight,,0,0,0,0,,,,,,,,,,,,,,,,
-37.79324045,175.7651437,Matamata-Piako District,2018,property_damage,100,FALSE,straight,,fine,,daylight,,0,0,0,0,0,0,0,0,0,0,0,0,0,0,0,0,0,0,0,0
-37.79324045,175.7651437,Matamata-Piako District,2018,property_damage,100,FALSE,straight,,fine,,daylight,,0,0,0,0,,,,,,,,,,,,,,,,
-36.84518148,174.7523202,Auckland,2018,property_damage,80,FALSE,straight,,fine,,daylight,,0,0,0,0,0,0,0,0,0,0,0,0,0,0,0,0,0,0,0,0
-36.84518148,174.7523202,Auckland,2018,property_damage,80,FALSE,straight,,fine,,daylight,,0,0,0,0,,,,,,,,,,,,,,,,
-38.94336654,176.247296,Taupo District,2018,property_damage,30,FALSE,curved_view_open,,fine,,dawn_dusk,,0,0,0,0,0,0,0,0,0,0,0,0,0,0,0,0,0,0,0,0
-38.94336654,176.247296,Taupo District,2018,property_damage,30,FALSE,curved_view_open,,fine,,dawn_dusk,,0,0,0,0,,,,,,,,,,,,,,,,
-36.92762829,174.8491284,Auckland,2018,property_damage,100,FALSE,straight,,fine,,daylight,,0,0,0,0,0,0,0,0,0,0,0,0,0,0,0,0,0,0,0,0
-36.92762829,174.8491284,Auckland,2018,property_damage,100,FALSE,straight,,fine,,daylight,,0,0,0,0,,,,,,,,,,,,,,,,
-36.61263177,174.675752,Auckland,2018,property_damage,50,TRUE,straight,,fine,,daylight,giveway_sign,0,0,0,0,0,0,0,0,0,0,0,0,0,0,0,0,0,0,0,0
-36.61263177,174.675752,Auckland,2018,property_damage,50,TRUE,straight,,fine,,daylight,giveway_sign,0,0,0,0,,,,,,,,,,,,,,,,
-36.89372934,174.8093369,Auckland,2018,property_damage,50,FALSE,straight,,fine,,dawn_dusk,,0,0,0,0,0,0,0,0,0,0,0,0,0,0,0,0,0,0,0,0
-36.89372934,174.8093369,Auckland,2018,property_damage,50,FALSE,straight,,fine,,dawn_dusk,,0,0,0,0,,,,,,,,,,,,,,,,
-37.7961263,175.2524823,Hamilton City,2018,property_damage,50,TRUE,straight,,fine,,daylight,giveway_sign,0,0,0,0,0,0,0,0,0,0,0,0,0,0,0,0,0,0,0,0
-37.7961263,175.2524823,Hamilton City,2018,property_damage,50,TRUE,straight,,fine,,daylight,giveway_sign,0,0,0,0,,,,,,,,,,,,,,,,
-37.33557975,175.6754414,Hauraki District,2018,property_damage,100,FALSE,straight,,rain,,daylight,,0,0,0,0,0,0,0,0,0,0,0,0,0,0,0,0,0,0,0,0
-37.33557975,175.6754414,Hauraki District,2018,property_damage,100,FALSE,straight,,rain,,daylight,,0,0,0,0,,,,,,,,,,,,,,,,
-37.7930612,175.3065449,Hamilton City,2018,property_damage,60,FALSE,straight,,,,daylight,,0,0,0,0,0,0,0,0,0,0,0,0,0,0,0,0,0,0,0,0
-37.7930612,175.3065449,Hamilton City,2018,property_damage,60,FALSE,straight,,,,daylight,,0,0,0,0,,,,,,,,,,,,,,,,
-38.01199461,175.937851,South Waikato District,2018,property_damage,100,FALSE,curved_view_open,,fine,,daylight,,0,0,0,0,0,0,0,0,0,0,0,0,0,0,0,0,0,0,0,0
-38.01199461,175.937851,South Waikato District,2018,property_damage,100,FALSE,curved_view_open,,fine,,daylight,,0,0,0,0,,,,,,,,,,,,,,,,
-40.03525582,176.2566297,Central Hawkes Bay District,2018,property_damage,100,FALSE,straight,,fine,,daylight,,0,0,0,0,0,0,0,0,0,0,0,0,0,0,0,0,0,0,0,0
-40.03525582,176.2566297,Central Hawkes Bay District,2018,property_damage,100,FALSE,straight,,fine,,daylight,,0,0,0,0,,,,,,,,,,,,,,,,
-43.29329978,171.7211909,Selwyn District,2018,property_damage,100,FALSE,curved_view_open,,fine,,daylight,,0,0,0,0,0,0,0,0,0,0,0,0,0,0,0,0,0,0,0,0
-43.29329978,171.7211909,Selwyn District,2018,property_damage,100,FALSE,curved_view_open,,fine,,daylight,,0,0,0,0,,,,,,,,,,,,,,,,
-40.3760006,175.7984398,Tararua District,2018,property_damage,100,FALSE,curved_view_open,,fine,,darkness_not_lit,,0,0,0,0,0,0,0,0,0,0,0,0,0,0,0,0,0,0,0,0
-40.3760006,175.7984398,Tararua District,2018,property_damage,100,FALSE,curved_view_open,,fine,,darkness_not_lit,,0,0,0,0,,,,,,,,,,,,,,,,
-38.65263795,177.9154857,Gisborne District,2018,property_damage,100,TRUE,curved_view_open,,fine,,daylight,giveway_sign,0,0,0,0,0,0,0,0,0,0,0,0,0,0,0,0,0,0,0,0
-38.65263795,177.9154857,Gisborne District,2018,property_damage,100,TRUE,curved_view_open,,fine,,daylight,giveway_sign,0,0,0,0,,,,,,,,,,,,,,,,
-45.93323912,167.7060971,Southland District,2018,property_damage,100,FALSE,curved_view_open,,fine,,daylight,,0,0,0,0,0,0,0,0,0,0,0,0,0,0,0,0,0,0,0,0
-45.93323912,167.7060971,Southland District,2018,property_damage,100,FALSE,curved_view_open,,fine,,daylight,,0,0,0,0,,,,,,,,,,,,,,,,
-46.05986485,168.8225528,Southland District,2018,property_damage,100,FALSE,curved_view_open,,fine,,darkness_not_lit,,0,0,0,0,0,0,0,0,0,0,0,0,0,0,0,0,0,0,0,0
-46.05986485,168.8225528,Southland District,2018,property_damage,100,FALSE,curved_view_open,,fine,,darkness_not_lit,,0,0,0,0,,,,,,,,,,,,,,,,
-41.34849239,173.1629272,Tasman District,2018,property_damage,70,FALSE,straight,,fine,,darkness_not_lit,,0,0,0,0,0,0,0,0,0,0,0,0,0,0,0,0,0,0,0,0
-41.34849239,173.1629272,Tasman District,2018,property_damage,70,FALSE,straight,,fine,,darkness_not_lit,,0,0,0,0,,,,,,,,,,,,,,,,
-43.51496014,171.7588572,Selwyn District,2018,property_damage,100,FALSE,curved_view_open,,fine,,daylight,,0,0,0,0,0,0,0,0,0,0,0,0,0,0,0,0,0,0,0,0
-43.51496014,171.7588572,Selwyn District,2018,property_damage,100,FALSE,curved_view_open,,fine,,daylight,,0,0,0,0,,,,,,,,,,,,,,,,
-39.50303009,176.8749173,Napier City,2018,property_damage,100,FALSE,straight,,fine,,daylight,,0,0,0,0,0,0,0,0,0,0,0,0,0,0,0,0,0,0,0,0
-39.50303009,176.8749173,Napier City,2018,property_damage,100,FALSE,straight,,fine,,daylight,,0,0,0,0,,,,,,,,,,,,,,,,
-39.0090617,174.236179,New Plymouth District,2018,property_damage,100,FALSE,straight,,rain,,daylight,,0,0,0,0,0,0,0,0,0,0,0,0,0,0,0,0,0,0,0,0
-39.0090617,174.236179,New Plymouth District,2018,property_damage,100,FALSE,straight,,rain,,daylight,,0,0,0,0,,,,,,,,,,,,,,,,
-38.00881008,175.4944076,Waipa District,2018,property_damage,100,FALSE,curved_view_open,,fine,,darkness_not_lit,,0,0,0,0,0,0,0,0,0,0,0,0,0,0,0,0,0,0,0,0
-38.00881008,175.4944076,Waipa District,2018,property_damage,100,FALSE,curved_view_open,,fine,,darkness_not_lit,,0,0,0,0,,,,,,,,,,,,,,,,
-37.24277503,174.7257034,Auckland,2018,property_damage,50,FALSE,straight,,fine,,darkness_not_lit,,0,0,0,0,0,0,0,0,0,0,0,0,0,0,0,0,0,0,0,0
-37.24277503,174.7257034,Auckland,2018,property_damage,50,FALSE,straight,,fine,,darkness_not_lit,,0,0,0,0,,,,,,,,,,,,,,,,
-40.36003545,175.6083769,Palmerston North City,2018,property_damage,50,FALSE,straight,,fine,,daylight,,0,0,0,0,0,0,0,0,0,0,0,0,0,0,0,0,0,0,0,0
-40.36003545,175.6083769,Palmerston North City,2018,property_damage,50,FALSE,straight,,fine,,daylight,,0,0,0,0,,,,,,,,,,,,,,,,
-45.8495989,168.6297209,Southland District,2018,property_damage,100,FALSE,straight,,fine,,darkness_not_lit,,0,0,0,0,0,0,0,0,0,0,0,0,0,0,0,0,0,0,0,0
-45.8495989,168.6297209,Southland District,2018,property_damage,100,FALSE,straight,,fine,,darkness_not_lit,,0,0,0,0,,,,,,,,,,,,,,,,
-42.39395929,173.4049699,Kaikoura District,2018,property_damage,100,FALSE,curved_view_open,,rain,,darkness_not_lit,,0,0,0,0,0,0,0,0,0,0,0,0,0,0,0,0,0,0,0,0
-42.39395929,173.4049699,Kaikoura District,2018,property_damage,100,FALSE,curved_view_open,,rain,,darkness_not_lit,,0,0,0,0,,,,,,,,,,,,,,,,
-45.04735504,168.6233553,Queenstown-Lakes District,2018,property_damage,100,FALSE,curved_view_open,,fine,,darkness_not_lit,,0,0,0,0,0,0,0,0,0,0,0,0,0,0,0,0,0,0,0,0
-45.04735504,168.6233553,Queenstown-Lakes District,2018,property_damage,100,FALSE,curved_view_open,,fine,,darkness_not_lit,,0,0,0,0,,,,,,,,,,,,,,,,
-36.94680681,174.8561613,Auckland,2018,property_damage,100,FALSE,straight,,fine,,daylight,,0,0,0,0,0,0,0,0,0,0,0,0,0,0,0,0,0,0,0,0
-36.94680681,174.8561613,Auckland,2018,property_damage,100,FALSE,straight,,fine,,daylight,,0,0,0,0,,,,,,,,,,,,,,,,
-37.00217635,174.9289442,Auckland,2018,property_damage,80,FALSE,straight,,fine,,darkness_not_lit,,0,0,0,0,0,0,0,0,0,0,0,0,0,0,0,0,0,0,0,0
-37.00217635,174.9289442,Auckland,2018,property_damage,80,FALSE,straight,,fine,,darkness_not_lit,,0,0,0,0,,,,,,,,,,,,,,,,
-45.51341603,167.7814356,Southland District,2018,property_damage,100,FALSE,curved_view_open,,snow,,darkness_not_lit,,0,0,0,0,0,0,0,0,0,0,0,0,0,0,0,0,0,0,0,0
-45.51341603,167.7814356,Southland District,2018,property_damage,100,FALSE,curved_view_open,,snow,,darkness_not_lit,,0,0,0,0,,,,,,,,,,,,,,,,
-36.84501631,174.7604471,Auckland,2018,property_damage,50,FALSE,straight,,rain,,darkness_not_lit,,0,0,0,0,0,0,0,0,0,0,0,0,0,0,0,0,0,0,0,0
-36.84501631,174.7604471,Auckland,2018,property_damage,50,FALSE,straight,,rain,,darkness_not_lit,,0,0,0,0,,,,,,,,,,,,,,,,
-36.0239277,174.4230671,Whangarei District,2018,property_damage,100,FALSE,curved_view_open,,fine,,darkness_not_lit,,0,0,0,0,0,0,0,0,0,0,0,0,0,0,0,0,0,0,0,0
-36.0239277,174.4230671,Whangarei District,2018,property_damage,100,FALSE,curved_view_open,,fine,,darkness_not_lit,,0,0,0,0,,,,,,,,,,,,,,,,
-36.9194436,174.8410504,Auckland,2018,property_damage,100,FALSE,straight,,rain,,darkness_not_lit,,0,0,0,0,0,0,0,0,0,0,0,0,0,0,0,0,0,0,0,0
-36.9194436,174.8410504,Auckland,2018,property_damage,100,FALSE,straight,,rain,,darkness_not_lit,,0,0,0,0,,,,,,,,,,,,,,,,
-36.79483118,174.7578743,Auckland,2018,property_damage,100,FALSE,straight,,rain,,daylight,,0,0,0,0,0,0,0,0,0,0,0,0,0,0,0,0,0,0,0,0
-36.79483118,174.7578743,Auckland,2018,property_damage,100,FALSE,straight,,rain,,daylight,,0,0,0,0,,,,,,,,,,,,,,,,
-35.47032865,173.5485474,Far North District,2018,property_damage,100,FALSE,straight,,fine,,daylight,,0,0,0,0,0,0,0,0,0,0,0,0,0,0,0,0,0,0,0,0
-35.47032865,173.5485474,Far North District,2018,property_damage,100,FALSE,straight,,fine,,daylight,,0,0,0,0,,,,,,,,,,,,,,,,
-45.93370636,167.7056913,Southland District,2018,property_damage,100,FALSE,curved_view_open,,fine,,daylight,,0,0,0,0,0,0,0,0,0,0,0,0,0,0,0,0,0,0,0,0
-45.93370636,167.7056913,Southland District,2018,property_damage,100,FALSE,curved_view_open,,fine,,daylight,,0,0,0,0,,,,,,,,,,,,,,,,
-36.79439076,174.7571806,Auckland,2018,property_damage,100,FALSE,straight,,rain,,darkness_not_lit,,0,0,0,0,0,0,0,0,0,0,0,0,0,0,0,0,0,0,0,0
-36.79439076,174.7571806,Auckland,2018,property_damage,100,FALSE,straight,,rain,,darkness_not_lit,,0,0,0,0,,,,,,,,,,,,,,,,
-46.34863048,168.3894489,Southland District,2018,property_damage,100,FALSE,straight,,fine,,darkness_not_lit,,0,0,0,0,0,0,0,0,0,0,0,0,0,0,0,0,0,0,0,0
-46.34863048,168.3894489,Southland District,2018,property_damage,100,FALSE,straight,,fine,,darkness_not_lit,,0,0,0,0,,,,,,,,,,,,,,,,
-36.95352531,174.8127611,Auckland,2018,property_damage,50,FALSE,straight,,fine,,daylight,,0,0,0,0,0,0,0,0,0,0,0,0,0,0,0,0,0,0,0,0
-36.95352531,174.8127611,Auckland,2018,property_damage,50,FALSE,straight,,fine,,daylight,,0,0,0,0,,,,,,,,,,,,,,,,
-44.96086857,168.7230645,Queenstown-Lakes District,2018,property_damage,100,FALSE,straight,,fine,,darkness_not_lit,,0,0,0,0,0,0,0,0,0,0,0,0,0,0,0,0,0,0,0,0
-44.96086857,168.7230645,Queenstown-Lakes District,2018,property_damage,100,FALSE,straight,,fine,,darkness_not_lit,,0,0,0,0,,,,,,,,,,,,,,,,
-46.23602045,169.7492764,Clutha District,2018,property_damage,50,FALSE,curved_view_open,,fine,,daylight,,0,0,0,0,0,0,0,0,0,0,0,0,0,0,0,0,0,0,0,0
-46.23602045,169.7492764,Clutha District,2018,property_damage,50,FALSE,curved_view_open,,fine,,daylight,,0,0,0,0,,,,,,,,,,,,,,,,
-44.03125455,170.5008146,Mackenzie District,2018,property_damage,100,FALSE,straight,,fine,,daylight,,0,0,0,0,0,0,0,0,0,0,0,0,0,0,0,0,0,0,0,0
-44.03125455,170.5008146,Mackenzie District,2018,property_damage,100,FALSE,straight,,fine,,daylight,,0,0,0,0,,,,,,,,,,,,,,,,
-41.2861134,174.7764337,Wellington City,2018,property_damage,50,FALSE,straight,,fine,,daylight,,0,0,0,0,0,0,0,0,0,0,0,0,0,0,0,0,0,0,0,0
-41.2861134,174.7764337,Wellington City,2018,property_damage,50,FALSE,straight,,fine,,daylight,,0,0,0,0,,,,,,,,,,,,,,,,
-43.99114402,169.4078143,Westland District,2018,property_damage,100,FALSE,curved_view_open,,fine,,darkness_not_lit,,0,0,0,0,0,0,0,0,0,0,0,0,0,0,0,0,0,0,0,0
-43.99114402,169.4078143,Westland District,2018,property_damage,100,FALSE,curved_view_open,,fine,,darkness_not_lit,,0,0,0,0,,,,,,,,,,,,,,,,
-45.01398066,168.6661208,Queenstown-Lakes District,2018,property_damage,80,FALSE,straight,,snow,,daylight,,0,0,0,0,0,0,0,0,0,0,0,0,0,0,0,0,0,0,0,0
-45.01398066,168.6661208,Queenstown-Lakes District,2018,property_damage,80,FALSE,straight,,snow,,daylight,,0,0,0,0,,,,,,,,,,,,,,,,
-44.90476911,168.4151115,Queenstown-Lakes District,2018,property_damage,100,FALSE,curved_view_open,,fine,,daylight,,0,0,0,0,0,0,0,0,0,0,0,0,0,0,0,0,0,0,0,0
-44.90476911,168.4151115,Queenstown-Lakes District,2018,property_damage,100,FALSE,curved_view_open,,fine,,daylight,,0,0,0,0,,,,,,,,,,,,,,,,
-39.19149522,175.5329425,Ruapehu District,2018,property_damage,100,FALSE,curved_view_open,,snow,,daylight,,0,0,0,0,0,0,0,0,0,0,0,0,0,0,0,0,0,0,0,0
-39.19149522,175.5329425,Ruapehu District,2018,property_damage,100,FALSE,curved_view_open,,snow,,daylight,,0,0,0,0,,,,,,,,,,,,,,,,
-39.91868197,175.1114659,Wanganui District,2018,property_damage,100,FALSE,curved_view_open,,mist,,darkness_not_lit,,0,0,0,0,0,0,0,0,0,0,0,0,0,0,0,0,0,0,0,0
-39.91868197,175.1114659,Wanganui District,2018,property_damage,100,FALSE,curved_view_open,,mist,,darkness_not_lit,,0,0,0,0,,,,,,,,,,,,,,,,
-37.9782033,177.4269612,Opotiki District,2018,property_damage,100,FALSE,curved_view_open,,fine,,daylight,,0,0,0,0,0,0,0,0,0,0,0,0,0,0,0,0,0,0,0,0
-37.9782033,177.4269612,Opotiki District,2018,property_damage,100,FALSE,curved_view_open,,fine,,daylight,,0,0,0,0,,,,,,,,,,,,,,,,
-35.40999752,173.7950758,Far North District,2018,property_damage,50,FALSE,straight,,fine,,darkness_not_lit,,0,0,0,0,0,0,0,0,0,0,0,0,0,0,0,0,0,0,0,0
-35.40999752,173.7950758,Far North District,2018,property_damage,50,FALSE,straight,,fine,,darkness_not_lit,,0,0,0,0,,,,,,,,,,,,,,,,
-37.93655544,176.7040103,Whakatane District,2018,property_damage,100,FALSE,curved_view_open,,rain,,daylight,,0,0,0,0,0,0,0,0,0,0,0,0,0,0,0,0,0,0,0,0
-37.93655544,176.7040103,Whakatane District,2018,property_damage,100,FALSE,curved_view_open,,rain,,daylight,,0,0,0,0,,,,,,,,,,,,,,,,
-38.39323162,175.7158498,Taupo District,2018,property_damage,100,FALSE,straight,,mist,,darkness_not_lit,,0,0,0,0,0,0,0,0,0,0,0,0,0,0,0,0,0,0,0,0
-38.39323162,175.7158498,Taupo District,2018,property_damage,100,FALSE,straight,,mist,,darkness_not_lit,,0,0,0,0,,,,,,,,,,,,,,,,
-43.1115852,171.7745621,Selwyn District,2018,property_damage,100,FALSE,straight,,fine,,darkness_not_lit,,0,0,0,0,0,0,0,0,0,0,0,0,0,0,0,0,0,0,0,0
-43.1115852,171.7745621,Selwyn District,2018,property_damage,100,FALSE,straight,,fine,,darkness_not_lit,,0,0,0,0,,,,,,,,,,,,,,,,
-37.80789754,175.2813828,Hamilton City,2018,property_damage,50,FALSE,straight,,fine,,daylight,,0,0,0,0,0,0,0,0,0,0,0,0,0,0,0,0,0,0,0,0
-37.80789754,175.2813828,Hamilton City,2018,property_damage,50,FALSE,straight,,fine,,daylight,,0,0,0,0,,,,,,,,,,,,,,,,
-39.62031253,176.8671236,Hastings District,2018,property_damage,80,FALSE,straight,,fine,,daylight,,0,0,0,0,0,0,0,0,0,0,0,0,0,0,0,0,0,0,0,0
-39.62031253,176.8671236,Hastings District,2018,property_damage,80,FALSE,straight,,fine,,daylight,,0,0,0,0,,,,,,,,,,,,,,,,
-36.90953463,174.7340817,Auckland,2018,property_damage,80,FALSE,straight,,fine,,daylight,,0,0,0,0,0,0,0,0,0,0,0,0,0,0,0,0,0,0,0,0
-36.90953463,174.7340817,Auckland,2018,property_damage,80,FALSE,straight,,fine,,daylight,,0,0,0,0,,,,,,,,,,,,,,,,
-42.37666077,171.4886731,Grey District,2018,property_damage,100,FALSE,straight,,rain,,daylight,,0,0,0,0,0,0,0,0,0,0,0,0,0,0,0,0,0,0,0,0
-42.37666077,171.4886731,Grey District,2018,property_damage,100,FALSE,straight,,rain,,daylight,,0,0,0,0,,,,,,,,,,,,,,,,
-37.59109038,175.472713,Matamata-Piako District,2018,property_damage,100,FALSE,straight,,rain,,daylight,,0,0,0,0,0,0,0,0,0,0,0,0,0,0,0,0,0,0,0,0
-37.59109038,175.472713,Matamata-Piako District,2018,property_damage,100,FALSE,straight,,rain,,daylight,,0,0,0,0,,,,,,,,,,,,,,,,
-40.22543697,175.5662674,Manawatu District,2018,property_damage,50,TRUE,straight,,fine,,daylight,giveway_sign,0,0,0,0,0,0,0,0,0,0,0,0,0,0,0,0,0,0,0,0
-40.22543697,175.5662674,Manawatu District,2018,property_damage,50,TRUE,straight,,fine,,daylight,giveway_sign,0,0,0,0,,,,,,,,,,,,,,,,
-39.6075742,176.8362914,Hastings District,2018,property_damage,100,FALSE,straight,,fine,,daylight,,0,0,0,0,0,0,0,0,0,0,0,0,0,0,0,0,0,0,0,0
-39.6075742,176.8362914,Hastings District,2018,property_damage,100,FALSE,straight,,fine,,daylight,,0,0,0,0,,,,,,,,,,,,,,,,
-41.12151352,174.8819055,Porirua City,2018,property_damage,50,FALSE,curved_view_open,,rain,,daylight,,0,0,0,0,0,0,0,0,0,0,0,0,0,0,0,0,0,0,0,0
-41.12151352,174.8819055,Porirua City,2018,property_damage,50,FALSE,curved_view_open,,rain,,daylight,,0,0,0,0,,,,,,,,,,,,,,,,
-40.09145024,175.2760227,Rangitikei District,2018,property_damage,100,FALSE,straight,,rain,,daylight,,0,0,0,0,0,0,0,0,0,0,0,0,0,0,0,0,0,0,0,0
-40.09145024,175.2760227,Rangitikei District,2018,property_damage,100,FALSE,straight,,rain,,daylight,,0,0,0,0,,,,,,,,,,,,,,,,
-45.02133795,169.2053436,Central Otago District,2018,property_damage,100,FALSE,straight,,fine,,daylight,,0,0,0,0,0,0,0,0,0,0,0,0,0,0,0,0,0,0,0,0
-45.02133795,169.2053436,Central Otago District,2018,property_damage,100,FALSE,straight,,fine,,daylight,,0,0,0,0,,,,,,,,,,,,,,,,
-44.97468615,169.2370118,Central Otago District,2018,property_damage,100,FALSE,straight,,fine,,daylight,,0,0,0,0,0,0,0,0,0,0,0,0,0,0,0,0,0,0,0,0
-44.97468615,169.2370118,Central Otago District,2018,property_damage,100,FALSE,straight,,fine,,daylight,,0,0,0,0,,,,,,,,,,,,,,,,
-39.63092573,176.820542,Hastings District,2018,property_damage,50,FALSE,curved_view_open,,fine,,darkness_not_lit,,0,0,0,0,0,0,0,0,0,0,0,0,0,0,0,0,0,0,0,0
-39.63092573,176.820542,Hastings District,2018,property_damage,50,FALSE,curved_view_open,,fine,,darkness_not_lit,,0,0,0,0,,,,,,,,,,,,,,,,
-45.00967156,168.744084,Queenstown-Lakes District,2018,property_damage,80,FALSE,straight,,fine,,darkness_not_lit,giveway_sign,0,0,0,0,0,0,0,0,0,0,0,0,0,0,0,0,0,0,0,0
-45.00967156,168.744084,Queenstown-Lakes District,2018,property_damage,80,FALSE,straight,,fine,,darkness_not_lit,giveway_sign,0,0,0,0,,,,,,,,,,,,,,,,
-38.68713933,176.1050621,Taupo District,2018,property_damage,50,FALSE,straight,,fine,,daylight,,0,0,0,0,0,0,0,0,0,0,0,0,0,0,0,0,0,0,0,0
-38.68713933,176.1050621,Taupo District,2018,property_damage,50,FALSE,straight,,fine,,daylight,,0,0,0,0,,,,,,,,,,,,,,,,
-36.86112787,174.7509905,Auckland,2018,property_damage,50,TRUE,straight,,fine,,daylight,,0,0,0,0,0,0,0,0,0,0,0,0,0,0,0,0,0,0,0,0
-36.86112787,174.7509905,Auckland,2018,property_damage,50,TRUE,straight,,fine,,daylight,,0,0,0,0,,,,,,,,,,,,,,,,