latitude,longitude,local_government_area,year,severity,speed_limit,intersection,road_position_horizontal,road_wet,weather,crash_type,lighting,traffic_controls,casualties,fatalities,serious_injuries,minor_injuries,car_sedan,car_utility,car_van,car_4x4,car_station_wagon,motor_cycle,truck_small,truck_large,bus,taxi,bicycle,scooter,pedestrian,inanimate,train,tram
-36.82751765,174.7478583,Auckland,2018,property_damage,80,FALSE,straight,,fine,,darkness_not_lit,,0,0,0,0,0,0,0,0,0,0,0,0,0,0,0,0,0,0,0,0
-36.82751765,174.7478583,Auckland,2018,property_damage,80,FALSE,straight,,fine,,darkness_not_lit,,0,0,0,0,,,,,,,,,,,,,,,,
-36.944055,174.7918075,Auckland,2018,property_damage,100,FALSE,straight,,fine,,daylight,,0,0,0,0,0,0,0,0,0,0,0,0,0,0,0,0,0,0,0,0
-36.944055,174.7918075,Auckland,2018,property_damage,100,FALSE,straight,,fine,,daylight,,0,0,0,0,,,,,,,,,,,,,,,,
-43.42689476,172.6470428,Christchurch City,2018,property_damage,100,FALSE,curved_view_open,,fine,,daylight,,0,0,0,0,0,0,0,0,0,0,0,0,0,0,0,0,0,0,0,0
-43.42689476,172.6470428,Christchurch City,2018,property_damage,100,FALSE,curved_view_open,,fine,,daylight,,0,0,0,0,,,,,,,,,,,,,,,,
-36.85836555,174.9030917,Auckland,2018,property_damage,50,FALSE,curved_view_open,,rain,,darkness_not_lit,,0,0,0,0,0,0,0,0,0,0,0,0,0,0,0,0,0,0,0,0
-36.85836555,174.9030917,Auckland,2018,property_damage,50,FALSE,curved_view_open,,rain,,darkness_not_lit,,0,0,0,0,,,,,,,,,,,,,,,,
-41.29989881,174.7790652,Wellington City,2018,property_damage,50,FALSE,curved_view_open,,fine,,daylight,,0,0,0,0,0,0,0,0,0,0,0,0,0,0,0,0,0,0,0,0
-41.29989881,174.7790652,Wellington City,2018,property_damage,50,FALSE,curved_view_open,,fine,,daylight,,0,0,0,0,,,,,,,,,,,,,,,,
-37.03010071,174.8901809,Auckland,2018,property_damage,50,FALSE,straight,,fine,,darkness_not_lit,,0,0,0,0,0,0,0,0,0,0,0,0,0,0,0,0,0,0,0,0
-37.03010071,174.8901809,Auckland,2018,property_damage,50,FALSE,straight,,fine,,darkness_not_lit,,0,0,0,0,,,,,,,,,,,,,,,,
-38.05471909,176.4413879,Rotorua District,2018,property_damage,100,FALSE,straight,,fine,,daylight,,0,0,0,0,0,0,0,0,0,0,0,0,0,0,0,0,0,0,0,0
-38.05471909,176.4413879,Rotorua District,2018,property_damage,100,FALSE,straight,,fine,,daylight,,0,0,0,0,,,,,,,,,,,,,,,,
-45.86647415,170.6193579,Dunedin City,2018,property_damage,100,FALSE,curved_view_open,,fine,,daylight,,0,0,0,0,0,0,0,0,0,0,0,0,0,0,0,0,0,0,0,0
-45.86647415,170.6193579,Dunedin City,2018,property_damage,100,FALSE,curved_view_open,,fine,,daylight,,0,0,0,0,,,,,,,,,,,,,,,,
-37.97020408,175.7537213,South Waikato District,2018,property_damage,100,FALSE,curved_view_open,,rain,,darkness_not_lit,,0,0,0,0,0,0,0,0,0,0,0,0,0,0,0,0,0,0,0,0
-37.97020408,175.7537213,South Waikato District,2018,property_damage,100,FALSE,curved_view_open,,rain,,darkness_not_lit,,0,0,0,0,,,,,,,,,,,,,,,,
-37.26451737,174.9577531,Waikato District,2018,property_damage,70,FALSE,straight,,fine,,daylight,,0,0,0,0,0,0,0,0,0,0,0,0,0,0,0,0,0,0,0,0
-37.26451737,174.9577531,Waikato District,2018,property_damage,70,FALSE,straight,,fine,,daylight,,0,0,0,0,,,,,,,,,,,,,,,,
-39.06131215,174.0246084,New Plymouth District,2018,property_damage,50,FALSE,straight,,fine,,darkness_not_lit,,0,0,0,0,0,0,0,0,0,0,0,0,0,0,0,0,0,0,0,0
-39.06131215,174.0246084,New Plymouth District,2018,property_damage,50,FALSE,straight,,fine,,darkness_not_lit,,0,0,0,0,,,,,,,,,,,,,,,,
-36.78896309,174.6581131,Auckland,2018,property_damage,100,FALSE,straight,,fine,,darkness_not_lit,,0,0,0,0,0,0,0,0,0,0,0,0,0,0,0,0,0,0,0,0
-36.78896309,174.6581131,Auckland,2018,property_damage,100,FALSE,straight,,fine,,darkness_not_lit,,0,0,0,0,,,,,,,,,,,,,,,,
-43.75261882,172.9418059,Christchurch City,2018,property_damage,70,TRUE,curved_view_open,,fine,,daylight,giveway_sign,0,0,0,0,0,0,0,0,0,0,0,0,0,0,0,0,0,0,0,0
-43.75261882,172.9418059,Christchurch City,2018,property_damage,70,TRUE,curved_view_open,,fine,,daylight,giveway_sign,0,0,0,0,,,,,,,,,,,,,,,,
-42.72771804,170.9599416,Westland District,2018,property_damage,100,FALSE,straight,,rain,,daylight,,0,0,0,0,0,0,0,0,0,0,0,0,0,0,0,0,0,0,0,0
-42.72771804,170.9599416,Westland District,2018,property_damage,100,FALSE,straight,,rain,,daylight,,0,0,0,0,,,,,,,,,,,,,,,,
-37.78687277,176.3336929,Western Bay Of Plenty District,2018,property_damage,50,FALSE,curved_view_open,,fine,,daylight,,0,0,0,0,0,0,0,0,0,0,0,0,0,0,0,0,0,0,0,0
-37.78687277,176.3336929,Western Bay Of Plenty District,2018,property_damage,50,FALSE,curved_view_open,,fine,,daylight,,0,0,0,0,,,,,,,,,,,,,,,,
-36.67973542,174.446493,Auckland,2018,property_damage,70,FALSE,curved_view_open,,rain,,daylight,,0,0,0,0,0,0,0,0,0,0,0,0,0,0,0,0,0,0,0,0
-36.67973542,174.446493,Auckland,2018,property_damage,70,FALSE,curved_view_open,,rain,,daylight,,0,0,0,0,,,,,,,,,,,,,,,,
-40.36340085,175.6657723,Palmerston North City,2018,property_damage,80,FALSE,curved_view_open,,fine,,daylight,,0,0,0,0,0,0,0,0,0,0,0,0,0,0,0,0,0,0,0,0
-40.36340085,175.6657723,Palmerston North City,2018,property_damage,80,FALSE,curved_view_open,,fine,,daylight,,0,0,0,0,,,,,,,,,,,,,,,,
-35.37237257,173.8720187,Far North District,2018,property_damage,50,FALSE,curved_view_open,,fine,,daylight,,0,0,0,0,0,0,0,0,0,0,0,0,0,0,0,0,0,0,0,0
-35.37237257,173.8720187,Far North District,2018,property_damage,50,FALSE,curved_view_open,,fine,,daylight,,0,0,0,0,,,,,,,,,,,,,,,,
-41.05362835,172.9631218,Tasman District,2018,property_damage,100,FALSE,curved_view_open,,fine,,darkness_not_lit,,0,0,0,0,0,0,0,0,0,0,0,0,0,0,0,0,0,0,0,0
-41.05362835,172.9631218,Tasman District,2018,property_damage,100,FALSE,curved_view_open,,fine,,darkness_not_lit,,0,0,0,0,,,,,,,,,,,,,,,,
-43.5207963,172.6426477,Christchurch City,2018,minor_injury,50,TRUE,straight,,fine,,daylight,traffic_lights,1,0,0,1,0,0,0,0,0,0,0,0,0,0,0,0,0,0,0,0
-43.5207963,172.6426477,Christchurch City,2018,minor_injury,50,TRUE,straight,,fine,,daylight,traffic_lights,1,0,0,1,,,,,,,,,,,,,,,,
-39.59333979,174.2783518,South Taranaki District,2018,minor_injury,50,TRUE,straight,,fine,,daylight,,1,0,0,1,0,0,0,0,0,0,0,0,0,0,0,0,0,0,0,0
-39.59333979,174.2783518,South Taranaki District,2018,minor_injury,50,TRUE,straight,,fine,,daylight,,1,0,0,1,,,,,,,,,,,,,,,,
-37.78055979,175.2493755,Hamilton City,2018,minor_injury,50,TRUE,straight,,fine,,darkness_not_lit,traffic_lights,1,0,0,1,0,0,0,0,0,0,0,0,0,0,0,0,0,0,0,0
-37.78055979,175.2493755,Hamilton City,2018,minor_injury,50,TRUE,straight,,fine,,darkness_not_lit,traffic_lights,1,0,0,1,,,,,,,,,,,,,,,,
-36.97401227,174.9916001,Auckland,2018,minor_injury,100,TRUE,curved_view_open,,fine,,daylight,stop_sign,1,0,0,1,0,0,0,0,0,0,0,0,0,0,0,0,0,0,0,0
-36.97401227,174.9916001,Auckland,2018,minor_injury,100,TRUE,curved_view_open,,fine,,daylight,stop_sign,1,0,0,1,,,,,,,,,,,,,,,,
-36.97401227,174.9916001,Auckland,2018,minor_injury,100,TRUE,curved_view_open,,fine,,daylight,stop_sign,1,0,0,1,0,0,0,0,0,0,0,0,0,0,0,0,0,0,0,0
-36.97401227,174.9916001,Auckland,2018,minor_injury,100,TRUE,curved_view_open,,fine,,daylight,stop_sign,1,0,0,1,,,,,,,,,,,,,,,,
-38.66833207,178.0391911,Gisborne District,2018,minor_injury,50,TRUE,straight,,fine,,daylight,giveway_sign,1,0,0,1,0,0,0,0,0,0,0,0,0,0,0,0,0,0,0,0
-38.66833207,178.0391911,Gisborne District,2018,minor_injury,50,TRUE,straight,,fine,,daylight,giveway_sign,1,0,0,1,,,,,,,,,,,,,,,,
-38.05486691,176.7385117,Whakatane District,2018,minor_injury,100,FALSE,curved_view_open,,rain,,daylight,,1,0,0,1,0,0,0,0,0,0,0,0,0,0,0,0,0,0,0,0
-38.05486691,176.7385117,Whakatane District,2018,minor_injury,100,FALSE,curved_view_open,,rain,,daylight,,1,0,0,1,,,,,,,,,,,,,,,,
-40.36909398,175.6618513,Palmerston North City,2018,minor_injury,80,TRUE,curved_view_open,,fine,,daylight,giveway_sign,1,0,0,1,0,0,0,0,0,0,0,0,0,0,0,0,0,0,0,0
-40.36909398,175.6618513,Palmerston North City,2018,minor_injury,80,TRUE,curved_view_open,,fine,,daylight,giveway_sign,1,0,0,1,,,,,,,,,,,,,,,,
-43.64102287,172.2466404,Selwyn District,2018,minor_injury,100,TRUE,straight,,fine,,daylight,stop_sign,1,0,0,1,0,0,0,0,0,0,0,0,0,0,0,0,0,0,0,0
-43.64102287,172.2466404,Selwyn District,2018,minor_injury,100,TRUE,straight,,fine,,daylight,stop_sign,1,0,0,1,,,,,,,,,,,,,,,,
-37.66770126,176.1534842,Tauranga City,2018,minor_injury,50,TRUE,straight,,rain,,daylight,giveway_sign,1,0,0,1,0,0,0,0,0,0,0,0,0,0,0,0,0,0,0,0
-37.66770126,176.1534842,Tauranga City,2018,minor_injury,50,TRUE,straight,,rain,,daylight,giveway_sign,1,0,0,1,,,,,,,,,,,,,,,,
-40.13414049,175.4588215,Manawatu District,2018,minor_injury,100,FALSE,curved_view_open,,rain,,darkness_not_lit,,1,0,0,1,0,0,0,0,0,0,0,0,0,0,0,0,0,0,0,0
-40.13414049,175.4588215,Manawatu District,2018,minor_injury,100,FALSE,curved_view_open,,rain,,darkness_not_lit,,1,0,0,1,,,,,,,,,,,,,,,,
-41.15331331,174.9784023,Hutt City,2018,minor_injury,100,TRUE,curved_view_open,,fine,,darkness_not_lit,stop_sign,1,0,0,1,0,0,0,0,0,0,0,0,0,0,0,0,0,0,0,0
-41.15331331,174.9784023,Hutt City,2018,minor_injury,100,TRUE,curved_view_open,,fine,,darkness_not_lit,stop_sign,1,0,0,1,,,,,,,,,,,,,,,,
-46.08765293,169.0241579,Gore District,2018,minor_injury,100,TRUE,curved_view_open,,rain,,darkness_not_lit,giveway_sign,1,0,0,1,0,0,0,0,0,0,0,0,0,0,0,0,0,0,0,0
-46.08765293,169.0241579,Gore District,2018,minor_injury,100,TRUE,curved_view_open,,rain,,darkness_not_lit,giveway_sign,1,0,0,1,,,,,,,,,,,,,,,,
-41.26662928,173.2765463,Nelson City,2018,minor_injury,50,TRUE,straight,,fine,,daylight,,1,0,0,1,0,0,0,0,0,0,0,0,0,0,0,0,0,0,0,0
-41.26662928,173.2765463,Nelson City,2018,minor_injury,50,TRUE,straight,,fine,,daylight,,1,0,0,1,,,,,,,,,,,,,,,,
-40.44612441,175.2963438,Horowhenua District,2018,minor_injury,100,FALSE,straight,,rain,,daylight,,1,0,0,1,0,0,0,0,0,0,0,0,0,0,0,0,0,0,0,0
-40.44612441,175.2963438,Horowhenua District,2018,minor_injury,100,FALSE,straight,,rain,,daylight,,1,0,0,1,,,,,,,,,,,,,,,,
-37.78632328,176.4169354,Western Bay Of Plenty District,2018,minor_injury,100,FALSE,curved_view_open,,rain,,darkness_not_lit,,1,0,0,1,0,0,0,0,0,0,0,0,0,0,0,0,0,0,0,0
-37.78632328,176.4169354,Western Bay Of Plenty District,2018,minor_injury,100,FALSE,curved_view_open,,rain,,darkness_not_lit,,1,0,0,1,,,,,,,,,,,,,,,,
-36.62343375,174.6671628,Auckland,2018,minor_injury,70,TRUE,straight,,fine,,daylight,traffic_lights,1,0,0,1,0,0,0,0,0,0,0,0,0,0,0,0,0,0,0,0
-36.62343375,174.6671628,Auckland,2018,minor_injury,70,TRUE,straight,,fine,,daylight,traffic_lights,1,0,0,1,,,,,,,,,,,,,,,,
-36.99969502,174.9252295,Auckland,2018,minor_injury,80,FALSE,curved_view_open,,fine,,daylight,,1,0,0,1,0,0,0,0,0,0,0,0,0,0,0,0,0,0,0,0
-36.99969502,174.9252295,Auckland,2018,minor_injury,80,FALSE,curved_view_open,,fine,,daylight,,1,0,0,1,,,,,,,,,,,,,,,,
-36.94186188,174.5954947,Auckland,2018,minor_injury,100,FALSE,curved_view_open,,rain,,daylight,,1,0,0,1,0,0,0,0,0,0,0,0,0,0,0,0,0,0,0,0
-36.94186188,174.5954947,Auckland,2018,minor_injury,100,FALSE,curved_view_open,,rain,,daylight,,1,0,0,1,,,,,,,,,,,,,,,,
-43.72486741,170.1403016,Mackenzie District,2018,minor_injury,60,FALSE,curved_view_open,,fine,,daylight,,1,0,0,1,0,0,0,0,0,0,0,0,0,0,0,0,0,0,0,0
-43.72486741,170.1403016,Mackenzie District,2018,minor_injury,60,FALSE,curved_view_open,,fine,,daylight,,1,0,0,1,,,,,,,,,,,,,,,,
-41.44245536,173.7796551,Marlborough District,2018,minor_injury,100,FALSE,straight,,fine,,daylight,,1,0,0,1,0,0,0,0,0,0,0,0,0,0,0,0,0,0,0,0
-41.44245536,173.7796551,Marlborough District,2018,minor_injury,100,FALSE,straight,,fine,,daylight,,1,0,0,1,,,,,,,,,,,,,,,,
-44.49577204,169.9195471,Waitaki District,2018,minor_injury,100,FALSE,straight,,fine,,daylight,,1,0,0,1,0,0,0,0,0,0,0,0,0,0,0,0,0,0,0,0
-44.49577204,169.9195471,Waitaki District,2018,minor_injury,100,FALSE,straight,,fine,,daylight,,1,0,0,1,,,,,,,,,,,,,,,,
-39.48020812,175.669045,Ruapehu District,2018,minor_injury,70,TRUE,straight,,fine,,daylight,giveway_sign,1,0,0,1,0,0,0,0,0,0,0,0,0,0,0,0,0,0,0,0
-39.48020812,175.669045,Ruapehu District,2018,minor_injury,70,TRUE,straight,,fine,,daylight,giveway_sign,1,0,0,1,,,,,,,,,,,,,,,,
-45.61811649,169.9283316,Dunedin City,2018,minor_injury,100,FALSE,curved_view_open,,fine,,darkness_not_lit,,1,0,0,1,0,0,0,0,0,0,0,0,0,0,0,0,0,0,0,0
-45.61811649,169.9283316,Dunedin City,2018,minor_injury,100,FALSE,curved_view_open,,fine,,darkness_not_lit,,1,0,0,1,,,,,,,,,,,,,,,,
-34.98393014,173.3802247,Far North District,2018,minor_injury,100,FALSE,straight,,fine,,daylight,,1,0,0,1,0,0,0,0,0,0,0,0,0,0,0,0,0,0,0,0
-34.98393014,173.3802247,Far North District,2018,minor_injury,100,FALSE,straight,,fine,,daylight,,1,0,0,1,,,,,,,,,,,,,,,,
-39.49802248,176.8543527,Napier City,2018,minor_injury,100,FALSE,curved_view_open,,fine,,daylight,,1,0,0,1,0,0,0,0,0,0,0,0,0,0,0,0,0,0,0,0
-39.49802248,176.8543527,Napier City,2018,minor_injury,100,FALSE,curved_view_open,,fine,,daylight,,1,0,0,1,,,,,,,,,,,,,,,,
-38.03077918,175.804824,South Waikato District,2018,minor_injury,100,FALSE,curved_view_open,,fine,,dawn_dusk,,1,0,0,1,0,0,0,0,0,0,0,0,0,0,0,0,0,0,0,0
-38.03077918,175.804824,South Waikato District,2018,minor_injury,100,FALSE,curved_view_open,,fine,,dawn_dusk,,1,0,0,1,,,,,,,,,,,,,,,,
-39.03688123,175.6271613,Ruapehu District,2018,minor_injury,100,FALSE,straight,,fine,,daylight,,1,0,0,1,0,0,0,0,0,0,0,0,0,0,0,0,0,0,0,0
-39.03688123,175.6271613,Ruapehu District,2018,minor_injury,100,FALSE,straight,,fine,,daylight,,1,0,0,1,,,,,,,,,,,,,,,,
-36.80921906,174.7564995,Auckland,2018,minor_injury,100,FALSE,straight,,fine,,daylight,,1,0,0,1,0,0,0,0,0,0,0,0,0,0,0,0,0,0,0,0
-36.80921906,174.7564995,Auckland,2018,minor_injury,100,FALSE,straight,,fine,,daylight,,1,0,0,1,,,,,,,,,,,,,,,,
-43.55072874,172.520307,Christchurch City,2018,minor_injury,50,FALSE,straight,,fine,,daylight,,1,0,0,1,0,0,0,0,0,0,0,0,0,0,0,0,0,0,0,0
-43.55072874,172.520307,Christchurch City,2018,minor_injury,50,FALSE,straight,,fine,,daylight,,1,0,0,1,,,,,,,,,,,,,,,,
-43.73606521,170.1319455,Mackenzie District,2018,minor_injury,70,FALSE,straight,,rain,,daylight,,1,0,0,1,0,0,0,0,0,0,0,0,0,0,0,0,0,0,0,0
-43.73606521,170.1319455,Mackenzie District,2018,minor_injury,70,FALSE,straight,,rain,,daylight,,1,0,0,1,,,,,,,,,,,,,,,,
-35.84955123,174.488222,Whangarei District,2018,minor_injury,30,FALSE,straight,,fine,,daylight,,1,0,0,1,0,0,0,0,0,0,0,0,0,0,0,0,0,0,0,0
-35.84955123,174.488222,Whangarei District,2018,minor_injury,30,FALSE,straight,,fine,,daylight,,1,0,0,1,,,,,,,,,,,,,,,,
-38.54347511,175.6942486,Taupo District,2018,minor_injury,100,FALSE,curved_view_open,,rain,,daylight,,1,0,0,1,0,0,0,0,0,0,0,0,0,0,0,0,0,0,0,0
-38.54347511,175.6942486,Taupo District,2018,minor_injury,100,FALSE,curved_view_open,,rain,,daylight,,1,0,0,1,,,,,,,,,,,,,,,,
-45.01182585,168.9227334,Queenstown-Lakes District,2018,minor_injury,100,FALSE,curved_view_open,,fine,,darkness_not_lit,,1,0,0,1,0,0,0,0,0,0,0,0,0,0,0,0,0,0,0,0
-45.01182585,168.9227334,Queenstown-Lakes District,2018,minor_injury,100,FALSE,curved_view_open,,fine,,darkness_not_lit,,1,0,0,1,,,,,,,,,,,,,,,,
-41.10592353,174.8900463,Porirua City,2018,minor_injury,80,FALSE,curved_view_open,,fine,,daylight,,1,0,0,1,0,0,0,0,0,0,0,0,0,0,0,0,0,0,0,0
-41.10592353,174.8900463,Porirua City,2018,minor_injury,80,FALSE,curved_view_open,,fine,,daylight,,1,0,0,1,,,,,,,,,,,,,,,,
-37.66267955,176.1870913,Tauranga City,2018,minor_injury,60,FALSE,straight,,fine,,daylight,,1,0,0,1,0,0,0,0,0,0,0,0,0,0,0,0,0,0,0,0
-37.66267955,176.1870913,Tauranga City,2018,minor_injury,60,FALSE,straight,,fine,,daylight,,1,0,0,1,,,,,,,,,,,,,,,,
-38.63086359,177.8257497,Gisborne District,2018,minor_injury,100,FALSE,straight,,fine,,darkness_not_lit,,1,0,0,1,0,0,0,0,0,0,0,0,0,0,0,0,0,0,0,0
-38.63086359,177.8257497,Gisborne District,2018,minor_injury,100,FALSE,straight,,fine,,darkness_not_lit,,1,0,0,1,,,,,,,,,,,,,,,,
-36.88567423,174.6113018,Auckland,2018,minor_injury,50,FALSE,curved_view_open,,fine,,darkness_not_lit,,1,0,0,1,0,0,0,0,0,0,0,0,0,0,0,0,0,0,0,0
-36.88567423,174.6113018,Auckland,2018,minor_injury,50,FALSE,curved_view_open,,fine,,darkness_not_lit,,1,0,0,1,,,,,,,,,,,,,,,,
-36.92202251,174.7680202,Auckland,2018,minor_injury,100,FALSE,straight,,fine,,daylight,,1,0,0,1,0,0,0,0,0,0,0,0,0,0,0,0,0,0,0,0
-36.92202251,174.7680202,Auckland,2018,minor_injury,100,FALSE,straight,,fine,,daylight,,1,0,0,1,,,,,,,,,,,,,,,,
-37.6497929,176.1945061,Tauranga City,2018,minor_injury,50,TRUE,straight,,fine,,daylight,giveway_sign,1,0,0,1,0,0,0,0,0,0,0,0,0,0,0,0,0,0,0,0
-37.6497929,176.1945061,Tauranga City,2018,minor_injury,50,TRUE,straight,,fine,,daylight,giveway_sign,1,0,0,1,,,,,,,,,,,,,,,,
-41.43054054,172.8418827,Tasman District,2018,minor_injury,100,FALSE,curved_view_open,,fine,,daylight,,1,0,0,1,0,0,0,0,0,0,0,0,0,0,0,0,0,0,0,0
-41.43054054,172.8418827,Tasman District,2018,minor_injury,100,FALSE,curved_view_open,,fine,,daylight,,1,0,0,1,,,,,,,,,,,,,,,,
-39.62981082,176.8480038,Hastings District,2018,minor_injury,50,TRUE,straight,,fine,,daylight,,1,0,0,1,0,0,0,0,0,0,0,0,0,0,0,0,0,0,0,0
-39.62981082,176.8480038,Hastings District,2018,minor_injury,50,TRUE,straight,,fine,,daylight,,1,0,0,1,,,,,,,,,,,,,,,,
-36.12223863,174.0143486,Kaipara District,2018,minor_injury,100,FALSE,straight,,fine,,daylight,,1,0,0,1,0,0,0,0,0,0,0,0,0,0,0,0,0,0,0,0
-36.12223863,174.0143486,Kaipara District,2018,minor_injury,100,FALSE,straight,,fine,,daylight,,1,0,0,1,,,,,,,,,,,,,,,,
-44.62990012,169.292079,Queenstown-Lakes District,2018,minor_injury,100,FALSE,straight,,fine,,daylight,,1,0,0,1,0,0,0,0,0,0,0,0,0,0,0,0,0,0,0,0
-44.62990012,169.292079,Queenstown-Lakes District,2018,minor_injury,100,FALSE,straight,,fine,,daylight,,1,0,0,1,,,,,,,,,,,,,,,,
-37.08259402,174.9092018,Auckland,2018,minor_injury,70,FALSE,straight,,fine,,daylight,,1,0,0,1,0,0,0,0,0,0,0,0,0,0,0,0,0,0,0,0
-37.08259402,174.9092018,Auckland,2018,minor_injury,70,FALSE,straight,,fine,,daylight,,1,0,0,1,,,,,,,,,,,,,,,,
-37.1600149,174.8027493,Auckland,2018,minor_injury,100,FALSE,straight,,rain,,darkness_not_lit,,1,0,0,1,0,0,0,0,0,0,0,0,0,0,0,0,0,0,0,0
-37.1600149,174.8027493,Auckland,2018,minor_injury,100,FALSE,straight,,rain,,darkness_not_lit,,1,0,0,1,,,,,,,,,,,,,,,,
-41.12205886,173.0145689,Tasman District,2018,minor_injury,50,FALSE,curved_view_open,,fine,,darkness_not_lit,,1,0,0,1,0,0,0,0,0,0,0,0,0,0,0,0,0,0,0,0
-41.12205886,173.0145689,Tasman District,2018,minor_injury,50,FALSE,curved_view_open,,fine,,darkness_not_lit,,1,0,0,1,,,,,,,,,,,,,,,,
-35.19385353,173.945063,Far North District,2018,minor_injury,100,FALSE,straight,,fine,,daylight,,1,0,0,1,0,0,0,0,0,0,0,0,0,0,0,0,0,0,0,0
-35.19385353,173.945063,Far North District,2018,minor_injury,100,FALSE,straight,,fine,,daylight,,1,0,0,1,,,,,,,,,,,,,,,,
-39.08932438,174.101026,New Plymouth District,2018,minor_injury,100,FALSE,curved_view_open,,fine,,darkness_not_lit,,1,0,0,1,0,0,0,0,0,0,0,0,0,0,0,0,0,0,0,0
-39.08932438,174.101026,New Plymouth District,2018,minor_injury,100,FALSE,curved_view_open,,fine,,darkness_not_lit,,1,0,0,1,,,,,,,,,,,,,,,,
-39.52077767,176.9177113,Napier City,2018,minor_injury,100,FALSE,straight,,fine,,daylight,,1,0,0,1,0,0,0,0,0,0,0,0,0,0,0,0,0,0,0,0
-39.52077767,176.9177113,Napier City,2018,minor_injury,100,FALSE,straight,,fine,,daylight,,1,0,0,1,,,,,,,,,,,,,,,,
-38.0894276,176.3280696,Rotorua District,2018,minor_injury,100,FALSE,straight,,mist,,darkness_not_lit,,1,0,0,1,0,0,0,0,0,0,0,0,0,0,0,0,0,0,0,0
-38.0894276,176.3280696,Rotorua District,2018,minor_injury,100,FALSE,straight,,mist,,darkness_not_lit,,1,0,0,1,,,,,,,,,,,,,,,,
-36.85998983,174.6471396,Auckland,2018,minor_injury,50,FALSE,straight,,fine,,daylight,,1,0,0,1,0,0,0,0,0,0,0,0,0,0,0,0,0,0,0,0
-36.85998983,174.6471396,Auckland,2018,minor_injury,50,FALSE,straight,,fine,,daylight,,1,0,0,1,,,,,,,,,,,,,,,,
-39.29941783,175.7411574,Ruapehu District,2018,minor_injury,100,FALSE,straight,,snow,,darkness_not_lit,,1,0,0,1,0,0,0,0,0,0,0,0,0,0,0,0,0,0,0,0
-39.29941783,175.7411574,Ruapehu District,2018,minor_injury,100,FALSE,straight,,snow,,darkness_not_lit,,1,0,0,1,,,,,,,,,,,,,,,,
-36.92442307,174.6093441,Auckland,2018,minor_injury,50,FALSE,curved_view_open,,rain,,daylight,,1,0,0,1,0,0,0,0,0,0,0,0,0,0,0,0,0,0,0,0
-36.92442307,174.6093441,Auckland,2018,minor_injury,50,FALSE,curved_view_open,,rain,,daylight,,1,0,0,1,,,,,,,,,,,,,,,,
-36.91090841,174.7381424,Auckland,2018,minor_injury,100,FALSE,curved_view_open,,fine,,daylight,,1,0,0,1,0,0,0,0,0,0,0,0,0,0,0,0,0,0,0,0
-36.91090841,174.7381424,Auckland,2018,minor_injury,100,FALSE,curved_view_open,,fine,,daylight,,1,0,0,1,,,,,,,,,,,,,,,,
-44.02960248,170.5001977,Mackenzie District,2018,minor_injury,100,FALSE,curved_view_open,,fine,,darkness_not_lit,,1,0,0,1,0,0,0,0,0,0,0,0,0,0,0,0,0,0,0,0
-44.02960248,170.5001977,Mackenzie District,2018,minor_injury,100,FALSE,curved_view_open,,fine,,darkness_not_lit,,1,0,0,1,,,,,,,,,,,,,,,,
-39.15330444,175.3975998,Ruapehu District,2018,minor_injury,100,FALSE,straight,,snow,,daylight,,1,0,0,1,0,0,0,0,0,0,0,0,0,0,0,0,0,0,0,0
-39.15330444,175.3975998,Ruapehu District,2018,minor_injury,100,FALSE,straight,,snow,,daylight,,1,0,0,1,,,,,,,,,,,,,,,,
-38.95850569,175.7404378,Taupo District,2018,minor_injury,100,FALSE,curved_view_open,,rain,,daylight,,1,0,0,1,0,0,0,0,0,0,0,0,0,0,0,0,0,0,0,0
-38.95850569,175.7404378,Taupo District,2018,minor_injury,100,FALSE,curved_view_open,,rain,,daylight,,1,0,0,1,,,,,,,,,,,,,,,,
-43.54986374,172.5376453,Christchurch City,2018,minor_injury,50,FALSE,straight,,fine,,darkness_not_lit,,1,0,0,1,0,0,0,0,0,0,0,0,0,0,0,0,0,0,0,0
-43.54986374,172.5376453,Christchurch City,2018,minor_injury,50,FALSE,straight,,fine,,darkness_not_lit,,1,0,0,1,,,,,,,,,,,,,,,,
-37.21628995,175.0921741,Waikato District,2018,minor_injury,90,FALSE,straight,,rain,,daylight,,1,0,0,1,0,0,0,0,0,0,0,0,0,0,0,0,0,0,0,0
-37.21628995,175.0921741,Waikato District,2018,minor_injury,90,FALSE,straight,,rain,,daylight,,1,0,0,1,,,,,,,,,,,,,,,,
-37.40145089,175.1183588,Waikato District,2018,minor_injury,100,FALSE,straight,,rain,,darkness_not_lit,,1,0,0,1,0,0,0,0,0,0,0,0,0,0,0,0,0,0,0,0
-37.40145089,175.1183588,Waikato District,2018,minor_injury,100,FALSE,straight,,rain,,darkness_not_lit,,1,0,0,1,,,,,,,,,,,,,,,,