latitude,longitude,local_government_area,year,severity,speed_limit,intersection,road_position_horizontal,road_wet,weather,crash_type,lighting,traffic_controls,casualties,fatalities,serious_injuries,minor_injuries,car_sedan,car_utility,car_van,car_4x4,car_station_wagon,motor_cycle,truck_small,truck_large,bus,taxi,bicycle,scooter,pedestrian,inanimate,train,tram
-37.80372394,175.1284159,Waikato District,2018,minor_injury,100,FALSE,curved_view_open,,fine,,daylight,,1,0,0,1,0,0,0,0,0,0,0,0,0,0,0,0,0,0,0,0
-37.80372394,175.1284159,Waikato District,2018,minor_injury,100,FALSE,curved_view_open,,fine,,daylight,,1,0,0,1,,,,,,,,,,,,,,,,
-45.6953873,170.0520837,Dunedin City,2018,minor_injury,100,FALSE,curved_view_open,,fine,,darkness_not_lit,,1,0,0,1,0,0,0,0,0,0,0,0,0,0,0,0,0,0,0,0
-45.6953873,170.0520837,Dunedin City,2018,minor_injury,100,FALSE,curved_view_open,,fine,,darkness_not_lit,,1,0,0,1,,,,,,,,,,,,,,,,
-37.796135,176.2733328,Western Bay Of Plenty District,2018,minor_injury,100,FALSE,curved_view_open,,,,darkness_not_lit,,1,0,0,1,0,0,0,0,0,0,0,0,0,0,0,0,0,0,0,0
-37.796135,176.2733328,Western Bay Of Plenty District,2018,minor_injury,100,FALSE,curved_view_open,,,,darkness_not_lit,,1,0,0,1,,,,,,,,,,,,,,,,
-45.76340878,169.47327,Central Otago District,2018,minor_injury,60,FALSE,curved_view_open,,fine,,darkness_not_lit,,1,0,0,1,0,0,0,0,0,0,0,0,0,0,0,0,0,0,0,0
-45.76340878,169.47327,Central Otago District,2018,minor_injury,60,FALSE,curved_view_open,,fine,,darkness_not_lit,,1,0,0,1,,,,,,,,,,,,,,,,
-46.35807984,167.9483538,Southland District,2018,minor_injury,100,FALSE,straight,,fine,,daylight,,1,0,0,1,0,0,0,0,0,0,0,0,0,0,0,0,0,0,0,0
-46.35807984,167.9483538,Southland District,2018,minor_injury,100,FALSE,straight,,fine,,daylight,,1,0,0,1,,,,,,,,,,,,,,,,
-44.70590419,171.1151162,Waimate District,2018,minor_injury,100,FALSE,curved_view_open,,fine,,darkness_not_lit,,1,0,0,1,0,0,0,0,0,0,0,0,0,0,0,0,0,0,0,0
-44.70590419,171.1151162,Waimate District,2018,minor_injury,100,FALSE,curved_view_open,,fine,,darkness_not_lit,,1,0,0,1,,,,,,,,,,,,,,,,
-39.80889169,174.7516083,South Taranaki District,2018,minor_injury,100,FALSE,straight,,rain,,darkness_not_lit,,1,0,0,1,0,0,0,0,0,0,0,0,0,0,0,0,0,0,0,0
-39.80889169,174.7516083,South Taranaki District,2018,minor_injury,100,FALSE,straight,,rain,,darkness_not_lit,,1,0,0,1,,,,,,,,,,,,,,,,
-41.48501613,174.030263,Marlborough District,2018,minor_injury,100,FALSE,curved_view_open,,fine,,darkness_not_lit,,1,0,0,1,0,0,0,0,0,0,0,0,0,0,0,0,0,0,0,0
-41.48501613,174.030263,Marlborough District,2018,minor_injury,100,FALSE,curved_view_open,,fine,,darkness_not_lit,,1,0,0,1,,,,,,,,,,,,,,,,
-41.33091115,173.2066933,Nelson City,2018,minor_injury,60,FALSE,straight,,fine,,daylight,,1,0,0,1,0,0,0,0,0,0,0,0,0,0,0,0,0,0,0,0
-41.33091115,173.2066933,Nelson City,2018,minor_injury,60,FALSE,straight,,fine,,daylight,,1,0,0,1,,,,,,,,,,,,,,,,
-40.24806864,175.6824109,Manawatu District,2018,minor_injury,100,FALSE,curved_view_open,,fine,,darkness_not_lit,,1,0,0,1,0,0,0,0,0,0,0,0,0,0,0,0,0,0,0,0
-40.24806864,175.6824109,Manawatu District,2018,minor_injury,100,FALSE,curved_view_open,,fine,,darkness_not_lit,,1,0,0,1,,,,,,,,,,,,,,,,
-38.64004398,175.9229006,Taupo District,2018,minor_injury,100,FALSE,curved_view_open,,fine,,darkness_not_lit,,1,0,0,1,0,0,0,0,0,0,0,0,0,0,0,0,0,0,0,0
-38.64004398,175.9229006,Taupo District,2018,minor_injury,100,FALSE,curved_view_open,,fine,,darkness_not_lit,,1,0,0,1,,,,,,,,,,,,,,,,
-35.29714184,173.6899154,Far North District,2018,minor_injury,100,FALSE,straight,,fine,,darkness_not_lit,,1,0,0,1,0,0,0,0,0,0,0,0,0,0,0,0,0,0,0,0
-35.29714184,173.6899154,Far North District,2018,minor_injury,100,FALSE,straight,,fine,,darkness_not_lit,,1,0,0,1,,,,,,,,,,,,,,,,
-37.80176117,175.2509272,Hamilton City,2018,minor_injury,50,FALSE,straight,,rain,,daylight,,1,0,0,1,0,0,0,0,0,0,0,0,0,0,0,0,0,0,0,0
-37.80176117,175.2509272,Hamilton City,2018,minor_injury,50,FALSE,straight,,rain,,daylight,,1,0,0,1,,,,,,,,,,,,,,,,
-36.34144755,174.7034821,Auckland,2018,serious_injury,100,FALSE,straight,,rain,,darkness_not_lit,,2,0,2,0,0,0,0,0,0,0,0,0,0,0,0,0,0,0,0,0
-36.34144755,174.7034821,Auckland,2018,serious_injury,100,FALSE,straight,,rain,,darkness_not_lit,,2,0,2,0,,,,,,,,,,,,,,,,
-39.15955043,174.2217025,New Plymouth District,2018,serious_injury,100,TRUE,curved_view_open,,fine,,daylight,giveway_sign,1,0,1,0,0,0,0,0,0,0,0,0,0,0,0,0,0,0,0,0
-39.15955043,174.2217025,New Plymouth District,2018,serious_injury,100,TRUE,curved_view_open,,fine,,daylight,giveway_sign,1,0,1,0,,,,,,,,,,,,,,,,
-37.73611379,176.1501015,Tauranga City,2018,serious_injury,50,FALSE,straight,,fine,,dawn_dusk,,1,0,1,0,0,0,0,0,0,0,0,0,0,0,0,0,0,0,0,0
-37.73611379,176.1501015,Tauranga City,2018,serious_injury,50,FALSE,straight,,fine,,dawn_dusk,,1,0,1,0,,,,,,,,,,,,,,,,
-35.59903481,174.2368088,Whangarei District,2018,serious_injury,100,FALSE,curved_view_open,,fine,,daylight,,1,0,1,0,0,0,0,0,0,0,0,0,0,0,0,0,0,0,0,0
-35.59903481,174.2368088,Whangarei District,2018,serious_injury,100,FALSE,curved_view_open,,fine,,daylight,,1,0,1,0,,,,,,,,,,,,,,,,
-41.81648441,172.4774203,Tasman District,2018,serious_injury,100,FALSE,curved_view_open,,fine,,darkness_not_lit,,1,0,1,0,0,0,0,0,0,0,0,0,0,0,0,0,0,0,0,0
-41.81648441,172.4774203,Tasman District,2018,serious_injury,100,FALSE,curved_view_open,,fine,,darkness_not_lit,,1,0,1,0,,,,,,,,,,,,,,,,
-40.10553995,175.3119101,Rangitikei District,2018,serious_injury,100,FALSE,straight,,fine,,darkness_not_lit,,1,0,1,0,0,0,0,0,0,0,0,0,0,0,0,0,0,0,0,0
-40.10553995,175.3119101,Rangitikei District,2018,serious_injury,100,FALSE,straight,,fine,,darkness_not_lit,,1,0,1,0,,,,,,,,,,,,,,,,
-42.97745393,172.937379,Hurunui District,2018,serious_injury,100,FALSE,curved_view_open,,fine,,darkness_not_lit,,1,0,1,0,0,0,0,0,0,0,0,0,0,0,0,0,0,0,0,0
-42.97745393,172.937379,Hurunui District,2018,serious_injury,100,FALSE,curved_view_open,,fine,,darkness_not_lit,,1,0,1,0,,,,,,,,,,,,,,,,
-38.26577877,175.8385858,South Waikato District,2018,serious_injury,100,FALSE,straight,,rain,,darkness_not_lit,,1,0,1,0,0,0,0,0,0,0,0,0,0,0,0,0,0,0,0,0
-38.26577877,175.8385858,South Waikato District,2018,serious_injury,100,FALSE,straight,,rain,,darkness_not_lit,,1,0,1,0,,,,,,,,,,,,,,,,
-45.05322139,168.4565026,Queenstown-Lakes District,2018,serious_injury,100,FALSE,curved_view_open,,fine,,darkness_not_lit,,1,0,1,0,0,0,0,0,0,0,0,0,0,0,0,0,0,0,0,0
-45.05322139,168.4565026,Queenstown-Lakes District,2018,serious_injury,100,FALSE,curved_view_open,,fine,,darkness_not_lit,,1,0,1,0,,,,,,,,,,,,,,,,
-43.52336919,172.3311368,Selwyn District,2018,serious_injury,100,TRUE,straight,,fine,,daylight,giveway_sign,1,0,1,0,0,0,0,0,0,0,0,0,0,0,0,0,0,0,0,0
-43.52336919,172.3311368,Selwyn District,2018,serious_injury,100,TRUE,straight,,fine,,daylight,giveway_sign,1,0,1,0,,,,,,,,,,,,,,,,
-40.20997976,176.0954719,Tararua District,2018,serious_injury,50,FALSE,straight,,fine,,darkness_not_lit,,1,0,1,0,0,0,0,0,0,0,0,0,0,0,0,0,0,0,0,0
-40.20997976,176.0954719,Tararua District,2018,serious_injury,50,FALSE,straight,,fine,,darkness_not_lit,,1,0,1,0,,,,,,,,,,,,,,,,
-44.22200097,171.3544889,Timaru District,2018,serious_injury,100,FALSE,straight,,fine,,daylight,,1,0,1,0,0,0,0,0,0,0,0,0,0,0,0,0,0,0,0,0
-44.22200097,171.3544889,Timaru District,2018,serious_injury,100,FALSE,straight,,fine,,daylight,,1,0,1,0,,,,,,,,,,,,,,,,
-42.44655846,171.2873075,Grey District,2018,serious_injury,100,FALSE,curved_view_open,,rain,,daylight,,1,0,1,0,0,0,0,0,0,0,0,0,0,0,0,0,0,0,0,0
-42.44655846,171.2873075,Grey District,2018,serious_injury,100,FALSE,curved_view_open,,rain,,daylight,,1,0,1,0,,,,,,,,,,,,,,,,
-35.20579323,173.9167151,Far North District,2018,minor_injury,70,TRUE,straight,,rain,,daylight,giveway_sign,2,0,0,2,0,0,0,0,0,0,0,0,0,0,0,0,0,0,0,0
-35.20579323,173.9167151,Far North District,2018,minor_injury,70,TRUE,straight,,rain,,daylight,giveway_sign,2,0,0,2,,,,,,,,,,,,,,,,
-45.4566972,168.080078,Southland District,2018,minor_injury,100,FALSE,curved_view_open,,fine,,daylight,,2,0,0,2,0,0,0,0,0,0,0,0,0,0,0,0,0,0,0,0
-45.4566972,168.080078,Southland District,2018,minor_injury,100,FALSE,curved_view_open,,fine,,daylight,,2,0,0,2,,,,,,,,,,,,,,,,
-41.62853732,172.7103517,Tasman District,2018,minor_injury,100,FALSE,curved_view_open,,fine,,daylight,,2,0,0,2,0,0,0,0,0,0,0,0,0,0,0,0,0,0,0,0
-41.62853732,172.7103517,Tasman District,2018,minor_injury,100,FALSE,curved_view_open,,fine,,daylight,,2,0,0,2,,,,,,,,,,,,,,,,
-38.89570405,174.5957126,New Plymouth District,2018,minor_injury,100,FALSE,curved_view_open,,mist,,darkness_not_lit,,2,0,0,2,0,0,0,0,0,0,0,0,0,0,0,0,0,0,0,0
-38.89570405,174.5957126,New Plymouth District,2018,minor_injury,100,FALSE,curved_view_open,,mist,,darkness_not_lit,,2,0,0,2,,,,,,,,,,,,,,,,
-46.38382383,169.7841522,Clutha District,2018,minor_injury,50,FALSE,straight,,fine,,darkness_not_lit,,2,0,0,2,0,0,0,0,0,0,0,0,0,0,0,0,0,0,0,0
-46.38382383,169.7841522,Clutha District,2018,minor_injury,50,FALSE,straight,,fine,,darkness_not_lit,,2,0,0,2,,,,,,,,,,,,,,,,
-39.55205277,174.2794442,South Taranaki District,2018,minor_injury,100,FALSE,straight,,fine,,darkness_not_lit,,2,0,0,2,0,0,0,0,0,0,0,0,0,0,0,0,0,0,0,0
-39.55205277,174.2794442,South Taranaki District,2018,minor_injury,100,FALSE,straight,,fine,,darkness_not_lit,,2,0,0,2,,,,,,,,,,,,,,,,
-45.94371936,168.9918204,Gore District,2018,minor_injury,100,FALSE,curved_view_open,,fine,,darkness_not_lit,,2,0,0,2,0,0,0,0,0,0,0,0,0,0,0,0,0,0,0,0
-45.94371936,168.9918204,Gore District,2018,minor_injury,100,FALSE,curved_view_open,,fine,,darkness_not_lit,,2,0,0,2,,,,,,,,,,,,,,,,
-37.66958983,176.1800989,Tauranga City,2018,minor_injury,70,FALSE,straight,,rain,,daylight,,2,0,0,2,0,0,0,0,0,0,0,0,0,0,0,0,0,0,0,0
-37.66958983,176.1800989,Tauranga City,2018,minor_injury,70,FALSE,straight,,rain,,daylight,,2,0,0,2,,,,,,,,,,,,,,,,
-41.22403021,174.8650269,Hutt City,2018,minor_injury,50,FALSE,straight,,fine,,daylight,,2,0,0,2,0,0,0,0,0,0,0,0,0,0,0,0,0,0,0,0
-41.22403021,174.8650269,Hutt City,2018,minor_injury,50,FALSE,straight,,fine,,daylight,,2,0,0,2,,,,,,,,,,,,,,,,
-38.39009029,175.6211838,Otorohanga District,2018,minor_injury,100,FALSE,straight,,rain,,darkness_not_lit,,2,0,0,2,0,0,0,0,0,0,0,0,0,0,0,0,0,0,0,0
-38.39009029,175.6211838,Otorohanga District,2018,minor_injury,100,FALSE,straight,,rain,,darkness_not_lit,,2,0,0,2,,,,,,,,,,,,,,,,
-37.48086337,175.1444607,Waikato District,2018,minor_injury,100,FALSE,straight,,mist,,darkness_not_lit,,2,0,0,2,0,0,0,0,0,0,0,0,0,0,0,0,0,0,0,0
-37.48086337,175.1444607,Waikato District,2018,minor_injury,100,FALSE,straight,,mist,,darkness_not_lit,,2,0,0,2,,,,,,,,,,,,,,,,
-44.35481439,171.2381472,Timaru District,2018,minor_injury,70,TRUE,straight,,fine,,darkness_not_lit,traffic_lights,4,0,0,4,0,0,0,0,0,0,0,0,0,0,0,0,0,0,0,0
-44.35481439,171.2381472,Timaru District,2018,minor_injury,70,TRUE,straight,,fine,,darkness_not_lit,traffic_lights,4,0,0,4,,,,,,,,,,,,,,,,
-39.87507808,175.111519,Wanganui District,2018,minor_injury,100,FALSE,straight,,fine,,darkness_not_lit,,4,0,0,4,0,0,0,0,0,0,0,0,0,0,0,0,0,0,0,0
-39.87507808,175.111519,Wanganui District,2018,minor_injury,100,FALSE,straight,,fine,,darkness_not_lit,,4,0,0,4,,,,,,,,,,,,,,,,
-37.25865939,174.7198866,Waikato District,2018,minor_injury,100,FALSE,curved_view_open,,fine,,daylight,,3,0,0,3,0,0,0,0,0,0,0,0,0,0,0,0,0,0,0,0
-37.25865939,174.7198866,Waikato District,2018,minor_injury,100,FALSE,curved_view_open,,fine,,daylight,,3,0,0,3,,,,,,,,,,,,,,,,
-38.06466202,176.6053678,Rotorua District,2018,minor_injury,100,FALSE,curved_view_open,,rain,,daylight,,3,0,0,3,0,0,0,0,0,0,0,0,0,0,0,0,0,0,0,0
-38.06466202,176.6053678,Rotorua District,2018,minor_injury,100,FALSE,curved_view_open,,rain,,daylight,,3,0,0,3,,,,,,,,,,,,,,,,
-36.7924281,174.6376785,Auckland,2018,minor_injury,70,FALSE,curved_view_open,,rain,,darkness_not_lit,,3,0,0,3,0,0,0,0,0,0,0,0,0,0,0,0,0,0,0,0
-36.7924281,174.6376785,Auckland,2018,minor_injury,70,FALSE,curved_view_open,,rain,,darkness_not_lit,,3,0,0,3,,,,,,,,,,,,,,,,
-45.69652647,168.4285397,Southland District,2018,minor_injury,100,FALSE,straight,,fine,,daylight,,3,0,0,3,0,0,0,0,0,0,0,0,0,0,0,0,0,0,0,0
-45.69652647,168.4285397,Southland District,2018,minor_injury,100,FALSE,straight,,fine,,daylight,,3,0,0,3,,,,,,,,,,,,,,,,
-41.30819267,173.1264506,Tasman District,2018,serious_injury,100,TRUE,curved_view_open,,fine,,daylight,giveway_sign,2,0,1,1,0,0,0,0,0,0,0,0,0,0,0,0,0,0,0,0
-41.30819267,173.1264506,Tasman District,2018,serious_injury,100,TRUE,curved_view_open,,fine,,daylight,giveway_sign,2,0,1,1,,,,,,,,,,,,,,,,
-44.44168396,169.6946336,Waitaki District,2018,serious_injury,100,FALSE,straight,,fine,,darkness_not_lit,,2,0,1,1,0,0,0,0,0,0,0,0,0,0,0,0,0,0,0,0
-44.44168396,169.6946336,Waitaki District,2018,serious_injury,100,FALSE,straight,,fine,,darkness_not_lit,,2,0,1,1,,,,,,,,,,,,,,,,
-37.09607574,175.0919344,Auckland,2018,serious_injury,100,FALSE,curved_view_open,,rain,,daylight,,2,0,1,1,0,0,0,0,0,0,0,0,0,0,0,0,0,0,0,0
-37.09607574,175.0919344,Auckland,2018,serious_injury,100,FALSE,curved_view_open,,rain,,daylight,,2,0,1,1,,,,,,,,,,,,,,,,
-41.50188113,175.2086217,South Wairarapa District,2018,serious_injury,100,FALSE,curved_view_open,,fine,,darkness_not_lit,,2,0,1,1,0,0,0,0,0,0,0,0,0,0,0,0,0,0,0,0
-41.50188113,175.2086217,South Wairarapa District,2018,serious_injury,100,FALSE,curved_view_open,,fine,,darkness_not_lit,,2,0,1,1,,,,,,,,,,,,,,,,
-46.05175439,169.8123416,Clutha District,2018,serious_injury,100,FALSE,curved_view_open,,fine,,daylight,,3,0,2,1,0,0,0,0,0,0,0,0,0,0,0,0,0,0,0,0
-46.05175439,169.8123416,Clutha District,2018,serious_injury,100,FALSE,curved_view_open,,fine,,daylight,,3,0,2,1,,,,,,,,,,,,,,,,
-43.52373867,172.353097,Selwyn District,2018,serious_injury,100,FALSE,straight,,fine,,darkness_not_lit,,3,0,2,1,0,0,0,0,0,0,0,0,0,0,0,0,0,0,0,0
-43.52373867,172.353097,Selwyn District,2018,serious_injury,100,FALSE,straight,,fine,,darkness_not_lit,,3,0,2,1,,,,,,,,,,,,,,,,
-37.75311796,176.0805355,Tauranga City,2018,serious_injury,100,FALSE,straight,,fine,,darkness_not_lit,,3,0,1,2,0,0,0,0,0,0,0,0,0,0,0,0,0,0,0,0
-37.75311796,176.0805355,Tauranga City,2018,serious_injury,100,FALSE,straight,,fine,,darkness_not_lit,,3,0,1,2,,,,,,,,,,,,,,,,
-40.30957779,175.7636785,Palmerston North City,2018,serious_injury,100,FALSE,curved_view_open,,rain,,daylight,,3,0,1,2,0,0,0,0,0,0,0,0,0,0,0,0,0,0,0,0
-40.30957779,175.7636785,Palmerston North City,2018,serious_injury,100,FALSE,curved_view_open,,rain,,daylight,,3,0,1,2,,,,,,,,,,,,,,,,
-39.15734134,173.9255164,New Plymouth District,2018,serious_injury,100,FALSE,curved_view_open,,fine,,daylight,,5,0,1,4,0,0,0,0,0,0,0,0,0,0,0,0,0,0,0,0
-39.15734134,173.9255164,New Plymouth District,2018,serious_injury,100,FALSE,curved_view_open,,fine,,daylight,,5,0,1,4,,,,,,,,,,,,,,,,
-40.29859371,175.3606108,Manawatu District,2018,fatality,100,TRUE,straight,,fine,,daylight,stop_sign,2,1,0,1,0,0,0,0,0,0,0,0,0,0,0,0,0,0,0,0
-40.29859371,175.3606108,Manawatu District,2018,fatality,100,TRUE,straight,,fine,,daylight,stop_sign,2,1,0,1,,,,,,,,,,,,,,,,
-40.00104665,175.1667377,Wanganui District,2018,fatality,100,FALSE,curved_view_open,,rain,,daylight,,2,1,0,1,0,0,0,0,0,0,0,0,0,0,0,0,0,0,0,0
-40.00104665,175.1667377,Wanganui District,2018,fatality,100,FALSE,curved_view_open,,rain,,daylight,,2,1,0,1,,,,,,,,,,,,,,,,
-37.85071339,175.838028,Matamata-Piako District,2018,serious_injury,100,TRUE,straight,,fine,,daylight,giveway_sign,4,0,1,3,0,0,0,0,0,0,0,0,0,0,0,0,0,0,0,0
-37.85071339,175.838028,Matamata-Piako District,2018,serious_injury,100,TRUE,straight,,fine,,daylight,giveway_sign,4,0,1,3,,,,,,,,,,,,,,,,
-39.37625829,175.7117655,Ruapehu District,2018,serious_injury,100,FALSE,straight,,fine,,daylight,,4,0,1,3,0,0,0,0,0,0,0,0,0,0,0,0,0,0,0,0
-39.37625829,175.7117655,Ruapehu District,2018,serious_injury,100,FALSE,straight,,fine,,daylight,,4,0,1,3,,,,,,,,,,,,,,,,
-38.36263886,177.5440938,Gisborne District,2018,serious_injury,100,FALSE,straight,,fine,,daylight,,4,0,1,3,0,0,0,0,0,0,0,0,0,0,0,0,0,0,0,0
-38.36263886,177.5440938,Gisborne District,2018,serious_injury,100,FALSE,straight,,fine,,daylight,,4,0,1,3,,,,,,,,,,,,,,,,
-45.85506884,169.5948465,Clutha District,2018,serious_injury,100,FALSE,straight,,rain,,daylight,,4,0,2,2,0,0,0,0,0,0,0,0,0,0,0,0,0,0,0,0
-45.85506884,169.5948465,Clutha District,2018,serious_injury,100,FALSE,straight,,rain,,daylight,,4,0,2,2,,,,,,,,,,,,,,,,
-44.1348432,171.2992694,Timaru District,2018,serious_injury,80,FALSE,curved_view_open,,fine,,daylight,,7,0,5,2,0,0,0,0,0,0,0,0,0,0,0,0,0,0,0,0
-44.1348432,171.2992694,Timaru District,2018,serious_injury,80,FALSE,curved_view_open,,fine,,daylight,,7,0,5,2,,,,,,,,,,,,,,,,
-37.19150198,175.5581891,Hauraki District,2018,fatality,100,FALSE,curved_view_open,,fine,,darkness_not_lit,,4,3,1,0,0,0,0,0,0,0,0,0,0,0,0,0,0,0,0,0
-37.19150198,175.5581891,Hauraki District,2018,fatality,100,FALSE,curved_view_open,,fine,,darkness_not_lit,,4,3,1,0,,,,,,,,,,,,,,,,
-36.72159901,174.7515457,Auckland,2018,fatality,50,FALSE,straight,,rain,,darkness_not_lit,,8,1,6,1,0,0,0,0,0,0,0,0,0,0,0,0,0,0,0,0
-36.72159901,174.7515457,Auckland,2018,fatality,50,FALSE,straight,,rain,,darkness_not_lit,,8,1,6,1,,,,,,,,,,,,,,,,
-40.90971764,175.982,Masterton District,2018,property_damage,100,FALSE,curved_view_open,,fine,,daylight,,0,0,0,0,0,0,0,0,0,0,0,1,0,0,0,0,0,1,0,0
-40.30917027,175.7618852,Palmerston North City,2018,property_damage,100,TRUE,curved_view_open,,fine,,daylight,,0,0,0,0,0,0,0,0,0,0,0,1,0,0,0,0,0,1,0,0
-39.51110118,176.8770407,Napier City,2018,property_damage,100,TRUE,curved_view_open,,fine,,daylight,giveway_sign,0,0,0,0,0,0,0,0,0,0,0,1,0,0,0,0,0,1,0,0
-36.89920058,174.7944727,Auckland,2018,property_damage,50,TRUE,curved_view_open,,fine,,daylight,traffic_lights,0,0,0,0,0,0,0,0,0,0,0,1,0,0,0,0,0,1,0,0
-36.92646968,174.7858498,Auckland,2018,property_damage,50,TRUE,curved_view_open,,fine,,daylight,traffic_lights,0,0,0,0,0,0,0,0,0,0,0,1,0,0,0,0,0,1,0,0
-36.93802138,174.8846137,Auckland,2018,property_damage,50,TRUE,curved_view_open,,fine,,daylight,giveway_sign,0,0,0,0,0,0,0,0,0,0,0,1,0,0,0,0,0,1,0,0
-37.87974743,176.7313915,Whakatane District,2018,property_damage,100,FALSE,straight,,fine,,darkness_not_lit,,0,0,0,0,0,0,0,0,0,0,0,1,0,0,0,0,0,1,0,0
-36.90007386,174.8153001,Auckland,2018,property_damage,50,TRUE,straight,,fine,,daylight,,0,0,0,0,0,0,0,0,0,0,0,1,0,0,0,0,0,1,0,0
-41.29326695,174.7757321,Wellington City,2018,property_damage,50,TRUE,straight,,fine,,daylight,traffic_lights,0,0,0,0,0,0,0,0,0,0,0,1,0,0,0,0,0,1,0,0
-41.29326695,174.7757321,Wellington City,2018,property_damage,50,TRUE,straight,,fine,,daylight,traffic_lights,0,0,0,0,0,0,0,0,0,0,0,1,0,0,0,0,0,1,0,0
-40.35104917,175.6130107,Palmerston North City,2018,property_damage,50,TRUE,straight,,fine,,daylight,traffic_lights,0,0,0,0,0,0,0,0,0,0,0,1,0,0,0,0,0,1,0,0
-36.92014972,174.8133176,Auckland,2018,property_damage,50,TRUE,straight,,fine,,daylight,traffic_lights,0,0,0,0,0,0,0,0,0,0,0,1,0,0,0,0,0,1,0,0
-36.76372892,174.7373909,Auckland,2018,property_damage,50,FALSE,straight,,fine,,darkness_not_lit,,0,0,0,0,0,0,0,0,0,0,0,1,0,0,0,0,0,1,0,0
-37.80987866,175.2809895,Hamilton City,2018,property_damage,40,TRUE,straight,,fine,,daylight,stop_sign,0,0,0,0,0,0,0,0,0,0,0,1,0,0,0,0,0,1,0,0
-36.89431484,174.7992735,Auckland,2018,property_damage,50,TRUE,straight,,fine,,darkness_not_lit,traffic_lights,0,0,0,0,0,0,0,0,0,0,0,1,0,0,0,0,0,1,0,0
-37.66837442,175.4841414,Matamata-Piako District,2018,property_damage,100,TRUE,curved_view_open,,mist,,darkness_not_lit,giveway_sign,0,0,0,0,0,0,0,0,0,0,0,1,0,0,0,0,0,1,0,0
-37.97996631,175.7596984,South Waikato District,2018,property_damage,50,TRUE,curved_view_open,,rain,,darkness_not_lit,giveway_sign,0,0,0,0,0,0,0,0,0,0,0,1,0,0,0,0,0,1,0,0
-40.3305357,175.6302152,Palmerston North City,2018,property_damage,50,TRUE,straight,,fine,,daylight,traffic_lights,0,0,0,0,0,0,0,0,0,0,0,1,0,0,0,0,0,1,0,0
-41.19121914,174.9299158,Hutt City,2018,property_damage,50,FALSE,curved_view_open,,fine,,daylight,,0,0,0,0,0,0,0,0,0,0,0,1,0,0,0,0,0,1,0,0
-37.04441237,174.9127311,Auckland,2018,property_damage,100,FALSE,straight,,fine,,daylight,,0,0,0,0,0,0,0,0,0,0,0,1,0,0,0,0,0,1,0,0
-40.3429812,175.6445666,Palmerston North City,2018,property_damage,50,TRUE,curved_view_open,,fine,,daylight,giveway_sign,0,0,0,0,0,0,0,0,0,0,0,1,0,0,0,0,0,1,0,0
-38.94431646,174.5284365,New Plymouth District,2018,property_damage,100,TRUE,curved_view_open,,fine,,darkness_not_lit,,0,0,0,0,0,0,0,0,0,0,0,1,0,0,0,0,0,1,0,0
-35.70501115,174.3187251,Whangarei District,2018,property_damage,50,FALSE,straight,,fine,,daylight,,0,0,0,0,0,0,0,0,0,0,0,1,0,0,0,0,0,1,0,0
-36.75612991,174.731865,Auckland,2018,property_damage,100,FALSE,straight,,rain,,daylight,,0,0,0,0,0,0,0,0,0,0,0,1,0,0,0,0,0,1,0,0
-38.4197996,175.1007005,Waitomo District,2018,property_damage,100,FALSE,curved_view_open,,fine,,daylight,,0,0,0,0,0,0,0,0,0,0,0,1,0,0,0,0,0,1,0,0
-43.48612444,172.5976646,Christchurch City,2018,property_damage,50,FALSE,straight,,fine,,daylight,,0,0,0,0,0,0,0,0,0,0,0,1,0,0,0,0,0,1,0,0
-38.33309444,176.0658941,South Waikato District,2018,property_damage,100,TRUE,straight,,fine,,darkness_not_lit,,0,0,0,0,0,0,0,0,0,0,0,1,0,0,0,0,0,1,0,0
-36.88739742,174.8096363,Auckland,2018,property_damage,50,FALSE,straight,,fine,,daylight,,0,0,0,0,0,0,0,0,0,0,0,1,0,0,0,0,0,1,0,0
-38.084753,175.6602726,South Waikato District,2018,property_damage,100,FALSE,curved_view_open,,fine,,daylight,,0,0,0,0,0,0,0,0,0,0,0,1,0,0,0,0,0,1,0,0
-36.40670402,174.5456056,Auckland,2018,property_damage,50,FALSE,straight,,fine,,daylight,,0,0,0,0,0,0,0,0,0,0,0,1,0,0,0,0,0,1,0,0
-38.98354982,175.3766918,Ruapehu District,2018,property_damage,100,FALSE,straight,,rain,,daylight,,0,0,0,0,0,0,0,0,0,0,0,1,0,0,0,0,0,1,0,0