latitude,longitude,local_government_area,year,severity,speed_limit,intersection,road_position_horizontal,road_wet,weather,crash_type,lighting,traffic_controls,casualties,fatalities,serious_injuries,minor_injuries,car_sedan,car_utility,car_van,car_4x4,car_station_wagon,motor_cycle,truck_small,truck_large,bus,taxi,bicycle,scooter,pedestrian,inanimate,train,tram
-37.03614488,174.9123325,Auckland,2018,property_damage,50,FALSE,straight,,fine,,daylight,,0,0,0,0,0,0,0,0,0,0,0,1,0,0,0,0,0,1,0,0
-43.52656375,172.0728515,Selwyn District,2018,property_damage,100,FALSE,straight,,mist,,darkness_not_lit,,0,0,0,0,0,0,0,0,0,0,0,1,0,0,0,0,0,1,0,0
-36.94385192,174.8624003,Auckland,2018,property_damage,70,FALSE,curved_view_open,,fine,,daylight,,0,0,0,0,0,0,0,0,0,0,0,1,0,0,0,0,0,1,0,0
-41.023524,174.9387949,Porirua City,2018,property_damage,60,FALSE,curved_view_open,,fine,,dawn_dusk,,0,0,0,0,0,0,0,0,0,0,0,1,0,0,0,0,0,1,0,0
-37.88957787,178.3248792,Gisborne District,2018,property_damage,50,FALSE,straight,,fine,,daylight,,0,0,0,0,0,0,0,0,0,0,0,1,0,0,0,0,0,1,0,0
-39.42339976,176.8687785,Napier City,2018,property_damage,70,TRUE,straight,,fine,,darkness_not_lit,giveway_sign,0,0,0,0,0,0,0,0,0,0,0,1,0,0,0,0,0,1,0,0
-37.79423204,175.2572852,Hamilton City,2018,property_damage,50,FALSE,straight,,fine,,dawn_dusk,,0,0,0,0,0,0,0,0,0,0,0,1,0,0,0,0,0,1,0,0
-37.05715653,174.9415813,Auckland,2018,property_damage,50,FALSE,straight,,,,daylight,,0,0,0,0,0,0,0,0,0,0,0,1,0,0,0,0,0,1,0,0
-39.44016808,173.9152457,South Taranaki District,2018,property_damage,100,FALSE,straight,,fine,,daylight,,0,0,0,0,0,0,0,0,0,0,0,1,0,0,0,0,0,1,0,0
-39.8873981,175.6691329,Rangitikei District,2018,property_damage,100,FALSE,curved_view_open,,fine,,darkness_not_lit,,0,0,0,0,0,0,0,0,0,0,0,1,0,0,0,0,0,1,0,0
-40.55935051,175.2470389,Horowhenua District,2018,property_damage,100,FALSE,straight,,fine,,daylight,,0,0,0,0,0,0,0,0,0,0,0,1,0,0,0,0,0,1,0,0
-36.81917057,174.614032,Auckland,2018,property_damage,100,FALSE,curved_view_open,,fine,,daylight,,0,0,0,0,0,0,0,0,0,0,0,1,0,0,0,0,0,1,0,0
-41.1093878,175.270234,South Wairarapa District,2018,property_damage,100,FALSE,curved_view_open,,fine,,darkness_not_lit,,0,0,0,0,0,0,0,0,0,0,0,1,0,0,0,0,0,1,0,0
-36.36891431,174.6850211,Auckland,2018,property_damage,80,FALSE,straight,,fine,,daylight,,0,0,0,0,0,0,0,0,0,0,0,1,0,0,0,0,0,1,0,0
-36.92399063,174.8413506,Auckland,2018,property_damage,50,FALSE,straight,,rain,,darkness_not_lit,,0,0,0,0,0,0,0,0,0,0,0,1,0,0,0,0,0,1,0,0
-37.96845898,175.5910876,Waipa District,2018,property_damage,100,FALSE,curved_view_open,,fine,,darkness_not_lit,,0,0,0,0,0,0,0,0,0,0,0,1,0,0,0,0,0,1,0,0
-46.10411425,169.1275147,Gore District,2018,property_damage,100,FALSE,straight,,rain,,daylight,,0,0,0,0,0,0,0,0,0,0,0,1,0,0,0,0,0,1,0,0
-44.23879221,171.2871728,Timaru District,2018,property_damage,50,FALSE,straight,,fine,,daylight,,0,0,0,0,0,0,0,0,0,0,0,1,0,0,0,0,0,1,0,0
-41.14224999,174.8445128,Porirua City,2018,property_damage,100,FALSE,straight,,rain,,dawn_dusk,,0,0,0,0,0,0,0,0,0,0,0,1,0,0,0,0,0,1,0,0
-41.22239409,174.8089463,Wellington City,2018,property_damage,100,FALSE,straight,,fine,,dawn_dusk,,0,0,0,0,0,0,0,0,0,0,0,1,0,0,0,0,0,1,0,0
-45.87555972,170.503202,Dunedin City,2018,property_damage,50,FALSE,straight,,rain,,daylight,,0,0,0,0,0,0,0,0,0,0,0,1,0,0,0,0,0,1,0,0
-44.01623338,171.5322615,Ashburton District,2018,property_damage,100,FALSE,straight,,fine,,darkness_not_lit,,0,0,0,0,0,0,0,0,0,0,0,1,0,0,0,0,0,1,0,0
-37.88573919,175.8849615,Matamata-Piako District,2018,property_damage,100,FALSE,curved_view_open,,fine,,daylight,,0,0,0,0,0,0,0,0,0,0,0,1,0,0,0,0,0,1,0,0
-45.94589844,170.0877222,Clutha District,2018,property_damage,80,FALSE,straight,,fine,,daylight,,0,0,0,0,0,0,0,0,0,0,0,1,0,0,0,0,0,1,0,0
-40.37494849,175.3204374,Manawatu District,2018,property_damage,100,FALSE,straight,,fine,,darkness_not_lit,,0,0,0,0,0,0,0,0,0,0,0,1,0,0,0,0,0,1,0,0
-40.21628649,175.4177491,Manawatu District,2018,property_damage,100,FALSE,straight,,fine,,daylight,,0,0,0,0,0,0,0,0,0,0,0,1,0,0,0,0,0,1,0,0
-35.34734967,173.9244525,Far North District,2018,property_damage,100,FALSE,curved_view_open,,fine,,darkness_not_lit,,0,0,0,0,0,0,0,0,0,0,0,1,0,0,0,0,0,1,0,0
-35.11857946,173.3266023,Far North District,2018,property_damage,100,FALSE,curved_view_open,,fine,,darkness_not_lit,,0,0,0,0,0,0,0,0,0,0,0,1,0,0,0,0,0,1,0,0
-36.88035867,174.7129227,Auckland,2018,property_damage,50,FALSE,straight,,fine,,daylight,,0,0,0,0,0,0,0,0,0,0,0,1,0,0,0,0,0,1,0,0
-38.5101692,174.9218408,Waitomo District,2018,property_damage,100,FALSE,curved_view_open,,fine,,darkness_not_lit,,0,0,0,0,0,0,0,0,0,0,0,1,0,0,0,0,0,1,0,0
-38.15869474,175.4756574,Otorohanga District,2018,property_damage,100,FALSE,straight,,fine,,daylight,,0,0,0,0,0,0,0,0,0,0,0,1,0,0,0,0,0,1,0,0
-38.47174788,175.0103052,Waitomo District,2018,property_damage,100,FALSE,straight,,rain,,darkness_not_lit,,0,0,0,0,0,0,0,0,0,0,0,1,0,0,0,0,0,1,0,0
-38.66813599,177.9960158,Gisborne District,2018,property_damage,50,FALSE,straight,,fine,,daylight,,0,0,0,0,0,0,0,0,0,0,0,1,0,0,0,0,0,1,0,0
-46.31099743,168.0153481,Southland District,2018,property_damage,100,TRUE,straight,,fine,,darkness_not_lit,,0,0,0,0,0,0,0,0,0,0,0,1,0,0,0,0,0,1,0,0
-41.15683289,174.8383192,Wellington City,2018,property_damage,100,FALSE,straight,,fine,,daylight,,0,0,0,0,0,0,0,0,0,0,0,1,0,0,0,0,0,1,0,0
-39.01658137,175.8081008,Taupo District,2018,property_damage,100,FALSE,straight,,fine,,darkness_not_lit,,0,0,0,0,0,0,0,0,0,0,0,1,0,0,0,0,0,1,0,0
-40.95979257,175.6438126,Masterton District,2018,property_damage,50,FALSE,straight,,fine,,darkness_not_lit,,0,0,0,0,0,0,0,0,0,0,0,1,0,0,0,0,0,1,0,0
-37.02172394,174.8988758,Auckland,2018,property_damage,50,FALSE,straight,,fine,,daylight,,0,0,0,0,0,0,0,0,0,0,0,1,0,0,0,0,0,1,0,0
-41.59963991,173.4262925,Marlborough District,2018,property_damage,100,FALSE,straight,,fine,,darkness_not_lit,,0,0,0,0,0,0,0,0,0,0,0,1,0,0,0,0,0,1,0,0
-40.20638411,176.0995726,Tararua District,2018,property_damage,50,TRUE,straight,,rain,,daylight,giveway_sign,0,0,0,0,0,0,0,0,0,0,0,1,0,0,0,0,0,1,0,0
-46.54889105,168.7878875,Southland District,2018,property_damage,100,FALSE,straight,,fine,,daylight,,0,0,0,0,0,0,0,0,0,0,0,1,0,0,0,0,0,1,0,0
-36.88480519,174.7008027,Auckland,2018,property_damage,50,FALSE,straight,,fine,,daylight,,0,0,0,0,0,0,0,0,0,0,0,1,0,0,0,0,0,1,0,0
-45.03234591,169.2245591,Central Otago District,2018,property_damage,100,FALSE,curved_view_open,,fine,,darkness_not_lit,,0,0,0,0,0,0,0,0,0,0,0,1,0,0,0,0,0,1,0,0
-37.562166,175.7176011,Matamata-Piako District,2018,property_damage,100,FALSE,curved_view_open,,fine,,daylight,,0,0,0,0,0,0,0,0,0,0,0,1,0,0,0,0,0,1,0,0
-40.33451995,175.5159693,Manawatu District,2018,minor_injury,100,TRUE,straight,,fine,,dawn_dusk,giveway_sign,1,0,0,1,0,0,0,0,0,0,0,1,0,0,0,0,0,1,0,0
-38.04521352,175.1732222,Otorohanga District,2018,minor_injury,100,FALSE,straight,,rain,,dawn_dusk,,1,0,0,1,0,0,0,0,0,0,0,1,0,0,0,0,0,1,0,0
-37.71527229,175.3377529,Waikato District,2018,minor_injury,100,FALSE,curved_view_open,,fine,,darkness_not_lit,,1,0,0,1,0,0,0,0,0,0,0,1,0,0,0,0,0,1,0,0
-37.17223025,174.8412433,Auckland,2018,minor_injury,100,TRUE,curved_view_open,,rain,,daylight,,1,0,0,1,0,0,0,0,0,0,0,1,0,0,0,0,0,1,0,0
-41.91475365,174.0985954,Marlborough District,2018,minor_injury,100,FALSE,curved_view_open,,fine,,darkness_not_lit,,1,0,0,1,0,0,0,0,0,0,0,1,0,0,0,0,0,1,0,0
-46.22660153,169.7713347,Clutha District,2018,minor_injury,100,TRUE,curved_view_open,,rain,,darkness_not_lit,giveway_sign,1,0,0,1,0,0,0,0,0,0,0,1,0,0,0,0,0,1,0,0
-38.65122984,177.9515602,Gisborne District,2018,minor_injury,100,FALSE,curved_view_open,,fine,,daylight,,1,0,0,1,0,0,0,0,0,0,0,1,0,0,0,0,0,1,0,0
-39.99841683,176.4080622,Central Hawkes Bay District,2018,minor_injury,100,FALSE,straight,,fine,,daylight,,1,0,0,1,0,0,0,0,0,0,0,1,0,0,0,0,0,1,0,0
-36.98255285,174.8300548,Auckland,2018,minor_injury,100,FALSE,straight,,fine,,daylight,,1,0,0,1,0,0,0,0,0,0,0,1,0,0,0,0,0,1,0,0
-37.17999929,175.1994704,Waikato District,2018,minor_injury,100,FALSE,curved_view_open,,fine,,daylight,,1,0,0,1,0,0,0,0,0,0,0,1,0,0,0,0,0,1,0,0
-40.80050545,175.618845,Masterton District,2018,minor_injury,100,FALSE,straight,,fine,,daylight,,1,0,0,1,0,0,0,0,0,0,0,1,0,0,0,0,0,1,0,0
-45.51830805,170.6975748,Waitaki District,2018,minor_injury,100,FALSE,curved_view_open,,mist,,darkness_not_lit,,1,0,0,1,0,0,0,0,0,0,0,1,0,0,0,0,0,1,0,0
-38.17477059,176.8276877,Whakatane District,2018,minor_injury,100,FALSE,curved_view_open,,fine,,daylight,,1,0,0,1,0,0,0,0,0,0,0,1,0,0,0,0,0,1,0,0
-35.72649361,174.0433616,Whangarei District,2018,minor_injury,100,FALSE,curved_view_open,,rain,,darkness_not_lit,,1,0,0,1,0,0,0,0,0,0,0,1,0,0,0,0,0,1,0,0
-42.87439587,171.5546589,Westland District,2018,minor_injury,100,FALSE,curved_view_open,,fine,,daylight,,1,0,0,1,0,0,0,0,0,0,0,1,0,0,0,0,0,1,0,0
-38.13492009,178.3042825,Gisborne District,2018,minor_injury,100,FALSE,curved_view_open,,fine,,daylight,,1,0,0,1,0,0,0,0,0,0,0,1,0,0,0,0,0,1,0,0
-36.79102032,174.5125877,Auckland,2018,minor_injury,100,FALSE,curved_view_open,,fine,,darkness_not_lit,,1,0,0,1,0,0,0,0,0,0,0,1,0,0,0,0,0,1,0,0
-38.89334706,175.3632126,Ruapehu District,2018,minor_injury,100,FALSE,curved_view_open,,rain,,darkness_not_lit,,1,0,0,1,0,0,0,0,0,0,0,1,0,0,0,0,0,1,0,0
-42.59373226,172.5715802,Hurunui District,2018,minor_injury,100,FALSE,curved_view_open,,fine,,darkness_not_lit,,1,0,0,1,0,0,0,0,0,0,0,1,0,0,0,0,0,1,0,0
-36.75677445,174.4497756,Auckland,2018,minor_injury,100,FALSE,curved_view_open,,fine,,daylight,,1,0,0,1,0,0,0,0,0,0,0,1,0,0,0,0,0,1,0,0
-45.78742969,169.4772473,Clutha District,2018,minor_injury,100,FALSE,curved_view_open,,fine,,daylight,,1,0,0,1,0,0,0,0,0,0,0,1,0,0,0,0,0,1,0,0
-40.01534792,175.4896394,Rangitikei District,2018,minor_injury,100,FALSE,straight,,rain,,daylight,,1,0,0,1,0,0,0,0,0,0,0,1,0,0,0,0,0,1,0,0
-37.232978,175.0080427,Waikato District,2018,minor_injury,70,FALSE,curved_view_open,,rain,,darkness_not_lit,,1,0,0,1,0,0,0,0,0,0,0,1,0,0,0,0,0,1,0,0
-41.26518803,175.6732785,South Wairarapa District,2018,minor_injury,100,FALSE,curved_view_open,,fine,,daylight,,1,0,0,1,0,0,0,0,0,0,0,1,0,0,0,0,0,1,0,0
-37.03679109,174.9956563,Auckland,2018,minor_injury,100,FALSE,straight,,rain,,darkness_not_lit,,1,0,0,1,0,0,0,0,0,0,0,1,0,0,0,0,0,1,0,0
-35.32059177,173.8014605,Far North District,2018,minor_injury,100,FALSE,curved_view_open,,rain,,daylight,,1,0,0,1,0,0,0,0,0,0,0,1,0,0,0,0,0,1,0,0
-38.84452523,174.599477,New Plymouth District,2018,minor_injury,100,FALSE,curved_view_open,,rain,,daylight,,1,0,0,1,0,0,0,0,0,0,0,1,0,0,0,0,0,1,0,0
-41.87469574,172.248471,Tasman District,2018,minor_injury,100,FALSE,curved_view_open,,rain,,darkness_not_lit,,1,0,0,1,0,0,0,0,0,0,0,1,0,0,0,0,0,1,0,0
-46.19583602,168.8053993,Gore District,2018,minor_injury,100,FALSE,curved_view_open,,rain,,daylight,,1,0,0,1,0,0,0,0,0,0,0,1,0,0,0,0,0,1,0,0
-43.25226961,170.4266595,Westland District,2018,minor_injury,100,FALSE,straight,,rain,,daylight,,1,0,0,1,0,0,0,0,0,0,0,1,0,0,0,0,0,1,0,0
-46.10779074,169.2747555,Clutha District,2018,minor_injury,100,FALSE,curved_view_open,,rain,,dawn_dusk,,1,0,0,1,0,0,0,0,0,0,0,1,0,0,0,0,0,1,0,0
-39.95842553,175.642899,Manawatu District,2018,minor_injury,100,FALSE,curved_view_open,,rain,,daylight,,1,0,0,1,0,0,0,0,0,0,0,1,0,0,0,0,0,1,0,0
-39.31832923,175.3866635,Ruapehu District,2018,minor_injury,100,FALSE,straight,,rain,,darkness_not_lit,,1,0,0,1,0,0,0,0,0,0,0,1,0,0,0,0,0,1,0,0
-37.72047454,175.8287373,Matamata-Piako District,2018,minor_injury,100,FALSE,straight,,fine,,daylight,,1,0,0,1,0,0,0,0,0,0,0,1,0,0,0,0,0,1,0,0
-39.07476202,177.1307004,Wairoa District,2018,minor_injury,100,FALSE,straight,,fine,,daylight,,1,0,0,1,0,0,0,0,0,0,0,1,0,0,0,0,0,1,0,0
-37.13031,174.8995602,Auckland,2018,minor_injury,100,FALSE,curved_view_open,,rain,,darkness_not_lit,,1,0,0,1,0,0,0,0,0,0,0,1,0,0,0,0,0,1,0,0
-41.10436276,174.888001,Porirua City,2018,minor_injury,80,FALSE,curved_view_obscure,,fine,,daylight,,1,0,0,1,0,0,0,0,0,0,0,1,0,0,0,0,0,1,0,0
-42.70848321,172.8438443,Hurunui District,2018,minor_injury,100,FALSE,straight,,fine,,darkness_not_lit,,1,0,0,1,0,0,0,0,0,0,0,1,0,0,0,0,0,1,0,0
-41.18410856,174.1006016,Marlborough District,2018,minor_injury,100,FALSE,curved_view_open,,fine,,daylight,,1,0,0,1,0,0,0,0,0,0,0,1,0,0,0,0,0,1,0,0
-41.51415965,173.8253346,Marlborough District,2018,minor_injury,80,FALSE,straight,,fine,,darkness_not_lit,,1,0,0,1,0,0,0,0,0,0,0,1,0,0,0,0,0,1,0,0
-41.09308317,174.9056444,Porirua City,2018,minor_injury,60,FALSE,straight,,rain,,daylight,,1,0,0,1,0,0,0,0,0,0,0,1,0,0,0,0,0,1,0,0
-38.31534043,176.6263037,Whakatane District,2018,minor_injury,80,FALSE,curved_view_open,,fine,,darkness_not_lit,,1,0,0,1,0,0,0,0,0,0,0,1,0,0,0,0,0,1,0,0
-36.9178795,174.8679085,Auckland,2018,minor_injury,50,FALSE,straight,,fine,,daylight,,1,0,0,1,0,0,0,0,0,0,0,1,0,0,0,0,0,1,0,0
-39.39440117,175.3744505,Ruapehu District,2018,minor_injury,100,FALSE,curved_view_open,,fine,,darkness_not_lit,,1,0,0,1,0,0,0,0,0,0,0,1,0,0,0,0,0,1,0,0
-36.97140186,174.8774836,Auckland,2018,minor_injury,100,FALSE,curved_view_open,,fine,,darkness_not_lit,,1,0,0,1,0,0,0,0,0,0,0,1,0,0,0,0,0,1,0,0
-35.54758079,173.830974,Far North District,2018,minor_injury,100,FALSE,straight,,fine,,daylight,,1,0,0,1,0,0,0,0,0,0,0,1,0,0,0,0,0,1,0,0
-37.83272187,175.1855482,Waipa District,2018,minor_injury,100,FALSE,curved_view_open,,rain,,daylight,,1,0,0,1,0,0,0,0,0,0,0,1,0,0,0,0,0,1,0,0
-37.00423483,175.8480922,Thames-Coromandel District,2018,serious_injury,50,TRUE,straight,,rain,,darkness_not_lit,giveway_sign,1,0,1,0,0,0,0,0,0,0,0,1,0,0,0,0,0,1,0,0
-35.77840565,174.1717162,Whangarei District,2018,serious_injury,100,FALSE,curved_view_open,,rain,,daylight,,1,0,1,0,0,0,0,0,0,0,0,1,0,0,0,0,0,1,0,0
-39.36639872,175.3331336,Ruapehu District,2018,serious_injury,100,FALSE,curved_view_open,,fine,,darkness_not_lit,,1,0,1,0,0,0,0,0,0,0,0,1,0,0,0,0,0,1,0,0
-41.17316873,174.9797746,Hutt City,2018,serious_injury,50,TRUE,straight,,fine,,darkness_not_lit,giveway_sign,1,0,1,0,0,0,0,0,0,0,0,1,0,0,0,0,0,1,0,0
-41.5721885,174.0352334,Marlborough District,2018,serious_injury,100,FALSE,curved_view_open,,fine,,daylight,,1,0,1,0,0,0,0,0,0,0,0,1,0,0,0,0,0,1,0,0
-39.18026746,176.6370754,Hastings District,2018,serious_injury,100,FALSE,curved_view_open,,rain,,darkness_not_lit,,1,0,1,0,0,0,0,0,0,0,0,1,0,0,0,0,0,1,0,0
-38.85389125,176.0376949,Taupo District,2018,serious_injury,100,FALSE,straight,,fine,,darkness_not_lit,,1,0,1,0,0,0,0,0,0,0,0,1,0,0,0,0,0,1,0,0
-37.84537667,175.8708201,Matamata-Piako District,2018,serious_injury,100,FALSE,straight,,fine,,daylight,,1,0,1,0,0,0,0,0,0,0,0,1,0,0,0,0,0,1,0,0
-37.91742108,175.6902631,Matamata-Piako District,2018,serious_injury,100,FALSE,curved_view_open,,mist,,daylight,,1,0,1,0,0,0,0,0,0,0,0,1,0,0,0,0,0,1,0,0
-38.51491007,177.9001119,Gisborne District,2018,serious_injury,100,FALSE,straight,,fine,,daylight,,1,0,1,0,0,0,0,0,0,0,0,1,0,0,0,0,0,1,0,0
-37.90704635,175.5279391,Waipa District,2018,fatality,100,TRUE,curved_view_open,,fine,,darkness_not_lit,giveway_sign,2,1,1,0,0,0,0,0,0,0,0,1,0,0,0,0,0,1,0,0
-41.19864464,175.2153733,South Wairarapa District,2018,serious_injury,100,FALSE,straight,,fine,,daylight,,2,0,1,1,0,0,0,0,0,0,0,1,0,0,0,0,0,1,0,0
-41.77364575,172.9335944,Tasman District,2018,serious_injury,80,FALSE,curved_view_open,,fine,,daylight,,2,0,1,1,0,0,0,0,0,0,0,1,0,0,0,0,0,1,0,0
-45.83767658,169.5183987,Clutha District,2018,fatality,100,FALSE,curved_view_open,,fine,,dawn_dusk,,1,1,0,0,0,0,0,0,0,0,0,1,0,0,0,0,0,1,0,0
-37.174708,174.9112814,Auckland,2018,fatality,100,FALSE,curved_view_open,,rain,,daylight,,1,1,0,0,0,0,0,0,0,0,0,1,0,0,0,0,0,1,0,0
-39.7307769,174.6034928,South Taranaki District,2018,fatality,100,FALSE,curved_view_open,,rain,,daylight,,1,1,0,0,0,0,0,0,0,0,0,1,0,0,0,0,0,1,0,0
-39.05891257,174.0769067,New Plymouth District,2018,property_damage,50,TRUE,straight,,fine,,daylight,traffic_lights,0,0,0,0,3,0,0,1,0,0,0,0,0,0,0,0,0,0,0,0
-39.50401879,176.8965042,Napier City,2018,property_damage,50,TRUE,straight,,fine,,daylight,traffic_lights,0,0,0,0,3,0,0,1,0,0,0,0,0,0,0,0,0,0,0,0
-41.2856046,174.7767184,Wellington City,2018,property_damage,50,TRUE,straight,,rain,,darkness_not_lit,traffic_lights,0,0,0,0,3,0,0,1,0,0,0,0,0,0,0,0,0,0,0,0
-44.38787327,171.2428554,Timaru District,2018,property_damage,50,TRUE,straight,,fine,,daylight,traffic_lights,0,0,0,0,3,0,0,1,0,0,0,0,0,0,0,0,0,0,0,0
-36.88717897,174.7937311,Auckland,2018,property_damage,100,FALSE,straight,,rain,,daylight,,0,0,0,0,3,0,0,1,0,0,0,0,0,0,0,0,0,0,0,0
-37.05225945,174.9571206,Auckland,2018,property_damage,50,TRUE,straight,,fine,,dawn_dusk,stop_sign,0,0,0,0,3,0,0,1,0,0,0,0,0,0,0,0,0,0,0,0
-37.67690138,176.222705,Tauranga City,2018,property_damage,70,FALSE,straight,,fine,,daylight,,0,0,0,0,3,0,0,1,0,0,0,0,0,0,0,0,0,0,0,0
-36.87150235,174.7107728,Auckland,2018,property_damage,80,FALSE,straight,,rain,,darkness_not_lit,,0,0,0,0,3,0,0,1,0,0,0,0,0,0,0,0,0,0,0,0
-36.81824919,174.7504838,Auckland,2018,property_damage,80,FALSE,straight,,fine,,darkness_not_lit,,0,0,0,0,3,0,0,1,0,0,0,0,0,0,0,0,0,0,0,0
-41.22542055,174.8542337,Hutt City,2018,property_damage,100,FALSE,straight,,rain,,daylight,,0,0,0,0,3,0,0,1,0,0,0,0,0,0,0,0,0,0,0,0
-36.751985,174.7218363,Auckland,2018,property_damage,80,FALSE,straight,,fine,,dawn_dusk,traffic_lights,0,0,0,0,3,0,0,1,0,0,0,0,0,0,0,0,0,0,0,0
-36.73451129,174.7122069,Auckland,2018,property_damage,80,TRUE,straight,,fine,,daylight,,0,0,0,0,3,0,0,1,0,0,0,0,0,0,0,0,0,0,0,0
-36.82244171,174.7504,Auckland,2018,property_damage,80,FALSE,straight,,fine,,darkness_not_lit,,0,0,0,0,3,0,0,1,0,0,0,0,0,0,0,0,0,0,0,0
-43.66504235,172.4117994,Selwyn District,2018,property_damage,100,FALSE,straight,,fine,,daylight,,0,0,0,0,3,0,0,1,0,0,0,0,0,0,0,0,0,0,0,0
-36.63515388,174.7456608,Auckland,2018,property_damage,50,FALSE,straight,,fine,,daylight,,0,0,0,0,3,0,0,1,0,0,0,0,0,0,0,0,0,0,0,0
-45.86466864,170.5122703,Dunedin City,2018,property_damage,50,FALSE,straight,,fine,,darkness_not_lit,,0,0,0,0,3,0,0,1,0,0,0,0,0,0,0,0,0,0,0,0
-37.77627835,175.2780262,Hamilton City,2018,property_damage,50,FALSE,straight,,fine,,darkness_not_lit,,0,0,0,0,3,0,0,1,0,0,0,0,0,0,0,0,0,0,0,0
-36.80719925,174.7583813,Auckland,2018,property_damage,100,FALSE,straight,,fine,,daylight,,0,0,0,0,3,0,0,1,0,0,0,0,0,0,0,0,0,0,0,0
-36.94800709,174.8566396,Auckland,2018,property_damage,100,FALSE,straight,,fine,,darkness_not_lit,,0,0,0,0,3,0,0,1,0,0,0,0,0,0,0,0,0,0,0,0
-41.28662375,174.7719575,Wellington City,2018,property_damage,80,FALSE,straight,,fine,,daylight,,0,0,0,0,3,0,0,1,0,0,0,0,0,0,0,0,0,0,0,0
-36.90893771,174.6324663,Auckland,2018,property_damage,50,FALSE,straight,,fine,,daylight,,0,0,0,0,3,0,0,1,0,0,0,0,0,0,0,0,0,0,0,0
-36.93369366,174.8514756,Auckland,2018,minor_injury,100,FALSE,straight,,fine,,daylight,,1,0,0,1,3,0,0,1,0,0,0,0,0,0,0,0,0,0,0,0
-36.91344061,174.7443286,Auckland,2018,minor_injury,100,FALSE,curved_view_open,,fine,,daylight,,1,0,0,1,3,0,0,1,0,0,0,0,0,0,0,0,0,0,0,0
-38.03273359,175.7901008,South Waikato District,2018,minor_injury,100,FALSE,straight,,fine,,dawn_dusk,,1,0,0,1,3,0,0,1,0,0,0,0,0,0,0,0,0,0,0,0
-36.81860192,174.7504022,Auckland,2018,minor_injury,80,FALSE,straight,,fine,,darkness_not_lit,,2,0,0,2,3,0,0,1,0,0,0,0,0,0,0,0,0,0,0,0
-36.93557954,174.8420673,Auckland,2018,minor_injury,50,FALSE,straight,,fine,,daylight,,2,0,0,2,3,0,0,1,0,0,0,0,0,0,0,0,0,0,0,0
-36.76829422,174.7407878,Auckland,2018,minor_injury,100,FALSE,straight,,rain,,darkness_not_lit,,2,0,0,2,3,0,0,1,0,0,0,0,0,0,0,0,0,0,0,0
-35.73412344,174.294569,Whangarei District,2018,fatality,60,TRUE,straight,,rain,,daylight,stop_sign,2,1,0,1,3,0,0,1,0,0,0,0,0,0,0,0,0,0,0,0
-39.0560251,174.083173,New Plymouth District,2018,property_damage,50,TRUE,curved_view_open,,fine,,daylight,,0,0,0,0,1,0,0,0,0,0,0,1,0,0,0,0,0,0,0,0
-39.0560251,174.083173,New Plymouth District,2018,property_damage,50,TRUE,straight,,rain,,daylight,traffic_lights,0,0,0,0,1,0,0,0,0,0,0,1,0,0,0,0,0,0,0,0
-41.31091515,174.7790303,Wellington City,2018,property_damage,50,TRUE,straight,,fine,,daylight,traffic_lights,0,0,0,0,1,0,0,0,0,0,0,1,0,0,0,0,0,0,0,0
-39.06207954,174.0696038,New Plymouth District,2018,property_damage,50,TRUE,straight,,rain,,daylight,giveway_sign,0,0,0,0,1,0,0,0,0,0,0,1,0,0,0,0,0,0,0,0
-41.29414789,174.7729255,Wellington City,2018,property_damage,50,TRUE,straight,,fine,,daylight,traffic_lights,0,0,0,0,1,0,0,0,0,0,0,1,0,0,0,0,0,0,0,0
-41.29414789,174.7729255,Wellington City,2018,property_damage,50,TRUE,straight,,fine,,daylight,traffic_lights,0,0,0,0,1,0,0,0,0,0,0,1,0,0,0,0,0,0,0,0
-37.89158653,175.4683974,Waipa District,2018,property_damage,50,TRUE,straight,,fine,,daylight,stop_sign,0,0,0,0,1,0,0,0,0,0,0,1,0,0,0,0,0,0,0,0
-37.79245911,175.2879824,Hamilton City,2018,property_damage,50,TRUE,curved_view_open,,fine,,daylight,giveway_sign,0,0,0,0,1,0,0,0,0,0,0,1,0,0,0,0,0,0,0,0
-37.27621876,175.3429102,Hauraki District,2018,property_damage,90,TRUE,curved_view_open,,fine,,daylight,giveway_sign,0,0,0,0,1,0,0,0,0,0,0,1,0,0,0,0,0,0,0,0
-37.27621876,175.3429102,Hauraki District,2018,property_damage,100,TRUE,curved_view_open,,fine,,darkness_not_lit,giveway_sign,0,0,0,0,1,0,0,0,0,0,0,1,0,0,0,0,0,0,0,0
-36.48224436,174.6563965,Auckland,2018,property_damage,80,FALSE,straight,,rain,,darkness_not_lit,,0,0,0,0,1,0,0,0,0,0,0,1,0,0,0,0,0,0,0,0
-37.78959021,175.2816485,Hamilton City,2018,property_damage,50,TRUE,straight,,fine,,darkness_not_lit,traffic_lights,0,0,0,0,1,0,0,0,0,0,0,1,0,0,0,0,0,0,0,0
-36.96042417,174.8888273,Auckland,2018,property_damage,60,TRUE,straight,,rain,,dawn_dusk,traffic_lights,0,0,0,0,1,0,0,0,0,0,0,1,0,0,0,0,0,0,0,0
-37.00053506,174.8693112,Auckland,2018,property_damage,70,TRUE,straight,,rain,,daylight,stop_sign,0,0,0,0,1,0,0,0,0,0,0,1,0,0,0,0,0,0,0,0