latitude,longitude,local_government_area,year,severity,speed_limit,intersection,road_position_horizontal,road_wet,weather,crash_type,lighting,traffic_controls,casualties,fatalities,serious_injuries,minor_injuries,car_sedan,car_utility,car_van,car_4x4,car_station_wagon,motor_cycle,truck_small,truck_large,bus,taxi,bicycle,scooter,pedestrian,inanimate,train,tram
-38.88312414,175.2607056,Ruapehu District,2018,property_damage,50,TRUE,straight,,fine,,dawn_dusk,giveway_sign,0,0,0,0,1,0,0,0,0,0,0,1,0,0,0,0,0,0,0,0
-43.54118914,172.5786699,Christchurch City,2018,property_damage,50,TRUE,straight,,fine,,daylight,giveway_sign,0,0,0,0,1,0,0,0,0,0,0,1,0,0,0,0,0,0,0,0
-36.90609659,174.889159,Auckland,2018,property_damage,60,TRUE,straight,,fine,,daylight,traffic_lights,0,0,0,0,1,0,0,0,0,0,0,1,0,0,0,0,0,0,0,0
-40.06743148,175.3787662,Rangitikei District,2018,property_damage,50,TRUE,straight,,fine,,daylight,giveway_sign,0,0,0,0,1,0,0,0,0,0,0,1,0,0,0,0,0,0,0,0
-39.62612091,176.7888188,Hastings District,2018,property_damage,50,TRUE,straight,,fine,,darkness_not_lit,,0,0,0,0,1,0,0,0,0,0,0,1,0,0,0,0,0,0,0,0
-36.87626213,174.7509434,Auckland,2018,property_damage,50,FALSE,straight,,fine,,daylight,,0,0,0,0,1,0,0,0,0,0,0,1,0,0,0,0,0,0,0,0
-36.7293752,174.7152171,Auckland,2018,property_damage,100,FALSE,straight,,fine,,daylight,,0,0,0,0,1,0,0,0,0,0,0,1,0,0,0,0,0,0,0,0
-36.86740631,174.7291015,Auckland,2018,property_damage,50,TRUE,straight,,fine,,daylight,traffic_lights,0,0,0,0,1,0,0,0,0,0,0,1,0,0,0,0,0,0,0,0
-36.90595418,174.7187251,Auckland,2018,property_damage,50,TRUE,straight,,fine,,darkness_not_lit,giveway_sign,0,0,0,0,1,0,0,0,0,0,0,1,0,0,0,0,0,0,0,0
-36.86841378,174.7696444,Auckland,2018,property_damage,80,FALSE,straight,,fine,,daylight,,0,0,0,0,1,0,0,0,0,0,0,1,0,0,0,0,0,0,0,0
-37.00442838,174.9559944,Auckland,2018,property_damage,100,TRUE,straight,,fine,,dawn_dusk,giveway_sign,0,0,0,0,1,0,0,0,0,0,0,1,0,0,0,0,0,0,0,0
-41.29201584,174.7815022,Wellington City,2018,property_damage,50,FALSE,straight,,fine,,daylight,,0,0,0,0,1,0,0,0,0,0,0,1,0,0,0,0,0,0,0,0
-41.29201584,174.7815022,Wellington City,2018,property_damage,50,FALSE,straight,,fine,,daylight,,0,0,0,0,1,0,0,0,0,0,0,1,0,0,0,0,0,0,0,0
-40.34578583,175.6345634,Palmerston North City,2018,property_damage,50,TRUE,straight,,fine,,daylight,giveway_sign,0,0,0,0,1,0,0,0,0,0,0,1,0,0,0,0,0,0,0,0
-43.58905347,172.3837882,Selwyn District,2018,property_damage,80,TRUE,straight,,rain,,daylight,traffic_lights,0,0,0,0,1,0,0,0,0,0,0,1,0,0,0,0,0,0,0,0
-44.71199701,169.1555007,Queenstown-Lakes District,2018,property_damage,80,TRUE,straight,,fine,,dawn_dusk,giveway_sign,0,0,0,0,1,0,0,0,0,0,0,1,0,0,0,0,0,0,0,0
-36.93426724,174.8418337,Auckland,2018,property_damage,50,FALSE,curved_view_obscure,,rain,,daylight,,0,0,0,0,1,0,0,0,0,0,0,1,0,0,0,0,0,0,0,0
-41.53402488,173.9551119,Marlborough District,2018,property_damage,50,TRUE,straight,,fine,,daylight,giveway_sign,0,0,0,0,1,0,0,0,0,0,0,1,0,0,0,0,0,0,0,0
-41.53402488,173.9551119,Marlborough District,2018,property_damage,50,TRUE,straight,,fine,,daylight,giveway_sign,0,0,0,0,1,0,0,0,0,0,0,1,0,0,0,0,0,0,0,0
-36.98957812,174.915469,Auckland,2018,property_damage,60,TRUE,curved_view_open,,fine,,daylight,giveway_sign,0,0,0,0,1,0,0,0,0,0,0,1,0,0,0,0,0,0,0,0
-37.0710044,174.9280772,Auckland,2018,property_damage,100,TRUE,straight,,fine,,daylight,,0,0,0,0,1,0,0,0,0,0,0,1,0,0,0,0,0,0,0,0
-36.76507615,174.718488,Auckland,2018,property_damage,50,FALSE,straight,,fine,,daylight,traffic_lights,0,0,0,0,1,0,0,0,0,0,0,1,0,0,0,0,0,0,0,0
-36.92151075,174.8002829,Auckland,2018,property_damage,50,TRUE,straight,,fine,,daylight,traffic_lights,0,0,0,0,1,0,0,0,0,0,0,1,0,0,0,0,0,0,0,0
-35.74312649,174.3073991,Whangarei District,2018,property_damage,50,FALSE,curved_view_open,,fine,,dawn_dusk,,0,0,0,0,1,0,0,0,0,0,0,1,0,0,0,0,0,0,0,0
-41.20794982,174.8982402,Hutt City,2018,property_damage,50,TRUE,straight,,fine,,darkness_not_lit,stop_sign,0,0,0,0,1,0,0,0,0,0,0,1,0,0,0,0,0,0,0,0
-41.10569339,174.8677112,Porirua City,2018,property_damage,50,TRUE,curved_view_open,,fine,,dawn_dusk,giveway_sign,0,0,0,0,1,0,0,0,0,0,0,1,0,0,0,0,0,0,0,0
-40.54489784,175.4137333,Horowhenua District,2018,property_damage,50,TRUE,straight,,fine,,daylight,giveway_sign,0,0,0,0,1,0,0,0,0,0,0,1,0,0,0,0,0,0,0,0
-39.62055915,176.8167102,Hastings District,2018,property_damage,50,TRUE,straight,,fine,,daylight,giveway_sign,0,0,0,0,1,0,0,0,0,0,0,1,0,0,0,0,0,0,0,0
-38.62448443,177.9573375,Gisborne District,2018,property_damage,100,TRUE,straight,,fine,,daylight,stop_sign,0,0,0,0,1,0,0,0,0,0,0,1,0,0,0,0,0,0,0,0
-43.60119462,172.3518712,Selwyn District,2018,property_damage,100,TRUE,straight,,fine,,daylight,stop_sign,0,0,0,0,1,0,0,0,0,0,0,1,0,0,0,0,0,0,0,0
-43.60119462,172.3518712,Selwyn District,2018,property_damage,100,TRUE,straight,,fine,,daylight,stop_sign,0,0,0,0,1,0,0,0,0,0,0,1,0,0,0,0,0,0,0,0
-36.87336188,174.6278157,Auckland,2018,property_damage,50,TRUE,curved_view_open,,fine,,daylight,traffic_lights,0,0,0,0,1,0,0,0,0,0,0,1,0,0,0,0,0,0,0,0
-36.79749781,174.7797793,Auckland,2018,property_damage,50,FALSE,straight,,fine,,daylight,,0,0,0,0,1,0,0,0,0,0,0,1,0,0,0,0,0,0,0,0
-36.77105849,174.7422171,Auckland,2018,property_damage,100,FALSE,straight,,fine,,darkness_not_lit,,0,0,0,0,1,0,0,0,0,0,0,1,0,0,0,0,0,0,0,0
-36.87296548,174.7520124,Auckland,2018,property_damage,50,FALSE,straight,,fine,,darkness_not_lit,,0,0,0,0,1,0,0,0,0,0,0,1,0,0,0,0,0,0,0,0
-36.95145901,174.7945191,Auckland,2018,property_damage,100,TRUE,straight,,fine,,daylight,,0,0,0,0,1,0,0,0,0,0,0,1,0,0,0,0,0,0,0,0
-39.05709731,174.0763706,New Plymouth District,2018,property_damage,30,FALSE,straight,,fine,,darkness_not_lit,,0,0,0,0,1,0,0,0,0,0,0,1,0,0,0,0,0,0,0,0
-44.38759559,171.2423615,Timaru District,2018,property_damage,50,FALSE,straight,,fine,,daylight,,0,0,0,0,1,0,0,0,0,0,0,1,0,0,0,0,0,0,0,0
-43.56138959,172.5289393,Christchurch City,2018,property_damage,70,TRUE,curved_view_open,,rain,,daylight,giveway_sign,0,0,0,0,1,0,0,0,0,0,0,1,0,0,0,0,0,0,0,0
-36.95039782,174.8056569,Auckland,2018,property_damage,60,FALSE,straight,,fine,,daylight,,0,0,0,0,1,0,0,0,0,0,0,1,0,0,0,0,0,0,0,0
-36.95039782,174.8056569,Auckland,2018,property_damage,60,FALSE,straight,,fine,,daylight,,0,0,0,0,1,0,0,0,0,0,0,1,0,0,0,0,0,0,0,0
-36.97055313,174.8615569,Auckland,2018,property_damage,50,TRUE,straight,,fine,,dawn_dusk,stop_sign,0,0,0,0,1,0,0,0,0,0,0,1,0,0,0,0,0,0,0,0
-37.03794867,174.923407,Auckland,2018,property_damage,50,TRUE,straight,,fine,,daylight,stop_sign,0,0,0,0,1,0,0,0,0,0,0,1,0,0,0,0,0,0,0,0
-40.62362711,175.284824,Horowhenua District,2018,property_damage,50,TRUE,straight,,fine,,daylight,,0,0,0,0,1,0,0,0,0,0,0,1,0,0,0,0,0,0,0,0
-36.9364457,174.8759742,Auckland,2018,property_damage,50,TRUE,straight,,fine,,daylight,giveway_sign,0,0,0,0,1,0,0,0,0,0,0,1,0,0,0,0,0,0,0,0
-39.4967134,176.8736593,Napier City,2018,property_damage,70,TRUE,straight,,fine,,daylight,giveway_sign,0,0,0,0,1,0,0,0,0,0,0,1,0,0,0,0,0,0,0,0
-41.12743215,174.8462419,Porirua City,2018,property_damage,100,FALSE,straight,,rain,,daylight,,0,0,0,0,1,0,0,0,0,0,0,1,0,0,0,0,0,0,0,0
-41.0921617,174.8684231,Porirua City,2018,property_damage,50,FALSE,straight,,fine,,daylight,,0,0,0,0,1,0,0,0,0,0,0,1,0,0,0,0,0,0,0,0
-43.70105215,172.5160819,Selwyn District,2018,property_damage,100,TRUE,straight,,fine,,daylight,stop_sign,0,0,0,0,1,0,0,0,0,0,0,1,0,0,0,0,0,0,0,0
-36.85822573,174.6521493,Auckland,2018,property_damage,50,TRUE,straight,,fine,,daylight,traffic_lights,0,0,0,0,1,0,0,0,0,0,0,1,0,0,0,0,0,0,0,0
-35.54691818,174.2778954,Whangarei District,2018,property_damage,100,FALSE,curved_view_open,,fine,,daylight,,0,0,0,0,1,0,0,0,0,0,0,1,0,0,0,0,0,0,0,0
-37.22489518,174.8698208,Auckland,2018,property_damage,100,TRUE,straight,,fine,,daylight,stop_sign,0,0,0,0,1,0,0,0,0,0,0,1,0,0,0,0,0,0,0,0
-37.67788657,175.1629453,Waikato District,2018,property_damage,70,TRUE,straight,,fine,,daylight,giveway_sign,0,0,0,0,1,0,0,0,0,0,0,1,0,0,0,0,0,0,0,0
-37.80636792,175.2942496,Hamilton City,2018,property_damage,80,FALSE,curved_view_open,,fine,,daylight,,0,0,0,0,1,0,0,0,0,0,0,1,0,0,0,0,0,0,0,0
-38.14749527,176.2773528,Rotorua District,2018,property_damage,60,FALSE,straight,,rain,,daylight,,0,0,0,0,1,0,0,0,0,0,0,1,0,0,0,0,0,0,0,0
-37.72837396,175.4434978,Waikato District,2018,property_damage,100,TRUE,curved_view_open,,fine,,daylight,giveway_sign,0,0,0,0,1,0,0,0,0,0,0,1,0,0,0,0,0,0,0,0
-36.8500354,174.7744806,Auckland,2018,property_damage,50,FALSE,straight,,fine,,daylight,,0,0,0,0,1,0,0,0,0,0,0,1,0,0,0,0,0,0,0,0
-36.89674103,174.8333562,Auckland,2018,property_damage,50,FALSE,straight,,fine,,daylight,,0,0,0,0,1,0,0,0,0,0,0,1,0,0,0,0,0,0,0,0
-37.80197981,175.2602127,Hamilton City,2018,property_damage,60,FALSE,straight,,fine,,daylight,,0,0,0,0,1,0,0,0,0,0,0,1,0,0,0,0,0,0,0,0
-39.65110811,176.858402,Hastings District,2018,property_damage,50,TRUE,straight,,,,daylight,giveway_sign,0,0,0,0,1,0,0,0,0,0,0,1,0,0,0,0,0,0,0,0
-39.42764302,175.2818775,Ruapehu District,2018,property_damage,50,TRUE,straight,,fine,,daylight,stop_sign,0,0,0,0,1,0,0,0,0,0,0,1,0,0,0,0,0,0,0,0
-41.31765081,174.7936457,Wellington City,2018,property_damage,50,TRUE,curved_view_open,,fine,,daylight,stop_sign,0,0,0,0,1,0,0,0,0,0,0,1,0,0,0,0,0,0,0,0
-36.94873345,174.8922668,Auckland,2018,property_damage,50,TRUE,straight,,fine,,daylight,traffic_lights,0,0,0,0,1,0,0,0,0,0,0,1,0,0,0,0,0,0,0,0
-37.65222897,175.5385832,Matamata-Piako District,2018,property_damage,50,TRUE,straight,,fine,,daylight,,0,0,0,0,1,0,0,0,0,0,0,1,0,0,0,0,0,0,0,0
-37.65259036,176.1963372,Tauranga City,2018,property_damage,50,FALSE,straight,,fine,,daylight,,0,0,0,0,1,0,0,0,0,0,0,1,0,0,0,0,0,0,0,0
-36.7576243,174.6868326,Auckland,2018,property_damage,50,TRUE,curved_view_open,,fine,,daylight,,0,0,0,0,1,0,0,0,0,0,0,1,0,0,0,0,0,0,0,0
-41.21728208,174.8822869,Hutt City,2018,property_damage,50,TRUE,straight,,fine,,daylight,giveway_sign,0,0,0,0,1,0,0,0,0,0,0,1,0,0,0,0,0,0,0,0
-43.53989926,172.5520176,Christchurch City,2018,property_damage,60,FALSE,straight,,rain,,daylight,,0,0,0,0,1,0,0,0,0,0,0,1,0,0,0,0,0,0,0,0
-45.85495109,170.515731,Dunedin City,2018,property_damage,50,TRUE,straight,,fine,,daylight,giveway_sign,0,0,0,0,1,0,0,0,0,0,0,1,0,0,0,0,0,0,0,0
-37.80509304,175.2599896,Hamilton City,2018,property_damage,60,TRUE,curved_view_open,,fine,,daylight,giveway_sign,0,0,0,0,1,0,0,0,0,0,0,1,0,0,0,0,0,0,0,0
-37.79633055,175.3322548,Hamilton City,2018,property_damage,50,FALSE,straight,,fine,,daylight,,0,0,0,0,1,0,0,0,0,0,0,1,0,0,0,0,0,0,0,0
-36.86693727,174.8072576,Auckland,2018,property_damage,50,TRUE,curved_view_open,,fine,,daylight,giveway_sign,0,0,0,0,1,0,0,0,0,0,0,1,0,0,0,0,0,0,0,0
-36.99668958,174.8753972,Auckland,2018,property_damage,60,TRUE,straight,,rain,,daylight,traffic_lights,0,0,0,0,1,0,0,0,0,0,0,1,0,0,0,0,0,0,0,0
-41.13850288,174.844515,Porirua City,2018,property_damage,50,TRUE,curved_view_open,,fine,,daylight,giveway_sign,0,0,0,0,1,0,0,0,0,0,0,1,0,0,0,0,0,0,0,0
-41.22820326,174.8770524,Hutt City,2018,property_damage,50,TRUE,straight,,fine,,daylight,giveway_sign,0,0,0,0,1,0,0,0,0,0,0,1,0,0,0,0,0,0,0,0
-41.21976908,174.8778132,Hutt City,2018,property_damage,50,TRUE,straight,,rain,,daylight,giveway_sign,0,0,0,0,1,0,0,0,0,0,0,1,0,0,0,0,0,0,0,0
-43.55831622,172.62009,Christchurch City,2018,property_damage,50,TRUE,straight,,fine,,daylight,traffic_lights,0,0,0,0,1,0,0,0,0,0,0,1,0,0,0,0,0,0,0,0
-36.84823927,174.7655679,Auckland,2018,property_damage,30,TRUE,straight,,fine,,darkness_not_lit,,0,0,0,0,1,0,0,0,0,0,0,1,0,0,0,0,0,0,0,0
-36.89645533,174.840756,Auckland,2018,property_damage,50,TRUE,straight,,rain,,daylight,giveway_sign,0,0,0,0,1,0,0,0,0,0,0,1,0,0,0,0,0,0,0,0
-36.89645533,174.840756,Auckland,2018,property_damage,50,TRUE,straight,,rain,,darkness_not_lit,,0,0,0,0,1,0,0,0,0,0,0,1,0,0,0,0,0,0,0,0
-37.03076902,174.87818,Auckland,2018,property_damage,50,TRUE,straight,,fine,,darkness_not_lit,giveway_sign,0,0,0,0,1,0,0,0,0,0,0,1,0,0,0,0,0,0,0,0
-36.89454388,174.7354145,Auckland,2018,property_damage,50,TRUE,straight,,rain,,daylight,giveway_sign,0,0,0,0,1,0,0,0,0,0,0,1,0,0,0,0,0,0,0,0
-36.95591568,174.860987,Auckland,2018,property_damage,100,FALSE,straight,,fine,,darkness_not_lit,,0,0,0,0,1,0,0,0,0,0,0,1,0,0,0,0,0,0,0,0
-36.86059853,174.6119529,Auckland,2018,property_damage,50,TRUE,curved_view_open,,fine,,daylight,giveway_sign,0,0,0,0,1,0,0,0,0,0,0,1,0,0,0,0,0,0,0,0
-36.96046242,174.8317497,Auckland,2018,property_damage,50,TRUE,straight,,fine,,daylight,traffic_lights,0,0,0,0,1,0,0,0,0,0,0,1,0,0,0,0,0,0,0,0
-36.96046242,174.8317497,Auckland,2018,property_damage,50,TRUE,straight,,fine,,daylight,traffic_lights,0,0,0,0,1,0,0,0,0,0,0,1,0,0,0,0,0,0,0,0
-36.92601089,174.8917273,Auckland,2018,property_damage,50,TRUE,straight,,fine,,daylight,giveway_sign,0,0,0,0,1,0,0,0,0,0,0,1,0,0,0,0,0,0,0,0
-36.88604327,174.6442319,Auckland,2018,property_damage,50,TRUE,curved_view_open,,fine,,daylight,giveway_sign,0,0,0,0,1,0,0,0,0,0,0,1,0,0,0,0,0,0,0,0
-36.88938453,174.7962963,Auckland,2018,property_damage,50,FALSE,straight,,fine,,daylight,,0,0,0,0,1,0,0,0,0,0,0,1,0,0,0,0,0,0,0,0
-41.51352218,173.9596998,Marlborough District,2018,property_damage,50,TRUE,curved_view_open,,fine,,daylight,giveway_sign,0,0,0,0,1,0,0,0,0,0,0,1,0,0,0,0,0,0,0,0
-41.2798249,173.2806022,Nelson City,2018,property_damage,50,TRUE,straight,,fine,,daylight,giveway_sign,0,0,0,0,1,0,0,0,0,0,0,1,0,0,0,0,0,0,0,0
-41.2031383,174.9059724,Hutt City,2018,property_damage,100,TRUE,straight,,,,daylight,giveway_sign,0,0,0,0,1,0,0,0,0,0,0,1,0,0,0,0,0,0,0,0
-41.23008891,174.8834776,Hutt City,2018,property_damage,50,TRUE,straight,,rain,,daylight,traffic_lights,0,0,0,0,1,0,0,0,0,0,0,1,0,0,0,0,0,0,0,0
-43.48456567,172.5798551,Christchurch City,2018,property_damage,50,TRUE,straight,,fine,,daylight,stop_sign,0,0,0,0,1,0,0,0,0,0,0,1,0,0,0,0,0,0,0,0
-44.12594572,171.2502407,Timaru District,2018,property_damage,100,TRUE,straight,,fine,,daylight,stop_sign,0,0,0,0,1,0,0,0,0,0,0,1,0,0,0,0,0,0,0,0
-44.26011161,170.1053045,Mackenzie District,2018,property_damage,100,TRUE,straight,,fine,,daylight,giveway_sign,0,0,0,0,1,0,0,0,0,0,0,1,0,0,0,0,0,0,0,0
-36.98724881,174.8802101,Auckland,2018,property_damage,60,FALSE,straight,,fine,,daylight,,0,0,0,0,1,0,0,0,0,0,0,1,0,0,0,0,0,0,0,0
-41.23511354,174.8060037,Wellington City,2018,property_damage,80,TRUE,straight,,rain,,dawn_dusk,,0,0,0,0,1,0,0,0,0,0,0,1,0,0,0,0,0,0,0,0
-38.88147555,175.2792238,Ruapehu District,2018,property_damage,100,TRUE,straight,,fine,,daylight,giveway_sign,0,0,0,0,1,0,0,0,0,0,0,1,0,0,0,0,0,0,0,0
-37.6956887,176.1079543,Tauranga City,2018,property_damage,50,FALSE,straight,,fine,,daylight,,0,0,0,0,1,0,0,0,0,0,0,1,0,0,0,0,0,0,0,0
-36.88114653,174.8555128,Auckland,2018,property_damage,50,TRUE,curved_view_open,,fine,,daylight,giveway_sign,0,0,0,0,1,0,0,0,0,0,0,1,0,0,0,0,0,0,0,0
-36.847859,174.7656825,Auckland,2018,property_damage,30,FALSE,straight,,rain,,darkness_not_lit,,0,0,0,0,1,0,0,0,0,0,0,1,0,0,0,0,0,0,0,0
-36.95079594,174.8372792,Auckland,2018,property_damage,50,FALSE,straight,,fine,,daylight,,0,0,0,0,1,0,0,0,0,0,0,1,0,0,0,0,0,0,0,0
-36.75254099,174.7276286,Auckland,2018,property_damage,100,FALSE,straight,,fine,,daylight,,0,0,0,0,1,0,0,0,0,0,0,1,0,0,0,0,0,0,0,0
-41.51085365,173.9589054,Marlborough District,2018,property_damage,50,TRUE,straight,,fine,,daylight,giveway_sign,0,0,0,0,1,0,0,0,0,0,0,1,0,0,0,0,0,0,0,0
-41.5134032,173.9599257,Marlborough District,2018,property_damage,50,TRUE,curved_view_open,,fine,,daylight,giveway_sign,0,0,0,0,1,0,0,0,0,0,0,1,0,0,0,0,0,0,0,0
-43.5474128,172.642639,Christchurch City,2018,property_damage,60,TRUE,straight,,fine,,daylight,traffic_lights,0,0,0,0,1,0,0,0,0,0,0,1,0,0,0,0,0,0,0,0
-36.81418004,174.751983,Auckland,2018,property_damage,100,FALSE,straight,,rain,,daylight,,0,0,0,0,1,0,0,0,0,0,0,1,0,0,0,0,0,0,0,0
-37.68380161,176.2253846,Tauranga City,2018,property_damage,50,TRUE,curved_view_open,,fine,,darkness_not_lit,giveway_sign,0,0,0,0,1,0,0,0,0,0,0,1,0,0,0,0,0,0,0,0
-37.96241628,176.9821664,Whakatane District,2018,property_damage,50,FALSE,straight,,rain,,daylight,,0,0,0,0,1,0,0,0,0,0,0,1,0,0,0,0,0,0,0,0
-36.86532806,174.5866996,Auckland,2018,property_damage,50,FALSE,straight,,rain,,daylight,,0,0,0,0,1,0,0,0,0,0,0,1,0,0,0,0,0,0,0,0
-36.92807946,174.7860895,Auckland,2018,property_damage,50,FALSE,curved_view_open,,rain,,daylight,,0,0,0,0,1,0,0,0,0,0,0,1,0,0,0,0,0,0,0,0
-36.85654542,174.746949,Auckland,2018,property_damage,50,FALSE,straight,,fine,,daylight,traffic_lights,0,0,0,0,1,0,0,0,0,0,0,1,0,0,0,0,0,0,0,0
-36.84861035,174.8397425,Auckland,2018,property_damage,50,TRUE,straight,,fine,,daylight,giveway_sign,0,0,0,0,1,0,0,0,0,0,0,1,0,0,0,0,0,0,0,0
-38.18630693,175.211991,Otorohanga District,2018,property_damage,50,FALSE,straight,,rain,,darkness_not_lit,,0,0,0,0,1,0,0,0,0,0,0,1,0,0,0,0,0,0,0,0
-37.10527974,174.9457688,Auckland,2018,property_damage,100,TRUE,straight,,fine,,daylight,,0,0,0,0,1,0,0,0,0,0,0,1,0,0,0,0,0,0,0,0
-45.80300423,170.516009,Dunedin City,2018,property_damage,100,FALSE,straight,,fine,,daylight,,0,0,0,0,1,0,0,0,0,0,0,1,0,0,0,0,0,0,0,0
-37.67233149,176.0609232,Western Bay Of Plenty District,2018,property_damage,70,TRUE,curved_view_open,,fine,,daylight,stop_sign,0,0,0,0,1,0,0,0,0,0,0,1,0,0,0,0,0,0,0,0
-43.76858786,171.7378326,Ashburton District,2018,property_damage,100,TRUE,straight,,fine,,daylight,giveway_sign,0,0,0,0,1,0,0,0,0,0,0,1,0,0,0,0,0,0,0,0
-43.48812528,172.1057051,Selwyn District,2018,property_damage,50,TRUE,curved_view_open,,rain,,daylight,stop_sign,0,0,0,0,1,0,0,0,0,0,0,1,0,0,0,0,0,0,0,0
-36.85903596,174.75654,Auckland,2018,property_damage,80,FALSE,curved_view_open,,fine,,daylight,,0,0,0,0,1,0,0,0,0,0,0,1,0,0,0,0,0,0,0,0
-41.30317542,174.7692642,Wellington City,2018,property_damage,50,TRUE,straight,,fine,,daylight,,0,0,0,0,1,0,0,0,0,0,0,1,0,0,0,0,0,0,0,0
-41.09671247,174.8694094,Porirua City,2018,property_damage,50,FALSE,straight,,fine,,daylight,,0,0,0,0,1,0,0,0,0,0,0,1,0,0,0,0,0,0,0,0
-41.28619806,174.7773674,Wellington City,2018,property_damage,50,FALSE,straight,,fine,,daylight,,0,0,0,0,1,0,0,0,0,0,0,1,0,0,0,0,0,0,0,0
-45.88322174,170.3530378,Dunedin City,2018,property_damage,50,TRUE,straight,,fine,,daylight,,0,0,0,0,1,0,0,0,0,0,0,1,0,0,0,0,0,0,0,0
-37.76624101,175.3006711,Hamilton City,2018,property_damage,50,TRUE,straight,,fine,,daylight,traffic_lights,0,0,0,0,1,0,0,0,0,0,0,1,0,0,0,0,0,0,0,0
-43.57890333,172.4892433,Selwyn District,2018,property_damage,80,FALSE,straight,,mist,,darkness_not_lit,,0,0,0,0,1,0,0,0,0,0,0,1,0,0,0,0,0,0,0,0
-39.62562243,176.8240468,Hastings District,2018,property_damage,50,TRUE,straight,,fine,,daylight,giveway_sign,0,0,0,0,1,0,0,0,0,0,0,1,0,0,0,0,0,0,0,0
-43.52031521,172.5340352,Christchurch City,2018,property_damage,60,TRUE,straight,,fine,,dawn_dusk,traffic_lights,0,0,0,0,1,0,0,0,0,0,0,1,0,0,0,0,0,0,0,0
-43.47661865,172.5191131,Christchurch City,2018,property_damage,80,TRUE,straight,,fine,,daylight,giveway_sign,0,0,0,0,1,0,0,0,0,0,0,1,0,0,0,0,0,0,0,0
-37.03672184,174.9100872,Auckland,2018,property_damage,100,FALSE,straight,,fine,,daylight,,0,0,0,0,1,0,0,0,0,0,0,1,0,0,0,0,0,0,0,0
-37.86446509,175.9431968,Western Bay Of Plenty District,2018,property_damage,100,FALSE,straight,,fine,,daylight,,0,0,0,0,1,0,0,0,0,0,0,1,0,0,0,0,0,0,0,0
-36.83577295,174.7424058,Auckland,2018,property_damage,80,FALSE,straight,,fine,,darkness_not_lit,,0,0,0,0,1,0,0,0,0,0,0,1,0,0,0,0,0,0,0,0
-37.80108623,176.3993132,Western Bay Of Plenty District,2018,property_damage,100,TRUE,curved_view_open,,fine,,daylight,giveway_sign,0,0,0,0,1,0,0,0,0,0,0,1,0,0,0,0,0,0,0,0
-41.31342025,173.2153714,Nelson City,2018,property_damage,100,FALSE,straight,,fine,,daylight,,0,0,0,0,1,0,0,0,0,0,0,1,0,0,0,0,0,0,0,0
-37.90993838,175.5945825,Waipa District,2018,property_damage,100,TRUE,curved_view_open,,fine,,daylight,giveway_sign,0,0,0,0,1,0,0,0,0,0,0,1,0,0,0,0,0,0,0,0
-36.85762177,174.6299607,Auckland,2018,property_damage,50,FALSE,straight,,fine,,daylight,,0,0,0,0,1,0,0,0,0,0,0,1,0,0,0,0,0,0,0,0
-36.92132014,174.8021531,Auckland,2018,property_damage,50,FALSE,straight,,fine,,daylight,,0,0,0,0,1,0,0,0,0,0,0,1,0,0,0,0,0,0,0,0
-36.91588444,174.8392362,Auckland,2018,property_damage,50,FALSE,straight,,fine,,daylight,,0,0,0,0,1,0,0,0,0,0,0,1,0,0,0,0,0,0,0,0
-37.09120867,174.9414936,Auckland,2018,property_damage,100,TRUE,straight,,fine,,daylight,,0,0,0,0,1,0,0,0,0,0,0,1,0,0,0,0,0,0,0,0
-36.79254528,174.7558048,Auckland,2018,property_damage,100,FALSE,straight,,rain,,darkness_not_lit,,0,0,0,0,1,0,0,0,0,0,0,1,0,0,0,0,0,0,0,0
-37.02129238,174.910038,Auckland,2018,property_damage,100,FALSE,straight,,fine,,daylight,,0,0,0,0,1,0,0,0,0,0,0,1,0,0,0,0,0,0,0,0
-43.50937965,172.6516472,Christchurch City,2018,property_damage,50,FALSE,straight,,rain,,daylight,,0,0,0,0,1,0,0,0,0,0,0,1,0,0,0,0,0,0,0,0
-41.12411191,175.0736167,Upper Hutt City,2018,property_damage,50,TRUE,straight,,fine,,daylight,,0,0,0,0,1,0,0,0,0,0,0,1,0,0,0,0,0,0,0,0
-39.4949998,176.8933843,Napier City,2018,property_damage,50,TRUE,curved_view_open,,fine,,daylight,giveway_sign,0,0,0,0,1,0,0,0,0,0,0,1,0,0,0,0,0,0,0,0
-36.73619473,174.7186053,Auckland,2018,property_damage,50,FALSE,straight,,fine,,daylight,,0,0,0,0,1,0,0,0,0,0,0,1,0,0,0,0,0,0,0,0
-36.84764059,174.753038,Auckland,2018,property_damage,80,FALSE,straight,,fine,,daylight,,0,0,0,0,1,0,0,0,0,0,0,1,0,0,0,0,0,0,0,0
-37.10434575,174.9455649,Auckland,2018,property_damage,100,FALSE,straight,,fine,,darkness_not_lit,,0,0,0,0,1,0,0,0,0,0,0,1,0,0,0,0,0,0,0,0
-36.85437566,174.6300488,Auckland,2018,property_damage,50,FALSE,straight,,fine,,daylight,,0,0,0,0,1,0,0,0,0,0,0,1,0,0,0,0,0,0,0,0
-43.75567987,172.0231117,Ashburton District,2018,property_damage,50,TRUE,straight,,fine,,darkness_not_lit,stop_sign,0,0,0,0,1,0,0,0,0,0,0,1,0,0,0,0,0,0,0,0
-37.02387824,174.8977379,Auckland,2018,property_damage,50,FALSE,straight,,fine,,daylight,,0,0,0,0,1,0,0,0,0,0,0,1,0,0,0,0,0,0,0,0