latitude,longitude,local_government_area,year,severity,speed_limit,intersection,road_position_horizontal,road_wet,weather,crash_type,lighting,traffic_controls,casualties,fatalities,serious_injuries,minor_injuries,car_sedan,car_utility,car_van,car_4x4,car_station_wagon,motor_cycle,truck_small,truck_large,bus,taxi,bicycle,scooter,pedestrian,inanimate,train,tram
-41.09061404,174.8672125,Porirua City,2018,property_damage,50,FALSE,straight,,fine,,daylight,,0,0,0,0,1,0,0,0,0,0,0,1,0,0,0,0,0,0,0,0
-41.09061404,174.8672125,Porirua City,2018,property_damage,50,FALSE,curved_view_open,,fine,,daylight,,0,0,0,0,1,0,0,0,0,0,0,1,0,0,0,0,0,0,0,0
-42.37499916,172.3824346,Buller District,2018,property_damage,80,FALSE,curved_view_open,,rain,,daylight,,0,0,0,0,1,0,0,0,0,0,0,1,0,0,0,0,0,0,0,0
-35.8243652,174.3074129,Whangarei District,2018,property_damage,100,FALSE,curved_view_open,,rain,,daylight,,0,0,0,0,1,0,0,0,0,0,0,1,0,0,0,0,0,0,0,0
-36.73043509,174.7154758,Auckland,2018,property_damage,100,FALSE,curved_view_open,,fine,,daylight,,0,0,0,0,1,0,0,0,0,0,0,1,0,0,0,0,0,0,0,0
-37.00410728,174.8958189,Auckland,2018,property_damage,100,FALSE,straight,,rain,,darkness_not_lit,,0,0,0,0,1,0,0,0,0,0,0,1,0,0,0,0,0,0,0,0
-36.91198114,174.7485719,Auckland,2018,property_damage,50,TRUE,straight,,fine,,daylight,giveway_sign,0,0,0,0,1,0,0,0,0,0,0,1,0,0,0,0,0,0,0,0
-38.61539355,174.7535167,Waitomo District,2018,property_damage,100,FALSE,curved_view_open,,fine,,daylight,,0,0,0,0,1,0,0,0,0,0,0,1,0,0,0,0,0,0,0,0
-37.00216635,174.8943211,Auckland,2018,property_damage,100,FALSE,straight,,fine,,darkness_not_lit,,0,0,0,0,1,0,0,0,0,0,0,1,0,0,0,0,0,0,0,0
-39.60752796,176.8726522,Hastings District,2018,property_damage,80,FALSE,straight,,fine,,daylight,,0,0,0,0,1,0,0,0,0,0,0,1,0,0,0,0,0,0,0,0
-40.233594,175.5741564,Manawatu District,2018,property_damage,70,TRUE,straight,,fine,,daylight,giveway_sign,0,0,0,0,1,0,0,0,0,0,0,1,0,0,0,0,0,0,0,0
-36.90336807,174.7236503,Auckland,2018,property_damage,50,TRUE,straight,,fine,,daylight,giveway_sign,0,0,0,0,1,0,0,0,0,0,0,1,0,0,0,0,0,0,0,0
-37.36544637,175.4189483,Hauraki District,2018,property_damage,100,FALSE,curved_view_open,,rain,,daylight,,0,0,0,0,1,0,0,0,0,0,0,1,0,0,0,0,0,0,0,0
-36.86342387,174.7651657,Auckland,2018,property_damage,80,FALSE,straight,,fine,,daylight,,0,0,0,0,1,0,0,0,0,0,0,1,0,0,0,0,0,0,0,0
-37.88399707,175.7970489,Matamata-Piako District,2018,property_damage,100,TRUE,curved_view_open,,fine,,daylight,stop_sign,0,0,0,0,1,0,0,0,0,0,0,1,0,0,0,0,0,0,0,0
-36.94315372,174.8928698,Auckland,2018,property_damage,50,FALSE,straight,,fine,,daylight,,0,0,0,0,1,0,0,0,0,0,0,1,0,0,0,0,0,0,0,0
-37.69733962,176.2657367,Tauranga City,2018,property_damage,50,FALSE,straight,,rain,,daylight,,0,0,0,0,1,0,0,0,0,0,0,1,0,0,0,0,0,0,0,0
-36.98856339,174.8648721,Auckland,2018,property_damage,50,FALSE,straight,,rain,,daylight,,0,0,0,0,1,0,0,0,0,0,0,1,0,0,0,0,0,0,0,0
-37.25774702,175.0389968,Waikato District,2018,property_damage,100,FALSE,curved_view_open,,fine,,daylight,,0,0,0,0,1,0,0,0,0,0,0,1,0,0,0,0,0,0,0,0
-43.80117853,172.9700527,Christchurch City,2018,property_damage,50,FALSE,straight,,fine,,daylight,,0,0,0,0,1,0,0,0,0,0,0,1,0,0,0,0,0,0,0,0
-41.44686615,173.9642237,Marlborough District,2018,property_damage,100,FALSE,straight,,rain,,darkness_not_lit,,0,0,0,0,1,0,0,0,0,0,0,1,0,0,0,0,0,0,0,0
-36.05896697,174.5698064,Whangarei District,2018,property_damage,100,FALSE,curved_view_open,,rain,,daylight,,0,0,0,0,1,0,0,0,0,0,0,1,0,0,0,0,0,0,0,0
-41.22272309,174.8684255,Hutt City,2018,property_damage,50,FALSE,straight,,fine,,daylight,,0,0,0,0,1,0,0,0,0,0,0,1,0,0,0,0,0,0,0,0
-44.02827577,171.2695642,Timaru District,2018,property_damage,100,FALSE,straight,,fine,,daylight,,0,0,0,0,1,0,0,0,0,0,0,1,0,0,0,0,0,0,0,0
-41.13879486,174.8493367,Porirua City,2018,property_damage,50,FALSE,straight,,rain,,darkness_not_lit,,0,0,0,0,1,0,0,0,0,0,0,1,0,0,0,0,0,0,0,0
-37.06800697,174.9267304,Auckland,2018,property_damage,100,FALSE,straight,,fine,,darkness_not_lit,,0,0,0,0,1,0,0,0,0,0,0,1,0,0,0,0,0,0,0,0
-35.73030862,174.3129834,Whangarei District,2018,property_damage,50,FALSE,straight,,rain,,daylight,,0,0,0,0,1,0,0,0,0,0,0,1,0,0,0,0,0,0,0,0
-43.54688243,172.5220953,Christchurch City,2018,property_damage,50,FALSE,straight,,fine,,darkness_not_lit,,0,0,0,0,1,0,0,0,0,0,0,1,0,0,0,0,0,0,0,0
-36.75047465,174.7252972,Auckland,2018,property_damage,80,FALSE,straight,,fine,,daylight,,0,0,0,0,1,0,0,0,0,0,0,1,0,0,0,0,0,0,0,0
-37.29894477,175.5369866,Hauraki District,2018,property_damage,50,TRUE,straight,,rain,,daylight,giveway_sign,0,0,0,0,1,0,0,0,0,0,0,1,0,0,0,0,0,0,0,0
-37.20437364,174.9087619,Auckland,2018,property_damage,50,FALSE,straight,,fine,,daylight,,0,0,0,0,1,0,0,0,0,0,0,1,0,0,0,0,0,0,0,0
-39.45303083,174.2989914,South Taranaki District,2018,property_damage,100,FALSE,straight,,fine,,daylight,,0,0,0,0,1,0,0,0,0,0,0,1,0,0,0,0,0,0,0,0
-40.24961005,175.5027454,Manawatu District,2018,property_damage,100,FALSE,curved_view_open,,rain,,daylight,,0,0,0,0,1,0,0,0,0,0,0,1,0,0,0,0,0,0,0,0
-37.04388372,174.9125379,Auckland,2018,property_damage,100,FALSE,straight,,fine,,daylight,,0,0,0,0,1,0,0,0,0,0,0,1,0,0,0,0,0,0,0,0
-38.03100153,177.1093943,Opotiki District,2018,property_damage,100,FALSE,straight,,fine,,daylight,,0,0,0,0,1,0,0,0,0,0,0,1,0,0,0,0,0,0,0,0
-37.02907799,174.8994748,Auckland,2018,property_damage,50,FALSE,straight,,fine,,dawn_dusk,,0,0,0,0,1,0,0,0,0,0,0,1,0,0,0,0,0,0,0,0
-37.04870086,174.9156274,Auckland,2018,property_damage,100,FALSE,straight,,rain,,daylight,,0,0,0,0,1,0,0,0,0,0,0,1,0,0,0,0,0,0,0,0
-45.07245822,170.9899608,Waitaki District,2018,property_damage,50,FALSE,straight,,fine,,daylight,,0,0,0,0,1,0,0,0,0,0,0,1,0,0,0,0,0,0,0,0
-36.88822717,174.7041664,Auckland,2018,property_damage,80,FALSE,straight,,rain,,daylight,,0,0,0,0,1,0,0,0,0,0,0,1,0,0,0,0,0,0,0,0
-44.3896427,171.2455143,Timaru District,2018,property_damage,50,FALSE,straight,,fine,,daylight,,0,0,0,0,1,0,0,0,0,0,0,1,0,0,0,0,0,0,0,0
-37.27543904,175.2850897,Waikato District,2018,property_damage,90,FALSE,curved_view_open,,fine,,darkness_not_lit,,0,0,0,0,1,0,0,0,0,0,0,1,0,0,0,0,0,0,0,0
-36.81962407,174.7501564,Auckland,2018,property_damage,80,FALSE,straight,,fine,,daylight,,0,0,0,0,1,0,0,0,0,0,0,1,0,0,0,0,0,0,0,0
-36.36819467,174.6170928,Auckland,2018,property_damage,80,FALSE,curved_view_open,,fine,,daylight,,0,0,0,0,1,0,0,0,0,0,0,1,0,0,0,0,0,0,0,0
-37.26160779,175.0414125,Waikato District,2018,property_damage,100,FALSE,curved_view_open,,fine,,darkness_not_lit,,0,0,0,0,1,0,0,0,0,0,0,1,0,0,0,0,0,0,0,0
-36.75847299,174.7343709,Auckland,2018,property_damage,100,FALSE,straight,,rain,,daylight,,0,0,0,0,1,0,0,0,0,0,0,1,0,0,0,0,0,0,0,0
-46.38336131,168.3474216,Invercargill City,2018,property_damage,50,TRUE,straight,,fine,,daylight,,0,0,0,0,1,0,0,0,0,0,0,1,0,0,0,0,0,0,0,0
-37.01112909,174.9042203,Auckland,2018,property_damage,100,FALSE,straight,,fine,,dawn_dusk,,0,0,0,0,1,0,0,0,0,0,0,1,0,0,0,0,0,0,0,0
-38.01436019,175.9459287,South Waikato District,2018,property_damage,100,FALSE,straight,,rain,,dawn_dusk,,0,0,0,0,1,0,0,0,0,0,0,1,0,0,0,0,0,0,0,0
-36.75564096,174.7307786,Auckland,2018,property_damage,100,FALSE,straight,,fine,,darkness_not_lit,,0,0,0,0,1,0,0,0,0,0,0,1,0,0,0,0,0,0,0,0
-38.99142859,174.4033413,New Plymouth District,2018,property_damage,100,FALSE,curved_view_open,,fine,,daylight,,0,0,0,0,1,0,0,0,0,0,0,1,0,0,0,0,0,0,0,0
-39.47154799,176.876654,Napier City,2018,property_damage,50,FALSE,straight,,fine,,daylight,,0,0,0,0,1,0,0,0,0,0,0,1,0,0,0,0,0,0,0,0
-36.72810855,174.7304851,Auckland,2018,property_damage,50,FALSE,curved_view_open,,fine,,daylight,,0,0,0,0,1,0,0,0,0,0,0,1,0,0,0,0,0,0,0,0
-41.27551841,174.7730898,Wellington City,2018,property_damage,50,FALSE,straight,,fine,,daylight,,0,0,0,0,1,0,0,0,0,0,0,1,0,0,0,0,0,0,0,0
-39.86806994,174.9844766,Wanganui District,2018,property_damage,100,FALSE,straight,,fine,,daylight,,0,0,0,0,1,0,0,0,0,0,0,1,0,0,0,0,0,0,0,0
-41.10475073,174.8691849,Porirua City,2018,property_damage,50,FALSE,straight,,rain,,daylight,,0,0,0,0,1,0,0,0,0,0,0,1,0,0,0,0,0,0,0,0
-36.94308746,174.9004028,Auckland,2018,property_damage,60,FALSE,straight,,fine,,daylight,,0,0,0,0,1,0,0,0,0,0,0,1,0,0,0,0,0,0,0,0
-43.58909755,172.3836143,Selwyn District,2018,property_damage,80,FALSE,straight,,fine,,daylight,traffic_lights,0,0,0,0,1,0,0,0,0,0,0,1,0,0,0,0,0,0,0,0
-41.22379691,174.8599619,Hutt City,2018,property_damage,80,TRUE,curved_view_open,,fine,,daylight,,0,0,0,0,1,0,0,0,0,0,0,1,0,0,0,0,0,0,0,0
-37.01592582,174.9069139,Auckland,2018,property_damage,100,FALSE,straight,,,,daylight,,0,0,0,0,1,0,0,0,0,0,0,1,0,0,0,0,0,0,0,0
-37.13734034,174.9658514,Auckland,2018,property_damage,80,FALSE,straight,,fine,,daylight,,0,0,0,0,1,0,0,0,0,0,0,1,0,0,0,0,0,0,0,0
-36.86698796,174.6416695,Auckland,2018,property_damage,50,FALSE,straight,,fine,,daylight,,0,0,0,0,1,0,0,0,0,0,0,1,0,0,0,0,0,0,0,0
-40.91806945,175.0042856,Kapiti Coast District,2018,property_damage,20,FALSE,straight,,fine,,daylight,giveway_sign,0,0,0,0,1,0,0,0,0,0,0,1,0,0,0,0,0,0,0,0
-41.10352234,174.8699479,Porirua City,2018,property_damage,50,FALSE,straight,,rain,,daylight,,0,0,0,0,1,0,0,0,0,0,0,1,0,0,0,0,0,0,0,0
-37.59457748,175.403847,Waikato District,2018,property_damage,100,FALSE,curved_view_open,,fine,,daylight,,0,0,0,0,1,0,0,0,0,0,0,1,0,0,0,0,0,0,0,0
-36.75892502,174.7348964,Auckland,2018,property_damage,100,FALSE,straight,,rain,,darkness_not_lit,,0,0,0,0,1,0,0,0,0,0,0,1,0,0,0,0,0,0,0,0
-35.72594844,174.3192692,Whangarei District,2018,property_damage,50,FALSE,straight,,fine,,darkness_not_lit,,0,0,0,0,1,0,0,0,0,0,0,1,0,0,0,0,0,0,0,0
-41.51032742,173.9668904,Marlborough District,2018,property_damage,50,FALSE,straight,,fine,,daylight,,0,0,0,0,1,0,0,0,0,0,0,1,0,0,0,0,0,0,0,0
-37.05503976,174.9199138,Auckland,2018,property_damage,100,FALSE,straight,,fine,,darkness_not_lit,,0,0,0,0,1,0,0,0,0,0,0,1,0,0,0,0,0,0,0,0
-36.8837193,174.7882532,Auckland,2018,property_damage,100,FALSE,straight,,fine,,daylight,,0,0,0,0,1,0,0,0,0,0,0,1,0,0,0,0,0,0,0,0
-37.76497421,175.2529216,Hamilton City,2018,property_damage,50,FALSE,straight,,,,daylight,,0,0,0,0,1,0,0,0,0,0,0,1,0,0,0,0,0,0,0,0
-39.6192578,176.8143794,Hastings District,2018,property_damage,50,FALSE,straight,,fine,,daylight,,0,0,0,0,1,0,0,0,0,0,0,1,0,0,0,0,0,0,0,0
-39.99370309,176.5461025,Central Hawkes Bay District,2018,property_damage,50,TRUE,straight,,fine,,daylight,giveway_sign,0,0,0,0,1,0,0,0,0,0,0,1,0,0,0,0,0,0,0,0
-42.90755766,170.7694403,Westland District,2018,property_damage,100,FALSE,straight,,rain,,daylight,,0,0,0,0,1,0,0,0,0,0,0,1,0,0,0,0,0,0,0,0
-44.72367958,171.1236052,Waimate District,2018,property_damage,100,FALSE,straight,,fine,,daylight,,0,0,0,0,1,0,0,0,0,0,0,1,0,0,0,0,0,0,0,0
-43.51452637,171.7545729,Selwyn District,2018,property_damage,100,FALSE,curved_view_open,,fine,,daylight,,0,0,0,0,1,0,0,0,0,0,0,1,0,0,0,0,0,0,0,0
-37.33381134,175.0624286,Waikato District,2018,property_damage,100,FALSE,straight,,rain,,darkness_not_lit,,0,0,0,0,1,0,0,0,0,0,0,1,0,0,0,0,0,0,0,0
-38.18021109,175.2103111,Otorohanga District,2018,property_damage,50,TRUE,straight,,fine,,daylight,,0,0,0,0,1,0,0,0,0,0,0,1,0,0,0,0,0,0,0,0
-37.66574294,176.2023761,Tauranga City,2018,property_damage,70,FALSE,straight,,fine,,daylight,,0,0,0,0,1,0,0,0,0,0,0,1,0,0,0,0,0,0,0,0
-41.52897221,174.0129564,Marlborough District,2018,property_damage,100,FALSE,straight,,fine,,daylight,,0,0,0,0,1,0,0,0,0,0,0,1,0,0,0,0,0,0,0,0
-41.21304595,174.8999978,Hutt City,2018,property_damage,50,TRUE,straight,,fine,,daylight,traffic_lights,0,0,0,0,1,0,0,0,0,0,0,1,0,0,0,0,0,0,0,0
-36.61536083,174.7132914,Auckland,2018,property_damage,60,FALSE,curved_view_open,,fine,,daylight,,0,0,0,0,1,0,0,0,0,0,0,1,0,0,0,0,0,0,0,0
-45.74532753,170.5683352,Dunedin City,2018,property_damage,100,FALSE,straight,,fine,,daylight,,0,0,0,0,1,0,0,0,0,0,0,1,0,0,0,0,0,0,0,0
-35.40805961,173.7990766,Far North District,2018,property_damage,50,FALSE,straight,,fine,,daylight,,0,0,0,0,1,0,0,0,0,0,0,1,0,0,0,0,0,0,0,0
-37.04567864,174.9135724,Auckland,2018,property_damage,100,FALSE,straight,,fine,,daylight,,0,0,0,0,1,0,0,0,0,0,0,1,0,0,0,0,0,0,0,0
-35.73030033,174.3170411,Whangarei District,2018,property_damage,50,FALSE,curved_view_open,,fine,,daylight,,0,0,0,0,1,0,0,0,0,0,0,1,0,0,0,0,0,0,0,0
-39.5568502,176.8550051,Hastings District,2018,property_damage,100,FALSE,straight,,fine,,daylight,,0,0,0,0,1,0,0,0,0,0,0,1,0,0,0,0,0,0,0,0
-35.83378362,174.3167455,Whangarei District,2018,property_damage,50,FALSE,straight,,rain,,dawn_dusk,,0,0,0,0,1,0,0,0,0,0,0,1,0,0,0,0,0,0,0,0
-36.44675226,174.650141,Auckland,2018,property_damage,60,FALSE,straight,,fine,,daylight,,0,0,0,0,1,0,0,0,0,0,0,1,0,0,0,0,0,0,0,0
-36.93776077,174.8714591,Auckland,2018,property_damage,70,FALSE,straight,,fine,,daylight,,0,0,0,0,1,0,0,0,0,0,0,1,0,0,0,0,0,0,0,0
-36.85416625,174.7712786,Auckland,2018,property_damage,80,FALSE,straight,,fine,,daylight,,0,0,0,0,1,0,0,0,0,0,0,1,0,0,0,0,0,0,0,0
-41.29484593,174.7732191,Wellington City,2018,property_damage,50,FALSE,straight,,fine,,daylight,,0,0,0,0,1,0,0,0,0,0,0,1,0,0,0,0,0,0,0,0
-41.28985175,174.7582278,Wellington City,2018,property_damage,50,TRUE,straight,,fine,,daylight,,0,0,0,0,1,0,0,0,0,0,0,1,0,0,0,0,0,0,0,0
-36.99761816,174.8901517,Auckland,2018,property_damage,100,FALSE,straight,,fine,,darkness_not_lit,,0,0,0,0,1,0,0,0,0,0,0,1,0,0,0,0,0,0,0,0
-36.8833643,174.7878859,Auckland,2018,property_damage,100,FALSE,straight,,fine,,daylight,,0,0,0,0,1,0,0,0,0,0,0,1,0,0,0,0,0,0,0,0
-41.24514048,174.8139056,Wellington City,2018,property_damage,80,FALSE,straight,,fine,,daylight,,0,0,0,0,1,0,0,0,0,0,0,1,0,0,0,0,0,0,0,0
-36.91133776,174.6896508,Auckland,2018,property_damage,50,FALSE,straight,,rain,,daylight,,0,0,0,0,1,0,0,0,0,0,0,1,0,0,0,0,0,0,0,0
-37.00030427,174.8233221,Auckland,2018,property_damage,100,FALSE,straight,,fine,,daylight,,0,0,0,0,1,0,0,0,0,0,0,1,0,0,0,0,0,0,0,0
-45.20814155,169.4282796,Central Otago District,2018,property_damage,100,FALSE,straight,,rain,,daylight,,0,0,0,0,1,0,0,0,0,0,0,1,0,0,0,0,0,0,0,0
-45.16835798,169.4741253,Central Otago District,2018,property_damage,100,FALSE,straight,,fine,,daylight,,0,0,0,0,1,0,0,0,0,0,0,1,0,0,0,0,0,0,0,0
-36.8443698,174.7517409,Auckland,2018,property_damage,80,FALSE,straight,,fine,,daylight,,0,0,0,0,1,0,0,0,0,0,0,1,0,0,0,0,0,0,0,0
-45.13976276,168.7596846,Queenstown-Lakes District,2018,property_damage,100,FALSE,curved_view_open,,fine,,daylight,,0,0,0,0,1,0,0,0,0,0,0,1,0,0,0,0,0,0,0,0
-36.7551198,174.7306661,Auckland,2018,property_damage,100,FALSE,straight,,fine,,daylight,,0,0,0,0,1,0,0,0,0,0,0,1,0,0,0,0,0,0,0,0
-36.90254452,174.7220156,Auckland,2018,property_damage,80,FALSE,straight,,fine,,daylight,,0,0,0,0,1,0,0,0,0,0,0,1,0,0,0,0,0,0,0,0
-36.87148271,174.7108845,Auckland,2018,property_damage,80,FALSE,straight,,fine,,daylight,,0,0,0,0,1,0,0,0,0,0,0,1,0,0,0,0,0,0,0,0
-40.21765442,175.5828473,Manawatu District,2018,property_damage,50,FALSE,straight,,fine,,daylight,,0,0,0,0,1,0,0,0,0,0,0,1,0,0,0,0,0,0,0,0
-36.8480454,174.766483,Auckland,2018,property_damage,30,FALSE,straight,,fine,,daylight,,0,0,0,0,1,0,0,0,0,0,0,1,0,0,0,0,0,0,0,0
-41.27948309,174.7524092,Wellington City,2018,property_damage,50,TRUE,curved_view_open,,fine,,daylight,giveway_sign,0,0,0,0,1,0,0,0,0,0,0,1,0,0,0,0,0,0,0,0
-43.58590734,172.3898156,Selwyn District,2018,property_damage,50,TRUE,curved_view_open,,rain,,darkness_not_lit,giveway_sign,0,0,0,0,1,0,0,0,0,0,0,1,0,0,0,0,0,0,0,0
-36.90895949,174.6813037,Auckland,2018,property_damage,50,TRUE,straight,,fine,,daylight,giveway_sign,0,0,0,0,1,0,0,0,0,0,0,1,0,0,0,0,0,0,0,0
-36.93052396,174.8969696,Auckland,2018,property_damage,60,FALSE,straight,,fine,,daylight,,0,0,0,0,1,0,0,0,0,0,0,1,0,0,0,0,0,0,0,0
-41.13016555,175.0463841,Upper Hutt City,2018,property_damage,50,FALSE,straight,,fine,,daylight,,0,0,0,0,1,0,0,0,0,0,0,1,0,0,0,0,0,0,0,0
-37.03555945,174.9100693,Auckland,2018,property_damage,100,FALSE,straight,,fine,,daylight,,0,0,0,0,1,0,0,0,0,0,0,1,0,0,0,0,0,0,0,0
-37.75041349,175.2939159,Hamilton City,2018,property_damage,80,TRUE,straight,,fine,,daylight,giveway_sign,0,0,0,0,1,0,0,0,0,0,0,1,0,0,0,0,0,0,0,0
-37.66566331,176.188035,Tauranga City,2018,property_damage,80,FALSE,straight,,fine,,daylight,,0,0,0,0,1,0,0,0,0,0,0,1,0,0,0,0,0,0,0,0
-37.66547046,176.1835045,Tauranga City,2018,property_damage,70,FALSE,straight,,fine,,daylight,,0,0,0,0,1,0,0,0,0,0,0,1,0,0,0,0,0,0,0,0
-43.42782983,172.6465926,Christchurch City,2018,property_damage,100,FALSE,curved_view_open,,fine,,dawn_dusk,,0,0,0,0,1,0,0,0,0,0,0,1,0,0,0,0,0,0,0,0
-39.94860702,175.01287,Wanganui District,2018,property_damage,50,FALSE,straight,,fine,,daylight,,0,0,0,0,1,0,0,0,0,0,0,1,0,0,0,0,0,0,0,0
-40.40736492,175.5785421,Palmerston North City,2018,property_damage,80,FALSE,straight,,fine,,daylight,,0,0,0,0,1,0,0,0,0,0,0,1,0,0,0,0,0,0,0,0
-36.92094972,174.8444768,Auckland,2018,property_damage,100,FALSE,straight,,fine,,daylight,,0,0,0,0,1,0,0,0,0,0,0,1,0,0,0,0,0,0,0,0
-36.93179408,174.850756,Auckland,2018,property_damage,100,FALSE,straight,,fine,,daylight,,0,0,0,0,1,0,0,0,0,0,0,1,0,0,0,0,0,0,0,0
-37.58780538,175.1594514,Waikato District,2018,property_damage,100,FALSE,straight,,fine,,darkness_not_lit,,0,0,0,0,1,0,0,0,0,0,0,1,0,0,0,0,0,0,0,0
-38.00097972,175.3270184,Waipa District,2018,property_damage,70,FALSE,straight,,fine,,daylight,,0,0,0,0,1,0,0,0,0,0,0,1,0,0,0,0,0,0,0,0
-38.89355974,174.5976709,New Plymouth District,2018,property_damage,100,FALSE,curved_view_open,,fine,,daylight,,0,0,0,0,1,0,0,0,0,0,0,1,0,0,0,0,0,0,0,0
-45.15572182,170.8437927,Waitaki District,2018,property_damage,100,FALSE,straight,,fine,,daylight,,0,0,0,0,1,0,0,0,0,0,0,1,0,0,0,0,0,0,0,0
-40.61970125,175.2733418,Horowhenua District,2018,property_damage,50,FALSE,straight,,fine,,daylight,,0,0,0,0,1,0,0,0,0,0,0,1,0,0,0,0,0,0,0,0
-43.55572846,172.6244644,Christchurch City,2018,property_damage,50,TRUE,straight,,fine,,daylight,giveway_sign,0,0,0,0,1,0,0,0,0,0,0,1,0,0,0,0,0,0,0,0
-36.89909648,174.8190926,Auckland,2018,property_damage,50,FALSE,straight,,fine,,daylight,stop_sign,0,0,0,0,1,0,0,0,0,0,0,1,0,0,0,0,0,0,0,0
-36.89599987,174.8070226,Auckland,2018,property_damage,100,FALSE,curved_view_open,,fine,,daylight,,0,0,0,0,1,0,0,0,0,0,0,1,0,0,0,0,0,0,0,0
-41.22463853,174.862503,Hutt City,2018,property_damage,50,TRUE,curved_view_open,,fine,,daylight,giveway_sign,0,0,0,0,1,0,0,0,0,0,0,1,0,0,0,0,0,0,0,0
-44.68573635,169.142666,Queenstown-Lakes District,2018,property_damage,50,FALSE,curved_view_open,,fine,,daylight,,0,0,0,0,1,0,0,0,0,0,0,1,0,0,0,0,0,0,0,0
-36.93111938,174.787126,Auckland,2018,property_damage,50,FALSE,curved_view_open,,fine,,daylight,,0,0,0,0,1,0,0,0,0,0,0,1,0,0,0,0,0,0,0,0
-36.79652816,174.7595383,Auckland,2018,property_damage,100,FALSE,straight,,fine,,daylight,,0,0,0,0,1,0,0,0,0,0,0,1,0,0,0,0,0,0,0,0
-36.93880746,174.852419,Auckland,2018,property_damage,50,FALSE,straight,,fine,,daylight,traffic_lights,0,0,0,0,1,0,0,0,0,0,0,1,0,0,0,0,0,0,0,0
-36.93497828,174.8354958,Auckland,2018,property_damage,50,FALSE,straight,,rain,,darkness_not_lit,,0,0,0,0,1,0,0,0,0,0,0,1,0,0,0,0,0,0,0,0
-36.99671047,174.8482158,Auckland,2018,property_damage,100,FALSE,straight,,fine,,daylight,,0,0,0,0,1,0,0,0,0,0,0,1,0,0,0,0,0,0,0,0
-41.27745196,174.7831955,Wellington City,2018,property_damage,50,FALSE,straight,,fine,,daylight,,0,0,0,0,1,0,0,0,0,0,0,1,0,0,0,0,0,0,0,0
-39.04986204,174.1033136,New Plymouth District,2018,property_damage,50,TRUE,straight,,fine,,daylight,,0,0,0,0,1,0,0,0,0,0,0,1,0,0,0,0,0,0,0,0
-36.92378383,174.7726075,Auckland,2018,property_damage,100,FALSE,straight,,fine,,daylight,,0,0,0,0,1,0,0,0,0,0,0,1,0,0,0,0,0,0,0,0
-37.38304419,175.6745534,Hauraki District,2018,property_damage,50,FALSE,straight,,fine,,daylight,,0,0,0,0,1,0,0,0,0,0,0,1,0,0,0,0,0,0,0,0
-37.09657612,174.9444998,Auckland,2018,property_damage,100,FALSE,straight,,fine,,darkness_not_lit,,0,0,0,0,1,0,0,0,0,0,0,1,0,0,0,0,0,0,0,0
-37.06242763,174.9245311,Auckland,2018,property_damage,100,FALSE,straight,,fine,,daylight,,0,0,0,0,1,0,0,0,0,0,0,1,0,0,0,0,0,0,0,0
-40.2996166,175.7390257,Palmerston North City,2018,property_damage,100,FALSE,curved_view_open,,rain,,daylight,,0,0,0,0,1,0,0,0,0,0,0,1,0,0,0,0,0,0,0,0
-40.41664191,175.7310767,Tararua District,2018,property_damage,100,FALSE,curved_view_open,,rain,,daylight,,0,0,0,0,1,0,0,0,0,0,0,1,0,0,0,0,0,0,0,0
-37.79362637,175.2844867,Hamilton City,2018,property_damage,50,FALSE,straight,,fine,,daylight,,0,0,0,0,1,0,0,0,0,0,0,1,0,0,0,0,0,0,0,0
-46.4199539,168.3472707,Invercargill City,2018,property_damage,50,FALSE,straight,,fine,,daylight,giveway_sign,0,0,0,0,1,0,0,0,0,0,0,1,0,0,0,0,0,0,0,0
-40.24935728,175.5923291,Manawatu District,2018,property_damage,80,FALSE,straight,,rain,,daylight,,0,0,0,0,1,0,0,0,0,0,0,1,0,0,0,0,0,0,0,0
-37.71976392,175.2458106,Hamilton City,2018,property_damage,50,FALSE,curved_view_open,,fine,,daylight,,0,0,0,0,1,0,0,0,0,0,0,1,0,0,0,0,0,0,0,0
-37.74975318,175.2917279,Hamilton City,2018,property_damage,80,TRUE,straight,,fine,,daylight,giveway_sign,0,0,0,0,1,0,0,0,0,0,0,1,0,0,0,0,0,0,0,0
-38.17231011,175.1652584,Otorohanga District,2018,property_damage,100,FALSE,curved_view_open,,,,daylight,,0,0,0,0,1,0,0,0,0,0,0,1,0,0,0,0,0,0,0,0
-38.64901834,178.0023546,Gisborne District,2018,property_damage,50,FALSE,straight,,fine,,darkness_not_lit,,0,0,0,0,1,0,0,0,0,0,0,1,0,0,0,0,0,0,0,0
-37.3170946,174.7152254,Waikato District,2018,property_damage,100,FALSE,curved_view_obscure,,fine,,daylight,,0,0,0,0,1,0,0,0,0,0,0,1,0,0,0,0,0,0,0,0
-36.7418178,174.7155836,Auckland,2018,property_damage,50,TRUE,straight,,fine,,daylight,giveway_sign,0,0,0,0,1,0,0,0,0,0,0,1,0,0,0,0,0,0,0,0
-36.80892675,174.7567618,Auckland,2018,property_damage,100,FALSE,straight,,fine,,darkness_not_lit,,0,0,0,0,1,0,0,0,0,0,0,1,0,0,0,0,0,0,0,0