latitude,longitude,local_government_area,year,severity,speed_limit,intersection,road_position_horizontal,road_wet,weather,crash_type,lighting,traffic_controls,casualties,fatalities,serious_injuries,minor_injuries,car_sedan,car_utility,car_van,car_4x4,car_station_wagon,motor_cycle,truck_small,truck_large,bus,taxi,bicycle,scooter,pedestrian,inanimate,train,tram
-36.84732022,174.744182,Auckland,2018,minor_injury,50,TRUE,straight,,rain,,daylight,traffic_lights,1,0,0,1,1,0,0,0,0,0,0,1,0,0,0,0,0,0,0,0
-45.87283154,170.5093417,Dunedin City,2018,minor_injury,50,TRUE,straight,,fine,,darkness_not_lit,traffic_lights,1,0,0,1,1,0,0,0,0,0,0,1,0,0,0,0,0,0,0,0
-45.87243113,170.5079036,Dunedin City,2018,minor_injury,50,TRUE,straight,,fine,,daylight,traffic_lights,1,0,0,1,1,0,0,0,0,0,0,1,0,0,0,0,0,0,0,0
-46.24260047,169.7272368,Clutha District,2018,minor_injury,50,TRUE,straight,,fine,,daylight,,1,0,0,1,1,0,0,0,0,0,0,1,0,0,0,0,0,0,0,0
-41.33585136,173.1830574,Tasman District,2018,minor_injury,50,TRUE,straight,,fine,,daylight,,1,0,0,1,1,0,0,0,0,0,0,1,0,0,0,0,0,0,0,0
-37.0641574,174.9384082,Auckland,2018,minor_injury,50,TRUE,straight,,rain,,darkness_not_lit,stop_sign,1,0,0,1,1,0,0,0,0,0,0,1,0,0,0,0,0,0,0,0
-35.93520103,173.8786462,Kaipara District,2018,minor_injury,50,TRUE,straight,,fine,,daylight,stop_sign,1,0,0,1,1,0,0,0,0,0,0,1,0,0,0,0,0,0,0,0
-37.06244131,174.9479802,Auckland,2018,minor_injury,50,TRUE,straight,,fine,,daylight,giveway_sign,1,0,0,1,1,0,0,0,0,0,0,1,0,0,0,0,0,0,0,0
-35.78025338,174.3081506,Whangarei District,2018,minor_injury,100,TRUE,straight,,rain,,daylight,giveway_sign,1,0,0,1,1,0,0,0,0,0,0,1,0,0,0,0,0,0,0,0
-35.3519583,173.8820675,Far North District,2018,minor_injury,60,TRUE,straight,,fine,,daylight,giveway_sign,1,0,0,1,1,0,0,0,0,0,0,1,0,0,0,0,0,0,0,0
-43.75507011,171.917462,Ashburton District,2018,minor_injury,100,TRUE,straight,,fine,,daylight,stop_sign,1,0,0,1,1,0,0,0,0,0,0,1,0,0,0,0,0,0,0,0
-43.54455291,172.5162834,Christchurch City,2018,minor_injury,60,TRUE,straight,,fine,,dawn_dusk,traffic_lights,1,0,0,1,1,0,0,0,0,0,0,1,0,0,0,0,0,0,0,0
-36.79098763,174.7544693,Auckland,2018,minor_injury,100,TRUE,straight,,fine,,daylight,,1,0,0,1,1,0,0,0,0,0,0,1,0,0,0,0,0,0,0,0
-39.55035987,176.857612,Napier City,2018,minor_injury,100,FALSE,straight,,rain,,daylight,,1,0,0,1,1,0,0,0,0,0,0,1,0,0,0,0,0,0,0,0
-39.58675997,174.2826675,South Taranaki District,2018,minor_injury,50,TRUE,straight,,fine,,daylight,stop_sign,1,0,0,1,1,0,0,0,0,0,0,1,0,0,0,0,0,0,0,0
-37.10711986,174.9473238,Auckland,2018,minor_injury,70,TRUE,straight,,fine,,daylight,traffic_lights,1,0,0,1,1,0,0,0,0,0,0,1,0,0,0,0,0,0,0,0
-38.99739572,174.2299136,New Plymouth District,2018,minor_injury,50,TRUE,straight,,fine,,daylight,giveway_sign,1,0,0,1,1,0,0,0,0,0,0,1,0,0,0,0,0,0,0,0
-38.03901671,175.1823022,Otorohanga District,2018,minor_injury,100,FALSE,straight,,rain,,darkness_not_lit,,1,0,0,1,1,0,0,0,0,0,0,1,0,0,0,0,0,0,0,0
-36.87199748,174.6457258,Auckland,2018,minor_injury,50,TRUE,straight,,fine,,daylight,,1,0,0,1,1,0,0,0,0,0,0,1,0,0,0,0,0,0,0,0
-34.99352753,173.4281106,Far North District,2018,minor_injury,100,TRUE,straight,,rain,,darkness_not_lit,,1,0,0,1,1,0,0,0,0,0,0,1,0,0,0,0,0,0,0,0
-36.9154923,174.8465005,Auckland,2018,minor_injury,50,FALSE,straight,,fine,,daylight,,1,0,0,1,1,0,0,0,0,0,0,1,0,0,0,0,0,0,0,0
-35.95121912,173.8628788,Kaipara District,2018,minor_injury,50,TRUE,straight,,fine,,daylight,stop_sign,1,0,0,1,1,0,0,0,0,0,0,1,0,0,0,0,0,0,0,0
-37.03545379,174.9149459,Auckland,2018,minor_injury,50,TRUE,straight,,fine,,daylight,stop_sign,1,0,0,1,1,0,0,0,0,0,0,1,0,0,0,0,0,0,0,0
-36.96086603,174.8637245,Auckland,2018,minor_injury,100,FALSE,curved_view_open,,fine,,darkness_not_lit,,1,0,0,1,1,0,0,0,0,0,0,1,0,0,0,0,0,0,0,0
-36.95748419,174.908656,Auckland,2018,minor_injury,60,TRUE,straight,,fine,,daylight,traffic_lights,1,0,0,1,1,0,0,0,0,0,0,1,0,0,0,0,0,0,0,0
-36.87553967,174.8428118,Auckland,2018,minor_injury,50,TRUE,straight,,fine,,daylight,giveway_sign,1,0,0,1,1,0,0,0,0,0,0,1,0,0,0,0,0,0,0,0
-36.91962483,174.8187608,Auckland,2018,minor_injury,50,FALSE,straight,,rain,,daylight,,1,0,0,1,1,0,0,0,0,0,0,1,0,0,0,0,0,0,0,0
-37.05323855,174.9540421,Auckland,2018,minor_injury,50,TRUE,straight,,fine,,daylight,giveway_sign,1,0,0,1,1,0,0,0,0,0,0,1,0,0,0,0,0,0,0,0
-43.50163018,172.5633963,Christchurch City,2018,minor_injury,60,TRUE,straight,,fine,,daylight,giveway_sign,1,0,0,1,1,0,0,0,0,0,0,1,0,0,0,0,0,0,0,0
-36.89778423,174.8463093,Auckland,2018,minor_injury,50,FALSE,straight,,fine,,daylight,,1,0,0,1,1,0,0,0,0,0,0,1,0,0,0,0,0,0,0,0
-36.93786007,174.8350709,Auckland,2018,minor_injury,50,FALSE,straight,,fine,,daylight,,1,0,0,1,1,0,0,0,0,0,0,1,0,0,0,0,0,0,0,0
-46.0548465,170.0298316,Clutha District,2018,minor_injury,100,FALSE,straight,,fine,,daylight,,1,0,0,1,1,0,0,0,0,0,0,1,0,0,0,0,0,0,0,0
-44.25842098,171.2729734,Timaru District,2018,minor_injury,80,TRUE,straight,,fine,,daylight,stop_sign,1,0,0,1,1,0,0,0,0,0,0,1,0,0,0,0,0,0,0,0
-35.74322484,174.2772656,Whangarei District,2018,minor_injury,60,TRUE,straight,,rain,,daylight,stop_sign,1,0,0,1,1,0,0,0,0,0,0,1,0,0,0,0,0,0,0,0
-36.77747325,174.5592938,Auckland,2018,minor_injury,60,FALSE,straight,,fine,,daylight,,1,0,0,1,1,0,0,0,0,0,0,1,0,0,0,0,0,0,0,0
-37.03800002,174.9302327,Auckland,2018,minor_injury,50,TRUE,straight,,rain,,daylight,giveway_sign,1,0,0,1,1,0,0,0,0,0,0,1,0,0,0,0,0,0,0,0
-37.97919574,175.8367233,South Waikato District,2018,minor_injury,100,FALSE,straight,,fine,,daylight,,1,0,0,1,1,0,0,0,0,0,0,1,0,0,0,0,0,0,0,0
-35.72108326,174.3238987,Whangarei District,2018,minor_injury,50,FALSE,straight,,fine,,daylight,,1,0,0,1,1,0,0,0,0,0,0,1,0,0,0,0,0,0,0,0
-37.37476131,175.6658469,Hauraki District,2018,minor_injury,50,FALSE,curved_view_open,,rain,,daylight,,1,0,0,1,1,0,0,0,0,0,0,1,0,0,0,0,0,0,0,0
-41.29469674,174.7723791,Wellington City,2018,minor_injury,50,FALSE,straight,,,,daylight,,1,0,0,1,1,0,0,0,0,0,0,1,0,0,0,0,0,0,0,0
-38.66832524,176.1038349,Taupo District,2018,minor_injury,100,FALSE,straight,,fine,,daylight,,1,0,0,1,1,0,0,0,0,0,0,1,0,0,0,0,0,0,0,0
-36.94996495,174.8576641,Auckland,2018,minor_injury,100,FALSE,straight,,fine,,daylight,,1,0,0,1,1,0,0,0,0,0,0,1,0,0,0,0,0,0,0,0
-36.9968415,174.8490618,Auckland,2018,minor_injury,100,FALSE,straight,,fine,,daylight,,1,0,0,1,1,0,0,0,0,0,0,1,0,0,0,0,0,0,0,0
-37.60717272,175.1746127,Waikato District,2018,minor_injury,100,FALSE,curved_view_open,,fine,,daylight,,1,0,0,1,1,0,0,0,0,0,0,1,0,0,0,0,0,0,0,0
-37.21848266,175.0007726,Waikato District,2018,minor_injury,100,FALSE,straight,,fine,,daylight,,1,0,0,1,1,0,0,0,0,0,0,1,0,0,0,0,0,0,0,0
-38.05566749,176.4630572,Rotorua District,2018,minor_injury,80,FALSE,curved_view_open,,fine,,daylight,,1,0,0,1,1,0,0,0,0,0,0,1,0,0,0,0,0,0,0,0
-36.90375171,174.6215138,Auckland,2018,minor_injury,50,FALSE,straight,,fine,,daylight,,1,0,0,1,1,0,0,0,0,0,0,1,0,0,0,0,0,0,0,0
-37.72482998,175.288815,Hamilton City,2018,minor_injury,80,FALSE,straight,,fine,,daylight,,1,0,0,1,1,0,0,0,0,0,0,1,0,0,0,0,0,0,0,0
-41.1740249,173.0218884,Tasman District,2018,minor_injury,50,FALSE,straight,,fine,,daylight,,1,0,0,1,1,0,0,0,0,0,0,1,0,0,0,0,0,0,0,0
-45.52240692,170.6972923,Waitaki District,2018,minor_injury,100,FALSE,straight,,fine,,dawn_dusk,,1,0,0,1,1,0,0,0,0,0,0,1,0,0,0,0,0,0,0,0
-36.72335348,174.6689845,Auckland,2018,minor_injury,80,FALSE,curved_view_open,,fine,,daylight,,1,0,0,1,1,0,0,0,0,0,0,1,0,0,0,0,0,0,0,0
-41.13805615,175.0367168,Upper Hutt City,2018,minor_injury,50,TRUE,straight,,fine,,daylight,,1,0,0,1,1,0,0,0,0,0,0,1,0,0,0,0,0,0,0,0
-36.9802628,174.8819704,Auckland,2018,minor_injury,100,FALSE,straight,,fine,,daylight,,1,0,0,1,1,0,0,0,0,0,0,1,0,0,0,0,0,0,0,0
-38.87324204,176.3559378,Taupo District,2018,minor_injury,100,FALSE,straight,,fine,,daylight,,1,0,0,1,1,0,0,0,0,0,0,1,0,0,0,0,0,0,0,0
-37.99401079,175.8548621,South Waikato District,2018,minor_injury,100,FALSE,curved_view_open,,fine,,daylight,,1,0,0,1,1,0,0,0,0,0,0,1,0,0,0,0,0,0,0,0
-35.83929183,174.3323042,Whangarei District,2018,minor_injury,100,FALSE,straight,,mist,,daylight,,1,0,0,1,1,0,0,0,0,0,0,1,0,0,0,0,0,0,0,0
-36.92169514,174.7676085,Auckland,2018,minor_injury,100,FALSE,straight,,rain,,daylight,,1,0,0,1,1,0,0,0,0,0,0,1,0,0,0,0,0,0,0,0
-36.85879641,174.7660126,Auckland,2018,minor_injury,80,FALSE,straight,,rain,,daylight,,1,0,0,1,1,0,0,0,0,0,0,1,0,0,0,0,0,0,0,0
-39.66637659,176.813127,Hastings District,2018,minor_injury,100,FALSE,straight,,fine,,daylight,,1,0,0,1,1,0,0,0,0,0,0,1,0,0,0,0,0,0,0,0
-39.45502798,173.8607425,South Taranaki District,2018,minor_injury,50,FALSE,straight,,fine,,daylight,,1,0,0,1,1,0,0,0,0,0,0,1,0,0,0,0,0,0,0,0
-35.76541076,174.3100867,Whangarei District,2018,minor_injury,80,FALSE,straight,,fine,,daylight,,1,0,0,1,1,0,0,0,0,0,0,1,0,0,0,0,0,0,0,0
-37.00243294,175.8484519,Thames-Coromandel District,2018,minor_injury,50,FALSE,straight,,rain,,daylight,,1,0,0,1,1,0,0,0,0,0,0,1,0,0,0,0,0,0,0,0
-43.61643373,172.3835582,Selwyn District,2018,minor_injury,50,FALSE,straight,,,,daylight,,1,0,0,1,1,0,0,0,0,0,0,1,0,0,0,0,0,0,0,0
-38.4661907,177.8309939,Gisborne District,2018,minor_injury,100,FALSE,straight,,fine,,daylight,,1,0,0,1,1,0,0,0,0,0,0,1,0,0,0,0,0,0,0,0
-46.42369654,168.3474462,Invercargill City,2018,minor_injury,50,FALSE,straight,,rain,,daylight,,1,0,0,1,1,0,0,0,0,0,0,1,0,0,0,0,0,0,0,0
-41.11116078,175.2762378,South Wairarapa District,2018,minor_injury,100,FALSE,curved_view_open,,rain,,daylight,,1,0,0,1,1,0,0,0,0,0,0,1,0,0,0,0,0,0,0,0
-36.97809922,174.8717391,Auckland,2018,minor_injury,50,FALSE,straight,,fine,,darkness_not_lit,,1,0,0,1,1,0,0,0,0,0,0,1,0,0,0,0,0,0,0,0
-39.60843721,176.8748221,Hastings District,2018,minor_injury,80,FALSE,curved_view_open,,fine,,daylight,,1,0,0,1,1,0,0,0,0,0,0,1,0,0,0,0,0,0,0,0
-37.95207502,175.6281438,Waipa District,2018,minor_injury,100,TRUE,curved_view_open,,fine,,daylight,giveway_sign,1,0,0,1,1,0,0,0,0,0,0,1,0,0,0,0,0,0,0,0
-39.27858336,176.8910816,Hastings District,2018,minor_injury,100,FALSE,curved_view_open,,fine,,daylight,,1,0,0,1,1,0,0,0,0,0,0,1,0,0,0,0,0,0,0,0
-37.09239865,174.9447755,Auckland,2018,minor_injury,70,FALSE,straight,,mist,,daylight,,1,0,0,1,1,0,0,0,0,0,0,1,0,0,0,0,0,0,0,0
-40.32715656,175.6377812,Palmerston North City,2018,minor_injury,50,FALSE,straight,,fine,,daylight,,1,0,0,1,1,0,0,0,0,0,0,1,0,0,0,0,0,0,0,0
-37.55806526,175.159498,Waikato District,2018,minor_injury,70,FALSE,straight,,fine,,dawn_dusk,,1,0,0,1,1,0,0,0,0,0,0,1,0,0,0,0,0,0,0,0
-37.13418288,174.8901448,Auckland,2018,minor_injury,100,FALSE,straight,,fine,,dawn_dusk,,1,0,0,1,1,0,0,0,0,0,0,1,0,0,0,0,0,0,0,0
-37.30902137,175.067415,Waikato District,2018,minor_injury,100,FALSE,curved_view_open,,fine,,darkness_not_lit,,1,0,0,1,1,0,0,0,0,0,0,1,0,0,0,0,0,0,0,0
-41.27503443,173.2567253,Nelson City,2018,minor_injury,50,FALSE,straight,,fine,,daylight,,1,0,0,1,1,0,0,0,0,0,0,1,0,0,0,0,0,0,0,0
-36.99383088,174.7692658,Auckland,2018,minor_injury,100,FALSE,straight,,fine,,daylight,,1,0,0,1,1,0,0,0,0,0,0,1,0,0,0,0,0,0,0,0
-36.9941619,174.8411201,Auckland,2018,minor_injury,100,FALSE,straight,,fine,,daylight,,1,0,0,1,1,0,0,0,0,0,0,1,0,0,0,0,0,0,0,0
-39.92182688,175.0430565,Wanganui District,2018,minor_injury,50,FALSE,straight,,fine,,daylight,giveway_sign,1,0,0,1,1,0,0,0,0,0,0,1,0,0,0,0,0,0,0,0
-42.63165117,173.1392305,Hurunui District,2018,minor_injury,100,FALSE,curved_view_open,,fine,,daylight,,1,0,0,1,1,0,0,0,0,0,0,1,0,0,0,0,0,0,0,0
-39.35881667,173.9181062,South Taranaki District,2018,minor_injury,100,FALSE,curved_view_open,,fine,,daylight,,1,0,0,1,1,0,0,0,0,0,0,1,0,0,0,0,0,0,0,0
-41.30341722,173.2570397,Nelson City,2018,minor_injury,70,FALSE,curved_view_open,,fine,,daylight,,1,0,0,1,1,0,0,0,0,0,0,1,0,0,0,0,0,0,0,0
-38.99557701,177.7820536,Wairoa District,2018,minor_injury,100,FALSE,curved_view_open,,rain,,daylight,,1,0,0,1,1,0,0,0,0,0,0,1,0,0,0,0,0,0,0,0
-36.87014072,174.6664179,Auckland,2018,minor_injury,50,FALSE,straight,,fine,,daylight,,1,0,0,1,1,0,0,0,0,0,0,1,0,0,0,0,0,0,0,0
-35.70524285,174.3189721,Whangarei District,2018,minor_injury,50,FALSE,straight,,fine,,daylight,,1,0,0,1,1,0,0,0,0,0,0,1,0,0,0,0,0,0,0,0
-43.39982074,172.0328001,Selwyn District,2018,serious_injury,100,TRUE,straight,,fine,,daylight,giveway_sign,2,0,2,0,1,0,0,0,0,0,0,1,0,0,0,0,0,0,0,0
-37.97661269,175.8351099,South Waikato District,2018,serious_injury,100,TRUE,straight,,fine,,daylight,giveway_sign,2,0,2,0,1,0,0,0,0,0,0,1,0,0,0,0,0,0,0,0
-41.10576994,174.8922688,Porirua City,2018,serious_injury,80,FALSE,straight,,fine,,daylight,,2,0,2,0,1,0,0,0,0,0,0,1,0,0,0,0,0,0,0,0
-37.88399707,175.7970489,Matamata-Piako District,2018,serious_injury,100,TRUE,curved_view_open,,rain,,daylight,stop_sign,2,0,2,0,1,0,0,0,0,0,0,1,0,0,0,0,0,0,0,0
-40.51374768,175.4535577,Horowhenua District,2018,serious_injury,100,TRUE,straight,,fine,,daylight,stop_sign,1,0,1,0,1,0,0,0,0,0,0,1,0,0,0,0,0,0,0,0
-46.40967422,168.3472619,Invercargill City,2018,serious_injury,50,TRUE,straight,,fine,,daylight,traffic_lights,1,0,1,0,1,0,0,0,0,0,0,1,0,0,0,0,0,0,0,0
-37.85299369,175.7588186,Matamata-Piako District,2018,serious_injury,100,TRUE,straight,,fine,,daylight,,1,0,1,0,1,0,0,0,0,0,0,1,0,0,0,0,0,0,0,0
-41.08498705,174.8709341,Porirua City,2018,serious_injury,50,FALSE,curved_view_open,,fine,,daylight,,1,0,1,0,1,0,0,0,0,0,0,1,0,0,0,0,0,0,0,0
-38.05064694,175.3770666,Waipa District,2018,serious_injury,100,TRUE,straight,,fine,,darkness_not_lit,stop_sign,1,0,1,0,1,0,0,0,0,0,0,1,0,0,0,0,0,0,0,0
-37.9976168,176.1952954,Rotorua District,2018,serious_injury,100,FALSE,straight,,rain,,daylight,,1,0,1,0,1,0,0,0,0,0,0,1,0,0,0,0,0,0,0,0
-43.52277689,172.5326922,Christchurch City,2018,serious_injury,60,TRUE,straight,,fine,,daylight,giveway_sign,1,0,1,0,1,0,0,0,0,0,0,1,0,0,0,0,0,0,0,0
-43.32253333,172.5981044,Waimakariri District,2018,serious_injury,50,FALSE,straight,,fine,,daylight,,1,0,1,0,1,0,0,0,0,0,0,1,0,0,0,0,0,0,0,0
-37.8184581,176.5054673,Western Bay Of Plenty District,2018,serious_injury,100,FALSE,straight,,fine,,daylight,,1,0,1,0,1,0,0,0,0,0,0,1,0,0,0,0,0,0,0,0
-38.57441751,176.1868209,Taupo District,2018,serious_injury,100,FALSE,curved_view_open,,fine,,daylight,,1,0,1,0,1,0,0,0,0,0,0,1,0,0,0,0,0,0,0,0
-39.05960263,174.0586213,New Plymouth District,2018,serious_injury,50,FALSE,straight,,fine,,darkness_not_lit,,1,0,1,0,1,0,0,0,0,0,0,1,0,0,0,0,0,0,0,0
-39.67776651,176.8611344,Hastings District,2018,serious_injury,100,FALSE,curved_view_open,,rain,,dawn_dusk,,1,0,1,0,1,0,0,0,0,0,0,1,0,0,0,0,0,0,0,0
-39.97533266,175.1290051,Wanganui District,2018,serious_injury,100,FALSE,curved_view_open,,rain,,daylight,,1,0,1,0,1,0,0,0,0,0,0,1,0,0,0,0,0,0,0,0
-41.10530342,175.2111958,Upper Hutt City,2018,serious_injury,100,FALSE,curved_view_open,,fine,,darkness_not_lit,,1,0,1,0,1,0,0,0,0,0,0,1,0,0,0,0,0,0,0,0
-39.13320007,174.2133681,New Plymouth District,2018,serious_injury,100,FALSE,curved_view_open,,fine,,darkness_not_lit,,1,0,1,0,1,0,0,0,0,0,0,1,0,0,0,0,0,0,0,0
-37.81498848,176.1249924,Western Bay Of Plenty District,2018,serious_injury,80,FALSE,straight,,fine,,daylight,,1,0,1,0,1,0,0,0,0,0,0,1,0,0,0,0,0,0,0,0
-37.91528393,175.4482041,Waipa District,2018,serious_injury,100,FALSE,curved_view_open,,fine,,daylight,,1,0,1,0,1,0,0,0,0,0,0,1,0,0,0,0,0,0,0,0
-37.84000344,175.7636858,Matamata-Piako District,2018,serious_injury,100,FALSE,straight,,fine,,daylight,,1,0,1,0,1,0,0,0,0,0,0,1,0,0,0,0,0,0,0,0
-36.76140025,174.7233575,Auckland,2018,minor_injury,50,TRUE,straight,,fine,,daylight,giveway_sign,2,0,0,2,1,0,0,0,0,0,0,1,0,0,0,0,0,0,0,0
-36.62478104,174.672649,Auckland,2018,minor_injury,80,TRUE,straight,,rain,,daylight,stop_sign,2,0,0,2,1,0,0,0,0,0,0,1,0,0,0,0,0,0,0,0
-37.10788631,174.9456555,Auckland,2018,minor_injury,70,TRUE,straight,,fine,,daylight,traffic_lights,2,0,0,2,1,0,0,0,0,0,0,1,0,0,0,0,0,0,0,0
-40.09625815,175.3633718,Rangitikei District,2018,minor_injury,100,TRUE,straight,,rain,,daylight,stop_sign,2,0,0,2,1,0,0,0,0,0,0,1,0,0,0,0,0,0,0,0
-40.79917475,175.1237295,Kapiti Coast District,2018,minor_injury,80,TRUE,straight,,fine,,daylight,stop_sign,2,0,0,2,1,0,0,0,0,0,0,1,0,0,0,0,0,0,0,0
-40.79917475,175.1237295,Kapiti Coast District,2018,minor_injury,80,TRUE,straight,,fine,,daylight,stop_sign,2,0,0,2,1,0,0,0,0,0,0,1,0,0,0,0,0,0,0,0
-37.66570375,176.1971834,Tauranga City,2018,minor_injury,70,TRUE,straight,,fine,,daylight,traffic_lights,2,0,0,2,1,0,0,0,0,0,0,1,0,0,0,0,0,0,0,0
-45.03646449,168.9984647,Queenstown-Lakes District,2018,minor_injury,100,FALSE,curved_view_open,,fine,,daylight,,2,0,0,2,1,0,0,0,0,0,0,1,0,0,0,0,0,0,0,0
-36.43412519,174.6493604,Auckland,2018,minor_injury,100,TRUE,straight,,fine,,daylight,stop_sign,2,0,0,2,1,0,0,0,0,0,0,1,0,0,0,0,0,0,0,0
-44.69660934,169.1626291,Queenstown-Lakes District,2018,minor_injury,80,FALSE,curved_view_open,,fine,,daylight,,2,0,0,2,1,0,0,0,0,0,0,1,0,0,0,0,0,0,0,0
-38.13995186,176.2883993,Rotorua District,2018,minor_injury,60,FALSE,straight,,rain,,daylight,,2,0,0,2,1,0,0,0,0,0,0,1,0,0,0,0,0,0,0,0
-36.84696038,174.6298352,Auckland,2018,minor_injury,100,FALSE,straight,,fine,,darkness_not_lit,,2,0,0,2,1,0,0,0,0,0,0,1,0,0,0,0,0,0,0,0
-38.11418243,175.7304635,South Waikato District,2018,minor_injury,100,FALSE,curved_view_open,,fine,,daylight,,2,0,0,2,1,0,0,0,0,0,0,1,0,0,0,0,0,0,0,0
-39.04268474,177.611494,Wairoa District,2018,minor_injury,100,FALSE,straight,,rain,,daylight,,2,0,0,2,1,0,0,0,0,0,0,1,0,0,0,0,0,0,0,0
-41.27165395,173.277248,Nelson City,2018,minor_injury,50,FALSE,straight,,fine,,daylight,,2,0,0,2,1,0,0,0,0,0,0,1,0,0,0,0,0,0,0,0
-38.41049669,175.1149295,Waitomo District,2018,minor_injury,100,FALSE,curved_view_open,,rain,,daylight,,2,0,0,2,1,0,0,0,0,0,0,1,0,0,0,0,0,0,0,0
-36.65941431,174.640103,Auckland,2018,minor_injury,100,FALSE,straight,,fine,,daylight,,2,0,0,2,1,0,0,0,0,0,0,1,0,0,0,0,0,0,0,0
-35.84635169,174.4793926,Whangarei District,2018,minor_injury,100,FALSE,straight,,fine,,daylight,,2,0,0,2,1,0,0,0,0,0,0,1,0,0,0,0,0,0,0,0
-46.20371555,169.7688789,Clutha District,2018,minor_injury,100,FALSE,straight,,fine,,daylight,,2,0,0,2,1,0,0,0,0,0,0,1,0,0,0,0,0,0,0,0
-36.93930069,174.9777388,Auckland,2018,minor_injury,80,FALSE,straight,,fine,,daylight,,2,0,0,2,1,0,0,0,0,0,0,1,0,0,0,0,0,0,0,0
-36.93330695,174.8351638,Auckland,2018,minor_injury,50,FALSE,straight,,fine,,daylight,,2,0,0,2,1,0,0,0,0,0,0,1,0,0,0,0,0,0,0,0
-37.81528616,175.2306301,Waipa District,2018,fatality,80,FALSE,curved_view_open,,fine,,daylight,,2,1,1,0,1,0,0,0,0,0,0,1,0,0,0,0,0,0,0,0
-38.15794348,175.2981293,Otorohanga District,2018,fatality,100,TRUE,curved_view_open,,fine,,darkness_not_lit,giveway_sign,2,1,1,0,1,0,0,0,0,0,0,1,0,0,0,0,0,0,0,0
-39.52713359,176.9180574,Napier City,2018,fatality,100,FALSE,straight,,fine,,darkness_not_lit,,2,1,1,0,1,0,0,0,0,0,0,1,0,0,0,0,0,0,0,0
-37.88839796,175.7752045,Matamata-Piako District,2018,serious_injury,100,TRUE,straight,,fine,,daylight,stop_sign,2,0,1,1,1,0,0,0,0,0,0,1,0,0,0,0,0,0,0,0
-40.8023013,175.1212332,Kapiti Coast District,2018,serious_injury,100,TRUE,straight,,fine,,daylight,giveway_sign,2,0,1,1,1,0,0,0,0,0,0,1,0,0,0,0,0,0,0,0
-39.06605916,174.140311,New Plymouth District,2018,serious_injury,80,FALSE,straight,,fine,,daylight,,2,0,1,1,1,0,0,0,0,0,0,1,0,0,0,0,0,0,0,0
-45.21622601,170.7959243,Waitaki District,2018,serious_injury,100,TRUE,straight,,fine,,daylight,giveway_sign,2,0,1,1,1,0,0,0,0,0,0,1,0,0,0,0,0,0,0,0
-38.20835156,175.8692387,South Waikato District,2018,serious_injury,80,FALSE,straight,,fine,,daylight,,2,0,1,1,1,0,0,0,0,0,0,1,0,0,0,0,0,0,0,0
-39.57916451,176.848887,Hastings District,2018,fatality,100,FALSE,straight,,fine,,daylight,,1,1,0,0,1,0,0,0,0,0,0,1,0,0,0,0,0,0,0,0
-38.65972743,178.1076493,Gisborne District,2018,fatality,100,FALSE,straight,,fine,,darkness_not_lit,,1,1,0,0,1,0,0,0,0,0,0,1,0,0,0,0,0,0,0,0
-41.51357032,173.9711329,Marlborough District,2018,serious_injury,50,TRUE,straight,,fine,,daylight,stop_sign,3,0,1,2,1,0,0,0,0,0,0,1,0,0,0,0,0,0,0,0
-39.63184563,175.7639452,Rangitikei District,2018,serious_injury,100,FALSE,straight,,fine,,daylight,,3,0,1,2,1,0,0,0,0,0,0,1,0,0,0,0,0,0,0,0
-38.66294243,178.1024923,Gisborne District,2018,fatality,70,FALSE,curved_view_open,,fine,,dawn_dusk,,2,1,0,1,1,0,0,0,0,0,0,1,0,0,0,0,0,0,0,0
-44.48021246,171.2016825,Timaru District,2018,fatality,100,FALSE,curved_view_open,,rain,,daylight,,2,1,0,1,1,0,0,0,0,0,0,1,0,0,0,0,0,0,0,0
-38.30944864,176.5199925,Rotorua District,2018,fatality,100,FALSE,curved_view_open,,fine,,daylight,,2,1,0,1,1,0,0,0,0,0,0,1,0,0,0,0,0,0,0,0
-46.17952721,168.4683599,Southland District,2018,fatality,100,FALSE,curved_view_open,,rain,,darkness_not_lit,,2,1,0,1,1,0,0,0,0,0,0,1,0,0,0,0,0,0,0,0
-37.93834879,176.1510319,Western Bay Of Plenty District,2018,fatality,100,FALSE,curved_view_open,,fine,,darkness_not_lit,,2,1,0,1,1,0,0,0,0,0,0,1,0,0,0,0,0,0,0,0
-37.02008141,174.8809067,Auckland,2018,serious_injury,50,TRUE,straight,,rain,,daylight,,6,0,1,5,1,0,0,0,0,0,0,1,0,0,0,0,0,0,0,0
-44.1840991,171.3489503,Timaru District,2018,fatality,100,TRUE,straight,,fine,,darkness_not_lit,giveway_sign,3,1,1,1,1,0,0,0,0,0,0,1,0,0,0,0,0,0,0,0
-36.37143898,174.6970691,Auckland,2018,serious_injury,80,FALSE,straight,,fine,,daylight,,4,0,1,3,1,0,0,0,0,0,0,1,0,0,0,0,0,0,0,0
-44.98778608,168.8147903,Queenstown-Lakes District,2018,serious_injury,80,TRUE,straight,,fine,,daylight,stop_sign,4,0,3,1,1,0,0,0,0,0,0,1,0,0,0,0,0,0,0,0
-43.56988377,172.4979634,Selwyn District,2018,fatality,80,TRUE,straight,,fine,,daylight,stop_sign,2,2,0,0,1,0,0,0,0,0,0,1,0,0,0,0,0,0,0,0
-35.84698434,174.4777988,Whangarei District,2018,fatality,100,TRUE,straight,,rain,,daylight,stop_sign,2,2,0,0,1,0,0,0,0,0,0,1,0,0,0,0,0,0,0,0
-39.04000124,177.7297451,Wairoa District,2018,fatality,100,FALSE,curved_view_open,,rain,,darkness_not_lit,,4,3,0,1,1,0,0,0,0,0,0,1,0,0,0,0,0,0,0,0
-41.22355271,174.9144151,Hutt City,2018,property_damage,50,TRUE,curved_view_open,,rain,,darkness_not_lit,,0,0,0,0,0,0,0,0,0,0,0,0,0,0,0,0,0,2,0,0