latitude,longitude,local_government_area,year,severity,speed_limit,intersection,road_position_horizontal,road_wet,weather,crash_type,lighting,traffic_controls,casualties,fatalities,serious_injuries,minor_injuries,car_sedan,car_utility,car_van,car_4x4,car_station_wagon,motor_cycle,truck_small,truck_large,bus,taxi,bicycle,scooter,pedestrian,inanimate,train,tram
-41.03127794,175.5214012,Carterton District,2018,property_damage,50,FALSE,straight,,fine,,darkness_not_lit,,0,0,0,0,0,0,0,0,0,0,0,0,0,0,0,0,0,2,0,0
-37.27524637,175.5318378,Hauraki District,2018,property_damage,70,FALSE,straight,,rain,,darkness_not_lit,,0,0,0,0,0,0,0,0,0,0,0,0,0,0,0,0,0,2,0,0
-36.97839939,174.9997692,Auckland,2018,property_damage,100,FALSE,curved_view_open,,fine,,daylight,,0,0,0,0,0,0,0,0,0,0,0,0,0,0,0,0,0,2,0,0
-35.65936137,174.2932837,Whangarei District,2018,property_damage,80,FALSE,curved_view_open,,rain,,daylight,,0,0,0,0,0,0,0,0,0,0,0,0,0,0,0,0,0,2,0,0
-39.06539057,177.3016633,Wairoa District,2018,property_damage,100,FALSE,curved_view_open,,fine,,daylight,,0,0,0,0,0,0,0,0,0,0,0,0,0,0,0,0,0,2,0,0
-38.51106498,175.5006878,Waitomo District,2018,property_damage,100,FALSE,straight,,fine,,dawn_dusk,,0,0,0,0,0,0,0,0,0,0,0,0,0,0,0,0,0,2,0,0
-44.74299035,170.4628734,Waitaki District,2018,property_damage,70,TRUE,curved_view_open,,fine,,darkness_not_lit,,0,0,0,0,0,0,0,0,0,0,0,0,0,0,0,0,0,2,0,0
-39.60898472,176.8396646,Hastings District,2018,property_damage,80,FALSE,straight,,fine,,dawn_dusk,,0,0,0,0,0,0,0,0,0,0,0,0,0,0,0,0,0,2,0,0
-39.74988689,174.4715067,South Taranaki District,2018,property_damage,50,TRUE,straight,,fine,,darkness_not_lit,giveway_sign,0,0,0,0,0,0,0,0,0,0,0,0,0,0,0,0,0,2,0,0
-43.52165743,172.6247624,Christchurch City,2018,property_damage,50,FALSE,straight,,fine,,darkness_not_lit,,0,0,0,0,0,0,0,0,0,0,0,0,0,0,0,0,0,2,0,0
-44.6240324,169.2582295,Queenstown-Lakes District,2018,property_damage,100,FALSE,straight,,fine,,daylight,,0,0,0,0,0,0,0,0,0,0,0,0,0,0,0,0,0,2,0,0
-35.72216795,174.3145966,Whangarei District,2018,minor_injury,50,TRUE,straight,,fine,,daylight,traffic_lights,1,0,0,1,0,0,0,0,0,0,0,0,0,0,0,0,0,2,0,0
-37.23884854,175.0216127,Waikato District,2018,minor_injury,100,TRUE,curved_view_open,,rain,,daylight,giveway_sign,1,0,0,1,0,0,0,0,0,0,0,0,0,0,0,0,0,2,0,0
-37.21500731,174.7459077,Auckland,2018,minor_injury,100,FALSE,curved_view_open,,fine,,darkness_not_lit,,1,0,0,1,0,0,0,0,0,0,0,0,0,0,0,0,0,2,0,0
-37.21285203,175.873869,Thames-Coromandel District,2018,minor_injury,50,TRUE,straight,,fine,,daylight,giveway_sign,1,0,0,1,0,0,0,0,0,0,0,0,0,0,0,0,0,2,0,0
-39.00914756,174.2357301,New Plymouth District,2018,minor_injury,100,FALSE,straight,,fine,,dawn_dusk,,1,0,0,1,0,0,0,0,0,0,0,0,0,0,0,0,0,2,0,0
-36.9309821,174.5854325,Auckland,2018,minor_injury,70,FALSE,curved_view_open,,fine,,daylight,,1,0,0,1,0,0,0,0,0,0,0,0,0,0,0,0,0,2,0,0
-44.99292715,168.9155888,Queenstown-Lakes District,2018,minor_injury,100,FALSE,curved_view_open,,fine,,daylight,,1,0,0,1,0,0,0,0,0,0,0,0,0,0,0,0,0,2,0,0
-37.78381079,176.3256884,Western Bay Of Plenty District,2018,minor_injury,50,FALSE,straight,,fine,,darkness_not_lit,,1,0,0,1,0,0,0,0,0,0,0,0,0,0,0,0,0,2,0,0
-45.12896048,169.317269,Central Otago District,2018,minor_injury,100,FALSE,straight,,fine,,daylight,,1,0,0,1,0,0,0,0,0,0,0,0,0,0,0,0,0,2,0,0
-43.93884906,169.279774,Westland District,2018,minor_injury,100,FALSE,curved_view_open,,rain,,daylight,,1,0,0,1,0,0,0,0,0,0,0,0,0,0,0,0,0,2,0,0
-35.62107261,174.0167036,Whangarei District,2018,minor_injury,50,FALSE,curved_view_open,,fine,,daylight,,1,0,0,1,0,0,0,0,0,0,0,0,0,0,0,0,0,2,0,0
-42.21689338,173.8647125,Kaikoura District,2018,minor_injury,100,FALSE,straight,,fine,,daylight,,1,0,0,1,0,0,0,0,0,0,0,0,0,0,0,0,0,2,0,0
-41.3431267,172.8151413,Tasman District,2018,minor_injury,100,FALSE,straight,,fine,,darkness_not_lit,,1,0,0,1,0,0,0,0,0,0,0,0,0,0,0,0,0,2,0,0
-42.27680317,173.7818164,Kaikoura District,2018,minor_injury,80,FALSE,curved_view_open,,fine,,daylight,,1,0,0,1,0,0,0,0,0,0,0,0,0,0,0,0,0,2,0,0
-37.85668338,175.9560125,Western Bay Of Plenty District,2018,minor_injury,100,FALSE,curved_view_open,,rain,,daylight,,1,0,0,1,0,0,0,0,0,0,0,0,0,0,0,0,0,2,0,0
-39.02468007,177.4378052,Wairoa District,2018,minor_injury,100,FALSE,curved_view_open,,fine,,daylight,,1,0,0,1,0,0,0,0,0,0,0,0,0,0,0,0,0,2,0,0
-39.09221541,177.179671,Wairoa District,2018,minor_injury,100,TRUE,curved_view_open,,fine,,darkness_not_lit,giveway_sign,1,0,0,1,0,0,0,0,0,0,0,0,0,0,0,0,0,2,0,0
-38.03197846,176.7006511,Whakatane District,2018,minor_injury,100,FALSE,curved_view_open,,rain,,daylight,,1,0,0,1,0,0,0,0,0,0,0,0,0,0,0,0,0,2,0,0
-38.63749624,176.0373184,Taupo District,2018,minor_injury,100,FALSE,curved_view_open,,fine,,darkness_not_lit,,1,0,0,1,0,0,0,0,0,0,0,0,0,0,0,0,0,2,0,0
-36.95322521,174.8595514,Auckland,2018,minor_injury,100,FALSE,straight,,rain,,darkness_not_lit,,1,0,0,1,0,0,0,0,0,0,0,0,0,0,0,0,0,2,0,0
-45.65928271,168.2180227,Southland District,2018,minor_injury,100,FALSE,curved_view_open,,fine,,daylight,,1,0,0,1,0,0,0,0,0,0,0,0,0,0,0,0,0,2,0,0
-39.44158173,176.871017,Napier City,2018,minor_injury,70,FALSE,straight,,fine,,daylight,,1,0,0,1,0,0,0,0,0,0,0,0,0,0,0,0,0,2,0,0
-40.52945549,175.7668307,Tararua District,2018,minor_injury,100,FALSE,straight,,fine,,daylight,,1,0,0,1,0,0,0,0,0,0,0,0,0,0,0,0,0,2,0,0
-35.1727485,173.1840774,Far North District,2018,minor_injury,100,FALSE,curved_view_open,,rain,,darkness_not_lit,,1,0,0,1,0,0,0,0,0,0,0,0,0,0,0,0,0,2,0,0
-37.86712975,175.865186,Matamata-Piako District,2018,minor_injury,100,FALSE,straight,,rain,,daylight,,1,0,0,1,0,0,0,0,0,0,0,0,0,0,0,0,0,2,0,0
-40.00747981,176.548573,Central Hawkes Bay District,2018,minor_injury,50,FALSE,straight,,fine,,darkness_not_lit,,1,0,0,1,0,0,0,0,0,0,0,0,0,0,0,0,0,2,0,0
-39.86705577,176.4425498,Central Hawkes Bay District,2018,minor_injury,100,FALSE,curved_view_open,,fine,,daylight,,1,0,0,1,0,0,0,0,0,0,0,0,0,0,0,0,0,2,0,0
-42.4110249,173.6763025,Kaikoura District,2018,minor_injury,100,FALSE,curved_view_open,,fine,,darkness_not_lit,,1,0,0,1,0,0,0,0,0,0,0,0,0,0,0,0,0,2,0,0
-36.75416632,174.7441089,Auckland,2018,minor_injury,50,FALSE,straight,,fine,,darkness_not_lit,,1,0,0,1,0,0,0,0,0,0,0,0,0,0,0,0,0,2,0,0
-38.28235582,174.955293,Waitomo District,2018,minor_injury,100,FALSE,curved_view_open,,fine,,daylight,,1,0,0,1,0,0,0,0,0,0,0,0,0,0,0,0,0,2,0,0
-35.39699073,174.0701517,Far North District,2018,minor_injury,100,FALSE,straight,,fine,,daylight,,1,0,0,1,0,0,0,0,0,0,0,0,0,0,0,0,0,2,0,0
-35.78304766,174.143736,Whangarei District,2018,minor_injury,100,FALSE,curved_view_open,,fine,,darkness_not_lit,,1,0,0,1,0,0,0,0,0,0,0,0,0,0,0,0,0,2,0,0
-42.06734228,172.2476655,Tasman District,2018,minor_injury,100,FALSE,straight,,fine,,darkness_not_lit,,1,0,0,1,0,0,0,0,0,0,0,0,0,0,0,0,0,2,0,0
-36.77316254,174.7370212,Auckland,2018,minor_injury,50,FALSE,straight,,fine,,darkness_not_lit,,1,0,0,1,0,0,0,0,0,0,0,0,0,0,0,0,0,2,0,0
-39.5726769,176.8606311,Hastings District,2018,minor_injury,80,FALSE,straight,,fine,,darkness_not_lit,,1,0,0,1,0,0,0,0,0,0,0,0,0,0,0,0,0,2,0,0
-38.46769439,174.9912353,Waitomo District,2018,minor_injury,100,FALSE,curved_view_open,,fine,,daylight,,1,0,0,1,0,0,0,0,0,0,0,0,0,0,0,0,0,2,0,0
-35.74873562,173.6280939,Kaipara District,2018,minor_injury,100,FALSE,curved_view_open,,mist,,daylight,,1,0,0,1,0,0,0,0,0,0,0,0,0,0,0,0,0,2,0,0
-40.52021066,175.3945516,Horowhenua District,2018,minor_injury,100,FALSE,curved_view_open,,fine,,darkness_not_lit,,1,0,0,1,0,0,0,0,0,0,0,0,0,0,0,0,0,2,0,0
-35.67498465,174.2942097,Whangarei District,2018,minor_injury,60,FALSE,straight,,rain,,darkness_not_lit,,1,0,0,1,0,0,0,0,0,0,0,0,0,0,0,0,0,2,0,0
-40.55754378,175.742904,Tararua District,2018,minor_injury,100,FALSE,straight,,fine,,daylight,,1,0,0,1,0,0,0,0,0,0,0,0,0,0,0,0,0,2,0,0
-36.66440631,174.6395711,Auckland,2018,minor_injury,80,FALSE,straight,,fine,,daylight,,1,0,0,1,0,0,0,0,0,0,0,0,0,0,0,0,0,2,0,0
-45.22529722,170.434732,Waitaki District,2018,minor_injury,100,FALSE,curved_view_open,,fine,,daylight,,1,0,0,1,0,0,0,0,0,0,0,0,0,0,0,0,0,2,0,0
-45.11075958,169.5546774,Central Otago District,2018,minor_injury,100,FALSE,straight,,mist,,darkness_not_lit,,1,0,0,1,0,0,0,0,0,0,0,0,0,0,0,0,0,2,0,0
-39.6163865,176.9578878,Hastings District,2018,minor_injury,50,FALSE,straight,,rain,,darkness_not_lit,,1,0,0,1,0,0,0,0,0,0,0,0,0,0,0,0,0,2,0,0
-46.25468359,169.7374552,Clutha District,2018,minor_injury,100,FALSE,curved_view_open,,fine,,darkness_not_lit,,1,0,0,1,0,0,0,0,0,0,0,0,0,0,0,0,0,2,0,0
-38.57482412,178.0404232,Gisborne District,2018,minor_injury,80,FALSE,curved_view_open,,rain,,darkness_not_lit,,1,0,0,1,0,0,0,0,0,0,0,0,0,0,0,0,0,2,0,0
-37.26896796,175.2795039,Waikato District,2018,minor_injury,90,FALSE,curved_view_open,,fine,,daylight,,1,0,0,1,0,0,0,0,0,0,0,0,0,0,0,0,0,2,0,0
-41.77952872,172.2539031,Tasman District,2018,minor_injury,100,FALSE,straight,,fine,,darkness_not_lit,,1,0,0,1,0,0,0,0,0,0,0,0,0,0,0,0,0,2,0,0
-38.23586355,178.2526575,Gisborne District,2018,minor_injury,100,FALSE,curved_view_open,,fine,,darkness_not_lit,,1,0,0,1,0,0,0,0,0,0,0,0,0,0,0,0,0,2,0,0
-43.26964882,172.7008048,Waimakariri District,2018,minor_injury,100,FALSE,straight,,fine,,dawn_dusk,,1,0,0,1,0,0,0,0,0,0,0,0,0,0,0,0,0,2,0,0
-41.15638009,174.9854783,Hutt City,2018,minor_injury,80,FALSE,curved_view_open,,fine,,darkness_not_lit,,1,0,0,1,0,0,0,0,0,0,0,0,0,0,0,0,0,2,0,0
-37.24101639,174.6768611,Auckland,2018,minor_injury,100,FALSE,curved_view_open,,rain,,daylight,,1,0,0,1,0,0,0,0,0,0,0,0,0,0,0,0,0,2,0,0
-37.80505832,175.1452638,Waikato District,2018,minor_injury,100,FALSE,curved_view_open,,mist,,darkness_not_lit,,1,0,0,1,0,0,0,0,0,0,0,0,0,0,0,0,0,2,0,0
-35.68237958,174.3098549,Whangarei District,2018,minor_injury,50,FALSE,curved_view_open,,rain,,darkness_not_lit,,1,0,0,1,0,0,0,0,0,0,0,0,0,0,0,0,0,2,0,0
-39.95964461,176.5790083,Central Hawkes Bay District,2018,minor_injury,100,FALSE,straight,,rain,,darkness_not_lit,,1,0,0,1,0,0,0,0,0,0,0,0,0,0,0,0,0,2,0,0
-37.80317508,174.9768878,Waikato District,2018,minor_injury,100,FALSE,curved_view_open,,fine,,darkness_not_lit,,1,0,0,1,0,0,0,0,0,0,0,0,0,0,0,0,0,2,0,0
-37.23455969,174.7048652,Auckland,2018,minor_injury,100,FALSE,straight,,fine,,daylight,,1,0,0,1,0,0,0,0,0,0,0,0,0,0,0,0,0,2,0,0
-38.09641967,175.1162302,Otorohanga District,2018,minor_injury,100,FALSE,straight,,fine,,daylight,,1,0,0,1,0,0,0,0,0,0,0,0,0,0,0,0,0,2,0,0
-38.03166055,175.1897284,Otorohanga District,2018,minor_injury,100,FALSE,straight,,fine,,daylight,,1,0,0,1,0,0,0,0,0,0,0,0,0,0,0,0,0,2,0,0
-46.4372312,168.3754948,Invercargill City,2018,minor_injury,80,FALSE,straight,,fine,,daylight,,5,0,0,5,0,0,0,0,0,0,0,0,0,0,0,0,0,2,0,0
-35.43929666,173.820021,Far North District,2018,serious_injury,100,FALSE,straight,,fine,,daylight,,1,0,1,0,0,0,0,0,0,0,0,0,0,0,0,0,0,2,0,0
-35.67503311,174.2964093,Whangarei District,2018,serious_injury,50,TRUE,straight,,fine,,darkness_not_lit,giveway_sign,1,0,1,0,0,0,0,0,0,0,0,0,0,0,0,0,0,2,0,0
-37.7418568,175.2558971,Hamilton City,2018,serious_injury,50,TRUE,straight,,fine,,darkness_not_lit,traffic_lights,1,0,1,0,0,0,0,0,0,0,0,0,0,0,0,0,0,2,0,0
-43.19937965,172.6987482,Hurunui District,2018,serious_injury,100,FALSE,straight,,fine,,daylight,,1,0,1,0,0,0,0,0,0,0,0,0,0,0,0,0,0,2,0,0
-45.9282475,168.3549506,Southland District,2018,serious_injury,100,FALSE,straight,,fine,,daylight,,1,0,1,0,0,0,0,0,0,0,0,0,0,0,0,0,0,2,0,0
-38.93288738,175.8750057,Taupo District,2018,serious_injury,70,FALSE,straight,,fine,,daylight,,1,0,1,0,0,0,0,0,0,0,0,0,0,0,0,0,0,2,0,0
-46.41547178,168.5765866,Southland District,2018,serious_injury,100,FALSE,straight,,fine,,daylight,,1,0,1,0,0,0,0,0,0,0,0,0,0,0,0,0,0,2,0,0
-40.12267503,176.1675711,Tararua District,2018,serious_injury,100,FALSE,straight,,fine,,darkness_not_lit,,1,0,1,0,0,0,0,0,0,0,0,0,0,0,0,0,0,2,0,0
-35.82239239,174.3056094,Whangarei District,2018,serious_injury,100,FALSE,curved_view_open,,rain,,darkness_not_lit,,1,0,1,0,0,0,0,0,0,0,0,0,0,0,0,0,0,2,0,0
-38.35900956,177.5278309,Gisborne District,2018,serious_injury,100,FALSE,straight,,,,darkness_not_lit,,1,0,1,0,0,0,0,0,0,0,0,0,0,0,0,0,0,2,0,0
-38.05034227,176.3288379,Rotorua District,2018,serious_injury,70,FALSE,curved_view_open,,rain,,darkness_not_lit,,1,0,1,0,0,0,0,0,0,0,0,0,0,0,0,0,0,2,0,0
-44.64692653,169.4986982,Central Otago District,2018,serious_injury,100,FALSE,curved_view_open,,fine,,daylight,,1,0,1,0,0,0,0,0,0,0,0,0,0,0,0,0,0,2,0,0
-36.42225288,174.6474473,Auckland,2018,serious_injury,100,FALSE,curved_view_open,,fine,,darkness_not_lit,,1,0,1,0,0,0,0,0,0,0,0,0,0,0,0,0,0,2,0,0
-37.67630822,177.7491849,Opotiki District,2018,minor_injury,100,FALSE,curved_view_open,,rain,,daylight,,2,0,0,2,0,0,0,0,0,0,0,0,0,0,0,0,0,2,0,0
-45.24552876,167.806611,Southland District,2018,minor_injury,100,FALSE,curved_view_open,,fine,,daylight,,2,0,0,2,0,0,0,0,0,0,0,0,0,0,0,0,0,2,0,0
-36.93547404,175.7982581,Thames-Coromandel District,2018,minor_injury,100,FALSE,straight,,fine,,daylight,,2,0,0,2,0,0,0,0,0,0,0,0,0,0,0,0,0,2,0,0
-37.66864208,175.7338151,Matamata-Piako District,2018,minor_injury,100,FALSE,straight,,fine,,daylight,,2,0,0,2,0,0,0,0,0,0,0,0,0,0,0,0,0,2,0,0
-39.15018296,173.8889572,New Plymouth District,2018,minor_injury,100,FALSE,straight,,fine,,darkness_not_lit,,2,0,0,2,0,0,0,0,0,0,0,0,0,0,0,0,0,2,0,0
-39.43946029,175.4540695,Ruapehu District,2018,minor_injury,100,FALSE,curved_view_open,,fine,,daylight,,2,0,0,2,0,0,0,0,0,0,0,0,0,0,0,0,0,2,0,0
-46.20095573,169.3997922,Clutha District,2018,minor_injury,100,FALSE,straight,,fine,,daylight,,2,0,0,2,0,0,0,0,0,0,0,0,0,0,0,0,0,2,0,0
-35.18894143,173.4572409,Far North District,2018,minor_injury,100,FALSE,curved_view_open,,rain,,darkness_not_lit,,2,0,0,2,0,0,0,0,0,0,0,0,0,0,0,0,0,2,0,0
-45.06367681,169.2184425,Central Otago District,2018,minor_injury,100,FALSE,straight,,mist,,darkness_not_lit,,2,0,0,2,0,0,0,0,0,0,0,0,0,0,0,0,0,2,0,0
-37.69373154,176.1220004,Tauranga City,2018,minor_injury,80,FALSE,curved_view_open,,rain,,darkness_not_lit,,2,0,0,2,0,0,0,0,0,0,0,0,0,0,0,0,0,2,0,0
-40.49076152,176.2621954,Tararua District,2018,minor_injury,100,FALSE,curved_view_open,,rain,,darkness_not_lit,,2,0,0,2,0,0,0,0,0,0,0,0,0,0,0,0,0,2,0,0
-35.37362415,174.0491584,Far North District,2018,minor_injury,100,FALSE,straight,,fine,,daylight,,2,0,0,2,0,0,0,0,0,0,0,0,0,0,0,0,0,2,0,0
-35.34137852,173.8688355,Far North District,2018,minor_injury,100,FALSE,straight,,fine,,darkness_not_lit,,3,0,0,3,0,0,0,0,0,0,0,0,0,0,0,0,0,2,0,0
-39.96012293,175.095063,Wanganui District,2018,serious_injury,100,FALSE,straight,,fine,,daylight,,2,0,1,1,0,0,0,0,0,0,0,0,0,0,0,0,0,2,0,0
-39.61505438,176.8175836,Hastings District,2018,serious_injury,60,FALSE,straight,,mist,,darkness_not_lit,,2,0,1,1,0,0,0,0,0,0,0,0,0,0,0,0,0,2,0,0
-41.20707048,173.5756819,Marlborough District,2018,serious_injury,100,FALSE,straight,,fine,,dawn_dusk,,2,0,1,1,0,0,0,0,0,0,0,0,0,0,0,0,0,2,0,0
-44.24937917,171.2955581,Timaru District,2018,serious_injury,50,TRUE,straight,,fine,,darkness_not_lit,,2,0,1,1,0,0,0,0,0,0,0,0,0,0,0,0,0,2,0,0
-39.68134671,176.8946589,Hastings District,2018,fatality,50,FALSE,curved_view_open,,fine,,darkness_not_lit,,1,1,0,0,0,0,0,0,0,0,0,0,0,0,0,0,0,2,0,0
-39.75830314,175.8119719,Rangitikei District,2018,fatality,100,FALSE,curved_view_open,,mist,,darkness_not_lit,,1,1,0,0,0,0,0,0,0,0,0,0,0,0,0,0,0,2,0,0
-40.19064247,175.3534203,Rangitikei District,2018,fatality,100,FALSE,curved_view_open,,fine,,daylight,,1,1,0,0,0,0,0,0,0,0,0,0,0,0,0,0,0,2,0,0
-39.64067879,176.8848363,Hastings District,2018,serious_injury,80,TRUE,curved_view_open,,fine,,darkness_not_lit,,3,0,2,1,0,0,0,0,0,0,0,0,0,0,0,0,0,2,0,0
-46.40208517,168.4058861,Invercargill City,2018,serious_injury,80,FALSE,straight,,fine,,daylight,,3,0,1,2,0,0,0,0,0,0,0,0,0,0,0,0,0,2,0,0
-38.65320881,178.0234422,Gisborne District,2018,fatality,50,TRUE,straight,,fine,,darkness_not_lit,giveway_sign,2,1,0,1,0,0,0,0,0,0,0,0,0,0,0,0,0,2,0,0
-35.59238238,174.2721935,Whangarei District,2018,fatality,100,FALSE,straight,,fine,,darkness_not_lit,,2,1,0,1,0,0,0,0,0,0,0,0,0,0,0,0,0,2,0,0
-38.06188628,176.6708033,Whakatane District,2018,fatality,100,FALSE,curved_view_open,,rain,,daylight,,2,1,0,1,0,0,0,0,0,0,0,0,0,0,0,0,0,2,0,0
-39.66657881,175.8083521,Rangitikei District,2018,serious_injury,100,FALSE,curved_view_obscure,,fine,,daylight,,4,0,3,1,0,0,0,0,0,0,0,0,0,0,0,0,0,2,0,0
-41.92719859,172.206028,Tasman District,2018,serious_injury,100,FALSE,curved_view_open,,fine,,daylight,,4,0,2,2,0,0,0,0,0,0,0,0,0,0,0,0,0,2,0,0
-39.65850819,175.5581564,Rangitikei District,2018,fatality,100,FALSE,curved_view_open,,fine,,daylight,,5,1,3,1,0,0,0,0,0,0,0,0,0,0,0,0,0,2,0,0
-41.22355271,174.9144151,Hutt City,2018,property_damage,50,TRUE,curved_view_open,,fine,,daylight,stop_sign,0,0,0,0,0,0,0,1,0,0,0,0,1,0,0,0,0,0,0,0
-36.84799065,174.7616705,Auckland,2018,property_damage,50,TRUE,straight,,fine,,daylight,traffic_lights,0,0,0,0,0,0,0,1,0,0,0,0,1,0,0,0,0,0,0,0
-41.28916673,174.7746894,Wellington City,2018,property_damage,30,TRUE,straight,,fine,,daylight,traffic_lights,0,0,0,0,0,0,0,1,0,0,0,0,1,0,0,0,0,0,0,0
-37.88859955,175.7758261,Matamata-Piako District,2018,property_damage,100,TRUE,straight,,fine,,daylight,stop_sign,0,0,0,0,0,0,0,1,0,0,0,0,1,0,0,0,0,0,0,0
-36.86350599,174.6055863,Auckland,2018,property_damage,50,TRUE,straight,,fine,,daylight,giveway_sign,0,0,0,0,0,0,0,1,0,0,0,0,1,0,0,0,0,0,0,0
-36.84927482,174.7668478,Auckland,2018,property_damage,50,TRUE,straight,,fine,,darkness_not_lit,traffic_lights,0,0,0,0,0,0,0,1,0,0,0,0,1,0,0,0,0,0,0,0
-39.63714093,176.8199759,Hastings District,2018,property_damage,50,TRUE,straight,,fine,,dawn_dusk,giveway_sign,0,0,0,0,0,0,0,1,0,0,0,0,1,0,0,0,0,0,0,0
-36.75140138,174.7334724,Auckland,2018,property_damage,50,TRUE,straight,,rain,,daylight,giveway_sign,0,0,0,0,0,0,0,1,0,0,0,0,1,0,0,0,0,0,0,0
-37.96309511,176.9916236,Whakatane District,2018,property_damage,50,TRUE,straight,,fine,,daylight,giveway_sign,0,0,0,0,0,0,0,1,0,0,0,0,1,0,0,0,0,0,0,0
-36.62343375,174.6671628,Auckland,2018,property_damage,70,TRUE,straight,,fine,,dawn_dusk,traffic_lights,0,0,0,0,0,0,0,1,0,0,0,0,1,0,0,0,0,0,0,0
-41.21429726,174.9147177,Hutt City,2018,property_damage,50,TRUE,straight,,fine,,daylight,,0,0,0,0,0,0,0,1,0,0,0,0,1,0,0,0,0,0,0,0
-44.74245894,168.3998313,Queenstown-Lakes District,2018,property_damage,100,FALSE,straight,,fine,,daylight,,0,0,0,0,0,0,0,1,0,0,0,0,1,0,0,0,0,0,0,0
-36.88152251,174.8510564,Auckland,2018,property_damage,50,FALSE,straight,,fine,,daylight,,0,0,0,0,0,0,0,1,0,0,0,0,1,0,0,0,0,0,0,0
-38.9058614,175.9307113,Taupo District,2018,property_damage,50,FALSE,straight,,rain,,daylight,,0,0,0,0,0,0,0,1,0,0,0,0,1,0,0,0,0,0,0,0
-44.68758942,169.1309331,Queenstown-Lakes District,2018,property_damage,50,TRUE,straight,,fine,,daylight,giveway_sign,0,0,0,0,0,0,0,1,0,0,0,0,1,0,0,0,0,0,0,0
-41.16418315,174.9779903,Hutt City,2018,property_damage,50,FALSE,curved_view_open,,fine,,daylight,,0,0,0,0,0,0,0,1,0,0,0,0,1,0,0,0,0,0,0,0
-41.29841975,174.8286031,Wellington City,2018,property_damage,50,FALSE,curved_view_obscure,,fine,,dawn_dusk,,0,0,0,0,0,0,0,1,0,0,0,0,1,0,0,0,0,0,0,0
-35.29117819,174.095887,Far North District,2018,property_damage,50,FALSE,curved_view_open,,rain,,darkness_not_lit,,0,0,0,0,0,0,0,1,0,0,0,0,1,0,0,0,0,0,0,0
-45.02394516,168.6977099,Queenstown-Lakes District,2018,property_damage,70,FALSE,straight,,fine,,daylight,,0,0,0,0,0,0,0,1,0,0,0,0,1,0,0,0,0,0,0,0
-44.69470127,169.172284,Queenstown-Lakes District,2018,property_damage,80,FALSE,curved_view_open,,fine,,darkness_not_lit,,0,0,0,0,0,0,0,1,0,0,0,0,1,0,0,0,0,0,0,0
-37.03800637,174.9231836,Auckland,2018,property_damage,50,FALSE,straight,,fine,,daylight,,0,0,0,0,0,0,0,1,0,0,0,0,1,0,0,0,0,0,0,0
-41.3169205,174.7780228,Wellington City,2018,property_damage,50,FALSE,straight,,fine,,daylight,,0,0,0,0,0,0,0,1,0,0,0,0,1,0,0,0,0,0,0,0
-36.96739102,174.9247523,Auckland,2018,minor_injury,60,TRUE,straight,,fine,,daylight,traffic_lights,1,0,0,1,0,0,0,1,0,0,0,0,1,0,0,0,0,0,0,0
-44.81994523,168.1155425,Southland District,2018,minor_injury,100,FALSE,curved_view_open,,rain,,daylight,,1,0,0,1,0,0,0,1,0,0,0,0,1,0,0,0,0,0,0,0
-45.51640748,167.786216,Southland District,2018,serious_injury,100,TRUE,curved_view_open,,fine,,daylight,stop_sign,2,0,2,0,0,0,0,1,0,0,0,0,1,0,0,0,0,0,0,0
-41.30726645,174.7779157,Wellington City,2018,property_damage,50,TRUE,straight,,fine,,daylight,traffic_lights,0,0,0,0,0,0,0,0,0,0,0,0,0,1,0,0,1,0,0,0
-41.2936617,174.7694012,Wellington City,2018,property_damage,50,FALSE,straight,,fine,,darkness_not_lit,,0,0,0,0,0,0,0,0,0,0,0,0,0,1,0,0,1,0,0,0
-41.28227518,174.7759236,Wellington City,2018,minor_injury,30,FALSE,straight,,rain,,daylight,traffic_lights,1,0,0,1,0,0,0,0,0,0,0,0,0,1,0,0,1,0,0,0
-45.87406622,170.5036426,Dunedin City,2018,minor_injury,30,FALSE,straight,,fine,,dawn_dusk,,1,0,0,1,0,0,0,0,0,0,0,0,0,1,0,0,1,0,0,0
-36.84301457,174.7647524,Auckland,2018,minor_injury,50,FALSE,straight,,,,darkness_not_lit,,1,0,0,1,0,0,0,0,0,0,0,0,0,1,0,0,1,0,0,0
-43.53204034,172.6306013,Christchurch City,2018,serious_injury,30,TRUE,straight,,fine,,daylight,traffic_lights,1,0,1,0,0,0,0,0,0,0,0,0,0,1,0,0,1,0,0,0
-41.28644047,174.7762515,Wellington City,2018,property_damage,30,TRUE,straight,,,,daylight,traffic_lights,0,0,0,0,1,0,0,0,0,0,0,0,0,0,0,1,0,0,0,0
-43.49979205,172.6104009,Christchurch City,2018,property_damage,50,TRUE,straight,,fine,,daylight,giveway_sign,0,0,0,0,1,0,0,0,0,0,0,0,0,0,0,1,0,0,0,0
-45.87120254,170.5035776,Dunedin City,2018,property_damage,50,TRUE,straight,,rain,,daylight,traffic_lights,0,0,0,0,1,0,0,0,0,0,0,0,0,0,0,1,0,0,0,0
-37.80748597,175.2686379,Hamilton City,2018,property_damage,60,TRUE,straight,,fine,,daylight,traffic_lights,0,0,0,0,1,0,0,0,0,0,0,0,0,0,0,1,0,0,0,0