latitude,longitude,local_government_area,year,severity,speed_limit,intersection,road_position_horizontal,road_wet,weather,crash_type,lighting,traffic_controls,casualties,fatalities,serious_injuries,minor_injuries,car_sedan,car_utility,car_van,car_4x4,car_station_wagon,motor_cycle,truck_small,truck_large,bus,taxi,bicycle,scooter,pedestrian,inanimate,train,tram
-39.06581962,174.0880502,New Plymouth District,2018,property_damage,50,TRUE,straight,,fine,,dawn_dusk,giveway_sign,0,0,0,0,1,0,0,0,0,0,0,0,0,0,0,1,0,0,0,0
-39.52027544,176.8730976,Napier City,2018,property_damage,50,TRUE,curved_view_open,,,,daylight,giveway_sign,0,0,0,0,1,0,0,0,0,0,0,0,0,0,0,1,0,0,0,0
-37.78607274,175.2878422,Hamilton City,2018,property_damage,50,TRUE,straight,,fine,,darkness_not_lit,,0,0,0,0,1,0,0,0,0,0,0,0,0,0,0,1,0,0,0,0
-36.8631021,174.7485229,Auckland,2018,property_damage,50,TRUE,straight,,fine,,daylight,,0,0,0,0,1,0,0,0,0,0,0,0,0,0,0,1,0,0,0,0
-36.8631021,174.7485229,Auckland,2018,property_damage,50,TRUE,straight,,fine,,daylight,,0,0,0,0,1,0,0,0,0,0,0,0,0,0,0,1,0,0,0,0
-43.52863979,172.679356,Christchurch City,2018,property_damage,60,TRUE,straight,,fine,,daylight,giveway_sign,0,0,0,0,1,0,0,0,0,0,0,0,0,0,0,1,0,0,0,0
-36.85557119,174.7463884,Auckland,2018,property_damage,50,FALSE,straight,,fine,,darkness_not_lit,,0,0,0,0,1,0,0,0,0,0,0,0,0,0,0,1,0,0,0,0
-39.62055915,176.8167102,Hastings District,2018,property_damage,50,TRUE,straight,,fine,,daylight,giveway_sign,0,0,0,0,1,0,0,0,0,0,0,0,0,0,0,1,0,0,0,0
-41.28154613,174.7788054,Wellington City,2018,property_damage,50,FALSE,straight,,rain,,daylight,,0,0,0,0,1,0,0,0,0,0,0,0,0,0,0,1,0,0,0,0
-38.08662897,176.7035905,Kawerau District,2018,property_damage,50,TRUE,straight,,fine,,daylight,stop_sign,0,0,0,0,1,0,0,0,0,0,0,0,0,0,0,1,0,0,0,0
-43.49563184,172.5773789,Christchurch City,2018,property_damage,50,TRUE,straight,,rain,,daylight,giveway_sign,0,0,0,0,1,0,0,0,0,0,0,0,0,0,0,1,0,0,0,0
-43.53531839,172.6279822,Christchurch City,2018,property_damage,30,FALSE,straight,,fine,,daylight,,0,0,0,0,1,0,0,0,0,0,0,0,0,0,0,1,0,0,0,0
-41.51094545,173.9565341,Marlborough District,2018,property_damage,30,TRUE,curved_view_open,,fine,,daylight,giveway_sign,0,0,0,0,1,0,0,0,0,0,0,0,0,0,0,1,0,0,0,0
-36.86019937,174.7454842,Auckland,2018,property_damage,50,TRUE,straight,,fine,,darkness_not_lit,stop_sign,0,0,0,0,1,0,0,0,0,0,0,0,0,0,0,1,0,0,0,0
-37.78857639,175.245315,Hamilton City,2018,property_damage,50,TRUE,straight,,fine,,daylight,giveway_sign,0,0,0,0,1,0,0,0,0,0,0,0,0,0,0,1,0,0,0,0
-39.92291775,175.0419891,Wanganui District,2018,property_damage,50,TRUE,curved_view_open,,fine,,darkness_not_lit,giveway_sign,0,0,0,0,1,0,0,0,0,0,0,0,0,0,0,1,0,0,0,0
-41.342072,173.1853577,Tasman District,2018,property_damage,20,TRUE,straight,,fine,,daylight,giveway_sign,0,0,0,0,1,0,0,0,0,0,0,0,0,0,0,1,0,0,0,0
-36.85862947,174.7547696,Auckland,2018,property_damage,50,FALSE,straight,,fine,,darkness_not_lit,,0,0,0,0,1,0,0,0,0,0,0,0,0,0,0,1,0,0,0,0
-36.85011182,174.7443575,Auckland,2018,property_damage,40,FALSE,straight,,fine,,daylight,,0,0,0,0,1,0,0,0,0,0,0,0,0,0,0,1,0,0,0,0
-37.79411174,175.2859439,Hamilton City,2018,property_damage,50,TRUE,curved_view_open,,fine,,daylight,giveway_sign,0,0,0,0,1,0,0,0,0,0,0,0,0,0,0,1,0,0,0,0
-43.53297894,172.5439005,Christchurch City,2018,property_damage,50,FALSE,straight,,fine,,daylight,,0,0,0,0,1,0,0,0,0,0,0,0,0,0,0,1,0,0,0,0
-36.95811023,174.783792,Auckland,2018,property_damage,50,FALSE,straight,,fine,,daylight,,0,0,0,0,1,0,0,0,0,0,0,0,0,0,0,1,0,0,0,0
-36.76201141,174.7109922,Auckland,2018,property_damage,70,FALSE,straight,,fine,,daylight,,0,0,0,0,1,0,0,0,0,0,0,0,0,0,0,1,0,0,0,0
-41.18148706,174.8240938,Wellington City,2018,property_damage,50,FALSE,straight,,fine,,dawn_dusk,,0,0,0,0,1,0,0,0,0,0,0,0,0,0,0,1,0,0,0,0
-37.79843089,175.2573108,Hamilton City,2018,property_damage,50,FALSE,straight,,fine,,daylight,,0,0,0,0,1,0,0,0,0,0,0,0,0,0,0,1,0,0,0,0
-40.96207018,175.6261403,Masterton District,2018,property_damage,50,FALSE,straight,,fine,,darkness_not_lit,,0,0,0,0,1,0,0,0,0,0,0,0,0,0,0,1,0,0,0,0
-44.38628413,171.2338009,Timaru District,2018,property_damage,50,TRUE,straight,,fine,,daylight,giveway_sign,0,0,0,0,1,0,0,0,0,0,0,0,0,0,0,1,0,0,0,0
-46.41779968,168.3782086,Invercargill City,2018,property_damage,50,FALSE,straight,,fine,,daylight,,0,0,0,0,1,0,0,0,0,0,0,0,0,0,0,1,0,0,0,0
-40.63038485,175.3064661,Horowhenua District,2018,minor_injury,80,TRUE,straight,,fine,,daylight,stop_sign,1,0,0,1,1,0,0,0,0,0,0,0,0,0,0,1,0,0,0,0
-40.63038485,175.3064661,Horowhenua District,2018,minor_injury,80,TRUE,straight,,fine,,daylight,stop_sign,1,0,0,1,1,0,0,0,0,0,0,0,0,0,0,1,0,0,0,0
-36.85350279,174.7454553,Auckland,2018,minor_injury,50,TRUE,straight,,fine,,darkness_not_lit,traffic_lights,1,0,0,1,1,0,0,0,0,0,0,0,0,0,0,1,0,0,0,0
-36.85350279,174.7454553,Auckland,2018,minor_injury,50,TRUE,straight,,fine,,darkness_not_lit,traffic_lights,1,0,0,1,1,0,0,0,0,0,0,0,0,0,0,1,0,0,0,0
-36.8615778,174.7504287,Auckland,2018,minor_injury,50,TRUE,straight,,rain,,darkness_not_lit,giveway_sign,1,0,0,1,1,0,0,0,0,0,0,0,0,0,0,1,0,0,0,0
-36.8615778,174.7504287,Auckland,2018,minor_injury,50,TRUE,straight,,rain,,darkness_not_lit,giveway_sign,1,0,0,1,1,0,0,0,0,0,0,0,0,0,0,1,0,0,0,0
-37.67638654,176.2220933,Tauranga City,2018,minor_injury,70,TRUE,straight,,fine,,daylight,giveway_sign,1,0,0,1,1,0,0,0,0,0,0,0,0,0,0,1,0,0,0,0
-36.8663918,174.7306828,Auckland,2018,minor_injury,50,TRUE,straight,,fine,,darkness_not_lit,traffic_lights,1,0,0,1,1,0,0,0,0,0,0,0,0,0,0,1,0,0,0,0
-37.75284301,175.2750485,Hamilton City,2018,minor_injury,50,TRUE,straight,,fine,,daylight,stop_sign,1,0,0,1,1,0,0,0,0,0,0,0,0,0,0,1,0,0,0,0
-37.80225064,175.2601869,Hamilton City,2018,minor_injury,80,TRUE,straight,,fine,,daylight,giveway_sign,1,0,0,1,1,0,0,0,0,0,0,0,0,0,0,1,0,0,0,0
-36.91852687,174.7847889,Auckland,2018,minor_injury,50,TRUE,straight,,fine,,daylight,stop_sign,1,0,0,1,1,0,0,0,0,0,0,0,0,0,0,1,0,0,0,0
-41.33003855,174.7934597,Wellington City,2018,minor_injury,50,TRUE,straight,,fine,,daylight,giveway_sign,1,0,0,1,1,0,0,0,0,0,0,0,0,0,0,1,0,0,0,0
-36.90579926,174.7050848,Auckland,2018,minor_injury,50,TRUE,straight,,fine,,darkness_not_lit,stop_sign,1,0,0,1,1,0,0,0,0,0,0,0,0,0,0,1,0,0,0,0
-39.50940989,176.8888295,Napier City,2018,minor_injury,50,TRUE,straight,,fine,,daylight,traffic_lights,1,0,0,1,1,0,0,0,0,0,0,0,0,0,0,1,0,0,0,0
-41.2934261,174.7811704,Wellington City,2018,minor_injury,40,TRUE,straight,,rain,,darkness_not_lit,traffic_lights,1,0,0,1,1,0,0,0,0,0,0,0,0,0,0,1,0,0,0,0
-41.2934261,174.7811704,Wellington City,2018,minor_injury,40,TRUE,straight,,rain,,darkness_not_lit,traffic_lights,1,0,0,1,1,0,0,0,0,0,0,0,0,0,0,1,0,0,0,0
-43.52960301,172.6019299,Christchurch City,2018,minor_injury,50,TRUE,straight,,fine,,darkness_not_lit,traffic_lights,1,0,0,1,1,0,0,0,0,0,0,0,0,0,0,1,0,0,0,0
-43.52960301,172.6019299,Christchurch City,2018,minor_injury,50,TRUE,straight,,fine,,darkness_not_lit,traffic_lights,1,0,0,1,1,0,0,0,0,0,0,0,0,0,0,1,0,0,0,0
-43.51262784,172.5714455,Christchurch City,2018,minor_injury,50,TRUE,straight,,rain,,darkness_not_lit,giveway_sign,1,0,0,1,1,0,0,0,0,0,0,0,0,0,0,1,0,0,0,0
-41.30174163,174.7740509,Wellington City,2018,minor_injury,50,TRUE,straight,,fine,,darkness_not_lit,traffic_lights,1,0,0,1,1,0,0,0,0,0,0,0,0,0,0,1,0,0,0,0
-41.30513039,174.7785863,Wellington City,2018,minor_injury,50,TRUE,straight,,fine,,daylight,stop_sign,1,0,0,1,1,0,0,0,0,0,0,0,0,0,0,1,0,0,0,0
-41.28777837,173.2732797,Nelson City,2018,minor_injury,50,FALSE,straight,,fine,,daylight,,1,0,0,1,1,0,0,0,0,0,0,0,0,0,0,1,0,0,0,0
-36.86898602,174.7504856,Auckland,2018,minor_injury,50,TRUE,straight,,rain,,darkness_not_lit,stop_sign,1,0,0,1,1,0,0,0,0,0,0,0,0,0,0,1,0,0,0,0
-39.05734071,174.096669,New Plymouth District,2018,minor_injury,50,TRUE,straight,,fine,,darkness_not_lit,giveway_sign,1,0,0,1,1,0,0,0,0,0,0,0,0,0,0,1,0,0,0,0
-41.31429558,174.7800182,Wellington City,2018,minor_injury,50,TRUE,straight,,fine,,darkness_not_lit,giveway_sign,1,0,0,1,1,0,0,0,0,0,0,0,0,0,0,1,0,0,0,0
-41.27064933,173.2792138,Nelson City,2018,minor_injury,50,TRUE,straight,,rain,,daylight,giveway_sign,1,0,0,1,1,0,0,0,0,0,0,0,0,0,0,1,0,0,0,0
-40.36872648,175.5984428,Palmerston North City,2018,minor_injury,50,TRUE,straight,,fine,,daylight,,1,0,0,1,1,0,0,0,0,0,0,0,0,0,0,1,0,0,0,0
-41.51541755,173.9549102,Marlborough District,2018,minor_injury,50,TRUE,straight,,fine,,daylight,giveway_sign,1,0,0,1,1,0,0,0,0,0,0,0,0,0,0,1,0,0,0,0
-37.79399973,175.2856793,Hamilton City,2018,minor_injury,50,TRUE,straight,,fine,,daylight,giveway_sign,1,0,0,1,1,0,0,0,0,0,0,0,0,0,0,1,0,0,0,0
-41.16622274,174.9725091,Hutt City,2018,minor_injury,80,TRUE,curved_view_open,,fine,,daylight,giveway_sign,1,0,0,1,1,0,0,0,0,0,0,0,0,0,0,1,0,0,0,0
-41.31807744,174.7963216,Wellington City,2018,minor_injury,50,TRUE,straight,,fine,,darkness_not_lit,traffic_lights,1,0,0,1,1,0,0,0,0,0,0,0,0,0,0,1,0,0,0,0
-36.87941717,174.8187153,Auckland,2018,minor_injury,50,TRUE,straight,,fine,,daylight,,1,0,0,1,1,0,0,0,0,0,0,0,0,0,0,1,0,0,0,0
-36.77138219,174.6866186,Auckland,2018,minor_injury,50,TRUE,straight,,fine,,darkness_not_lit,stop_sign,1,0,0,1,1,0,0,0,0,0,0,0,0,0,0,1,0,0,0,0
-43.53120551,172.6759886,Christchurch City,2018,minor_injury,50,TRUE,straight,,fine,,daylight,traffic_lights,1,0,0,1,1,0,0,0,0,0,0,0,0,0,0,1,0,0,0,0
-39.51318442,176.8831566,Napier City,2018,minor_injury,50,TRUE,straight,,rain,,daylight,,1,0,0,1,1,0,0,0,0,0,0,0,0,0,0,1,0,0,0,0
-36.87506316,174.7848763,Auckland,2018,minor_injury,50,TRUE,straight,,fine,,darkness_not_lit,traffic_lights,1,0,0,1,1,0,0,0,0,0,0,0,0,0,0,1,0,0,0,0
-43.54846155,172.5404909,Christchurch City,2018,minor_injury,50,FALSE,straight,,fine,,darkness_not_lit,,1,0,0,1,1,0,0,0,0,0,0,0,0,0,0,1,0,0,0,0
-36.85791703,174.7608888,Auckland,2018,minor_injury,50,FALSE,straight,,fine,,daylight,,1,0,0,1,1,0,0,0,0,0,0,0,0,0,0,1,0,0,0,0
-36.85969563,174.7527637,Auckland,2018,minor_injury,50,TRUE,straight,,fine,,darkness_not_lit,traffic_lights,1,0,0,1,1,0,0,0,0,0,0,0,0,0,0,1,0,0,0,0
-36.8572738,174.764755,Auckland,2018,minor_injury,50,TRUE,straight,,rain,,darkness_not_lit,stop_sign,1,0,0,1,1,0,0,0,0,0,0,0,0,0,0,1,0,0,0,0
-37.77731291,175.2528194,Hamilton City,2018,minor_injury,50,TRUE,straight,,fine,,daylight,giveway_sign,1,0,0,1,1,0,0,0,0,0,0,0,0,0,0,1,0,0,0,0
-36.88979222,174.7931751,Auckland,2018,minor_injury,50,FALSE,straight,,fine,,daylight,,1,0,0,1,1,0,0,0,0,0,0,0,0,0,0,1,0,0,0,0
-37.69786871,176.1581079,Tauranga City,2018,minor_injury,50,TRUE,straight,,fine,,daylight,stop_sign,1,0,0,1,1,0,0,0,0,0,0,0,0,0,0,1,0,0,0,0
-41.31668106,174.7806924,Wellington City,2018,minor_injury,40,TRUE,curved_view_open,,fine,,daylight,giveway_sign,1,0,0,1,1,0,0,0,0,0,0,0,0,0,0,1,0,0,0,0
-43.49892507,172.5992371,Christchurch City,2018,minor_injury,50,TRUE,straight,,fine,,daylight,giveway_sign,1,0,0,1,1,0,0,0,0,0,0,0,0,0,0,1,0,0,0,0
-43.29583644,172.5884549,Waimakariri District,2018,minor_injury,50,TRUE,straight,,fine,,daylight,giveway_sign,1,0,0,1,1,0,0,0,0,0,0,0,0,0,0,1,0,0,0,0
-43.50644423,172.6698491,Christchurch City,2018,minor_injury,50,TRUE,straight,,fine,,darkness_not_lit,giveway_sign,1,0,0,1,1,0,0,0,0,0,0,0,0,0,0,1,0,0,0,0
-36.8794413,174.749894,Auckland,2018,minor_injury,50,TRUE,straight,,fine,,dawn_dusk,stop_sign,1,0,0,1,1,0,0,0,0,0,0,0,0,0,0,1,0,0,0,0
-37.74480041,175.2776052,Hamilton City,2018,minor_injury,80,TRUE,straight,,fine,,daylight,giveway_sign,1,0,0,1,1,0,0,0,0,0,0,0,0,0,0,1,0,0,0,0
-36.60298462,174.6950295,Auckland,2018,minor_injury,50,TRUE,straight,,fine,,dawn_dusk,stop_sign,1,0,0,1,1,0,0,0,0,0,0,0,0,0,0,1,0,0,0,0
-37.03898412,174.9195768,Auckland,2018,minor_injury,50,TRUE,straight,,fine,,darkness_not_lit,giveway_sign,1,0,0,1,1,0,0,0,0,0,0,0,0,0,0,1,0,0,0,0
-36.88769758,174.7754082,Auckland,2018,minor_injury,50,TRUE,straight,,fine,,daylight,giveway_sign,1,0,0,1,1,0,0,0,0,0,0,0,0,0,0,1,0,0,0,0
-40.91685065,175.0023726,Kapiti Coast District,2018,minor_injury,50,TRUE,straight,,fine,,daylight,stop_sign,1,0,0,1,1,0,0,0,0,0,0,0,0,0,0,1,0,0,0,0
-37.76716041,175.2886327,Hamilton City,2018,minor_injury,50,TRUE,curved_view_open,,fine,,dawn_dusk,,1,0,0,1,1,0,0,0,0,0,0,0,0,0,0,1,0,0,0,0
-43.4788047,172.5564879,Christchurch City,2018,minor_injury,80,TRUE,straight,,fine,,daylight,giveway_sign,1,0,0,1,1,0,0,0,0,0,0,0,0,0,0,1,0,0,0,0
-40.35763616,175.6029268,Palmerston North City,2018,minor_injury,50,FALSE,straight,,rain,,dawn_dusk,,1,0,0,1,1,0,0,0,0,0,0,0,0,0,0,1,0,0,0,0
-43.49509131,172.6580991,Christchurch City,2018,minor_injury,50,TRUE,straight,,fine,,daylight,giveway_sign,1,0,0,1,1,0,0,0,0,0,0,0,0,0,0,1,0,0,0,0
-36.91408499,174.9081573,Auckland,2018,minor_injury,60,FALSE,straight,,fine,,daylight,,1,0,0,1,1,0,0,0,0,0,0,0,0,0,0,1,0,0,0,0
-36.89384848,174.7056381,Auckland,2018,minor_injury,50,FALSE,straight,,rain,,daylight,,1,0,0,1,1,0,0,0,0,0,0,0,0,0,0,1,0,0,0,0
-43.50878021,172.5683056,Christchurch City,2018,minor_injury,50,TRUE,straight,,fine,,darkness_not_lit,giveway_sign,1,0,0,1,1,0,0,0,0,0,0,0,0,0,0,1,0,0,0,0
-43.51801996,172.6563487,Christchurch City,2018,minor_injury,50,FALSE,straight,,fine,,darkness_not_lit,,1,0,0,1,1,0,0,0,0,0,0,0,0,0,0,1,0,0,0,0
-41.307882,174.7777174,Wellington City,2018,minor_injury,50,FALSE,straight,,rain,,daylight,,1,0,0,1,1,0,0,0,0,0,0,0,0,0,0,1,0,0,0,0
-36.87956689,174.8201214,Auckland,2018,minor_injury,50,TRUE,straight,,fine,,daylight,stop_sign,1,0,0,1,1,0,0,0,0,0,0,0,0,0,0,1,0,0,0,0
-45.02789584,168.6596866,Queenstown-Lakes District,2018,minor_injury,50,FALSE,straight,,fine,,daylight,,1,0,0,1,1,0,0,0,0,0,0,0,0,0,0,1,0,0,0,0
-42.39378869,173.6791427,Kaikoura District,2018,minor_injury,50,FALSE,straight,,fine,,darkness_not_lit,,1,0,0,1,1,0,0,0,0,0,0,0,0,0,0,1,0,0,0,0
-40.76473938,175.1518712,Kapiti Coast District,2018,minor_injury,50,FALSE,straight,,fine,,daylight,,1,0,0,1,1,0,0,0,0,0,0,0,0,0,0,1,0,0,0,0
-44.38488101,171.2193933,Timaru District,2018,minor_injury,50,FALSE,straight,,fine,,daylight,,1,0,0,1,1,0,0,0,0,0,0,0,0,0,0,1,0,0,0,0
-36.86740407,174.6066102,Auckland,2018,minor_injury,50,FALSE,straight,,fine,,daylight,,1,0,0,1,1,0,0,0,0,0,0,0,0,0,0,1,0,0,0,0
-37.6977139,176.2052036,Tauranga City,2018,minor_injury,100,FALSE,curved_view_open,,rain,,daylight,,1,0,0,1,1,0,0,0,0,0,0,0,0,0,0,1,0,0,0,0
-39.63692862,176.8584982,Hastings District,2018,minor_injury,50,FALSE,straight,,rain,,daylight,,1,0,0,1,1,0,0,0,0,0,0,0,0,0,0,1,0,0,0,0
-36.87475538,174.7843643,Auckland,2018,minor_injury,50,FALSE,straight,,fine,,darkness_not_lit,,1,0,0,1,1,0,0,0,0,0,0,0,0,0,0,1,0,0,0,0
-37.70951873,176.1644773,Tauranga City,2018,minor_injury,50,FALSE,straight,,fine,,daylight,,1,0,0,1,1,0,0,0,0,0,0,0,0,0,0,1,0,0,0,0
-41.28700629,174.7693407,Wellington City,2018,minor_injury,50,FALSE,curved_view_open,,fine,,dawn_dusk,,1,0,0,1,1,0,0,0,0,0,0,0,0,0,0,1,0,0,0,0
-43.38872075,172.654512,Waimakariri District,2018,minor_injury,50,TRUE,straight,,fine,,daylight,giveway_sign,1,0,0,1,1,0,0,0,0,0,0,0,0,0,0,1,0,0,0,0
-41.28707001,174.7551797,Wellington City,2018,minor_injury,50,FALSE,curved_view_open,,fine,,daylight,,1,0,0,1,1,0,0,0,0,0,0,0,0,0,0,1,0,0,0,0
-37.67219715,175.1517827,Waikato District,2018,minor_injury,50,FALSE,curved_view_open,,fine,,daylight,,1,0,0,1,1,0,0,0,0,0,0,0,0,0,0,1,0,0,0,0
-36.87936954,174.8405365,Auckland,2018,minor_injury,50,TRUE,straight,,fine,,daylight,giveway_sign,1,0,0,1,1,0,0,0,0,0,0,0,0,0,0,1,0,0,0,0
-45.86657086,170.5078693,Dunedin City,2018,minor_injury,50,FALSE,straight,,rain,,darkness_not_lit,,1,0,0,1,1,0,0,0,0,0,0,0,0,0,0,1,0,0,0,0
-41.27031323,173.2840478,Nelson City,2018,minor_injury,50,FALSE,straight,,fine,,daylight,,1,0,0,1,1,0,0,0,0,0,0,0,0,0,0,1,0,0,0,0
-39.93203538,175.0208801,Wanganui District,2018,minor_injury,50,FALSE,straight,,rain,,darkness_not_lit,,1,0,0,1,1,0,0,0,0,0,0,0,0,0,0,1,0,0,0,0
-40.91903818,175.0096941,Kapiti Coast District,2018,minor_injury,50,TRUE,straight,,rain,,dawn_dusk,,1,0,0,1,1,0,0,0,0,0,0,0,0,0,0,1,0,0,0,0
-41.52872014,173.9463317,Marlborough District,2018,minor_injury,50,TRUE,straight,,fine,,daylight,,1,0,0,1,1,0,0,0,0,0,0,0,0,0,0,1,0,0,0,0
-36.87030991,174.7639667,Auckland,2018,minor_injury,50,FALSE,straight,,fine,,daylight,,1,0,0,1,1,0,0,0,0,0,0,0,0,0,0,1,0,0,0,0
-36.61253919,174.6791267,Auckland,2018,minor_injury,50,TRUE,curved_view_open,,fine,,daylight,giveway_sign,1,0,0,1,1,0,0,0,0,0,0,0,0,0,0,1,0,0,0,0
-41.28738892,174.8038744,Wellington City,2018,minor_injury,50,FALSE,straight,,fine,,daylight,,1,0,0,1,1,0,0,0,0,0,0,0,0,0,0,1,0,0,0,0
-37.65373437,176.2056334,Tauranga City,2018,minor_injury,50,FALSE,straight,,fine,,dawn_dusk,,1,0,0,1,1,0,0,0,0,0,0,0,0,0,0,1,0,0,0,0
-37.67189156,176.2289717,Tauranga City,2018,minor_injury,50,FALSE,straight,,fine,,daylight,,1,0,0,1,1,0,0,0,0,0,0,0,0,0,0,1,0,0,0,0
-40.38205274,175.6166355,Palmerston North City,2018,minor_injury,30,FALSE,curved_view_open,,fine,,daylight,,1,0,0,1,1,0,0,0,0,0,0,0,0,0,0,1,0,0,0,0
-41.31693511,174.7979509,Wellington City,2018,minor_injury,50,FALSE,straight,,fine,,daylight,,1,0,0,1,1,0,0,0,0,0,0,0,0,0,0,1,0,0,0,0
-36.87468154,174.8035808,Auckland,2018,serious_injury,50,TRUE,straight,,rain,,daylight,stop_sign,1,0,1,0,1,0,0,0,0,0,0,0,0,0,0,1,0,0,0,0
-36.92587969,174.662601,Auckland,2018,serious_injury,50,TRUE,curved_view_open,,fine,,daylight,giveway_sign,1,0,1,0,1,0,0,0,0,0,0,0,0,0,0,1,0,0,0,0
-36.87380791,174.7517287,Auckland,2018,serious_injury,50,TRUE,straight,,fine,,darkness_not_lit,stop_sign,1,0,1,0,1,0,0,0,0,0,0,0,0,0,0,1,0,0,0,0
-43.50881235,172.6516381,Christchurch City,2018,serious_injury,50,FALSE,straight,,fine,,daylight,,1,0,1,0,1,0,0,0,0,0,0,0,0,0,0,1,0,0,0,0
-36.86438731,174.7469368,Auckland,2018,serious_injury,50,TRUE,straight,,fine,,darkness_not_lit,stop_sign,1,0,1,0,1,0,0,0,0,0,0,0,0,0,0,1,0,0,0,0
-36.88280645,174.748456,Auckland,2018,serious_injury,50,FALSE,straight,,fine,,daylight,,1,0,1,0,1,0,0,0,0,0,0,0,0,0,0,1,0,0,0,0
-36.87792586,174.7407715,Auckland,2018,serious_injury,50,FALSE,straight,,rain,,daylight,,1,0,1,0,1,0,0,0,0,0,0,0,0,0,0,1,0,0,0,0
-41.27796772,174.7702069,Wellington City,2018,serious_injury,30,FALSE,straight,,fine,,darkness_not_lit,,1,0,1,0,1,0,0,0,0,0,0,0,0,0,0,1,0,0,0,0
-43.48419534,172.6047879,Christchurch City,2018,serious_injury,50,FALSE,straight,,fine,,darkness_not_lit,,1,0,1,0,1,0,0,0,0,0,0,0,0,0,0,1,0,0,0,0
-36.85288119,174.7788645,Auckland,2018,minor_injury,50,TRUE,straight,,fine,,darkness_not_lit,giveway_sign,2,0,0,2,1,0,0,0,0,0,0,0,0,0,0,1,0,0,0,0
-41.2967055,174.7764584,Wellington City,2018,minor_injury,50,TRUE,straight,,fine,,daylight,,2,0,0,2,1,0,0,0,0,0,0,0,0,0,0,1,0,0,0,0
-37.030248,174.9264053,Auckland,2018,serious_injury,60,TRUE,straight,,fine,,daylight,stop_sign,2,0,1,1,1,0,0,0,0,0,0,0,0,0,0,1,0,0,0,0
-39.94700922,175.1460931,Wanganui District,2018,property_damage,100,TRUE,straight,,fine,,daylight,giveway_sign,0,0,0,0,0,0,0,1,0,1,0,0,0,0,0,0,0,0,0,0
-43.93885221,171.6856047,Ashburton District,2018,property_damage,100,TRUE,straight,,fine,,daylight,giveway_sign,0,0,0,0,0,0,0,1,0,1,0,0,0,0,0,0,0,0,0,0
-36.36257404,174.6080936,Auckland,2018,property_damage,80,FALSE,curved_view_open,,rain,,daylight,,0,0,0,0,0,0,0,1,0,1,0,0,0,0,0,0,0,0,0,0
-37.65490354,176.1871099,Tauranga City,2018,property_damage,60,TRUE,straight,,fine,,daylight,giveway_sign,0,0,0,0,0,0,0,1,0,1,0,0,0,0,0,0,0,0,0,0
-43.54486019,172.6711744,Christchurch City,2018,property_damage,50,TRUE,straight,,fine,,daylight,giveway_sign,0,0,0,0,0,0,0,1,0,1,0,0,0,0,0,0,0,0,0,0
-41.1272916,175.0509763,Upper Hutt City,2018,property_damage,50,TRUE,straight,,fine,,daylight,giveway_sign,0,0,0,0,0,0,0,1,0,1,0,0,0,0,0,0,0,0,0,0
-36.89546818,174.6887959,Auckland,2018,property_damage,50,FALSE,straight,,fine,,daylight,,0,0,0,0,0,0,0,1,0,1,0,0,0,0,0,0,0,0,0,0
-41.33621096,173.1835006,Tasman District,2018,property_damage,50,FALSE,straight,,fine,,daylight,,0,0,0,0,0,0,0,1,0,1,0,0,0,0,0,0,0,0,0,0
-37.67398174,176.1645529,Tauranga City,2018,property_damage,50,FALSE,straight,,fine,,daylight,traffic_lights,0,0,0,0,0,0,0,1,0,1,0,0,0,0,0,0,0,0,0,0
-36.88845111,174.8002018,Auckland,2018,property_damage,50,TRUE,curved_view_open,,fine,,daylight,giveway_sign,0,0,0,0,0,0,0,1,0,1,0,0,0,0,0,0,0,0,0,0
-37.74421294,175.2481383,Hamilton City,2018,property_damage,50,FALSE,straight,,rain,,daylight,,0,0,0,0,0,0,0,1,0,1,0,0,0,0,0,0,0,0,0,0
-37.69917264,176.1585374,Tauranga City,2018,property_damage,50,FALSE,straight,,fine,,daylight,,0,0,0,0,0,0,0,1,0,1,0,0,0,0,0,0,0,0,0,0
-36.90763779,174.8240094,Auckland,2018,property_damage,50,FALSE,straight,,fine,,darkness_not_lit,,0,0,0,0,0,0,0,1,0,1,0,0,0,0,0,0,0,0,0,0
-37.0736938,174.9427678,Auckland,2018,property_damage,50,FALSE,straight,,fine,,daylight,,0,0,0,0,0,0,0,1,0,1,0,0,0,0,0,0,0,0,0,0
-37.78499753,175.2716969,Hamilton City,2018,property_damage,50,TRUE,straight,,fine,,daylight,giveway_sign,0,0,0,0,0,0,0,1,0,1,0,0,0,0,0,0,0,0,0,0
-40.35380575,175.6133997,Palmerston North City,2018,property_damage,50,TRUE,straight,,fine,,daylight,,0,0,0,0,0,0,0,1,0,1,0,0,0,0,0,0,0,0,0,0
-41.3197637,174.7753044,Wellington City,2018,property_damage,50,TRUE,straight,,fine,,daylight,giveway_sign,0,0,0,0,0,0,0,1,0,1,0,0,0,0,0,0,0,0,0,0
-36.63980176,174.7544676,Auckland,2018,minor_injury,50,FALSE,straight,,fine,,daylight,,1,0,0,1,0,0,0,1,0,1,0,0,0,0,0,0,0,0,0,0
-43.61533,172.3146395,Selwyn District,2018,minor_injury,70,TRUE,straight,,fine,,darkness_not_lit,stop_sign,1,0,0,1,0,0,0,1,0,1,0,0,0,0,0,0,0,0,0,0
-43.61533,172.3146395,Selwyn District,2018,minor_injury,70,TRUE,straight,,fine,,darkness_not_lit,stop_sign,1,0,0,1,0,0,0,1,0,1,0,0,0,0,0,0,0,0,0,0
-36.72225703,174.6917355,Auckland,2018,minor_injury,50,TRUE,straight,,fine,,daylight,stop_sign,1,0,0,1,0,0,0,1,0,1,0,0,0,0,0,0,0,0,0,0
-41.28730492,173.7682276,Marlborough District,2018,minor_injury,70,TRUE,straight,,fine,,daylight,stop_sign,1,0,0,1,0,0,0,1,0,1,0,0,0,0,0,0,0,0,0,0