latitude,longitude,local_government_area,year,severity,speed_limit,intersection,road_position_horizontal,road_wet,weather,crash_type,lighting,traffic_controls,casualties,fatalities,serious_injuries,minor_injuries,car_sedan,car_utility,car_van,car_4x4,car_station_wagon,motor_cycle,truck_small,truck_large,bus,taxi,bicycle,scooter,pedestrian,inanimate,train,tram
-45.85330694,170.4541564,Dunedin City,2018,minor_injury,70,TRUE,straight,,fine,,daylight,,1,0,0,1,0,0,0,1,0,1,0,0,0,0,0,0,0,0,0,0
-39.63090649,176.8315015,Hastings District,2018,minor_injury,50,FALSE,straight,,fine,,daylight,,1,0,0,1,0,0,0,1,0,1,0,0,0,0,0,0,0,0,0,0
-36.95839781,174.7975908,Auckland,2018,minor_injury,100,TRUE,straight,,fine,,dawn_dusk,,1,0,0,1,0,0,0,1,0,1,0,0,0,0,0,0,0,0,0,0
-36.77157695,174.5386256,Auckland,2018,minor_injury,60,TRUE,straight,,fine,,darkness_not_lit,stop_sign,1,0,0,1,0,0,0,1,0,1,0,0,0,0,0,0,0,0,0,0
-37.76263104,175.2510457,Hamilton City,2018,minor_injury,60,TRUE,straight,,fine,,darkness_not_lit,traffic_lights,1,0,0,1,0,0,0,1,0,1,0,0,0,0,0,0,0,0,0,0
-36.7687858,174.7206322,Auckland,2018,minor_injury,50,FALSE,straight,,rain,,daylight,,1,0,0,1,0,0,0,1,0,1,0,0,0,0,0,0,0,0,0,0
-41.32649578,174.8279901,Wellington City,2018,minor_injury,50,TRUE,curved_view_open,,fine,,daylight,giveway_sign,1,0,0,1,0,0,0,1,0,1,0,0,0,0,0,0,0,0,0,0
-36.83300597,174.7442381,Auckland,2018,minor_injury,80,FALSE,straight,,fine,,daylight,,1,0,0,1,0,0,0,1,0,1,0,0,0,0,0,0,0,0,0,0
-41.8439438,171.9156858,Buller District,2018,minor_injury,100,FALSE,straight,,fine,,daylight,,1,0,0,1,0,0,0,1,0,1,0,0,0,0,0,0,0,0,0,0
-41.239864,174.8263251,Wellington City,2018,minor_injury,100,FALSE,straight,,fine,,darkness_not_lit,,1,0,0,1,0,0,0,1,0,1,0,0,0,0,0,0,0,0,0,0
-36.90103711,174.6562482,Auckland,2018,minor_injury,50,TRUE,straight,,fine,,daylight,giveway_sign,1,0,0,1,0,0,0,1,0,1,0,0,0,0,0,0,0,0,0,0
-36.84604308,174.7574538,Auckland,2018,minor_injury,50,FALSE,straight,,rain,,daylight,,1,0,0,1,0,0,0,1,0,1,0,0,0,0,0,0,0,0,0,0
-40.23709506,175.5629347,Manawatu District,2018,minor_injury,70,FALSE,straight,,fine,,daylight,,1,0,0,1,0,0,0,1,0,1,0,0,0,0,0,0,0,0,0,0
-41.22221383,174.8089532,Wellington City,2018,serious_injury,80,FALSE,straight,,fine,,daylight,,2,0,2,0,0,0,0,1,0,1,0,0,0,0,0,0,0,0,0,0
-37.41655124,175.8887127,Hauraki District,2018,serious_injury,100,TRUE,straight,,fine,,daylight,giveway_sign,1,0,1,0,0,0,0,1,0,1,0,0,0,0,0,0,0,0,0,0
-36.80968964,174.7908115,Auckland,2018,serious_injury,50,TRUE,straight,,fine,,daylight,giveway_sign,1,0,1,0,0,0,0,1,0,1,0,0,0,0,0,0,0,0,0,0
-46.46975719,168.3818409,Invercargill City,2018,serious_injury,100,TRUE,straight,,fine,,daylight,giveway_sign,1,0,1,0,0,0,0,1,0,1,0,0,0,0,0,0,0,0,0,0
-36.77209695,174.5444063,Auckland,2018,serious_injury,60,TRUE,straight,,rain,,darkness_not_lit,giveway_sign,1,0,1,0,0,0,0,1,0,1,0,0,0,0,0,0,0,0,0,0
-43.52442265,172.6305736,Christchurch City,2018,serious_injury,50,TRUE,straight,,fine,,darkness_not_lit,traffic_lights,1,0,1,0,0,0,0,1,0,1,0,0,0,0,0,0,0,0,0,0
-36.89836983,174.8223972,Auckland,2018,serious_injury,50,TRUE,straight,,fine,,daylight,stop_sign,1,0,1,0,0,0,0,1,0,1,0,0,0,0,0,0,0,0,0,0
-36.77443277,174.7718957,Auckland,2018,serious_injury,50,TRUE,straight,,rain,,daylight,giveway_sign,1,0,1,0,0,0,0,1,0,1,0,0,0,0,0,0,0,0,0,0
-35.23997368,173.9381462,Far North District,2018,serious_injury,80,FALSE,straight,,fine,,daylight,,1,0,1,0,0,0,0,1,0,1,0,0,0,0,0,0,0,0,0,0
-44.89225913,170.9931348,Waimate District,2018,serious_injury,100,FALSE,straight,,fine,,daylight,,1,0,1,0,0,0,0,1,0,1,0,0,0,0,0,0,0,0,0,0
-38.99977196,174.2395279,New Plymouth District,2018,serious_injury,50,FALSE,straight,,fine,,daylight,,1,0,1,0,0,0,0,1,0,1,0,0,0,0,0,0,0,0,0,0
-43.63183459,172.4924026,Selwyn District,2018,serious_injury,50,FALSE,straight,,fine,,daylight,giveway_sign,1,0,1,0,0,0,0,1,0,1,0,0,0,0,0,0,0,0,0,0
-38.9605881,174.4746578,New Plymouth District,2018,serious_injury,100,TRUE,curved_view_open,,fine,,daylight,,1,0,1,0,0,0,0,1,0,1,0,0,0,0,0,0,0,0,0,0
-41.22269041,174.8072843,Wellington City,2018,serious_injury,50,FALSE,straight,,fine,,darkness_not_lit,,1,0,1,0,0,0,0,1,0,1,0,0,0,0,0,0,0,0,0,0
-37.9682906,176.0970358,Rotorua District,2018,serious_injury,30,FALSE,curved_view_open,,fine,,dawn_dusk,,1,0,1,0,0,0,0,1,0,1,0,0,0,0,0,0,0,0,0,0
-37.7426207,175.2564764,Hamilton City,2018,minor_injury,50,FALSE,straight,,fine,,daylight,,2,0,0,2,0,0,0,1,0,1,0,0,0,0,0,0,0,0,0,0
-43.752176,172.9237334,Christchurch City,2018,fatality,100,FALSE,curved_view_open,,fine,,daylight,,1,1,0,0,0,0,0,1,0,1,0,0,0,0,0,0,0,0,0,0
-43.67246676,172.775386,Christchurch City,2018,fatality,100,FALSE,curved_view_open,,fine,,daylight,,1,1,0,0,0,0,0,1,0,1,0,0,0,0,0,0,0,0,0,0
-35.53637528,174.2841477,Whangarei District,2018,fatality,100,FALSE,curved_view_open,,fine,,daylight,,1,1,0,0,0,0,0,1,0,1,0,0,0,0,0,0,0,0,0,0
-41.28323742,173.2774762,Nelson City,2018,property_damage,50,TRUE,straight,,fine,,daylight,giveway_sign,0,0,0,0,3,0,0,0,0,0,0,0,0,0,0,0,0,0,0,0
-41.31091515,174.7790303,Wellington City,2018,property_damage,40,TRUE,straight,,fine,,daylight,traffic_lights,0,0,0,0,3,0,0,0,0,0,0,0,0,0,0,0,0,0,0,0
-39.49437142,176.9107396,Napier City,2018,property_damage,50,TRUE,straight,,fine,,daylight,traffic_lights,0,0,0,0,3,0,0,0,0,0,0,0,0,0,0,0,0,0,0,0
-41.13845797,174.84113,Porirua City,2018,property_damage,50,TRUE,curved_view_open,,fine,,daylight,giveway_sign,0,0,0,0,3,0,0,0,0,0,0,0,0,0,0,0,0,0,0,0
-41.09511316,174.8691616,Porirua City,2018,property_damage,50,TRUE,straight,,fine,,daylight,traffic_lights,0,0,0,0,3,0,0,0,0,0,0,0,0,0,0,0,0,0,0,0
-37.80585491,175.26208,Hamilton City,2018,property_damage,60,TRUE,straight,,fine,,dawn_dusk,giveway_sign,0,0,0,0,3,0,0,0,0,0,0,0,0,0,0,0,0,0,0,0
-37.8369304,175.3018434,Hamilton City,2018,property_damage,100,FALSE,straight,,fine,,daylight,,0,0,0,0,3,0,0,0,0,0,0,0,0,0,0,0,0,0,0,0
-36.86839513,174.7526596,Auckland,2018,property_damage,50,TRUE,straight,,fine,,daylight,stop_sign,0,0,0,0,3,0,0,0,0,0,0,0,0,0,0,0,0,0,0,0
-36.85892572,174.655608,Auckland,2018,property_damage,100,FALSE,straight,,fine,,darkness_not_lit,,0,0,0,0,3,0,0,0,0,0,0,0,0,0,0,0,0,0,0,0
-36.98581051,174.8963983,Auckland,2018,property_damage,50,TRUE,straight,,fine,,daylight,giveway_sign,0,0,0,0,3,0,0,0,0,0,0,0,0,0,0,0,0,0,0,0
-36.93049865,174.8940387,Auckland,2018,property_damage,50,TRUE,straight,,fine,,daylight,giveway_sign,0,0,0,0,3,0,0,0,0,0,0,0,0,0,0,0,0,0,0,0
-37.81110808,175.2817202,Hamilton City,2018,property_damage,50,FALSE,straight,,fine,,daylight,,0,0,0,0,3,0,0,0,0,0,0,0,0,0,0,0,0,0,0,0
-37.02537879,174.8935149,Auckland,2018,property_damage,50,TRUE,straight,,fine,,daylight,traffic_lights,0,0,0,0,3,0,0,0,0,0,0,0,0,0,0,0,0,0,0,0
-37.77841436,175.2728805,Hamilton City,2018,property_damage,60,TRUE,straight,,rain,,daylight,traffic_lights,0,0,0,0,3,0,0,0,0,0,0,0,0,0,0,0,0,0,0,0
-36.86603037,174.7705092,Auckland,2018,property_damage,50,TRUE,straight,,fine,,daylight,traffic_lights,0,0,0,0,3,0,0,0,0,0,0,0,0,0,0,0,0,0,0,0
-37.80225064,175.2601869,Hamilton City,2018,property_damage,80,TRUE,straight,,fine,,daylight,stop_sign,0,0,0,0,3,0,0,0,0,0,0,0,0,0,0,0,0,0,0,0
-35.69974716,174.3136758,Whangarei District,2018,property_damage,50,TRUE,straight,,fine,,daylight,traffic_lights,0,0,0,0,3,0,0,0,0,0,0,0,0,0,0,0,0,0,0,0
-36.99107223,174.8920009,Auckland,2018,property_damage,60,TRUE,straight,,fine,,daylight,giveway_sign,0,0,0,0,3,0,0,0,0,0,0,0,0,0,0,0,0,0,0,0
-44.39075493,171.2458327,Timaru District,2018,property_damage,50,TRUE,straight,,fine,,dawn_dusk,traffic_lights,0,0,0,0,3,0,0,0,0,0,0,0,0,0,0,0,0,0,0,0
-43.5207963,172.6426477,Christchurch City,2018,property_damage,50,TRUE,straight,,fine,,daylight,traffic_lights,0,0,0,0,3,0,0,0,0,0,0,0,0,0,0,0,0,0,0,0
-36.87020113,174.6282535,Auckland,2018,property_damage,50,FALSE,straight,,fine,,daylight,traffic_lights,0,0,0,0,3,0,0,0,0,0,0,0,0,0,0,0,0,0,0,0
-36.87663247,174.8257399,Auckland,2018,property_damage,50,TRUE,straight,,fine,,daylight,traffic_lights,0,0,0,0,3,0,0,0,0,0,0,0,0,0,0,0,0,0,0,0
-36.90601397,174.8158674,Auckland,2018,property_damage,100,FALSE,straight,,fine,,darkness_not_lit,,0,0,0,0,3,0,0,0,0,0,0,0,0,0,0,0,0,0,0,0
-37.68272368,175.317636,Waikato District,2018,property_damage,100,TRUE,straight,,rain,,daylight,giveway_sign,0,0,0,0,3,0,0,0,0,0,0,0,0,0,0,0,0,0,0,0
-36.8458321,174.8170334,Auckland,2018,property_damage,50,FALSE,curved_view_open,,fine,,daylight,,0,0,0,0,3,0,0,0,0,0,0,0,0,0,0,0,0,0,0,0
-40.9497519,175.6617182,Masterton District,2018,property_damage,50,TRUE,straight,,fine,,daylight,giveway_sign,0,0,0,0,3,0,0,0,0,0,0,0,0,0,0,0,0,0,0,0
-41.19507199,174.9208947,Hutt City,2018,property_damage,100,TRUE,straight,,rain,,darkness_not_lit,traffic_lights,0,0,0,0,3,0,0,0,0,0,0,0,0,0,0,0,0,0,0,0
-41.19507199,174.9208947,Hutt City,2018,property_damage,100,TRUE,straight,,rain,,darkness_not_lit,traffic_lights,0,0,0,0,3,0,0,0,0,0,0,0,0,0,0,0,0,0,0,0
-43.88956672,171.7514275,Ashburton District,2018,property_damage,50,TRUE,straight,,fine,,daylight,giveway_sign,0,0,0,0,3,0,0,0,0,0,0,0,0,0,0,0,0,0,0,0
-41.22044651,174.8804571,Hutt City,2018,property_damage,50,TRUE,straight,,fine,,daylight,stop_sign,0,0,0,0,3,0,0,0,0,0,0,0,0,0,0,0,0,0,0,0
-41.22044651,174.8804571,Hutt City,2018,property_damage,50,TRUE,straight,,fine,,daylight,stop_sign,0,0,0,0,3,0,0,0,0,0,0,0,0,0,0,0,0,0,0,0
-38.66714169,178.0210645,Gisborne District,2018,property_damage,50,TRUE,straight,,fine,,daylight,stop_sign,0,0,0,0,3,0,0,0,0,0,0,0,0,0,0,0,0,0,0,0
-41.13829934,174.8409111,Porirua City,2018,property_damage,50,TRUE,curved_view_open,,fine,,daylight,giveway_sign,0,0,0,0,3,0,0,0,0,0,0,0,0,0,0,0,0,0,0,0
-36.93904085,174.8513243,Auckland,2018,property_damage,50,TRUE,curved_view_open,,rain,,daylight,traffic_lights,0,0,0,0,3,0,0,0,0,0,0,0,0,0,0,0,0,0,0,0
-36.93904085,174.8513243,Auckland,2018,property_damage,50,TRUE,curved_view_open,,rain,,daylight,traffic_lights,0,0,0,0,3,0,0,0,0,0,0,0,0,0,0,0,0,0,0,0
-39.64319124,176.8391353,Hastings District,2018,property_damage,50,TRUE,straight,,fine,,daylight,giveway_sign,0,0,0,0,3,0,0,0,0,0,0,0,0,0,0,0,0,0,0,0
-36.92326897,174.771473,Auckland,2018,property_damage,100,FALSE,straight,,fine,,daylight,,0,0,0,0,3,0,0,0,0,0,0,0,0,0,0,0,0,0,0,0
-37.030248,174.9264053,Auckland,2018,property_damage,60,TRUE,straight,,fine,,daylight,stop_sign,0,0,0,0,3,0,0,0,0,0,0,0,0,0,0,0,0,0,0,0
-39.49403115,176.9181602,Napier City,2018,property_damage,50,TRUE,straight,,fine,,daylight,stop_sign,0,0,0,0,3,0,0,0,0,0,0,0,0,0,0,0,0,0,0,0
-45.87984745,170.5021206,Dunedin City,2018,property_damage,50,TRUE,straight,,fine,,daylight,traffic_lights,0,0,0,0,3,0,0,0,0,0,0,0,0,0,0,0,0,0,0,0
-36.9029502,174.8421578,Auckland,2018,property_damage,50,FALSE,straight,,fine,,daylight,,0,0,0,0,3,0,0,0,0,0,0,0,0,0,0,0,0,0,0,0
-36.91678491,174.8704524,Auckland,2018,property_damage,50,TRUE,straight,,rain,,darkness_not_lit,,0,0,0,0,3,0,0,0,0,0,0,0,0,0,0,0,0,0,0,0
-36.88879996,174.7107212,Auckland,2018,property_damage,50,FALSE,straight,,fine,,daylight,,0,0,0,0,3,0,0,0,0,0,0,0,0,0,0,0,0,0,0,0
-37.0008695,174.8886028,Auckland,2018,property_damage,60,FALSE,straight,,fine,,dawn_dusk,,0,0,0,0,3,0,0,0,0,0,0,0,0,0,0,0,0,0,0,0
-36.96865296,174.8231283,Auckland,2018,property_damage,50,FALSE,straight,,,,daylight,,0,0,0,0,3,0,0,0,0,0,0,0,0,0,0,0,0,0,0,0
-36.80064123,174.7865434,Auckland,2018,property_damage,50,TRUE,straight,,fine,,daylight,giveway_sign,0,0,0,0,3,0,0,0,0,0,0,0,0,0,0,0,0,0,0,0
-36.89323782,174.8037256,Auckland,2018,property_damage,100,FALSE,straight,,fine,,daylight,,0,0,0,0,3,0,0,0,0,0,0,0,0,0,0,0,0,0,0,0
-36.91242372,174.7692016,Auckland,2018,property_damage,50,FALSE,straight,,rain,,daylight,,0,0,0,0,3,0,0,0,0,0,0,0,0,0,0,0,0,0,0,0
-39.65546102,176.7809261,Hastings District,2018,property_damage,100,TRUE,straight,,rain,,daylight,stop_sign,0,0,0,0,3,0,0,0,0,0,0,0,0,0,0,0,0,0,0,0
-43.93885221,171.6856047,Ashburton District,2018,property_damage,100,TRUE,straight,,fine,,daylight,giveway_sign,0,0,0,0,3,0,0,0,0,0,0,0,0,0,0,0,0,0,0,0
-36.9058233,174.815369,Auckland,2018,property_damage,100,FALSE,straight,,fine,,daylight,,0,0,0,0,3,0,0,0,0,0,0,0,0,0,0,0,0,0,0,0
-37.66681413,175.1484869,Waikato District,2018,property_damage,50,TRUE,curved_view_open,,rain,,daylight,,0,0,0,0,3,0,0,0,0,0,0,0,0,0,0,0,0,0,0,0
-43.45115655,172.6283996,Christchurch City,2018,property_damage,60,TRUE,straight,,fine,,daylight,traffic_lights,0,0,0,0,3,0,0,0,0,0,0,0,0,0,0,0,0,0,0,0
-37.78165921,175.3163181,Hamilton City,2018,property_damage,50,FALSE,straight,,rain,,darkness_not_lit,,0,0,0,0,3,0,0,0,0,0,0,0,0,0,0,0,0,0,0,0
-36.39681827,174.660859,Auckland,2018,property_damage,60,TRUE,straight,,fine,,daylight,traffic_lights,0,0,0,0,3,0,0,0,0,0,0,0,0,0,0,0,0,0,0,0
-36.83954355,174.7434334,Auckland,2018,property_damage,80,FALSE,straight,,fine,,darkness_not_lit,,0,0,0,0,3,0,0,0,0,0,0,0,0,0,0,0,0,0,0,0
-36.87864988,174.7282219,Auckland,2018,property_damage,50,FALSE,straight,,fine,,daylight,traffic_lights,0,0,0,0,3,0,0,0,0,0,0,0,0,0,0,0,0,0,0,0
-36.86801497,174.7207016,Auckland,2018,property_damage,50,FALSE,straight,,fine,,daylight,,0,0,0,0,3,0,0,0,0,0,0,0,0,0,0,0,0,0,0,0
-36.78401936,174.7545233,Auckland,2018,property_damage,50,TRUE,straight,,fine,,daylight,traffic_lights,0,0,0,0,3,0,0,0,0,0,0,0,0,0,0,0,0,0,0,0
-36.92234612,174.79213,Auckland,2018,property_damage,50,TRUE,straight,,fine,,daylight,stop_sign,0,0,0,0,3,0,0,0,0,0,0,0,0,0,0,0,0,0,0,0
-41.28934887,174.7716372,Wellington City,2018,property_damage,60,FALSE,straight,,rain,,daylight,,0,0,0,0,3,0,0,0,0,0,0,0,0,0,0,0,0,0,0,0
-41.51050289,173.9055034,Marlborough District,2018,property_damage,100,TRUE,straight,,fine,,daylight,stop_sign,0,0,0,0,3,0,0,0,0,0,0,0,0,0,0,0,0,0,0,0
-40.47760861,175.2835444,Horowhenua District,2018,property_damage,50,TRUE,straight,,fine,,daylight,stop_sign,0,0,0,0,3,0,0,0,0,0,0,0,0,0,0,0,0,0,0,0
-43.50144945,172.624034,Christchurch City,2018,property_damage,50,TRUE,straight,,fine,,daylight,stop_sign,0,0,0,0,3,0,0,0,0,0,0,0,0,0,0,0,0,0,0,0
-37.01075794,174.8577045,Auckland,2018,property_damage,80,TRUE,straight,,fine,,dawn_dusk,traffic_lights,0,0,0,0,3,0,0,0,0,0,0,0,0,0,0,0,0,0,0,0
-37.78055979,175.2493755,Hamilton City,2018,property_damage,50,TRUE,straight,,fine,,daylight,traffic_lights,0,0,0,0,3,0,0,0,0,0,0,0,0,0,0,0,0,0,0,0
-36.84664244,174.6293574,Auckland,2018,property_damage,80,FALSE,straight,,fine,,daylight,,0,0,0,0,3,0,0,0,0,0,0,0,0,0,0,0,0,0,0,0
-37.00701824,174.8737068,Auckland,2018,property_damage,60,TRUE,straight,,fine,,daylight,,0,0,0,0,3,0,0,0,0,0,0,0,0,0,0,0,0,0,0,0
-36.97581013,174.8802768,Auckland,2018,property_damage,100,FALSE,straight,,mist,,darkness_not_lit,,0,0,0,0,3,0,0,0,0,0,0,0,0,0,0,0,0,0,0,0
-43.53117851,172.581685,Christchurch City,2018,property_damage,50,FALSE,straight,,fine,,daylight,,0,0,0,0,3,0,0,0,0,0,0,0,0,0,0,0,0,0,0,0
-41.30887826,174.7924615,Wellington City,2018,property_damage,50,TRUE,straight,,fine,,daylight,stop_sign,0,0,0,0,3,0,0,0,0,0,0,0,0,0,0,0,0,0,0,0
-41.30887826,174.7924615,Wellington City,2018,property_damage,50,TRUE,straight,,fine,,daylight,stop_sign,0,0,0,0,3,0,0,0,0,0,0,0,0,0,0,0,0,0,0,0
-36.96763007,174.8582844,Auckland,2018,property_damage,50,FALSE,straight,,fine,,darkness_not_lit,,0,0,0,0,3,0,0,0,0,0,0,0,0,0,0,0,0,0,0,0
-39.1162643,175.8025619,Taupo District,2018,property_damage,100,TRUE,straight,,rain,,daylight,giveway_sign,0,0,0,0,3,0,0,0,0,0,0,0,0,0,0,0,0,0,0,0
-37.03682796,174.9102135,Auckland,2018,property_damage,100,FALSE,straight,,fine,,daylight,,0,0,0,0,3,0,0,0,0,0,0,0,0,0,0,0,0,0,0,0
-36.84640269,174.7623854,Auckland,2018,property_damage,50,TRUE,straight,,,,daylight,traffic_lights,0,0,0,0,3,0,0,0,0,0,0,0,0,0,0,0,0,0,0,0
-36.85726087,174.6299867,Auckland,2018,property_damage,50,FALSE,straight,,fine,,daylight,traffic_lights,0,0,0,0,3,0,0,0,0,0,0,0,0,0,0,0,0,0,0,0
-44.71199701,169.1555007,Queenstown-Lakes District,2018,property_damage,70,TRUE,straight,,fine,,daylight,stop_sign,0,0,0,0,3,0,0,0,0,0,0,0,0,0,0,0,0,0,0,0
-36.91016828,174.8212188,Auckland,2018,property_damage,100,FALSE,straight,,fine,,daylight,,0,0,0,0,3,0,0,0,0,0,0,0,0,0,0,0,0,0,0,0
-36.79291025,174.7561158,Auckland,2018,property_damage,100,FALSE,straight,,fine,,daylight,,0,0,0,0,3,0,0,0,0,0,0,0,0,0,0,0,0,0,0,0
-37.09868571,174.9494032,Auckland,2018,property_damage,50,FALSE,straight,,rain,,daylight,,0,0,0,0,3,0,0,0,0,0,0,0,0,0,0,0,0,0,0,0
-36.90990341,174.6506368,Auckland,2018,property_damage,50,TRUE,straight,,,,daylight,traffic_lights,0,0,0,0,3,0,0,0,0,0,0,0,0,0,0,0,0,0,0,0
-36.90990341,174.6506368,Auckland,2018,property_damage,50,TRUE,straight,,,,daylight,traffic_lights,0,0,0,0,3,0,0,0,0,0,0,0,0,0,0,0,0,0,0,0
-41.20318963,174.9055923,Hutt City,2018,property_damage,100,FALSE,straight,,fine,,daylight,traffic_lights,0,0,0,0,3,0,0,0,0,0,0,0,0,0,0,0,0,0,0,0
-38.1314769,176.2995384,Rotorua District,2018,property_damage,60,FALSE,straight,,fine,,daylight,,0,0,0,0,3,0,0,0,0,0,0,0,0,0,0,0,0,0,0,0
-38.1314769,176.2995384,Rotorua District,2018,property_damage,60,FALSE,straight,,fine,,daylight,,0,0,0,0,3,0,0,0,0,0,0,0,0,0,0,0,0,0,0,0
-36.88449522,174.7610503,Auckland,2018,property_damage,50,TRUE,straight,,fine,,daylight,stop_sign,0,0,0,0,3,0,0,0,0,0,0,0,0,0,0,0,0,0,0,0
-41.3053564,174.7633149,Wellington City,2018,property_damage,30,TRUE,straight,,fine,,daylight,traffic_lights,0,0,0,0,3,0,0,0,0,0,0,0,0,0,0,0,0,0,0,0
-45.86995067,170.5109651,Dunedin City,2018,property_damage,50,FALSE,straight,,fine,,daylight,,0,0,0,0,3,0,0,0,0,0,0,0,0,0,0,0,0,0,0,0
-36.86833419,174.7695416,Auckland,2018,property_damage,80,FALSE,straight,,rain,,daylight,,0,0,0,0,3,0,0,0,0,0,0,0,0,0,0,0,0,0,0,0
-46.40292029,168.3471868,Invercargill City,2018,property_damage,50,FALSE,straight,,fine,,darkness_not_lit,,0,0,0,0,3,0,0,0,0,0,0,0,0,0,0,0,0,0,0,0
-36.9295713,174.9158858,Auckland,2018,property_damage,70,TRUE,straight,,fine,,daylight,traffic_lights,0,0,0,0,3,0,0,0,0,0,0,0,0,0,0,0,0,0,0,0
-41.20333861,174.9052984,Hutt City,2018,property_damage,100,FALSE,straight,,rain,,darkness_not_lit,,0,0,0,0,3,0,0,0,0,0,0,0,0,0,0,0,0,0,0,0
-39.93051054,175.0604113,Wanganui District,2018,property_damage,50,TRUE,straight,,fine,,daylight,giveway_sign,0,0,0,0,3,0,0,0,0,0,0,0,0,0,0,0,0,0,0,0
-45.08121796,170.9818522,Waitaki District,2018,property_damage,50,FALSE,straight,,fine,,daylight,,0,0,0,0,3,0,0,0,0,0,0,0,0,0,0,0,0,0,0,0
-36.79371302,174.7240476,Auckland,2018,property_damage,50,FALSE,straight,,fine,,daylight,,0,0,0,0,3,0,0,0,0,0,0,0,0,0,0,0,0,0,0,0
-41.31370722,174.7802053,Wellington City,2018,property_damage,50,FALSE,curved_view_open,,fine,,daylight,,0,0,0,0,3,0,0,0,0,0,0,0,0,0,0,0,0,0,0,0
-36.83053961,174.7458527,Auckland,2018,property_damage,80,FALSE,straight,,rain,,daylight,,0,0,0,0,3,0,0,0,0,0,0,0,0,0,0,0,0,0,0,0
-36.83053961,174.7458527,Auckland,2018,property_damage,80,FALSE,straight,,rain,,daylight,,0,0,0,0,3,0,0,0,0,0,0,0,0,0,0,0,0,0,0,0
-39.06109045,174.066422,New Plymouth District,2018,property_damage,50,FALSE,straight,,rain,,daylight,,0,0,0,0,3,0,0,0,0,0,0,0,0,0,0,0,0,0,0,0
-41.1185071,174.9425411,Porirua City,2018,property_damage,100,FALSE,straight,,fine,,daylight,,0,0,0,0,3,0,0,0,0,0,0,0,0,0,0,0,0,0,0,0
-36.90682555,174.8181987,Auckland,2018,property_damage,100,FALSE,straight,,fine,,darkness_not_lit,,0,0,0,0,3,0,0,0,0,0,0,0,0,0,0,0,0,0,0,0
-36.86353657,174.6291665,Auckland,2018,property_damage,50,FALSE,straight,,fine,,dawn_dusk,,0,0,0,0,3,0,0,0,0,0,0,0,0,0,0,0,0,0,0,0
-36.86778624,174.768811,Auckland,2018,property_damage,80,FALSE,straight,,rain,,darkness_not_lit,,0,0,0,0,3,0,0,0,0,0,0,0,0,0,0,0,0,0,0,0
-37.38190321,175.6728076,Hauraki District,2018,property_damage,50,FALSE,straight,,fine,,daylight,,0,0,0,0,3,0,0,0,0,0,0,0,0,0,0,0,0,0,0,0
-36.79627398,174.7663467,Auckland,2018,property_damage,60,FALSE,straight,,fine,,daylight,,0,0,0,0,3,0,0,0,0,0,0,0,0,0,0,0,0,0,0,0
-36.88445804,174.7756586,Auckland,2018,property_damage,50,TRUE,straight,,rain,,darkness_not_lit,giveway_sign,0,0,0,0,3,0,0,0,0,0,0,0,0,0,0,0,0,0,0,0
-41.14654979,175.0085247,Upper Hutt City,2018,property_damage,50,FALSE,straight,,fine,,daylight,,0,0,0,0,3,0,0,0,0,0,0,0,0,0,0,0,0,0,0,0
-36.88264594,174.7317229,Auckland,2018,property_damage,50,TRUE,straight,,fine,,daylight,traffic_lights,0,0,0,0,3,0,0,0,0,0,0,0,0,0,0,0,0,0,0,0
-36.88264594,174.7317229,Auckland,2018,property_damage,50,TRUE,straight,,fine,,daylight,traffic_lights,0,0,0,0,3,0,0,0,0,0,0,0,0,0,0,0,0,0,0,0
-36.92007102,174.7574005,Auckland,2018,property_damage,50,TRUE,straight,,fine,,dawn_dusk,stop_sign,0,0,0,0,3,0,0,0,0,0,0,0,0,0,0,0,0,0,0,0
-36.90840541,174.6968145,Auckland,2018,property_damage,50,FALSE,straight,,fine,,daylight,,0,0,0,0,3,0,0,0,0,0,0,0,0,0,0,0,0,0,0,0
-36.9127814,174.8130196,Auckland,2018,property_damage,50,TRUE,straight,,fine,,daylight,giveway_sign,0,0,0,0,3,0,0,0,0,0,0,0,0,0,0,0,0,0,0,0
-39.62641122,176.8364361,Hastings District,2018,property_damage,50,FALSE,straight,,fine,,daylight,giveway_sign,0,0,0,0,3,0,0,0,0,0,0,0,0,0,0,0,0,0,0,0
-36.88793087,174.7116107,Auckland,2018,property_damage,50,FALSE,straight,,fine,,daylight,,0,0,0,0,3,0,0,0,0,0,0,0,0,0,0,0,0,0,0,0
-36.87707633,174.82501,Auckland,2018,property_damage,50,TRUE,straight,,fine,,dawn_dusk,giveway_sign,0,0,0,0,3,0,0,0,0,0,0,0,0,0,0,0,0,0,0,0
-43.52077579,172.6505793,Christchurch City,2018,property_damage,50,TRUE,straight,,fine,,darkness_not_lit,traffic_lights,0,0,0,0,3,0,0,0,0,0,0,0,0,0,0,0,0,0,0,0
-43.5209051,172.625992,Christchurch City,2018,property_damage,50,TRUE,straight,,fine,,darkness_not_lit,traffic_lights,0,0,0,0,3,0,0,0,0,0,0,0,0,0,0,0,0,0,0,0
-36.91263982,174.6573746,Auckland,2018,property_damage,50,FALSE,straight,,rain,,darkness_not_lit,,0,0,0,0,3,0,0,0,0,0,0,0,0,0,0,0,0,0,0,0
-41.21291265,174.8977038,Hutt City,2018,property_damage,50,FALSE,straight,,rain,,daylight,,0,0,0,0,3,0,0,0,0,0,0,0,0,0,0,0,0,0,0,0
-36.81224596,174.7498875,Auckland,2018,property_damage,50,FALSE,straight,,rain,,daylight,,0,0,0,0,3,0,0,0,0,0,0,0,0,0,0,0,0,0,0,0