latitude,longitude,local_government_area,year,severity,speed_limit,intersection,road_position_horizontal,road_wet,weather,crash_type,lighting,traffic_controls,casualties,fatalities,serious_injuries,minor_injuries,car_sedan,car_utility,car_van,car_4x4,car_station_wagon,motor_cycle,truck_small,truck_large,bus,taxi,bicycle,scooter,pedestrian,inanimate,train,tram
-36.99746782,174.8522458,Auckland,2018,property_damage,60,TRUE,curved_view_open,,fine,,darkness_not_lit,traffic_lights,0,0,0,0,3,0,0,0,0,0,0,0,0,0,0,0,0,0,0,0
-41.20758537,174.9044914,Hutt City,2018,property_damage,50,FALSE,straight,,fine,,daylight,,0,0,0,0,3,0,0,0,0,0,0,0,0,0,0,0,0,0,0,0
-41.20420988,174.9070769,Hutt City,2018,property_damage,50,FALSE,straight,,fine,,daylight,,0,0,0,0,3,0,0,0,0,0,0,0,0,0,0,0,0,0,0,0
-36.98234909,174.8298252,Auckland,2018,property_damage,100,FALSE,straight,,rain,,darkness_not_lit,,0,0,0,0,3,0,0,0,0,0,0,0,0,0,0,0,0,0,0,0
-36.87314016,174.87291,Auckland,2018,property_damage,50,FALSE,curved_view_open,,fine,,darkness_not_lit,,0,0,0,0,3,0,0,0,0,0,0,0,0,0,0,0,0,0,0,0
-43.54473768,172.6366512,Christchurch City,2018,property_damage,50,TRUE,straight,,rain,,daylight,traffic_lights,0,0,0,0,3,0,0,0,0,0,0,0,0,0,0,0,0,0,0,0
-37.03350973,174.9035762,Auckland,2018,property_damage,50,TRUE,straight,,rain,,daylight,giveway_sign,0,0,0,0,3,0,0,0,0,0,0,0,0,0,0,0,0,0,0,0
-36.93087548,174.7859639,Auckland,2018,property_damage,100,FALSE,curved_view_open,,fine,,daylight,,0,0,0,0,3,0,0,0,0,0,0,0,0,0,0,0,0,0,0,0
-43.53720586,172.5681029,Christchurch City,2018,property_damage,50,FALSE,straight,,fine,,daylight,,0,0,0,0,3,0,0,0,0,0,0,0,0,0,0,0,0,0,0,0
-36.92710851,174.8489362,Auckland,2018,property_damage,100,FALSE,straight,,rain,,daylight,,0,0,0,0,3,0,0,0,0,0,0,0,0,0,0,0,0,0,0,0
-46.09774446,168.942113,Gore District,2018,property_damage,50,TRUE,straight,,fine,,daylight,stop_sign,0,0,0,0,3,0,0,0,0,0,0,0,0,0,0,0,0,0,0,0
-45.89893175,170.4846088,Dunedin City,2018,property_damage,50,TRUE,straight,,rain,,daylight,giveway_sign,0,0,0,0,3,0,0,0,0,0,0,0,0,0,0,0,0,0,0,0
-43.49141667,172.6126438,Christchurch City,2018,property_damage,50,FALSE,straight,,rain,,darkness_not_lit,,0,0,0,0,3,0,0,0,0,0,0,0,0,0,0,0,0,0,0,0
-36.84800224,174.8306774,Auckland,2018,property_damage,50,FALSE,straight,,fine,,darkness_not_lit,,0,0,0,0,3,0,0,0,0,0,0,0,0,0,0,0,0,0,0,0
-38.13687314,176.2517824,Rotorua District,2018,property_damage,50,FALSE,straight,,fine,,daylight,,0,0,0,0,3,0,0,0,0,0,0,0,0,0,0,0,0,0,0,0
-36.77298689,174.7434821,Auckland,2018,property_damage,100,FALSE,straight,,fine,,darkness_not_lit,,0,0,0,0,3,0,0,0,0,0,0,0,0,0,0,0,0,0,0,0
-37.62211163,175.2043697,Waikato District,2018,property_damage,70,TRUE,straight,,fine,,daylight,giveway_sign,0,0,0,0,3,0,0,0,0,0,0,0,0,0,0,0,0,0,0,0
-38.13415237,176.2960204,Rotorua District,2018,property_damage,60,FALSE,straight,,fine,,darkness_not_lit,,0,0,0,0,3,0,0,0,0,0,0,0,0,0,0,0,0,0,0,0
-39.05904619,174.073164,New Plymouth District,2018,property_damage,50,FALSE,straight,,fine,,daylight,traffic_lights,0,0,0,0,3,0,0,0,0,0,0,0,0,0,0,0,0,0,0,0
-43.47427726,172.6594157,Christchurch City,2018,property_damage,70,TRUE,straight,,fine,,daylight,traffic_lights,0,0,0,0,3,0,0,0,0,0,0,0,0,0,0,0,0,0,0,0
-43.47427726,172.6594157,Christchurch City,2018,property_damage,70,TRUE,straight,,fine,,daylight,traffic_lights,0,0,0,0,3,0,0,0,0,0,0,0,0,0,0,0,0,0,0,0
-41.31195435,174.7921635,Wellington City,2018,property_damage,50,FALSE,straight,,fine,,daylight,,0,0,0,0,3,0,0,0,0,0,0,0,0,0,0,0,0,0,0,0
-40.96076978,175.6369366,Masterton District,2018,property_damage,50,TRUE,straight,,fine,,daylight,giveway_sign,0,0,0,0,3,0,0,0,0,0,0,0,0,0,0,0,0,0,0,0
-36.83574003,174.742192,Auckland,2018,property_damage,80,FALSE,straight,,fine,,daylight,,0,0,0,0,3,0,0,0,0,0,0,0,0,0,0,0,0,0,0,0
-36.83557636,174.7422892,Auckland,2018,property_damage,80,FALSE,straight,,fine,,daylight,,0,0,0,0,3,0,0,0,0,0,0,0,0,0,0,0,0,0,0,0
-36.90447817,174.6589826,Auckland,2018,property_damage,50,FALSE,straight,,fine,,daylight,,0,0,0,0,3,0,0,0,0,0,0,0,0,0,0,0,0,0,0,0
-36.84269877,174.7470824,Auckland,2018,property_damage,80,FALSE,straight,,fine,,daylight,,0,0,0,0,3,0,0,0,0,0,0,0,0,0,0,0,0,0,0,0
-36.84308066,174.7486948,Auckland,2018,property_damage,80,FALSE,straight,,fine,,daylight,,0,0,0,0,3,0,0,0,0,0,0,0,0,0,0,0,0,0,0,0
-37.01231364,174.905104,Auckland,2018,property_damage,100,FALSE,straight,,fine,,daylight,,0,0,0,0,3,0,0,0,0,0,0,0,0,0,0,0,0,0,0,0
-36.92330853,174.7712381,Auckland,2018,property_damage,100,FALSE,straight,,fine,,dawn_dusk,,0,0,0,0,3,0,0,0,0,0,0,0,0,0,0,0,0,0,0,0
-36.9720813,174.8629645,Auckland,2018,property_damage,50,FALSE,straight,,fine,,daylight,,0,0,0,0,3,0,0,0,0,0,0,0,0,0,0,0,0,0,0,0
-36.74854278,174.7242571,Auckland,2018,property_damage,100,FALSE,straight,,fine,,daylight,,0,0,0,0,3,0,0,0,0,0,0,0,0,0,0,0,0,0,0,0
-36.85100665,174.6371105,Auckland,2018,property_damage,100,FALSE,straight,,fine,,daylight,,0,0,0,0,3,0,0,0,0,0,0,0,0,0,0,0,0,0,0,0
-37.78609053,175.2513827,Hamilton City,2018,property_damage,40,FALSE,straight,,rain,,daylight,,0,0,0,0,3,0,0,0,0,0,0,0,0,0,0,0,0,0,0,0
-39.06062631,174.085474,New Plymouth District,2018,property_damage,50,FALSE,straight,,fine,,daylight,,0,0,0,0,3,0,0,0,0,0,0,0,0,0,0,0,0,0,0,0
-37.00611107,174.8763592,Auckland,2018,property_damage,60,FALSE,straight,,fine,,daylight,,0,0,0,0,3,0,0,0,0,0,0,0,0,0,0,0,0,0,0,0
-38.13990276,176.2477876,Rotorua District,2018,property_damage,50,FALSE,straight,,fine,,daylight,,0,0,0,0,3,0,0,0,0,0,0,0,0,0,0,0,0,0,0,0
-46.3863225,168.3474166,Invercargill City,2018,property_damage,50,TRUE,straight,,fine,,daylight,giveway_sign,0,0,0,0,3,0,0,0,0,0,0,0,0,0,0,0,0,0,0,0
-36.91029846,174.7696801,Auckland,2018,property_damage,50,FALSE,straight,,fine,,daylight,,0,0,0,0,3,0,0,0,0,0,0,0,0,0,0,0,0,0,0,0
-36.8216773,174.7502816,Auckland,2018,property_damage,80,FALSE,straight,,fine,,daylight,,0,0,0,0,3,0,0,0,0,0,0,0,0,0,0,0,0,0,0,0
-43.54140303,172.6620707,Christchurch City,2018,property_damage,50,FALSE,straight,,fine,,daylight,,0,0,0,0,3,0,0,0,0,0,0,0,0,0,0,0,0,0,0,0
-36.87428251,174.7786316,Auckland,2018,property_damage,80,FALSE,straight,,fine,,daylight,,0,0,0,0,3,0,0,0,0,0,0,0,0,0,0,0,0,0,0,0
-37.71284357,176.1527104,Tauranga City,2018,property_damage,50,FALSE,straight,,rain,,daylight,traffic_lights,0,0,0,0,3,0,0,0,0,0,0,0,0,0,0,0,0,0,0,0
-35.75115049,174.308216,Whangarei District,2018,property_damage,20,FALSE,straight,,fine,,daylight,,0,0,0,0,3,0,0,0,0,0,0,0,0,0,0,0,0,0,0,0
-36.81930754,174.7502277,Auckland,2018,property_damage,80,FALSE,straight,,fine,,darkness_not_lit,,0,0,0,0,3,0,0,0,0,0,0,0,0,0,0,0,0,0,0,0
-36.81807717,174.750536,Auckland,2018,property_damage,80,FALSE,straight,,rain,,daylight,,0,0,0,0,3,0,0,0,0,0,0,0,0,0,0,0,0,0,0,0
-36.72800766,174.7150411,Auckland,2018,property_damage,100,FALSE,straight,,fine,,daylight,,0,0,0,0,3,0,0,0,0,0,0,0,0,0,0,0,0,0,0,0
-36.81860192,174.7504022,Auckland,2018,property_damage,80,FALSE,straight,,fine,,daylight,,0,0,0,0,3,0,0,0,0,0,0,0,0,0,0,0,0,0,0,0
-36.98500612,174.8328662,Auckland,2018,property_damage,100,FALSE,straight,,rain,,daylight,,0,0,0,0,3,0,0,0,0,0,0,0,0,0,0,0,0,0,0,0
-39.93539104,175.0314529,Wanganui District,2018,property_damage,50,TRUE,straight,,fine,,daylight,,0,0,0,0,3,0,0,0,0,0,0,0,0,0,0,0,0,0,0,0
-39.62812395,176.8276673,Hastings District,2018,property_damage,50,FALSE,straight,,fine,,daylight,,0,0,0,0,3,0,0,0,0,0,0,0,0,0,0,0,0,0,0,0
-37.79636819,175.2638346,Hamilton City,2018,property_damage,50,TRUE,straight,,fine,,daylight,giveway_sign,0,0,0,0,3,0,0,0,0,0,0,0,0,0,0,0,0,0,0,0
-36.97589048,174.8207846,Auckland,2018,property_damage,100,FALSE,straight,,fine,,daylight,,0,0,0,0,3,0,0,0,0,0,0,0,0,0,0,0,0,0,0,0
-36.92453754,174.8479199,Auckland,2018,property_damage,100,FALSE,straight,,rain,,darkness_not_lit,,0,0,0,0,3,0,0,0,0,0,0,0,0,0,0,0,0,0,0,0
-41.21577165,174.9023909,Hutt City,2018,property_damage,50,FALSE,straight,,fine,,daylight,,0,0,0,0,3,0,0,0,0,0,0,0,0,0,0,0,0,0,0,0
-36.9112877,174.822278,Auckland,2018,property_damage,100,FALSE,straight,,fine,,daylight,,0,0,0,0,3,0,0,0,0,0,0,0,0,0,0,0,0,0,0,0
-36.83268748,174.7444439,Auckland,2018,property_damage,80,FALSE,straight,,fine,,daylight,,0,0,0,0,3,0,0,0,0,0,0,0,0,0,0,0,0,0,0,0
-36.9051532,174.7211314,Auckland,2018,property_damage,50,TRUE,straight,,fine,,daylight,traffic_lights,0,0,0,0,3,0,0,0,0,0,0,0,0,0,0,0,0,0,0,0
-41.01283028,175.541138,Carterton District,2018,property_damage,100,FALSE,straight,,fine,,darkness_not_lit,,0,0,0,0,3,0,0,0,0,0,0,0,0,0,0,0,0,0,0,0
-36.868303,174.7692155,Auckland,2018,property_damage,80,FALSE,straight,,fine,,daylight,,0,0,0,0,3,0,0,0,0,0,0,0,0,0,0,0,0,0,0,0
-36.91415708,174.7858769,Auckland,2018,property_damage,50,FALSE,straight,,fine,,daylight,,0,0,0,0,3,0,0,0,0,0,0,0,0,0,0,0,0,0,0,0
-36.81913568,174.7502686,Auckland,2018,property_damage,80,FALSE,straight,,fine,,dawn_dusk,,0,0,0,0,3,0,0,0,0,0,0,0,0,0,0,0,0,0,0,0
-43.54116293,172.6852063,Christchurch City,2018,property_damage,60,TRUE,straight,,fine,,daylight,traffic_lights,0,0,0,0,3,0,0,0,0,0,0,0,0,0,0,0,0,0,0,0
-36.82887735,174.7467232,Auckland,2018,property_damage,80,FALSE,straight,,fine,,daylight,,0,0,0,0,3,0,0,0,0,0,0,0,0,0,0,0,0,0,0,0
-36.7374659,174.7185889,Auckland,2018,property_damage,100,FALSE,straight,,fine,,daylight,,0,0,0,0,3,0,0,0,0,0,0,0,0,0,0,0,0,0,0,0
-37.77900402,175.2745448,Hamilton City,2018,property_damage,50,FALSE,straight,,fine,,daylight,,0,0,0,0,3,0,0,0,0,0,0,0,0,0,0,0,0,0,0,0
-36.7248843,174.7147365,Auckland,2018,property_damage,100,FALSE,straight,,rain,,daylight,,0,0,0,0,3,0,0,0,0,0,0,0,0,0,0,0,0,0,0,0
-37.8162665,175.7894123,Matamata-Piako District,2018,property_damage,50,FALSE,straight,,fine,,daylight,,0,0,0,0,3,0,0,0,0,0,0,0,0,0,0,0,0,0,0,0
-36.90914586,174.7598997,Auckland,2018,property_damage,50,FALSE,straight,,rain,,daylight,,0,0,0,0,3,0,0,0,0,0,0,0,0,0,0,0,0,0,0,0
-40.36424573,175.5950087,Palmerston North City,2018,property_damage,50,FALSE,straight,,fine,,daylight,,0,0,0,0,3,0,0,0,0,0,0,0,0,0,0,0,0,0,0,0
-43.90145434,171.7508677,Ashburton District,2018,property_damage,50,FALSE,straight,,rain,,daylight,,0,0,0,0,3,0,0,0,0,0,0,0,0,0,0,0,0,0,0,0
-36.83246069,174.6183816,Auckland,2018,property_damage,50,FALSE,straight,,fine,,darkness_not_lit,,0,0,0,0,3,0,0,0,0,0,0,0,0,0,0,0,0,0,0,0
-40.99002997,174.9507825,Kapiti Coast District,2018,property_damage,70,TRUE,straight,,fine,,daylight,,0,0,0,0,3,0,0,0,0,0,0,0,0,0,0,0,0,0,0,0
-36.88767662,174.7947976,Auckland,2018,property_damage,100,FALSE,straight,,rain,,daylight,,0,0,0,0,3,0,0,0,0,0,0,0,0,0,0,0,0,0,0,0
-36.94311386,174.8925432,Auckland,2018,property_damage,50,FALSE,straight,,fine,,daylight,,0,0,0,0,3,0,0,0,0,0,0,0,0,0,0,0,0,0,0,0
-36.82470588,174.7496667,Auckland,2018,property_damage,80,FALSE,straight,,fine,,daylight,,0,0,0,0,3,0,0,0,0,0,0,0,0,0,0,0,0,0,0,0
-41.31436698,174.785874,Wellington City,2018,property_damage,50,FALSE,straight,,fine,,darkness_not_lit,,0,0,0,0,3,0,0,0,0,0,0,0,0,0,0,0,0,0,0,0
-43.53161697,172.576051,Christchurch City,2018,property_damage,50,FALSE,straight,,fine,,daylight,,0,0,0,0,3,0,0,0,0,0,0,0,0,0,0,0,0,0,0,0
-36.90631427,174.8564927,Auckland,2018,property_damage,50,FALSE,straight,,fine,,daylight,,0,0,0,0,3,0,0,0,0,0,0,0,0,0,0,0,0,0,0,0
-36.81333496,174.7524458,Auckland,2018,property_damage,100,FALSE,straight,,fine,,daylight,,0,0,0,0,3,0,0,0,0,0,0,0,0,0,0,0,0,0,0,0
-36.97471243,174.8258903,Auckland,2018,property_damage,50,FALSE,straight,,fine,,darkness_not_lit,,0,0,0,0,3,0,0,0,0,0,0,0,0,0,0,0,0,0,0,0
-40.95443745,175.6565603,Masterton District,2018,property_damage,50,FALSE,straight,,fine,,daylight,,0,0,0,0,3,0,0,0,0,0,0,0,0,0,0,0,0,0,0,0
-36.81648488,174.7509369,Auckland,2018,property_damage,80,FALSE,straight,,fine,,darkness_not_lit,,0,0,0,0,3,0,0,0,0,0,0,0,0,0,0,0,0,0,0,0
-37.81848094,175.3458337,Waikato District,2018,property_damage,80,FALSE,straight,,rain,,daylight,,0,0,0,0,3,0,0,0,0,0,0,0,0,0,0,0,0,0,0,0
-41.22562938,174.8535715,Hutt City,2018,property_damage,100,FALSE,straight,,rain,,daylight,,0,0,0,0,3,0,0,0,0,0,0,0,0,0,0,0,0,0,0,0
-37.01165597,174.8915671,Auckland,2018,property_damage,50,FALSE,straight,,fine,,darkness_not_lit,,0,0,0,0,3,0,0,0,0,0,0,0,0,0,0,0,0,0,0,0
-36.869997,174.7164045,Auckland,2018,property_damage,80,FALSE,straight,,fine,,daylight,,0,0,0,0,3,0,0,0,0,0,0,0,0,0,0,0,0,0,0,0
-39.15593922,174.206803,New Plymouth District,2018,property_damage,50,FALSE,curved_view_open,,fine,,daylight,stop_sign,0,0,0,0,3,0,0,0,0,0,0,0,0,0,0,0,0,0,0,0
-36.79516358,174.7579492,Auckland,2018,property_damage,100,FALSE,straight,,fine,,daylight,,0,0,0,0,3,0,0,0,0,0,0,0,0,0,0,0,0,0,0,0
-36.88695929,174.7467779,Auckland,2018,property_damage,50,FALSE,curved_view_open,,rain,,daylight,,0,0,0,0,3,0,0,0,0,0,0,0,0,0,0,0,0,0,0,0
-36.9608045,174.8538392,Auckland,2018,property_damage,50,FALSE,straight,,rain,,daylight,,0,0,0,0,3,0,0,0,0,0,0,0,0,0,0,0,0,0,0,0
-37.00071945,174.8523809,Auckland,2018,property_damage,80,FALSE,straight,,fine,,dawn_dusk,,0,0,0,0,3,0,0,0,0,0,0,0,0,0,0,0,0,0,0,0
-43.55167117,172.4824539,Selwyn District,2018,property_damage,70,FALSE,straight,,fine,,darkness_not_lit,,0,0,0,0,3,0,0,0,0,0,0,0,0,0,0,0,0,0,0,0
-37.78283282,175.2558596,Hamilton City,2018,property_damage,50,FALSE,straight,,fine,,daylight,giveway_sign,0,0,0,0,3,0,0,0,0,0,0,0,0,0,0,0,0,0,0,0
-37.6446892,176.1860044,Tauranga City,2018,property_damage,60,FALSE,straight,,fine,,daylight,,0,0,0,0,3,0,0,0,0,0,0,0,0,0,0,0,0,0,0,0
-35.67962931,174.3074121,Whangarei District,2018,property_damage,50,FALSE,straight,,fine,,daylight,,0,0,0,0,3,0,0,0,0,0,0,0,0,0,0,0,0,0,0,0
-36.85033417,174.6361989,Auckland,2018,property_damage,80,FALSE,straight,,rain,,daylight,,0,0,0,0,3,0,0,0,0,0,0,0,0,0,0,0,0,0,0,0
-39.00109755,174.237738,New Plymouth District,2018,property_damage,50,FALSE,straight,,rain,,daylight,,0,0,0,0,3,0,0,0,0,0,0,0,0,0,0,0,0,0,0,0
-36.81639445,174.7509573,Auckland,2018,property_damage,80,FALSE,straight,,fine,,darkness_not_lit,,0,0,0,0,3,0,0,0,0,0,0,0,0,0,0,0,0,0,0,0
-43.53786316,172.6080889,Christchurch City,2018,property_damage,60,FALSE,straight,,rain,,daylight,,0,0,0,0,3,0,0,0,0,0,0,0,0,0,0,0,0,0,0,0
-35.73420551,174.3053292,Whangarei District,2018,property_damage,50,FALSE,straight,,fine,,daylight,,0,0,0,0,3,0,0,0,0,0,0,0,0,0,0,0,0,0,0,0
-36.96840247,174.8567306,Auckland,2018,property_damage,50,FALSE,straight,,fine,,daylight,,0,0,0,0,3,0,0,0,0,0,0,0,0,0,0,0,0,0,0,0
-36.91224065,174.8141966,Auckland,2018,property_damage,50,FALSE,curved_view_open,,fine,,daylight,,0,0,0,0,3,0,0,0,0,0,0,0,0,0,0,0,0,0,0,0
-43.065523,172.7557531,Hurunui District,2018,property_damage,80,FALSE,straight,,fine,,daylight,,0,0,0,0,3,0,0,0,0,0,0,0,0,0,0,0,0,0,0,0
-36.91340707,174.8420614,Auckland,2018,property_damage,30,FALSE,straight,,rain,,daylight,,0,0,0,0,3,0,0,0,0,0,0,0,0,0,0,0,0,0,0,0
-37.85795687,175.3136358,Waipa District,2018,property_damage,100,FALSE,straight,,fine,,daylight,,0,0,0,0,3,0,0,0,0,0,0,0,0,0,0,0,0,0,0,0
-36.77206553,174.7430018,Auckland,2018,property_damage,100,FALSE,curved_view_open,,fine,,daylight,,0,0,0,0,3,0,0,0,0,0,0,0,0,0,0,0,0,0,0,0
-36.86871126,174.7255187,Auckland,2018,property_damage,80,FALSE,straight,,rain,,daylight,,0,0,0,0,3,0,0,0,0,0,0,0,0,0,0,0,0,0,0,0
-38.14926033,176.2725376,Rotorua District,2018,property_damage,70,FALSE,straight,,fine,,daylight,,0,0,0,0,3,0,0,0,0,0,0,0,0,0,0,0,0,0,0,0
-45.01590609,168.7278587,Queenstown-Lakes District,2018,property_damage,50,FALSE,straight,,fine,,daylight,,0,0,0,0,3,0,0,0,0,0,0,0,0,0,0,0,0,0,0,0
-36.84559513,174.7603146,Auckland,2018,property_damage,50,FALSE,straight,,fine,,daylight,,0,0,0,0,3,0,0,0,0,0,0,0,0,0,0,0,0,0,0,0
-36.97012902,174.8209169,Auckland,2018,property_damage,50,TRUE,straight,,fine,,daylight,,0,0,0,0,3,0,0,0,0,0,0,0,0,0,0,0,0,0,0,0
-36.74472742,174.6930575,Auckland,2018,property_damage,50,FALSE,straight,,fine,,daylight,,0,0,0,0,3,0,0,0,0,0,0,0,0,0,0,0,0,0,0,0
-41.22782334,174.8465227,Wellington City,2018,property_damage,100,FALSE,straight,,rain,,darkness_not_lit,,0,0,0,0,3,0,0,0,0,0,0,0,0,0,0,0,0,0,0,0
-37.07005509,174.9277045,Auckland,2018,property_damage,100,FALSE,straight,,fine,,daylight,,0,0,0,0,3,0,0,0,0,0,0,0,0,0,0,0,0,0,0,0
-36.96242375,174.9024559,Auckland,2018,property_damage,80,FALSE,straight,,fine,,daylight,,0,0,0,0,3,0,0,0,0,0,0,0,0,0,0,0,0,0,0,0
-38.0532327,175.78247,South Waikato District,2018,property_damage,70,FALSE,straight,,fine,,daylight,,0,0,0,0,3,0,0,0,0,0,0,0,0,0,0,0,0,0,0,0
-44.17462846,170.2053255,Mackenzie District,2018,property_damage,100,FALSE,straight,,fine,,daylight,,0,0,0,0,3,0,0,0,0,0,0,0,0,0,0,0,0,0,0,0
-37.80332565,175.2600493,Hamilton City,2018,property_damage,80,FALSE,straight,,fine,,daylight,,0,0,0,0,3,0,0,0,0,0,0,0,0,0,0,0,0,0,0,0
-43.53987488,172.6450848,Christchurch City,2018,property_damage,50,FALSE,straight,,fine,,darkness_not_lit,,0,0,0,0,3,0,0,0,0,0,0,0,0,0,0,0,0,0,0,0
-37.10564541,174.9460032,Auckland,2018,property_damage,100,FALSE,straight,,fine,,daylight,,0,0,0,0,3,0,0,0,0,0,0,0,0,0,0,0,0,0,0,0
-36.8667762,174.7487524,Auckland,2018,property_damage,80,FALSE,straight,,fine,,darkness_not_lit,,0,0,0,0,3,0,0,0,0,0,0,0,0,0,0,0,0,0,0,0
-36.95672517,174.7967429,Auckland,2018,property_damage,100,FALSE,straight,,fine,,darkness_not_lit,,0,0,0,0,3,0,0,0,0,0,0,0,0,0,0,0,0,0,0,0
-41.2260269,174.8523777,Hutt City,2018,property_damage,100,FALSE,straight,,fine,,daylight,,0,0,0,0,3,0,0,0,0,0,0,0,0,0,0,0,0,0,0,0
-43.49257791,172.5918459,Christchurch City,2018,property_damage,50,FALSE,straight,,fine,,daylight,,0,0,0,0,3,0,0,0,0,0,0,0,0,0,0,0,0,0,0,0
-36.80347114,174.7605826,Auckland,2018,property_damage,100,FALSE,straight,,fine,,daylight,,0,0,0,0,3,0,0,0,0,0,0,0,0,0,0,0,0,0,0,0
-35.7311185,174.3425299,Whangarei District,2018,property_damage,50,FALSE,straight,,fine,,daylight,,0,0,0,0,3,0,0,0,0,0,0,0,0,0,0,0,0,0,0,0
-36.85851391,174.6154537,Auckland,2018,property_damage,50,FALSE,straight,,fine,,daylight,,0,0,0,0,3,0,0,0,0,0,0,0,0,0,0,0,0,0,0,0
-36.63515961,174.7458846,Auckland,2018,property_damage,50,FALSE,straight,,fine,,daylight,,0,0,0,0,3,0,0,0,0,0,0,0,0,0,0,0,0,0,0,0
-37.51036301,175.1664939,Waikato District,2018,property_damage,100,FALSE,curved_view_open,,fine,,daylight,,0,0,0,0,3,0,0,0,0,0,0,0,0,0,0,0,0,0,0,0
-36.40065745,174.659625,Auckland,2018,property_damage,60,FALSE,straight,,rain,,daylight,,0,0,0,0,3,0,0,0,0,0,0,0,0,0,0,0,0,0,0,0
-36.83418945,174.6198422,Auckland,2018,property_damage,100,FALSE,straight,,rain,,daylight,,0,0,0,0,3,0,0,0,0,0,0,0,0,0,0,0,0,0,0,0
-36.94133375,174.8336721,Auckland,2018,property_damage,50,FALSE,straight,,fine,,daylight,,0,0,0,0,3,0,0,0,0,0,0,0,0,0,0,0,0,0,0,0
-41.10308822,173.0115874,Tasman District,2018,property_damage,50,FALSE,straight,,fine,,daylight,,0,0,0,0,3,0,0,0,0,0,0,0,0,0,0,0,0,0,0,0
-36.89257637,174.7908501,Auckland,2018,property_damage,50,FALSE,straight,,rain,,darkness_not_lit,,0,0,0,0,3,0,0,0,0,0,0,0,0,0,0,0,0,0,0,0
-41.2026957,174.9065916,Hutt City,2018,property_damage,100,FALSE,straight,,fine,,darkness_not_lit,,0,0,0,0,3,0,0,0,0,0,0,0,0,0,0,0,0,0,0,0
-37.70838615,176.1887661,Tauranga City,2018,property_damage,100,FALSE,straight,,fine,,daylight,,0,0,0,0,3,0,0,0,0,0,0,0,0,0,0,0,0,0,0,0
-37.67852588,176.1641,Tauranga City,2018,property_damage,80,FALSE,straight,,fine,,daylight,,0,0,0,0,3,0,0,0,0,0,0,0,0,0,0,0,0,0,0,0
-36.96658533,174.8044892,Auckland,2018,property_damage,100,FALSE,straight,,fine,,daylight,,0,0,0,0,3,0,0,0,0,0,0,0,0,0,0,0,0,0,0,0
-36.7851789,174.7559617,Auckland,2018,property_damage,50,FALSE,straight,,rain,,darkness_not_lit,,0,0,0,0,3,0,0,0,0,0,0,0,0,0,0,0,0,0,0,0
-37.04562241,174.913706,Auckland,2018,property_damage,100,FALSE,straight,,fine,,daylight,,0,0,0,0,3,0,0,0,0,0,0,0,0,0,0,0,0,0,0,0
-39.52059991,176.8557766,Napier City,2018,property_damage,50,TRUE,straight,,fine,,daylight,giveway_sign,0,0,0,0,3,0,0,0,0,0,0,0,0,0,0,0,0,0,0,0
-37.98763723,175.2029243,Waipa District,2018,property_damage,50,FALSE,straight,,fine,,daylight,,0,0,0,0,3,0,0,0,0,0,0,0,0,0,0,0,0,0,0,0
-45.01603139,168.7254379,Queenstown-Lakes District,2018,property_damage,50,FALSE,straight,,fine,,darkness_not_lit,,0,0,0,0,3,0,0,0,0,0,0,0,0,0,0,0,0,0,0,0
-37.71635628,176.1490485,Tauranga City,2018,property_damage,50,TRUE,straight,,fine,,daylight,giveway_sign,0,0,0,0,3,0,0,0,0,0,0,0,0,0,0,0,0,0,0,0
-37.71619761,176.3156854,Tauranga City,2018,property_damage,50,FALSE,straight,,fine,,daylight,giveway_sign,0,0,0,0,3,0,0,0,0,0,0,0,0,0,0,0,0,0,0,0
-45.49146727,169.2989835,Central Otago District,2018,property_damage,100,FALSE,straight,,rain,,daylight,,0,0,0,0,3,0,0,0,0,0,0,0,0,0,0,0,0,0,0,0
-36.82159637,174.7502686,Auckland,2018,property_damage,80,FALSE,straight,,rain,,darkness_not_lit,,0,0,0,0,3,0,0,0,0,0,0,0,0,0,0,0,0,0,0,0
-37.0330161,174.9101742,Auckland,2018,property_damage,100,FALSE,straight,,rain,,daylight,,0,0,0,0,3,0,0,0,0,0,0,0,0,0,0,0,0,0,0,0
-36.82160819,174.7500783,Auckland,2018,property_damage,80,FALSE,straight,,fine,,darkness_not_lit,,0,0,0,0,3,0,0,0,0,0,0,0,0,0,0,0,0,0,0,0
-42.8577512,173.2247475,Hurunui District,2018,property_damage,100,FALSE,straight,,fine,,daylight,,0,0,0,0,3,0,0,0,0,0,0,0,0,0,0,0,0,0,0,0
-41.2125596,174.8796944,Hutt City,2018,property_damage,50,FALSE,curved_view_open,,fine,,daylight,,0,0,0,0,3,0,0,0,0,0,0,0,0,0,0,0,0,0,0,0
-36.62225025,174.6718563,Auckland,2018,property_damage,70,FALSE,curved_view_open,,fine,,darkness_not_lit,,0,0,0,0,3,0,0,0,0,0,0,0,0,0,0,0,0,0,0,0
-37.86781125,175.45352,Waipa District,2018,property_damage,80,FALSE,straight,,fine,,daylight,,0,0,0,0,3,0,0,0,0,0,0,0,0,0,0,0,0,0,0,0
-35.73176861,174.3448628,Whangarei District,2018,property_damage,50,FALSE,straight,,fine,,darkness_not_lit,,0,0,0,0,3,0,0,0,0,0,0,0,0,0,0,0,0,0,0,0
-37.79794401,175.303392,Hamilton City,2018,property_damage,50,FALSE,straight,,rain,,dawn_dusk,,0,0,0,0,3,0,0,0,0,0,0,0,0,0,0,0,0,0,0,0