latitude,longitude,local_government_area,year,severity,speed_limit,intersection,road_position_horizontal,road_wet,weather,crash_type,lighting,traffic_controls,casualties,fatalities,serious_injuries,minor_injuries,car_sedan,car_utility,car_van,car_4x4,car_station_wagon,motor_cycle,truck_small,truck_large,bus,taxi,bicycle,scooter,pedestrian,inanimate,train,tram
-37.76067301,175.2331881,Hamilton City,2018,property_damage,80,FALSE,straight,,fine,,darkness_not_lit,,0,0,0,0,3,0,0,0,0,0,0,0,0,0,0,0,0,0,0,0
-41.19216744,174.9303014,Hutt City,2018,property_damage,50,FALSE,straight,,rain,,darkness_not_lit,,0,0,0,0,3,0,0,0,0,0,0,0,0,0,0,0,0,0,0,0
-38.11713563,176.2229785,Rotorua District,2018,property_damage,50,FALSE,straight,,fine,,daylight,,0,0,0,0,3,0,0,0,0,0,0,0,0,0,0,0,0,0,0,0
-41.20021464,174.9111825,Hutt City,2018,property_damage,100,FALSE,straight,,rain,,dawn_dusk,,0,0,0,0,3,0,0,0,0,0,0,0,0,0,0,0,0,0,0,0
-37.01487681,174.905449,Auckland,2018,property_damage,50,FALSE,straight,,fine,,daylight,,0,0,0,0,3,0,0,0,0,0,0,0,0,0,0,0,0,0,0,0
-39.61516889,176.8465629,Hastings District,2018,property_damage,80,FALSE,straight,,fine,,darkness_not_lit,,0,0,0,0,3,0,0,0,0,0,0,0,0,0,0,0,0,0,0,0
-37.75218983,175.2943226,Hamilton City,2018,property_damage,80,FALSE,straight,,fine,,daylight,,0,0,0,0,3,0,0,0,0,0,0,0,0,0,0,0,0,0,0,0
-36.94917904,174.8205415,Auckland,2018,property_damage,60,FALSE,straight,,fine,,daylight,,0,0,0,0,3,0,0,0,0,0,0,0,0,0,0,0,0,0,0,0
-42.71724634,170.9620311,Westland District,2018,property_damage,50,TRUE,straight,,fine,,daylight,,0,0,0,0,3,0,0,0,0,0,0,0,0,0,0,0,0,0,0,0
-44.09215125,171.2446044,Timaru District,2018,property_damage,50,FALSE,straight,,fine,,daylight,,0,0,0,0,3,0,0,0,0,0,0,0,0,0,0,0,0,0,0,0
-37.66572916,176.200562,Tauranga City,2018,property_damage,70,FALSE,straight,,rain,,daylight,,0,0,0,0,3,0,0,0,0,0,0,0,0,0,0,0,0,0,0,0
-39.66630099,176.8910509,Hastings District,2018,property_damage,50,FALSE,straight,,fine,,daylight,,0,0,0,0,3,0,0,0,0,0,0,0,0,0,0,0,0,0,0,0
-41.14563376,174.9943767,Hutt City,2018,property_damage,100,FALSE,straight,,fine,,daylight,,0,0,0,0,3,0,0,0,0,0,0,0,0,0,0,0,0,0,0,0
-38.12899095,176.242308,Rotorua District,2018,property_damage,50,FALSE,straight,,fine,,daylight,,0,0,0,0,3,0,0,0,0,0,0,0,0,0,0,0,0,0,0,0
-36.61161946,174.6982262,Auckland,2018,property_damage,50,FALSE,straight,,fine,,daylight,,0,0,0,0,3,0,0,0,0,0,0,0,0,0,0,0,0,0,0,0
-38.13538742,176.2943879,Rotorua District,2018,property_damage,60,FALSE,straight,,fine,,dawn_dusk,,0,0,0,0,3,0,0,0,0,0,0,0,0,0,0,0,0,0,0,0
-37.70503101,176.1608162,Tauranga City,2018,property_damage,50,FALSE,straight,,fine,,daylight,,0,0,0,0,3,0,0,0,0,0,0,0,0,0,0,0,0,0,0,0
-37.72762064,176.1415512,Tauranga City,2018,property_damage,50,FALSE,straight,,fine,,daylight,,0,0,0,0,3,0,0,0,0,0,0,0,0,0,0,0,0,0,0,0
-37.70668968,176.1898614,Tauranga City,2018,property_damage,100,FALSE,straight,,fine,,daylight,,0,0,0,0,3,0,0,0,0,0,0,0,0,0,0,0,0,0,0,0
-36.86502912,174.750485,Auckland,2018,property_damage,80,FALSE,straight,,rain,,darkness_not_lit,,0,0,0,0,3,0,0,0,0,0,0,0,0,0,0,0,0,0,0,0
-45.4570872,170.6867288,Waitaki District,2018,property_damage,100,FALSE,straight,,rain,,darkness_not_lit,,0,0,0,0,3,0,0,0,0,0,0,0,0,0,0,0,0,0,0,0
-37.95845497,176.986355,Whakatane District,2018,property_damage,50,FALSE,straight,,fine,,daylight,,0,0,0,0,3,0,0,0,0,0,0,0,0,0,0,0,0,0,0,0
-39.53450291,176.8499052,Napier City,2018,property_damage,50,FALSE,straight,,fine,,daylight,,0,0,0,0,3,0,0,0,0,0,0,0,0,0,0,0,0,0,0,0
-36.92617696,174.799865,Auckland,2018,property_damage,50,FALSE,straight,,rain,,daylight,,0,0,0,0,3,0,0,0,0,0,0,0,0,0,0,0,0,0,0,0
-38.65837129,178.0156274,Gisborne District,2018,property_damage,50,FALSE,straight,,fine,,daylight,,0,0,0,0,3,0,0,0,0,0,0,0,0,0,0,0,0,0,0,0
-37.90909861,175.4712232,Waipa District,2018,property_damage,50,FALSE,straight,,fine,,daylight,,0,0,0,0,3,0,0,0,0,0,0,0,0,0,0,0,0,0,0,0
-45.87117088,170.5145055,Dunedin City,2018,property_damage,50,FALSE,straight,,fine,,daylight,,0,0,0,0,3,0,0,0,0,0,0,0,0,0,0,0,0,0,0,0
-36.98863589,174.9073782,Auckland,2018,property_damage,60,FALSE,straight,,rain,,darkness_not_lit,,0,0,0,0,3,0,0,0,0,0,0,0,0,0,0,0,0,0,0,0
-38.12380035,176.2305936,Rotorua District,2018,property_damage,60,FALSE,straight,,fine,,daylight,,0,0,0,0,3,0,0,0,0,0,0,0,0,0,0,0,0,0,0,0
-37.66558334,176.1949794,Tauranga City,2018,property_damage,70,FALSE,straight,,fine,,darkness_not_lit,,0,0,0,0,3,0,0,0,0,0,0,0,0,0,0,0,0,0,0,0
-36.85804866,174.7489237,Auckland,2018,property_damage,40,FALSE,straight,,fine,,daylight,,0,0,0,0,3,0,0,0,0,0,0,0,0,0,0,0,0,0,0,0
-36.8687711,174.7399579,Auckland,2018,property_damage,80,FALSE,straight,,rain,,darkness_not_lit,,0,0,0,0,3,0,0,0,0,0,0,0,0,0,0,0,0,0,0,0
-40.96716407,175.6056902,Carterton District,2018,property_damage,100,FALSE,straight,,fine,,daylight,,0,0,0,0,3,0,0,0,0,0,0,0,0,0,0,0,0,0,0,0
-36.78560665,174.6654481,Auckland,2018,property_damage,100,FALSE,straight,,rain,,dawn_dusk,,0,0,0,0,3,0,0,0,0,0,0,0,0,0,0,0,0,0,0,0
-36.96365821,174.8672857,Auckland,2018,property_damage,100,FALSE,straight,,rain,,darkness_not_lit,,0,0,0,0,3,0,0,0,0,0,0,0,0,0,0,0,0,0,0,0
-36.99114735,174.8872836,Auckland,2018,property_damage,100,FALSE,straight,,fine,,daylight,,0,0,0,0,3,0,0,0,0,0,0,0,0,0,0,0,0,0,0,0
-37.01501914,174.8909199,Auckland,2018,property_damage,50,FALSE,straight,,fine,,darkness_not_lit,,0,0,0,0,3,0,0,0,0,0,0,0,0,0,0,0,0,0,0,0
-37.06171395,174.9620307,Auckland,2018,property_damage,50,FALSE,straight,,fine,,darkness_not_lit,,0,0,0,0,3,0,0,0,0,0,0,0,0,0,0,0,0,0,0,0
-36.91375656,174.8629926,Auckland,2018,property_damage,80,FALSE,straight,,rain,,darkness_not_lit,,0,0,0,0,3,0,0,0,0,0,0,0,0,0,0,0,0,0,0,0
-41.12990102,175.0226099,Upper Hutt City,2018,property_damage,100,FALSE,straight,,mist,,daylight,,0,0,0,0,3,0,0,0,0,0,0,0,0,0,0,0,0,0,0,0
-36.99640846,174.9228093,Auckland,2018,property_damage,60,FALSE,straight,,fine,,darkness_not_lit,,0,0,0,0,3,0,0,0,0,0,0,0,0,0,0,0,0,0,0,0
-38.03801306,176.4915557,Rotorua District,2018,property_damage,80,FALSE,straight,,fine,,daylight,,0,0,0,0,3,0,0,0,0,0,0,0,0,0,0,0,0,0,0,0
-39.94180513,175.0417197,Wanganui District,2018,property_damage,50,FALSE,straight,,fine,,daylight,,0,0,0,0,3,0,0,0,0,0,0,0,0,0,0,0,0,0,0,0
-41.28460752,174.7730374,Wellington City,2018,property_damage,80,FALSE,straight,,fine,,daylight,,0,0,0,0,3,0,0,0,0,0,0,0,0,0,0,0,0,0,0,0
-37.95490322,175.3180293,Waipa District,2018,property_damage,100,FALSE,curved_view_open,,mist,,darkness_not_lit,,0,0,0,0,3,0,0,0,0,0,0,0,0,0,0,0,0,0,0,0
-43.533923,172.62257,Christchurch City,2018,property_damage,50,FALSE,straight,,rain,,darkness_not_lit,,0,0,0,0,3,0,0,0,0,0,0,0,0,0,0,0,0,0,0,0
-36.77744168,174.6820005,Auckland,2018,property_damage,100,FALSE,curved_view_open,,fine,,daylight,,0,0,0,0,3,0,0,0,0,0,0,0,0,0,0,0,0,0,0,0
-39.59405548,176.8723432,Hastings District,2018,property_damage,80,FALSE,straight,,fine,,daylight,,0,0,0,0,3,0,0,0,0,0,0,0,0,0,0,0,0,0,0,0
-37.72103424,175.2772854,Hamilton City,2018,property_damage,80,FALSE,straight,,fine,,dawn_dusk,,0,0,0,0,3,0,0,0,0,0,0,0,0,0,0,0,0,0,0,0
-37.78997932,175.3028608,Hamilton City,2018,property_damage,50,FALSE,straight,,fine,,daylight,,0,0,0,0,3,0,0,0,0,0,0,0,0,0,0,0,0,0,0,0
-35.72669585,174.3218134,Whangarei District,2018,property_damage,50,FALSE,straight,,fine,,daylight,,0,0,0,0,3,0,0,0,0,0,0,0,0,0,0,0,0,0,0,0
-41.30388154,174.7905807,Wellington City,2018,property_damage,50,FALSE,straight,,fine,,daylight,,0,0,0,0,3,0,0,0,0,0,0,0,0,0,0,0,0,0,0,0
-43.49242181,172.6116603,Christchurch City,2018,property_damage,50,FALSE,straight,,fine,,dawn_dusk,,0,0,0,0,3,0,0,0,0,0,0,0,0,0,0,0,0,0,0,0
-37.65435396,176.187109,Tauranga City,2018,property_damage,60,FALSE,straight,,fine,,daylight,,0,0,0,0,3,0,0,0,0,0,0,0,0,0,0,0,0,0,0,0
-36.88826647,174.6444592,Auckland,2018,property_damage,50,FALSE,straight,,fine,,darkness_not_lit,,0,0,0,0,3,0,0,0,0,0,0,0,0,0,0,0,0,0,0,0
-37.65274152,176.1870967,Tauranga City,2018,property_damage,60,FALSE,straight,,fine,,daylight,,0,0,0,0,3,0,0,0,0,0,0,0,0,0,0,0,0,0,0,0
-38.01174485,175.3258099,Waipa District,2018,property_damage,50,FALSE,straight,,rain,,darkness_not_lit,,0,0,0,0,3,0,0,0,0,0,0,0,0,0,0,0,0,0,0,0
-37.79224694,175.2877714,Hamilton City,2018,property_damage,50,FALSE,straight,,rain,,daylight,,0,0,0,0,3,0,0,0,0,0,0,0,0,0,0,0,0,0,0,0
-36.87283586,174.7741105,Auckland,2018,property_damage,50,FALSE,straight,,rain,,daylight,,0,0,0,0,3,0,0,0,0,0,0,0,0,0,0,0,0,0,0,0
-41.31236786,174.7945282,Wellington City,2018,property_damage,50,FALSE,straight,,fine,,daylight,,0,0,0,0,3,0,0,0,0,0,0,0,0,0,0,0,0,0,0,0
-41.22416791,174.8581829,Hutt City,2018,property_damage,50,FALSE,straight,,fine,,dawn_dusk,,0,0,0,0,3,0,0,0,0,0,0,0,0,0,0,0,0,0,0,0
-41.27069892,174.7795495,Wellington City,2018,property_damage,100,FALSE,straight,,fine,,darkness_not_lit,,0,0,0,0,3,0,0,0,0,0,0,0,0,0,0,0,0,0,0,0
-39.4925817,176.9090583,Napier City,2018,property_damage,50,FALSE,straight,,fine,,darkness_not_lit,,0,0,0,0,3,0,0,0,0,0,0,0,0,0,0,0,0,0,0,0
-37.78791044,176.334591,Western Bay Of Plenty District,2018,property_damage,50,FALSE,straight,,fine,,dawn_dusk,,0,0,0,0,3,0,0,0,0,0,0,0,0,0,0,0,0,0,0,0
-36.85704255,174.6510246,Auckland,2018,property_damage,100,FALSE,straight,,fine,,dawn_dusk,,0,0,0,0,3,0,0,0,0,0,0,0,0,0,0,0,0,0,0,0
-36.96490331,174.8689223,Auckland,2018,property_damage,100,FALSE,straight,,fine,,darkness_not_lit,,0,0,0,0,3,0,0,0,0,0,0,0,0,0,0,0,0,0,0,0
-36.8516307,174.7544526,Auckland,2018,property_damage,80,FALSE,straight,,rain,,darkness_not_lit,,0,0,0,0,3,0,0,0,0,0,0,0,0,0,0,0,0,0,0,0
-36.90191527,174.7206547,Auckland,2018,property_damage,100,FALSE,straight,,fine,,darkness_not_lit,,0,0,0,0,3,0,0,0,0,0,0,0,0,0,0,0,0,0,0,0
-36.79440481,174.7574499,Auckland,2018,property_damage,100,FALSE,straight,,fine,,darkness_not_lit,,0,0,0,0,3,0,0,0,0,0,0,0,0,0,0,0,0,0,0,0
-41.16345161,174.9670625,Hutt City,2018,property_damage,100,FALSE,straight,,rain,,daylight,,0,0,0,0,3,0,0,0,0,0,0,0,0,0,0,0,0,0,0,0
-37.86729706,175.8657153,Matamata-Piako District,2018,property_damage,100,FALSE,straight,,rain,,darkness_not_lit,,0,0,0,0,3,0,0,0,0,0,0,0,0,0,0,0,0,0,0,0
-37.04846015,174.9154639,Auckland,2018,property_damage,100,FALSE,straight,,rain,,daylight,,0,0,0,0,3,0,0,0,0,0,0,0,0,0,0,0,0,0,0,0
-36.97644411,174.8806519,Auckland,2018,property_damage,100,FALSE,straight,,rain,,daylight,,0,0,0,0,3,0,0,0,0,0,0,0,0,0,0,0,0,0,0,0
-43.63303013,172.4740331,Selwyn District,2018,property_damage,100,FALSE,straight,,fine,,daylight,,0,0,0,0,3,0,0,0,0,0,0,0,0,0,0,0,0,0,0,0
-36.95814366,174.7977084,Auckland,2018,property_damage,100,FALSE,straight,,rain,,darkness_not_lit,,0,0,0,0,3,0,0,0,0,0,0,0,0,0,0,0,0,0,0,0
-41.13086553,175.0389126,Upper Hutt City,2018,property_damage,50,FALSE,straight,,fine,,darkness_not_lit,,0,0,0,0,3,0,0,0,0,0,0,0,0,0,0,0,0,0,0,0
-36.84076133,174.7452104,Auckland,2018,property_damage,80,FALSE,curved_view_open,,fine,,darkness_not_lit,,0,0,0,0,3,0,0,0,0,0,0,0,0,0,0,0,0,0,0,0
-36.9208612,174.8280514,Auckland,2018,property_damage,50,FALSE,straight,,fine,,daylight,,0,0,0,0,3,0,0,0,0,0,0,0,0,0,0,0,0,0,0,0
-36.92753871,174.8490926,Auckland,2018,property_damage,100,FALSE,straight,,fine,,daylight,,0,0,0,0,3,0,0,0,0,0,0,0,0,0,0,0,0,0,0,0
-36.83359202,174.7436122,Auckland,2018,property_damage,80,FALSE,straight,,fine,,daylight,,0,0,0,0,3,0,0,0,0,0,0,0,0,0,0,0,0,0,0,0
-36.97821204,174.8839758,Auckland,2018,property_damage,50,FALSE,straight,,fine,,daylight,,0,0,0,0,3,0,0,0,0,0,0,0,0,0,0,0,0,0,0,0
-36.98920389,174.8865053,Auckland,2018,property_damage,100,FALSE,straight,,fine,,darkness_not_lit,,0,0,0,0,3,0,0,0,0,0,0,0,0,0,0,0,0,0,0,0
-36.83356121,174.7438694,Auckland,2018,property_damage,80,FALSE,straight,,rain,,daylight,,0,0,0,0,3,0,0,0,0,0,0,0,0,0,0,0,0,0,0,0
-36.75034216,174.7257311,Auckland,2018,property_damage,100,FALSE,straight,,fine,,daylight,,0,0,0,0,3,0,0,0,0,0,0,0,0,0,0,0,0,0,0,0
-36.87951971,174.8196715,Auckland,2018,property_damage,50,FALSE,straight,,fine,,darkness_not_lit,,0,0,0,0,3,0,0,0,0,0,0,0,0,0,0,0,0,0,0,0
-36.98197134,174.8827877,Auckland,2018,property_damage,100,FALSE,straight,,fine,,daylight,,0,0,0,0,3,0,0,0,0,0,0,0,0,0,0,0,0,0,0,0
-37.71503789,176.1826775,Tauranga City,2018,property_damage,100,FALSE,straight,,fine,,daylight,,0,0,0,0,3,0,0,0,0,0,0,0,0,0,0,0,0,0,0,0
-36.92619988,174.7858098,Auckland,2018,property_damage,50,FALSE,straight,,fine,,darkness_not_lit,traffic_lights,0,0,0,0,3,0,0,0,0,0,0,0,0,0,0,0,0,0,0,0
-41.27583245,174.7848229,Wellington City,2018,property_damage,50,FALSE,straight,,fine,,darkness_not_lit,,0,0,0,0,3,0,0,0,0,0,0,0,0,0,0,0,0,0,0,0
-38.07627412,176.2099789,Rotorua District,2018,property_damage,50,FALSE,straight,,rain,,daylight,,0,0,0,0,3,0,0,0,0,0,0,0,0,0,0,0,0,0,0,0
-40.34645635,175.6272668,Palmerston North City,2018,property_damage,50,TRUE,straight,,fine,,daylight,,0,0,0,0,3,0,0,0,0,0,0,0,0,0,0,0,0,0,0,0
-45.10138864,170.9453872,Waitaki District,2018,property_damage,50,FALSE,straight,,fine,,daylight,,0,0,0,0,3,0,0,0,0,0,0,0,0,0,0,0,0,0,0,0
-36.85949589,174.7662531,Auckland,2018,property_damage,80,FALSE,straight,,fine,,daylight,,0,0,0,0,3,0,0,0,0,0,0,0,0,0,0,0,0,0,0,0
-37.06026435,174.9234306,Auckland,2018,property_damage,100,FALSE,straight,,rain,,daylight,,0,0,0,0,3,0,0,0,0,0,0,0,0,0,0,0,0,0,0,0
-36.91669078,174.8331378,Auckland,2018,property_damage,100,FALSE,straight,,rain,,darkness_not_lit,,0,0,0,0,3,0,0,0,0,0,0,0,0,0,0,0,0,0,0,0
-38.052481,175.7818718,South Waikato District,2018,property_damage,70,FALSE,straight,,rain,,daylight,,0,0,0,0,3,0,0,0,0,0,0,0,0,0,0,0,0,0,0,0
-36.89313889,174.7798098,Auckland,2018,property_damage,50,FALSE,straight,,fine,,daylight,,0,0,0,0,3,0,0,0,0,0,0,0,0,0,0,0,0,0,0,0
-36.75268321,174.7277662,Auckland,2018,property_damage,100,FALSE,straight,,rain,,daylight,,0,0,0,0,3,0,0,0,0,0,0,0,0,0,0,0,0,0,0,0
-37.03783013,174.9301497,Auckland,2018,property_damage,50,FALSE,straight,,fine,,daylight,,0,0,0,0,3,0,0,0,0,0,0,0,0,0,0,0,0,0,0,0
-37.14212966,175.5425659,Thames-Coromandel District,2018,property_damage,50,FALSE,straight,,fine,,daylight,,0,0,0,0,3,0,0,0,0,0,0,0,0,0,0,0,0,0,0,0
-45.89157107,170.5031545,Dunedin City,2018,property_damage,50,FALSE,straight,,fine,,daylight,traffic_lights,0,0,0,0,3,0,0,0,0,0,0,0,0,0,0,0,0,0,0,0
-41.03269174,174.8923152,Porirua City,2018,property_damage,50,FALSE,curved_view_open,,fine,,daylight,,0,0,0,0,3,0,0,0,0,0,0,0,0,0,0,0,0,0,0,0
-36.62654394,174.726612,Auckland,2018,property_damage,50,FALSE,straight,,fine,,daylight,,0,0,0,0,3,0,0,0,0,0,0,0,0,0,0,0,0,0,0,0
-43.91367841,171.7318179,Ashburton District,2018,property_damage,50,FALSE,straight,,fine,,daylight,,0,0,0,0,3,0,0,0,0,0,0,0,0,0,0,0,0,0,0,0
-36.90941275,174.7337871,Auckland,2018,property_damage,100,FALSE,straight,,fine,,daylight,,0,0,0,0,3,0,0,0,0,0,0,0,0,0,0,0,0,0,0,0
-36.90171555,174.92401,Auckland,2018,property_damage,50,FALSE,straight,,rain,,daylight,,0,0,0,0,3,0,0,0,0,0,0,0,0,0,0,0,0,0,0,0
-36.88618824,174.7918902,Auckland,2018,property_damage,100,FALSE,straight,,fine,,darkness_not_lit,,0,0,0,0,3,0,0,0,0,0,0,0,0,0,0,0,0,0,0,0
-36.87624397,174.6200681,Auckland,2018,property_damage,50,FALSE,straight,,fine,,daylight,,0,0,0,0,3,0,0,0,0,0,0,0,0,0,0,0,0,0,0,0
-35.71348705,174.3235408,Whangarei District,2018,minor_injury,50,TRUE,straight,,fine,,daylight,stop_sign,1,0,0,1,3,0,0,0,0,0,0,0,0,0,0,0,0,0,0,0
-36.96372111,174.9019266,Auckland,2018,minor_injury,60,TRUE,straight,,fine,,daylight,traffic_lights,1,0,0,1,3,0,0,0,0,0,0,0,0,0,0,0,0,0,0,0
-36.94058456,174.8436363,Auckland,2018,minor_injury,50,TRUE,straight,,fine,,dawn_dusk,traffic_lights,1,0,0,1,3,0,0,0,0,0,0,0,0,0,0,0,0,0,0,0
-36.94058456,174.8436363,Auckland,2018,minor_injury,50,TRUE,straight,,fine,,dawn_dusk,traffic_lights,1,0,0,1,3,0,0,0,0,0,0,0,0,0,0,0,0,0,0,0
-36.94212246,174.9083063,Auckland,2018,minor_injury,80,TRUE,straight,,fine,,daylight,traffic_lights,1,0,0,1,3,0,0,0,0,0,0,0,0,0,0,0,0,0,0,0
-37.77841436,175.2728805,Hamilton City,2018,minor_injury,50,TRUE,straight,,rain,,darkness_not_lit,traffic_lights,1,0,0,1,3,0,0,0,0,0,0,0,0,0,0,0,0,0,0,0
-36.91689618,174.6911205,Auckland,2018,minor_injury,50,TRUE,straight,,rain,,daylight,stop_sign,1,0,0,1,3,0,0,0,0,0,0,0,0,0,0,0,0,0,0,0
-36.92824506,174.9030766,Auckland,2018,minor_injury,60,FALSE,straight,,fine,,dawn_dusk,,1,0,0,1,3,0,0,0,0,0,0,0,0,0,0,0,0,0,0,0
-45.88490982,170.3540273,Dunedin City,2018,minor_injury,50,FALSE,straight,,fine,,daylight,,1,0,0,1,3,0,0,0,0,0,0,0,0,0,0,0,0,0,0,0
-36.94214732,174.9084417,Auckland,2018,minor_injury,80,TRUE,straight,,fine,,daylight,traffic_lights,1,0,0,1,3,0,0,0,0,0,0,0,0,0,0,0,0,0,0,0
-36.94214732,174.9084417,Auckland,2018,minor_injury,80,TRUE,straight,,fine,,daylight,traffic_lights,1,0,0,1,3,0,0,0,0,0,0,0,0,0,0,0,0,0,0,0
-36.87118141,174.7124036,Auckland,2018,minor_injury,80,FALSE,straight,,fine,,daylight,,1,0,0,1,3,0,0,0,0,0,0,0,0,0,0,0,0,0,0,0
-36.87118141,174.7124036,Auckland,2018,minor_injury,80,FALSE,straight,,fine,,daylight,,1,0,0,1,3,0,0,0,0,0,0,0,0,0,0,0,0,0,0,0
-39.64079653,176.8475301,Hastings District,2018,minor_injury,50,TRUE,straight,,fine,,darkness_not_lit,traffic_lights,1,0,0,1,3,0,0,0,0,0,0,0,0,0,0,0,0,0,0,0
-41.21543407,174.9021067,Hutt City,2018,minor_injury,50,FALSE,straight,,fine,,daylight,traffic_lights,1,0,0,1,3,0,0,0,0,0,0,0,0,0,0,0,0,0,0,0
-41.12470833,175.0320751,Upper Hutt City,2018,minor_injury,100,TRUE,straight,,fine,,daylight,,1,0,0,1,3,0,0,0,0,0,0,0,0,0,0,0,0,0,0,0
-36.88173931,174.8591063,Auckland,2018,minor_injury,50,TRUE,straight,,fine,,daylight,stop_sign,1,0,0,1,3,0,0,0,0,0,0,0,0,0,0,0,0,0,0,0
-36.94408788,174.8380052,Auckland,2018,minor_injury,50,TRUE,straight,,fine,,daylight,,1,0,0,1,3,0,0,0,0,0,0,0,0,0,0,0,0,0,0,0
-36.93444072,174.9101469,Auckland,2018,minor_injury,80,TRUE,straight,,fine,,daylight,giveway_sign,1,0,0,1,3,0,0,0,0,0,0,0,0,0,0,0,0,0,0,0
-36.86551664,174.7680856,Auckland,2018,minor_injury,50,TRUE,straight,,fine,,darkness_not_lit,traffic_lights,1,0,0,1,3,0,0,0,0,0,0,0,0,0,0,0,0,0,0,0
-36.80299511,174.7876517,Auckland,2018,minor_injury,50,FALSE,straight,,fine,,daylight,,1,0,0,1,3,0,0,0,0,0,0,0,0,0,0,0,0,0,0,0
-36.83213225,174.7448125,Auckland,2018,minor_injury,80,FALSE,straight,,rain,,darkness_not_lit,,1,0,0,1,3,0,0,0,0,0,0,0,0,0,0,0,0,0,0,0
-36.83213225,174.7448125,Auckland,2018,minor_injury,80,FALSE,straight,,rain,,darkness_not_lit,,1,0,0,1,3,0,0,0,0,0,0,0,0,0,0,0,0,0,0,0
-38.66820828,178.0257792,Gisborne District,2018,minor_injury,50,TRUE,straight,,fine,,daylight,stop_sign,1,0,0,1,3,0,0,0,0,0,0,0,0,0,0,0,0,0,0,0
-36.90797314,174.885075,Auckland,2018,minor_injury,60,TRUE,straight,,rain,,daylight,traffic_lights,1,0,0,1,3,0,0,0,0,0,0,0,0,0,0,0,0,0,0,0
-36.86854143,174.7695464,Auckland,2018,minor_injury,80,FALSE,straight,,fine,,darkness_not_lit,,1,0,0,1,3,0,0,0,0,0,0,0,0,0,0,0,0,0,0,0
-36.92234612,174.79213,Auckland,2018,minor_injury,50,TRUE,straight,,fine,,daylight,stop_sign,1,0,0,1,3,0,0,0,0,0,0,0,0,0,0,0,0,0,0,0
-36.92234612,174.79213,Auckland,2018,minor_injury,50,TRUE,straight,,fine,,daylight,stop_sign,1,0,0,1,3,0,0,0,0,0,0,0,0,0,0,0,0,0,0,0
-37.95091836,176.9486692,Whakatane District,2018,minor_injury,100,FALSE,straight,,fine,,daylight,,1,0,0,1,3,0,0,0,0,0,0,0,0,0,0,0,0,0,0,0
-43.5048472,172.6625592,Christchurch City,2018,minor_injury,50,FALSE,straight,,fine,,daylight,,1,0,0,1,3,0,0,0,0,0,0,0,0,0,0,0,0,0,0,0
-36.88093282,174.8559228,Auckland,2018,minor_injury,50,TRUE,straight,,fine,,daylight,giveway_sign,1,0,0,1,3,0,0,0,0,0,0,0,0,0,0,0,0,0,0,0
-43.53117851,172.581685,Christchurch City,2018,minor_injury,50,FALSE,straight,,fine,,darkness_not_lit,,1,0,0,1,3,0,0,0,0,0,0,0,0,0,0,0,0,0,0,0
-37.08538016,174.9363613,Auckland,2018,minor_injury,100,FALSE,straight,,rain,,daylight,,1,0,0,1,3,0,0,0,0,0,0,0,0,0,0,0,0,0,0,0
-38.12063987,176.2288918,Rotorua District,2018,minor_injury,60,TRUE,straight,,fine,,dawn_dusk,traffic_lights,1,0,0,1,3,0,0,0,0,0,0,0,0,0,0,0,0,0,0,0
-43.52519053,172.6727786,Christchurch City,2018,minor_injury,50,TRUE,straight,,fine,,daylight,traffic_lights,1,0,0,1,3,0,0,0,0,0,0,0,0,0,0,0,0,0,0,0
-36.88159404,174.7863299,Auckland,2018,minor_injury,80,FALSE,straight,,fine,,daylight,,1,0,0,1,3,0,0,0,0,0,0,0,0,0,0,0,0,0,0,0
-37.94286817,175.6688563,South Waikato District,2018,minor_injury,100,FALSE,curved_view_open,,fine,,daylight,,1,0,0,1,3,0,0,0,0,0,0,0,0,0,0,0,0,0,0,0
-37.94286817,175.6688563,Matamata-Piako District,2018,minor_injury,100,FALSE,curved_view_open,,fine,,daylight,,1,0,0,1,3,0,0,0,0,0,0,0,0,0,0,0,0,0,0,0
-39.61548432,176.8025733,Hastings District,2018,minor_injury,50,FALSE,curved_view_open,,fine,,daylight,,1,0,0,1,3,0,0,0,0,0,0,0,0,0,0,0,0,0,0,0
-36.91252632,174.8232055,Auckland,2018,minor_injury,100,FALSE,straight,,fine,,daylight,,1,0,0,1,3,0,0,0,0,0,0,0,0,0,0,0,0,0,0,0
-36.8177856,174.750137,Auckland,2018,minor_injury,100,FALSE,straight,,rain,,darkness_not_lit,,1,0,0,1,3,0,0,0,0,0,0,0,0,0,0,0,0,0,0,0
-36.89417201,174.6449899,Auckland,2018,minor_injury,50,FALSE,straight,,rain,,daylight,,1,0,0,1,3,0,0,0,0,0,0,0,0,0,0,0,0,0,0,0
-41.52743295,173.9732101,Marlborough District,2018,minor_injury,80,TRUE,straight,,fine,,daylight,giveway_sign,1,0,0,1,3,0,0,0,0,0,0,0,0,0,0,0,0,0,0,0
-43.3866098,172.6444246,Waimakariri District,2018,minor_injury,50,TRUE,straight,,fine,,dawn_dusk,giveway_sign,1,0,0,1,3,0,0,0,0,0,0,0,0,0,0,0,0,0,0,0
-36.8649775,174.7655492,Auckland,2018,minor_injury,50,TRUE,straight,,fine,,darkness_not_lit,giveway_sign,1,0,0,1,3,0,0,0,0,0,0,0,0,0,0,0,0,0,0,0
-37.7919587,175.2928612,Hamilton City,2018,minor_injury,50,FALSE,straight,,fine,,daylight,,1,0,0,1,3,0,0,0,0,0,0,0,0,0,0,0,0,0,0,0
-36.81025644,174.7337226,Auckland,2018,minor_injury,50,FALSE,straight,,rain,,daylight,,1,0,0,1,3,0,0,0,0,0,0,0,0,0,0,0,0,0,0,0
-36.81025644,174.7337226,Auckland,2018,minor_injury,50,FALSE,straight,,rain,,daylight,,1,0,0,1,3,0,0,0,0,0,0,0,0,0,0,0,0,0,0,0