latitude,longitude,local_government_area,year,severity,speed_limit,intersection,road_position_horizontal,road_wet,weather,crash_type,lighting,traffic_controls,casualties,fatalities,serious_injuries,minor_injuries,car_sedan,car_utility,car_van,car_4x4,car_station_wagon,motor_cycle,truck_small,truck_large,bus,taxi,bicycle,scooter,pedestrian,inanimate,train,tram
-36.98634617,174.8848393,Auckland,2018,minor_injury,100,FALSE,straight,,fine,,darkness_not_lit,,1,0,0,1,3,0,0,0,0,0,0,0,0,0,0,0,0,0,0,0
-45.89116332,170.5026185,Dunedin City,2018,minor_injury,50,FALSE,straight,,fine,,daylight,,1,0,0,1,3,0,0,0,0,0,0,0,0,0,0,0,0,0,0,0
-36.91612303,174.7822073,Auckland,2018,minor_injury,50,TRUE,straight,,rain,,daylight,stop_sign,1,0,0,1,3,0,0,0,0,0,0,0,0,0,0,0,0,0,0,0
-43.51095596,172.6206965,Christchurch City,2018,minor_injury,50,TRUE,straight,,rain,,daylight,,1,0,0,1,3,0,0,0,0,0,0,0,0,0,0,0,0,0,0,0
-36.8822772,174.7870527,Auckland,2018,minor_injury,100,FALSE,straight,,fine,,darkness_not_lit,,1,0,0,1,3,0,0,0,0,0,0,0,0,0,0,0,0,0,0,0
-36.8634119,174.7592875,Auckland,2018,minor_injury,50,TRUE,straight,,fine,,daylight,giveway_sign,1,0,0,1,3,0,0,0,0,0,0,0,0,0,0,0,0,0,0,0
-36.8634119,174.7592875,Auckland,2018,minor_injury,50,TRUE,straight,,fine,,daylight,giveway_sign,1,0,0,1,3,0,0,0,0,0,0,0,0,0,0,0,0,0,0,0
-36.91028977,174.8215247,Auckland,2018,minor_injury,100,FALSE,straight,,fine,,darkness_not_lit,,1,0,0,1,3,0,0,0,0,0,0,0,0,0,0,0,0,0,0,0
-36.86406244,174.6479001,Auckland,2018,minor_injury,50,FALSE,straight,,fine,,daylight,,1,0,0,1,3,0,0,0,0,0,0,0,0,0,0,0,0,0,0,0
-41.28946656,173.2716984,Nelson City,2018,minor_injury,50,FALSE,straight,,fine,,daylight,,1,0,0,1,3,0,0,0,0,0,0,0,0,0,0,0,0,0,0,0
-37.69818257,176.1588356,Tauranga City,2018,minor_injury,50,FALSE,straight,,fine,,darkness_not_lit,,1,0,0,1,3,0,0,0,0,0,0,0,0,0,0,0,0,0,0,0
-37.69665478,176.1123149,Tauranga City,2018,minor_injury,50,FALSE,straight,,fine,,daylight,,1,0,0,1,3,0,0,0,0,0,0,0,0,0,0,0,0,0,0,0
-38.67263359,178.0396657,Gisborne District,2018,minor_injury,50,FALSE,straight,,fine,,dawn_dusk,,1,0,0,1,3,0,0,0,0,0,0,0,0,0,0,0,0,0,0,0
-37.80726539,175.2800572,Hamilton City,2018,minor_injury,60,FALSE,straight,,rain,,daylight,,1,0,0,1,3,0,0,0,0,0,0,0,0,0,0,0,0,0,0,0
-36.926622,174.8957952,Auckland,2018,minor_injury,60,FALSE,straight,,fine,,dawn_dusk,,1,0,0,1,3,0,0,0,0,0,0,0,0,0,0,0,0,0,0,0
-37.79539185,175.2451693,Hamilton City,2018,minor_injury,50,FALSE,straight,,fine,,daylight,giveway_sign,1,0,0,1,3,0,0,0,0,0,0,0,0,0,0,0,0,0,0,0
-36.91924724,174.6969088,Auckland,2018,minor_injury,50,FALSE,straight,,fine,,darkness_not_lit,,1,0,0,1,3,0,0,0,0,0,0,0,0,0,0,0,0,0,0,0
-36.80207328,174.7872155,Auckland,2018,minor_injury,50,FALSE,straight,,fine,,daylight,,1,0,0,1,3,0,0,0,0,0,0,0,0,0,0,0,0,0,0,0
-43.55398924,172.4754267,Christchurch City,2018,minor_injury,70,FALSE,straight,,fine,,daylight,,1,0,0,1,3,0,0,0,0,0,0,0,0,0,0,0,0,0,0,0
-37.04307865,174.9327337,Auckland,2018,minor_injury,50,FALSE,straight,,fine,,dawn_dusk,,1,0,0,1,3,0,0,0,0,0,0,0,0,0,0,0,0,0,0,0
-36.94054398,174.8943099,Auckland,2018,minor_injury,60,FALSE,straight,,rain,,darkness_not_lit,,1,0,0,1,3,0,0,0,0,0,0,0,0,0,0,0,0,0,0,0
-38.60913322,176.1208684,Taupo District,2018,minor_injury,100,FALSE,curved_view_open,,rain,,daylight,,1,0,0,1,3,0,0,0,0,0,0,0,0,0,0,0,0,0,0,0
-38.0838016,176.3275863,Rotorua District,2018,minor_injury,100,FALSE,straight,,rain,,daylight,,1,0,0,1,3,0,0,0,0,0,0,0,0,0,0,0,0,0,0,0
-45.02037071,168.7336184,Queenstown-Lakes District,2018,minor_injury,70,FALSE,straight,,fine,,daylight,,1,0,0,1,3,0,0,0,0,0,0,0,0,0,0,0,0,0,0,0
-36.91229464,174.8230316,Auckland,2018,minor_injury,100,FALSE,straight,,fine,,daylight,,1,0,0,1,3,0,0,0,0,0,0,0,0,0,0,0,0,0,0,0
-38.07163307,176.7254184,Kawerau District,2018,minor_injury,100,FALSE,straight,,fine,,daylight,,1,0,0,1,3,0,0,0,0,0,0,0,0,0,0,0,0,0,0,0
-36.63550259,174.662703,Auckland,2018,minor_injury,100,FALSE,straight,,fine,,daylight,,1,0,0,1,3,0,0,0,0,0,0,0,0,0,0,0,0,0,0,0
-37.07302823,174.9288821,Auckland,2018,minor_injury,100,FALSE,straight,,fine,,daylight,,1,0,0,1,3,0,0,0,0,0,0,0,0,0,0,0,0,0,0,0
-36.89808809,174.8083961,Auckland,2018,minor_injury,100,FALSE,straight,,fine,,daylight,,1,0,0,1,3,0,0,0,0,0,0,0,0,0,0,0,0,0,0,0
-36.60956,174.7824377,Auckland,2018,minor_injury,60,FALSE,curved_view_open,,fine,,daylight,,1,0,0,1,3,0,0,0,0,0,0,0,0,0,0,0,0,0,0,0
-36.91643728,174.8326266,Auckland,2018,minor_injury,100,FALSE,straight,,rain,,daylight,,1,0,0,1,3,0,0,0,0,0,0,0,0,0,0,0,0,0,0,0
-43.4661172,172.6188012,Christchurch City,2018,minor_injury,50,FALSE,straight,,rain,,daylight,,1,0,0,1,3,0,0,0,0,0,0,0,0,0,0,0,0,0,0,0
-36.87079896,174.6753735,Auckland,2018,minor_injury,100,FALSE,straight,,fine,,darkness_not_lit,,1,0,0,1,3,0,0,0,0,0,0,0,0,0,0,0,0,0,0,0
-41.10458536,174.8743723,Porirua City,2018,minor_injury,50,FALSE,curved_view_open,,fine,,daylight,,1,0,0,1,3,0,0,0,0,0,0,0,0,0,0,0,0,0,0,0
-36.9196137,174.8417056,Auckland,2018,minor_injury,100,FALSE,curved_view_open,,fine,,darkness_not_lit,,1,0,0,1,3,0,0,0,0,0,0,0,0,0,0,0,0,0,0,0
-36.88025878,174.8155489,Auckland,2018,minor_injury,50,FALSE,straight,,fine,,daylight,,1,0,0,1,3,0,0,0,0,0,0,0,0,0,0,0,0,0,0,0
-41.28446052,174.7732244,Wellington City,2018,minor_injury,70,FALSE,straight,,fine,,daylight,,1,0,0,1,3,0,0,0,0,0,0,0,0,0,0,0,0,0,0,0
-36.83327353,174.743818,Auckland,2018,minor_injury,80,FALSE,straight,,fine,,daylight,,1,0,0,1,3,0,0,0,0,0,0,0,0,0,0,0,0,0,0,0
-39.64661895,176.8536435,Hastings District,2018,minor_injury,50,FALSE,straight,,fine,,daylight,,1,0,0,1,3,0,0,0,0,0,0,0,0,0,0,0,0,0,0,0
-36.92926693,174.783243,Auckland,2018,minor_injury,100,FALSE,straight,,rain,,darkness_not_lit,,1,0,0,1,3,0,0,0,0,0,0,0,0,0,0,0,0,0,0,0
-36.85202025,174.7482031,Auckland,2018,minor_injury,50,FALSE,straight,,fine,,darkness_not_lit,,1,0,0,1,3,0,0,0,0,0,0,0,0,0,0,0,0,0,0,0
-36.87796113,174.6466167,Auckland,2018,minor_injury,50,FALSE,straight,,fine,,daylight,,1,0,0,1,3,0,0,0,0,0,0,0,0,0,0,0,0,0,0,0
-36.91423231,174.748107,Auckland,2018,minor_injury,100,FALSE,straight,,fine,,daylight,,1,0,0,1,3,0,0,0,0,0,0,0,0,0,0,0,0,0,0,0
-37.07845743,174.9507073,Auckland,2018,minor_injury,50,FALSE,straight,,fine,,daylight,,1,0,0,1,3,0,0,0,0,0,0,0,0,0,0,0,0,0,0,0
-36.87654216,174.7812196,Auckland,2018,minor_injury,80,FALSE,straight,,fine,,daylight,,1,0,0,1,3,0,0,0,0,0,0,0,0,0,0,0,0,0,0,0
-36.9092735,174.7402266,Auckland,2018,minor_injury,50,FALSE,straight,,fine,,daylight,,1,0,0,1,3,0,0,0,0,0,0,0,0,0,0,0,0,0,0,0
-43.48431908,172.6119966,Christchurch City,2018,minor_injury,50,FALSE,straight,,fine,,daylight,,1,0,0,1,3,0,0,0,0,0,0,0,0,0,0,0,0,0,0,0
-35.8314907,174.3145488,Whangarei District,2018,minor_injury,100,FALSE,straight,,rain,,daylight,,1,0,0,1,3,0,0,0,0,0,0,0,0,0,0,0,0,0,0,0
-41.15412328,174.9815847,Hutt City,2018,minor_injury,100,FALSE,straight,,rain,,daylight,,1,0,0,1,3,0,0,0,0,0,0,0,0,0,0,0,0,0,0,0
-36.81020611,174.7328472,Auckland,2018,minor_injury,50,FALSE,straight,,fine,,daylight,traffic_lights,1,0,0,1,3,0,0,0,0,0,0,0,0,0,0,0,0,0,0,0
-36.8520217,174.8077475,Auckland,2018,minor_injury,50,FALSE,straight,,fine,,daylight,,1,0,0,1,3,0,0,0,0,0,0,0,0,0,0,0,0,0,0,0
-41.20313798,174.9276304,Hutt City,2018,minor_injury,50,FALSE,straight,,fine,,daylight,,1,0,0,1,3,0,0,0,0,0,0,0,0,0,0,0,0,0,0,0
-43.55448375,172.6265644,Christchurch City,2018,minor_injury,50,FALSE,straight,,fine,,daylight,,1,0,0,1,3,0,0,0,0,0,0,0,0,0,0,0,0,0,0,0
-37.72256382,176.1352122,Tauranga City,2018,minor_injury,50,FALSE,straight,,rain,,daylight,,1,0,0,1,3,0,0,0,0,0,0,0,0,0,0,0,0,0,0,0
-36.8694701,174.6730896,Auckland,2018,minor_injury,80,FALSE,straight,,fine,,daylight,,1,0,0,1,3,0,0,0,0,0,0,0,0,0,0,0,0,0,0,0
-36.75193428,174.7272005,Auckland,2018,minor_injury,100,FALSE,straight,,fine,,daylight,,1,0,0,1,3,0,0,0,0,0,0,0,0,0,0,0,0,0,0,0
-35.66894639,174.4535953,Whangarei District,2018,minor_injury,100,FALSE,curved_view_open,,fine,,daylight,,1,0,0,1,3,0,0,0,0,0,0,0,0,0,0,0,0,0,0,0
-43.52941981,172.6781638,Christchurch City,2018,minor_injury,50,FALSE,straight,,fine,,darkness_not_lit,,1,0,0,1,3,0,0,0,0,0,0,0,0,0,0,0,0,0,0,0
-40.33878359,175.6156683,Palmerston North City,2018,minor_injury,50,FALSE,straight,,fine,,darkness_not_lit,,1,0,0,1,3,0,0,0,0,0,0,0,0,0,0,0,0,0,0,0
-36.989973,174.8868838,Auckland,2018,minor_injury,100,FALSE,straight,,fine,,darkness_not_lit,,1,0,0,1,3,0,0,0,0,0,0,0,0,0,0,0,0,0,0,0
-43.53870375,172.6090241,Christchurch City,2018,minor_injury,60,FALSE,straight,,fine,,daylight,,1,0,0,1,3,0,0,0,0,0,0,0,0,0,0,0,0,0,0,0
-36.85157675,174.6382555,Auckland,2018,minor_injury,100,FALSE,straight,,rain,,darkness_not_lit,,1,0,0,1,3,0,0,0,0,0,0,0,0,0,0,0,0,0,0,0
-36.88495027,174.7897069,Auckland,2018,minor_injury,100,FALSE,straight,,fine,,darkness_not_lit,,1,0,0,1,3,0,0,0,0,0,0,0,0,0,0,0,0,0,0,0
-36.8621309,174.7538738,Auckland,2018,minor_injury,80,FALSE,straight,,rain,,darkness_not_lit,,1,0,0,1,3,0,0,0,0,0,0,0,0,0,0,0,0,0,0,0
-46.35199704,168.327276,Invercargill City,2018,minor_injury,100,FALSE,straight,,rain,,darkness_not_lit,,1,0,0,1,3,0,0,0,0,0,0,0,0,0,0,0,0,0,0,0
-39.2928109,174.2661314,Stratford District,2018,minor_injury,50,FALSE,straight,,rain,,darkness_not_lit,,1,0,0,1,3,0,0,0,0,0,0,0,0,0,0,0,0,0,0,0
-37.80630696,175.2867288,Hamilton City,2018,minor_injury,80,FALSE,straight,,rain,,daylight,,1,0,0,1,3,0,0,0,0,0,0,0,0,0,0,0,0,0,0,0
-36.81913568,174.7502686,Auckland,2018,minor_injury,80,FALSE,straight,,fine,,daylight,,1,0,0,1,3,0,0,0,0,0,0,0,0,0,0,0,0,0,0,0
-36.99785667,174.8613797,Auckland,2018,minor_injury,100,FALSE,straight,,rain,,darkness_not_lit,,1,0,0,1,3,0,0,0,0,0,0,0,0,0,0,0,0,0,0,0
-40.34479321,175.5984301,Palmerston North City,2018,minor_injury,50,FALSE,straight,,fine,,darkness_not_lit,,1,0,0,1,3,0,0,0,0,0,0,0,0,0,0,0,0,0,0,0
-36.90507819,174.7213318,Auckland,2018,minor_injury,50,FALSE,straight,,rain,,darkness_not_lit,traffic_lights,1,0,0,1,3,0,0,0,0,0,0,0,0,0,0,0,0,0,0,0
-41.50834234,173.952194,Marlborough District,2018,minor_injury,50,FALSE,straight,,fine,,daylight,,1,0,0,1,3,0,0,0,0,0,0,0,0,0,0,0,0,0,0,0
-35.06119636,173.2581271,Far North District,2018,minor_injury,100,FALSE,straight,,fine,,darkness_not_lit,,1,0,0,1,3,0,0,0,0,0,0,0,0,0,0,0,0,0,0,0
-36.88397847,174.7484379,Auckland,2018,minor_injury,50,FALSE,straight,,fine,,darkness_not_lit,,1,0,0,1,3,0,0,0,0,0,0,0,0,0,0,0,0,0,0,0
-43.51621909,172.5907092,Christchurch City,2018,minor_injury,50,FALSE,straight,,fine,,daylight,,1,0,0,1,3,0,0,0,0,0,0,0,0,0,0,0,0,0,0,0
-46.4179037,168.3645731,Invercargill City,2018,minor_injury,50,FALSE,straight,,fine,,daylight,,1,0,0,1,3,0,0,0,0,0,0,0,0,0,0,0,0,0,0,0
-41.13898168,175.028167,Upper Hutt City,2018,minor_injury,50,FALSE,straight,,fine,,dawn_dusk,,1,0,0,1,3,0,0,0,0,0,0,0,0,0,0,0,0,0,0,0
-37.71449236,176.1835274,Tauranga City,2018,minor_injury,100,FALSE,straight,,fine,,daylight,,1,0,0,1,3,0,0,0,0,0,0,0,0,0,0,0,0,0,0,0
-36.73794103,174.722508,Auckland,2018,minor_injury,50,FALSE,straight,,fine,,daylight,,1,0,0,1,3,0,0,0,0,0,0,0,0,0,0,0,0,0,0,0
-34.73902042,173.0458267,Far North District,2018,minor_injury,100,FALSE,straight,,fine,,darkness_not_lit,,1,0,0,1,3,0,0,0,0,0,0,0,0,0,0,0,0,0,0,0
-36.87144321,174.7092457,Auckland,2018,minor_injury,100,FALSE,straight,,fine,,daylight,,1,0,0,1,3,0,0,0,0,0,0,0,0,0,0,0,0,0,0,0
-39.53562295,176.8495368,Napier City,2018,minor_injury,50,FALSE,straight,,fine,,daylight,,1,0,0,1,3,0,0,0,0,0,0,0,0,0,0,0,0,0,0,0
-37.5855331,175.1595216,Waikato District,2018,minor_injury,100,FALSE,straight,,fine,,daylight,,1,0,0,1,3,0,0,0,0,0,0,0,0,0,0,0,0,0,0,0
-36.37519305,174.674422,Auckland,2018,minor_injury,80,FALSE,straight,,fine,,daylight,,1,0,0,1,3,0,0,0,0,0,0,0,0,0,0,0,0,0,0,0
-43.53396651,172.5639304,Christchurch City,2018,minor_injury,50,FALSE,straight,,fine,,daylight,,1,0,0,1,3,0,0,0,0,0,0,0,0,0,0,0,0,0,0,0
-41.12305479,174.8512769,Porirua City,2018,minor_injury,100,FALSE,straight,,fine,,daylight,,1,0,0,1,3,0,0,0,0,0,0,0,0,0,0,0,0,0,0,0
-45.85045321,170.5257976,Dunedin City,2018,minor_injury,50,TRUE,curved_view_open,,fine,,dawn_dusk,,1,0,0,1,3,0,0,0,0,0,0,0,0,0,0,0,0,0,0,0
-37.03302187,174.9475093,Auckland,2018,minor_injury,80,FALSE,straight,,fine,,daylight,,1,0,0,1,3,0,0,0,0,0,0,0,0,0,0,0,0,0,0,0
-36.82887735,174.7467232,Auckland,2018,minor_injury,80,FALSE,straight,,rain,,darkness_not_lit,,1,0,0,1,3,0,0,0,0,0,0,0,0,0,0,0,0,0,0,0
-36.90880003,174.7325386,Auckland,2018,minor_injury,100,FALSE,straight,,fine,,daylight,,1,0,0,1,3,0,0,0,0,0,0,0,0,0,0,0,0,0,0,0
-36.90182059,174.8065539,Auckland,2018,minor_injury,50,FALSE,straight,,fine,,dawn_dusk,,1,0,0,1,3,0,0,0,0,0,0,0,0,0,0,0,0,0,0,0
-36.82046848,174.7497384,Auckland,2018,minor_injury,80,FALSE,straight,,fine,,darkness_not_lit,,1,0,0,1,3,0,0,0,0,0,0,0,0,0,0,0,0,0,0,0
-36.98287033,174.8783834,Auckland,2018,minor_injury,50,FALSE,straight,,fine,,daylight,,1,0,0,1,3,0,0,0,0,0,0,0,0,0,0,0,0,0,0,0
-41.29762721,174.7750979,Wellington City,2018,minor_injury,50,FALSE,straight,,fine,,daylight,,1,0,0,1,3,0,0,0,0,0,0,0,0,0,0,0,0,0,0,0
-38.66983039,178.0320146,Gisborne District,2018,minor_injury,50,FALSE,straight,,fine,,daylight,,1,0,0,1,3,0,0,0,0,0,0,0,0,0,0,0,0,0,0,0
-37.78071673,175.2515375,Hamilton City,2018,minor_injury,80,FALSE,straight,,rain,,daylight,,1,0,0,1,3,0,0,0,0,0,0,0,0,0,0,0,0,0,0,0
-37.53625091,175.158812,Waikato District,2018,minor_injury,70,FALSE,straight,,fine,,daylight,,1,0,0,1,3,0,0,0,0,0,0,0,0,0,0,0,0,0,0,0
-36.90817318,174.6903443,Auckland,2018,minor_injury,50,FALSE,straight,,fine,,daylight,,1,0,0,1,3,0,0,0,0,0,0,0,0,0,0,0,0,0,0,0
-45.86884565,170.5201624,Dunedin City,2018,minor_injury,50,FALSE,straight,,rain,,daylight,,1,0,0,1,3,0,0,0,0,0,0,0,0,0,0,0,0,0,0,0
-37.69535,175.209656,Waikato District,2018,minor_injury,100,TRUE,straight,,rain,,daylight,giveway_sign,5,0,0,5,3,0,0,0,0,0,0,0,0,0,0,0,0,0,0,0
-45.63927372,169.3705417,Central Otago District,2018,minor_injury,80,FALSE,straight,,fine,,daylight,,5,0,0,5,3,0,0,0,0,0,0,0,0,0,0,0,0,0,0,0
-35.26744418,173.9397272,Far North District,2018,minor_injury,100,FALSE,straight,,rain,,daylight,,5,0,0,5,3,0,0,0,0,0,0,0,0,0,0,0,0,0,0,0
-36.97560888,174.8203398,Auckland,2018,minor_injury,100,FALSE,straight,,fine,,daylight,,5,0,0,5,3,0,0,0,0,0,0,0,0,0,0,0,0,0,0,0
-37.39725258,175.1132478,Waikato District,2018,serious_injury,100,FALSE,straight,,fine,,daylight,,2,0,2,0,3,0,0,0,0,0,0,0,0,0,0,0,0,0,0,0
-41.29627903,174.7795759,Wellington City,2018,serious_injury,50,TRUE,straight,,rain,,darkness_not_lit,traffic_lights,1,0,1,0,3,0,0,0,0,0,0,0,0,0,0,0,0,0,0,0
-41.29627903,174.7795759,Wellington City,2018,serious_injury,50,TRUE,straight,,rain,,darkness_not_lit,traffic_lights,1,0,1,0,3,0,0,0,0,0,0,0,0,0,0,0,0,0,0,0
-37.79757171,175.3122725,Hamilton City,2018,serious_injury,50,FALSE,curved_view_open,,fine,,darkness_not_lit,,1,0,1,0,3,0,0,0,0,0,0,0,0,0,0,0,0,0,0,0
-37.58053012,175.1591053,Waikato District,2018,serious_injury,100,FALSE,straight,,fine,,daylight,,1,0,1,0,3,0,0,0,0,0,0,0,0,0,0,0,0,0,0,0
-37.01754527,174.8662885,Auckland,2018,serious_injury,50,FALSE,straight,,fine,,daylight,traffic_lights,1,0,1,0,3,0,0,0,0,0,0,0,0,0,0,0,0,0,0,0
-37.66706098,175.491296,Matamata-Piako District,2018,serious_injury,100,FALSE,straight,,fine,,daylight,,1,0,1,0,3,0,0,0,0,0,0,0,0,0,0,0,0,0,0,0
-37.7655977,176.0653115,Western Bay Of Plenty District,2018,serious_injury,100,FALSE,straight,,fine,,darkness_not_lit,,1,0,1,0,3,0,0,0,0,0,0,0,0,0,0,0,0,0,0,0
-41.02778401,174.9004413,Porirua City,2018,serious_injury,80,FALSE,straight,,fine,,darkness_not_lit,,1,0,1,0,3,0,0,0,0,0,0,0,0,0,0,0,0,0,0,0
-36.91180853,174.8693767,Auckland,2018,minor_injury,60,TRUE,straight,,rain,,daylight,traffic_lights,2,0,0,2,3,0,0,0,0,0,0,0,0,0,0,0,0,0,0,0
-36.91180853,174.8693767,Auckland,2018,minor_injury,60,TRUE,straight,,rain,,daylight,traffic_lights,2,0,0,2,3,0,0,0,0,0,0,0,0,0,0,0,0,0,0,0
-36.85841774,174.7635923,Auckland,2018,minor_injury,50,TRUE,straight,,fine,,daylight,traffic_lights,2,0,0,2,3,0,0,0,0,0,0,0,0,0,0,0,0,0,0,0
-36.85841774,174.7635923,Auckland,2018,minor_injury,50,TRUE,straight,,fine,,daylight,traffic_lights,2,0,0,2,3,0,0,0,0,0,0,0,0,0,0,0,0,0,0,0
-41.24550448,173.0078053,Tasman District,2018,minor_injury,100,TRUE,straight,,fine,,daylight,giveway_sign,2,0,0,2,3,0,0,0,0,0,0,0,0,0,0,0,0,0,0,0
-36.91868783,174.9178472,Auckland,2018,minor_injury,50,TRUE,straight,,rain,,darkness_not_lit,giveway_sign,2,0,0,2,3,0,0,0,0,0,0,0,0,0,0,0,0,0,0,0
-36.92778218,174.7800762,Auckland,2018,minor_injury,100,FALSE,straight,,fine,,daylight,,2,0,0,2,3,0,0,0,0,0,0,0,0,0,0,0,0,0,0,0
-36.91152683,174.6756691,Auckland,2018,minor_injury,50,FALSE,straight,,fine,,daylight,,2,0,0,2,3,0,0,0,0,0,0,0,0,0,0,0,0,0,0,0
-43.50839687,172.7274385,Christchurch City,2018,minor_injury,50,TRUE,straight,,rain,,darkness_not_lit,stop_sign,2,0,0,2,3,0,0,0,0,0,0,0,0,0,0,0,0,0,0,0
-36.89486255,174.651738,Auckland,2018,minor_injury,50,TRUE,straight,,fine,,daylight,giveway_sign,2,0,0,2,3,0,0,0,0,0,0,0,0,0,0,0,0,0,0,0
-43.89696801,171.7547591,Ashburton District,2018,minor_injury,50,FALSE,straight,,fine,,daylight,,2,0,0,2,3,0,0,0,0,0,0,0,0,0,0,0,0,0,0,0
-37.79539266,175.2606706,Hamilton City,2018,minor_injury,60,FALSE,straight,,fine,,daylight,,2,0,0,2,3,0,0,0,0,0,0,0,0,0,0,0,0,0,0,0
-41.23616584,174.8323195,Wellington City,2018,minor_injury,100,FALSE,straight,,fine,,darkness_not_lit,,2,0,0,2,3,0,0,0,0,0,0,0,0,0,0,0,0,0,0,0
-40.72991547,175.2048377,Horowhenua District,2018,minor_injury,100,FALSE,straight,,fine,,daylight,,2,0,0,2,3,0,0,0,0,0,0,0,0,0,0,0,0,0,0,0
-36.91616541,174.8315538,Auckland,2018,minor_injury,100,FALSE,straight,,rain,,darkness_not_lit,,2,0,0,2,3,0,0,0,0,0,0,0,0,0,0,0,0,0,0,0
-37.99613722,176.8822075,Whakatane District,2018,minor_injury,70,FALSE,straight,,rain,,daylight,,2,0,0,2,3,0,0,0,0,0,0,0,0,0,0,0,0,0,0,0
-36.81074676,174.7142062,Auckland,2018,minor_injury,50,FALSE,straight,,fine,,daylight,,2,0,0,2,3,0,0,0,0,0,0,0,0,0,0,0,0,0,0,0
-39.08193984,174.0967376,New Plymouth District,2018,minor_injury,100,FALSE,straight,,rain,,daylight,,2,0,0,2,3,0,0,0,0,0,0,0,0,0,0,0,0,0,0,0
-36.88529935,174.7904668,Auckland,2018,minor_injury,100,FALSE,straight,,rain,,daylight,,2,0,0,2,3,0,0,0,0,0,0,0,0,0,0,0,0,0,0,0
-37.80488049,176.4045629,Western Bay Of Plenty District,2018,minor_injury,100,FALSE,straight,,fine,,daylight,,2,0,0,2,3,0,0,0,0,0,0,0,0,0,0,0,0,0,0,0
-36.86871946,174.725575,Auckland,2018,minor_injury,100,FALSE,straight,,rain,,daylight,,2,0,0,2,3,0,0,0,0,0,0,0,0,0,0,0,0,0,0,0
-39.06404742,174.0533823,New Plymouth District,2018,minor_injury,50,FALSE,straight,,fine,,daylight,,2,0,0,2,3,0,0,0,0,0,0,0,0,0,0,0,0,0,0,0
-39.02937356,174.1678521,New Plymouth District,2018,minor_injury,80,FALSE,straight,,fine,,dawn_dusk,,2,0,0,2,3,0,0,0,0,0,0,0,0,0,0,0,0,0,0,0
-37.78027718,175.3031613,Hamilton City,2018,minor_injury,80,FALSE,straight,,rain,,darkness_not_lit,,2,0,0,2,3,0,0,0,0,0,0,0,0,0,0,0,0,0,0,0
-36.78664419,174.7519497,Auckland,2018,minor_injury,100,FALSE,straight,,rain,,darkness_not_lit,,2,0,0,2,3,0,0,0,0,0,0,0,0,0,0,0,0,0,0,0
-40.90201732,174.9928905,Kapiti Coast District,2018,minor_injury,50,TRUE,straight,,fine,,daylight,,2,0,0,2,3,0,0,0,0,0,0,0,0,0,0,0,0,0,0,0
-37.68959406,176.0411225,Western Bay Of Plenty District,2018,minor_injury,90,FALSE,straight,,fine,,daylight,,2,0,0,2,3,0,0,0,0,0,0,0,0,0,0,0,0,0,0,0
-41.23259998,174.8089055,Wellington City,2018,minor_injury,80,FALSE,straight,,fine,,darkness_not_lit,,2,0,0,2,3,0,0,0,0,0,0,0,0,0,0,0,0,0,0,0
-41.21212572,174.8924328,Hutt City,2018,minor_injury,50,FALSE,straight,,fine,,daylight,,2,0,0,2,3,0,0,0,0,0,0,0,0,0,0,0,0,0,0,0
-43.50682956,172.6365818,Christchurch City,2018,minor_injury,50,FALSE,straight,,fine,,daylight,,4,0,0,4,3,0,0,0,0,0,0,0,0,0,0,0,0,0,0,0
-36.98157567,174.8776101,Auckland,2018,minor_injury,50,TRUE,straight,,rain,,daylight,traffic_lights,3,0,0,3,3,0,0,0,0,0,0,0,0,0,0,0,0,0,0,0
-36.94223163,174.9026273,Auckland,2018,minor_injury,70,TRUE,straight,,fine,,daylight,giveway_sign,3,0,0,3,3,0,0,0,0,0,0,0,0,0,0,0,0,0,0,0
-36.92547926,174.9957812,Auckland,2018,minor_injury,100,FALSE,straight,,fine,,darkness_not_lit,,3,0,0,3,3,0,0,0,0,0,0,0,0,0,0,0,0,0,0,0
-45.87516526,170.5073947,Dunedin City,2018,minor_injury,30,FALSE,straight,,fine,,daylight,,3,0,0,3,3,0,0,0,0,0,0,0,0,0,0,0,0,0,0,0
-43.5399936,172.6370139,Christchurch City,2018,minor_injury,60,FALSE,straight,,fine,,daylight,,3,0,0,3,3,0,0,0,0,0,0,0,0,0,0,0,0,0,0,0
-37.02266809,174.942434,Auckland,2018,serious_injury,80,FALSE,straight,,fine,,daylight,,2,0,1,1,3,0,0,0,0,0,0,0,0,0,0,0,0,0,0,0
-37.02924877,174.9456593,Auckland,2018,serious_injury,80,FALSE,straight,,rain,,darkness_not_lit,,3,0,2,1,3,0,0,0,0,0,0,0,0,0,0,0,0,0,0,0
-40.33282008,175.5904845,Palmerston North City,2018,serious_injury,100,TRUE,straight,,fine,,daylight,giveway_sign,3,0,1,2,3,0,0,0,0,0,0,0,0,0,0,0,0,0,0,0
-38.22977095,175.1901632,Otorohanga District,2018,fatality,100,FALSE,curved_view_open,,rain,,daylight,,2,2,0,0,3,0,0,0,0,0,0,0,0,0,0,0,0,0,0,0
-46.32219248,168.3472811,Southland District,2018,serious_injury,100,TRUE,straight,,fine,,daylight,giveway_sign,4,0,2,2,3,0,0,0,0,0,0,0,0,0,0,0,0,0,0,0
-37.72343359,175.2300496,Hamilton City,2018,serious_injury,80,FALSE,curved_view_open,,fine,,daylight,,4,0,2,2,3,0,0,0,0,0,0,0,0,0,0,0,0,0,0,0
-39.59676938,176.7655392,Hastings District,2018,property_damage,100,TRUE,straight,,fine,,daylight,,0,0,0,0,1,0,0,1,0,0,0,0,0,0,0,0,0,1,0,0
-37.7827719,175.2754211,Hamilton City,2018,property_damage,50,TRUE,straight,,rain,,daylight,traffic_lights,0,0,0,0,1,0,0,1,0,0,0,0,0,0,0,0,0,1,0,0
-36.94212246,174.9083063,Auckland,2018,property_damage,80,TRUE,straight,,fine,,daylight,traffic_lights,0,0,0,0,1,0,0,1,0,0,0,0,0,0,0,0,0,1,0,0
-36.96327892,174.8684783,Auckland,2018,property_damage,60,TRUE,curved_view_open,,fine,,daylight,traffic_lights,0,0,0,0,1,0,0,1,0,0,0,0,0,0,0,0,0,1,0,0
-36.88957648,174.7106263,Auckland,2018,property_damage,50,FALSE,straight,,fine,,daylight,,0,0,0,0,1,0,0,1,0,0,0,0,0,0,0,0,0,1,0,0