latitude,longitude,local_government_area,year,severity,speed_limit,intersection,road_position_horizontal,road_wet,weather,crash_type,lighting,traffic_controls,casualties,fatalities,serious_injuries,minor_injuries,car_sedan,car_utility,car_van,car_4x4,car_station_wagon,motor_cycle,truck_small,truck_large,bus,taxi,bicycle,scooter,pedestrian,inanimate,train,tram
-36.89479929,174.7159724,Auckland,2018,property_damage,50,TRUE,curved_view_open,,fine,,darkness_not_lit,giveway_sign,0,0,0,0,1,0,0,1,0,0,0,0,0,0,0,0,0,1,0,0
-41.26614233,173.284161,Nelson City,2018,property_damage,50,TRUE,straight,,fine,,darkness_not_lit,stop_sign,0,0,0,0,1,0,0,1,0,0,0,0,0,0,0,0,0,1,0,0
-40.34751591,175.6274139,Palmerston North City,2018,property_damage,50,FALSE,straight,,fine,,daylight,,0,0,0,0,1,0,0,1,0,0,0,0,0,0,0,0,0,1,0,0
-36.91735838,174.6788725,Auckland,2018,property_damage,50,TRUE,straight,,fine,,daylight,stop_sign,0,0,0,0,1,0,0,1,0,0,0,0,0,0,0,0,0,1,0,0
-36.85487943,174.7388578,Auckland,2018,property_damage,50,TRUE,curved_view_open,,fine,,darkness_not_lit,giveway_sign,0,0,0,0,1,0,0,1,0,0,0,0,0,0,0,0,0,1,0,0
-41.30522157,174.7638846,Wellington City,2018,property_damage,30,FALSE,straight,,fine,,darkness_not_lit,,0,0,0,0,1,0,0,1,0,0,0,0,0,0,0,0,0,1,0,0
-40.95854206,175.6457112,Masterton District,2018,property_damage,50,TRUE,straight,,rain,,darkness_not_lit,,0,0,0,0,1,0,0,1,0,0,0,0,0,0,0,0,0,1,0,0
-36.87111458,174.8451062,Auckland,2018,property_damage,50,TRUE,straight,,fine,,daylight,giveway_sign,0,0,0,0,1,0,0,1,0,0,0,0,0,0,0,0,0,1,0,0
-39.64057275,176.8526434,Hastings District,2018,property_damage,50,TRUE,straight,,fine,,daylight,giveway_sign,0,0,0,0,1,0,0,1,0,0,0,0,0,0,0,0,0,1,0,0
-36.84727984,174.7658374,Auckland,2018,property_damage,30,FALSE,straight,,fine,,daylight,,0,0,0,0,1,0,0,1,0,0,0,0,0,0,0,0,0,1,0,0
-36.84727984,174.7658374,Auckland,2018,property_damage,30,FALSE,straight,,fine,,daylight,,0,0,0,0,1,0,0,1,0,0,0,0,0,0,0,0,0,1,0,0
-37.83079851,175.4537246,Waipa District,2018,property_damage,100,TRUE,straight,,rain,,daylight,giveway_sign,0,0,0,0,1,0,0,1,0,0,0,0,0,0,0,0,0,1,0,0
-41.1117856,174.8819016,Porirua City,2018,property_damage,50,TRUE,straight,,rain,,daylight,giveway_sign,0,0,0,0,1,0,0,1,0,0,0,0,0,0,0,0,0,1,0,0
-39.51125688,176.876154,Napier City,2018,property_damage,50,TRUE,curved_view_open,,,,daylight,giveway_sign,0,0,0,0,1,0,0,1,0,0,0,0,0,0,0,0,0,1,0,0
-36.87298416,174.8337978,Auckland,2018,property_damage,50,FALSE,straight,,fine,,darkness_not_lit,,0,0,0,0,1,0,0,1,0,0,0,0,0,0,0,0,0,1,0,0
-41.27364006,173.2791549,Nelson City,2018,property_damage,50,FALSE,straight,,fine,,daylight,,0,0,0,0,1,0,0,1,0,0,0,0,0,0,0,0,0,1,0,0
-39.50504196,176.9059904,Napier City,2018,property_damage,50,TRUE,straight,,fine,,daylight,giveway_sign,0,0,0,0,1,0,0,1,0,0,0,0,0,0,0,0,0,1,0,0
-36.97412443,174.8648679,Auckland,2018,property_damage,50,FALSE,straight,,fine,,daylight,,0,0,0,0,1,0,0,1,0,0,0,0,0,0,0,0,0,1,0,0
-36.85455263,174.7470045,Auckland,2018,property_damage,50,TRUE,straight,,fine,,daylight,,0,0,0,0,1,0,0,1,0,0,0,0,0,0,0,0,0,1,0,0
-40.58101628,175.2804783,Horowhenua District,2018,property_damage,100,FALSE,straight,,fine,,daylight,,0,0,0,0,1,0,0,1,0,0,0,0,0,0,0,0,0,1,0,0
-35.72340848,174.3198685,Whangarei District,2018,property_damage,50,FALSE,straight,,fine,,darkness_not_lit,,0,0,0,0,1,0,0,1,0,0,0,0,0,0,0,0,0,1,0,0
-36.90160572,174.9185417,Auckland,2018,property_damage,50,TRUE,curved_view_open,,fine,,daylight,giveway_sign,0,0,0,0,1,0,0,1,0,0,0,0,0,0,0,0,0,1,0,0
-36.74027193,174.5069208,Auckland,2018,property_damage,100,FALSE,curved_view_open,,fine,,daylight,,0,0,0,0,1,0,0,1,0,0,0,0,0,0,0,0,0,1,0,0
-44.39581638,171.2530018,Timaru District,2018,property_damage,30,TRUE,straight,,fine,,daylight,,0,0,0,0,1,0,0,1,0,0,0,0,0,0,0,0,0,1,0,0
-36.85874607,174.6096369,Auckland,2018,property_damage,50,TRUE,straight,,fine,,darkness_not_lit,giveway_sign,0,0,0,0,1,0,0,1,0,0,0,0,0,0,0,0,0,1,0,0
-39.03585427,174.1431066,New Plymouth District,2018,property_damage,50,TRUE,straight,,rain,,darkness_not_lit,,0,0,0,0,1,0,0,1,0,0,0,0,0,0,0,0,0,1,0,0
-36.8668555,174.8073006,Auckland,2018,property_damage,50,TRUE,straight,,rain,,daylight,giveway_sign,0,0,0,0,1,0,0,1,0,0,0,0,0,0,0,0,0,1,0,0
-38.00971593,175.3245157,Waipa District,2018,property_damage,50,FALSE,straight,,fine,,daylight,,0,0,0,0,1,0,0,1,0,0,0,0,0,0,0,0,0,1,0,0
-36.58350745,174.6904569,Auckland,2018,property_damage,50,FALSE,straight,,fine,,darkness_not_lit,,0,0,0,0,1,0,0,1,0,0,0,0,0,0,0,0,0,1,0,0
-41.20584952,174.9076016,Hutt City,2018,property_damage,50,FALSE,straight,,mist,,dawn_dusk,,0,0,0,0,1,0,0,1,0,0,0,0,0,0,0,0,0,1,0,0
-41.29943162,174.7737375,Wellington City,2018,property_damage,50,FALSE,straight,,fine,,daylight,,0,0,0,0,1,0,0,1,0,0,0,0,0,0,0,0,0,1,0,0
-36.85208127,174.7581192,Auckland,2018,property_damage,50,FALSE,straight,,fine,,daylight,,0,0,0,0,1,0,0,1,0,0,0,0,0,0,0,0,0,1,0,0
-40.35707096,175.5710309,Palmerston North City,2018,property_damage,50,FALSE,straight,,fine,,darkness_not_lit,,0,0,0,0,1,0,0,1,0,0,0,0,0,0,0,0,0,1,0,0
-36.86248857,174.6121609,Auckland,2018,property_damage,50,FALSE,straight,,fine,,daylight,,0,0,0,0,1,0,0,1,0,0,0,0,0,0,0,0,0,1,0,0
-36.85669349,174.6260039,Auckland,2018,property_damage,50,FALSE,straight,,fine,,daylight,,0,0,0,0,1,0,0,1,0,0,0,0,0,0,0,0,0,1,0,0
-36.84829895,174.8324789,Auckland,2018,property_damage,50,FALSE,straight,,fine,,darkness_not_lit,,0,0,0,0,1,0,0,1,0,0,0,0,0,0,0,0,0,1,0,0
-36.85278997,174.7644276,Auckland,2018,property_damage,30,FALSE,straight,,fine,,daylight,,0,0,0,0,1,0,0,1,0,0,0,0,0,0,0,0,0,1,0,0
-36.72153093,174.7426763,Auckland,2018,property_damage,50,FALSE,straight,,fine,,daylight,,0,0,0,0,1,0,0,1,0,0,0,0,0,0,0,0,0,1,0,0
-36.99672775,174.8752633,Auckland,2018,property_damage,50,TRUE,straight,,rain,,daylight,traffic_lights,0,0,0,0,1,0,0,1,0,0,0,0,0,0,0,0,0,1,0,0
-38.65975607,178.0198584,Gisborne District,2018,property_damage,50,FALSE,straight,,fine,,darkness_not_lit,,0,0,0,0,1,0,0,1,0,0,0,0,0,0,0,0,0,1,0,0
-41.27648363,174.7811633,Wellington City,2018,property_damage,50,FALSE,straight,,fine,,daylight,,0,0,0,0,1,0,0,1,0,0,0,0,0,0,0,0,0,1,0,0
-41.28132045,174.7794201,Wellington City,2018,property_damage,30,FALSE,straight,,fine,,daylight,,0,0,0,0,1,0,0,1,0,0,0,0,0,0,0,0,0,1,0,0
-37.79473439,175.2475115,Hamilton City,2018,property_damage,50,TRUE,curved_view_open,,rain,,dawn_dusk,giveway_sign,0,0,0,0,1,0,0,1,0,0,0,0,0,0,0,0,0,1,0,0
-41.32001788,174.7949173,Wellington City,2018,property_damage,30,FALSE,straight,,fine,,,,0,0,0,0,1,0,0,1,0,0,0,0,0,0,0,0,0,1,0,0
-35.72630095,174.3191865,Whangarei District,2018,property_damage,50,FALSE,straight,,fine,,darkness_not_lit,,0,0,0,0,1,0,0,1,0,0,0,0,0,0,0,0,0,1,0,0
-36.91365796,174.7356455,Auckland,2018,property_damage,50,FALSE,straight,,,,daylight,,0,0,0,0,1,0,0,1,0,0,0,0,0,0,0,0,0,1,0,0
-37.79470457,175.2865073,Hamilton City,2018,property_damage,50,FALSE,straight,,rain,,daylight,,0,0,0,0,1,0,0,1,0,0,0,0,0,0,0,0,0,1,0,0
-41.17022874,174.9694824,Hutt City,2018,property_damage,70,FALSE,straight,,rain,,daylight,,0,0,0,0,1,0,0,1,0,0,0,0,0,0,0,0,0,1,0,0
-37.17769918,175.5667894,Thames-Coromandel District,2018,property_damage,80,FALSE,straight,,rain,,daylight,,0,0,0,0,1,0,0,1,0,0,0,0,0,0,0,0,0,1,0,0
-38.13330074,176.2910547,Rotorua District,2018,property_damage,70,FALSE,straight,,fine,,daylight,,0,0,0,0,1,0,0,1,0,0,0,0,0,0,0,0,0,1,0,0
-37.96174978,176.9821645,Whakatane District,2018,property_damage,50,FALSE,straight,,fine,,daylight,,0,0,0,0,1,0,0,1,0,0,0,0,0,0,0,0,0,1,0,0
-35.68251728,174.2996466,Whangarei District,2018,property_damage,50,FALSE,straight,,fine,,daylight,,0,0,0,0,1,0,0,1,0,0,0,0,0,0,0,0,0,1,0,0
-36.82356232,174.6092247,Auckland,2018,property_damage,50,FALSE,straight,,rain,,daylight,,0,0,0,0,1,0,0,1,0,0,0,0,0,0,0,0,0,1,0,0
-40.75641884,175.1381698,Kapiti Coast District,2018,property_damage,50,FALSE,straight,,fine,,daylight,,0,0,0,0,1,0,0,1,0,0,0,0,0,0,0,0,0,1,0,0
-42.38681691,173.6793349,Kaikoura District,2018,property_damage,50,FALSE,straight,,rain,,daylight,,0,0,0,0,1,0,0,1,0,0,0,0,0,0,0,0,0,1,0,0
-40.35136415,175.6249496,Palmerston North City,2018,property_damage,50,TRUE,straight,,fine,,daylight,giveway_sign,0,0,0,0,1,0,0,1,0,0,0,0,0,0,0,0,0,1,0,0
-37.21299356,174.896189,Auckland,2018,property_damage,50,FALSE,straight,,fine,,daylight,,0,0,0,0,1,0,0,1,0,0,0,0,0,0,0,0,0,1,0,0
-43.52550508,172.63397,Christchurch City,2018,property_damage,50,FALSE,straight,,rain,,darkness_not_lit,,0,0,0,0,1,0,0,1,0,0,0,0,0,0,0,0,0,1,0,0
-37.67190145,175.4814021,Matamata-Piako District,2018,property_damage,100,FALSE,straight,,fine,,daylight,,0,0,0,0,1,0,0,1,0,0,0,0,0,0,0,0,0,1,0,0
-42.3737194,172.377273,Buller District,2018,property_damage,80,FALSE,straight,,rain,,daylight,giveway_sign,0,0,0,0,1,0,0,1,0,0,0,0,0,0,0,0,0,1,0,0
-45.84779978,170.5283753,Dunedin City,2018,property_damage,50,FALSE,straight,,fine,,darkness_not_lit,,0,0,0,0,1,0,0,1,0,0,0,0,0,0,0,0,0,1,0,0
-38.70393948,176.0962927,Taupo District,2018,property_damage,80,FALSE,straight,,fine,,daylight,,0,0,0,0,1,0,0,1,0,0,0,0,0,0,0,0,0,1,0,0
-41.33923207,174.7732995,Wellington City,2018,property_damage,50,FALSE,straight,,fine,,daylight,,0,0,0,0,1,0,0,1,0,0,0,0,0,0,0,0,0,1,0,0
-37.15167942,175.644345,Thames-Coromandel District,2018,property_damage,100,FALSE,curved_view_open,,rain,,daylight,,0,0,0,0,1,0,0,1,0,0,0,0,0,0,0,0,0,1,0,0
-36.92744321,174.8261429,Auckland,2018,property_damage,50,FALSE,curved_view_open,,,,daylight,,0,0,0,0,1,0,0,1,0,0,0,0,0,0,0,0,0,1,0,0
-36.94573003,174.6598319,Auckland,2018,property_damage,50,FALSE,straight,,fine,,darkness_not_lit,,0,0,0,0,1,0,0,1,0,0,0,0,0,0,0,0,0,1,0,0
-36.85633474,174.8657587,Auckland,2018,property_damage,50,FALSE,straight,,rain,,darkness_not_lit,,0,0,0,0,1,0,0,1,0,0,0,0,0,0,0,0,0,1,0,0
-36.58777268,174.694149,Auckland,2018,property_damage,50,TRUE,straight,,fine,,daylight,stop_sign,0,0,0,0,1,0,0,1,0,0,0,0,0,0,0,0,0,1,0,0
-36.94430758,174.7798094,Auckland,2018,property_damage,50,FALSE,straight,,fine,,darkness_not_lit,,0,0,0,0,1,0,0,1,0,0,0,0,0,0,0,0,0,1,0,0
-41.20328182,174.9596564,Hutt City,2018,property_damage,50,FALSE,curved_view_open,,rain,,daylight,,0,0,0,0,1,0,0,1,0,0,0,0,0,0,0,0,0,1,0,0
-40.34284642,175.5884431,Palmerston North City,2018,property_damage,50,FALSE,curved_view_open,,fine,,darkness_not_lit,,0,0,0,0,1,0,0,1,0,0,0,0,0,0,0,0,0,1,0,0
-36.91689345,174.6734966,Auckland,2018,property_damage,50,FALSE,straight,,fine,,darkness_not_lit,,0,0,0,0,1,0,0,1,0,0,0,0,0,0,0,0,0,1,0,0
-40.91655653,175.0058191,Kapiti Coast District,2018,property_damage,10,FALSE,straight,,fine,,daylight,,0,0,0,0,1,0,0,1,0,0,0,0,0,0,0,0,0,1,0,0
-36.86604953,174.7534137,Auckland,2018,property_damage,50,FALSE,straight,,,,darkness_not_lit,,0,0,0,0,1,0,0,1,0,0,0,0,0,0,0,0,0,1,0,0
-37.70801377,176.3154791,Tauranga City,2018,property_damage,60,FALSE,straight,,fine,,dawn_dusk,,0,0,0,0,1,0,0,1,0,0,0,0,0,0,0,0,0,1,0,0
-36.96784809,174.832084,Auckland,2018,property_damage,50,FALSE,straight,,fine,,daylight,,0,0,0,0,1,0,0,1,0,0,0,0,0,0,0,0,0,1,0,0
-41.29297737,174.0068604,Marlborough District,2018,property_damage,50,TRUE,straight,,fine,,daylight,giveway_sign,0,0,0,0,1,0,0,1,0,0,0,0,0,0,0,0,0,1,0,0
-37.78004923,175.2764162,Hamilton City,2018,property_damage,50,FALSE,straight,,,,daylight,,0,0,0,0,1,0,0,1,0,0,0,0,0,0,0,0,0,1,0,0
-45.45739074,167.7852133,Southland District,2018,property_damage,100,FALSE,straight,,mist,,darkness_not_lit,,0,0,0,0,1,0,0,1,0,0,0,0,0,0,0,0,0,1,0,0
-41.19142109,174.9270003,Hutt City,2018,property_damage,100,FALSE,straight,,fine,,daylight,,0,0,0,0,1,0,0,1,0,0,0,0,0,0,0,0,0,1,0,0
-41.11256199,174.8377264,Porirua City,2018,property_damage,50,FALSE,straight,,fine,,darkness_not_lit,,0,0,0,0,1,0,0,1,0,0,0,0,0,0,0,0,0,1,0,0
-37.02619919,174.9081262,Auckland,2018,property_damage,50,FALSE,straight,,rain,,daylight,,0,0,0,0,1,0,0,1,0,0,0,0,0,0,0,0,0,1,0,0
-36.8182548,174.8055515,Auckland,2018,property_damage,50,FALSE,straight,,fine,,dawn_dusk,,0,0,0,0,1,0,0,1,0,0,0,0,0,0,0,0,0,1,0,0
-43.50449252,172.6078347,Christchurch City,2018,property_damage,50,FALSE,straight,,fine,,daylight,,0,0,0,0,1,0,0,1,0,0,0,0,0,0,0,0,0,1,0,0
-41.32354192,174.8353154,Wellington City,2018,property_damage,50,TRUE,curved_view_open,,fine,,darkness_not_lit,,0,0,0,0,1,0,0,1,0,0,0,0,0,0,0,0,0,1,0,0
-37.68813513,176.1689529,Tauranga City,2018,property_damage,50,FALSE,straight,,fine,,daylight,,0,0,0,0,1,0,0,1,0,0,0,0,0,0,0,0,0,1,0,0
-41.31066162,174.7808631,Wellington City,2018,property_damage,50,FALSE,straight,,fine,,darkness_not_lit,,0,0,0,0,1,0,0,1,0,0,0,0,0,0,0,0,0,1,0,0
-38.67171922,178.0449882,Gisborne District,2018,property_damage,50,FALSE,straight,,fine,,daylight,,0,0,0,0,1,0,0,1,0,0,0,0,0,0,0,0,0,1,0,0
-35.38007924,174.0667356,Far North District,2018,property_damage,50,FALSE,straight,,fine,,daylight,,0,0,0,0,1,0,0,1,0,0,0,0,0,0,0,0,0,1,0,0
-36.95123898,174.8591887,Auckland,2018,property_damage,50,FALSE,curved_view_open,,fine,,daylight,,0,0,0,0,1,0,0,1,0,0,0,0,0,0,0,0,0,1,0,0
-41.2942992,173.2456574,Nelson City,2018,property_damage,50,FALSE,straight,,fine,,darkness_not_lit,,0,0,0,0,1,0,0,1,0,0,0,0,0,0,0,0,0,1,0,0
-36.91549598,174.8869776,Auckland,2018,property_damage,50,FALSE,straight,,fine,,daylight,,0,0,0,0,1,0,0,1,0,0,0,0,0,0,0,0,0,1,0,0
-43.50026224,172.5612291,Christchurch City,2018,property_damage,60,FALSE,straight,,fine,,darkness_not_lit,,0,0,0,0,1,0,0,1,0,0,0,0,0,0,0,0,0,1,0,0
-41.11188905,173.0121964,Tasman District,2018,property_damage,50,FALSE,straight,,fine,,daylight,,0,0,0,0,1,0,0,1,0,0,0,0,0,0,0,0,0,1,0,0
-36.88060882,174.7966741,Auckland,2018,property_damage,50,FALSE,straight,,fine,,daylight,,0,0,0,0,1,0,0,1,0,0,0,0,0,0,0,0,0,1,0,0
-44.03564965,171.5898401,Ashburton District,2018,property_damage,100,FALSE,straight,,fine,,daylight,,0,0,0,0,1,0,0,1,0,0,0,0,0,0,0,0,0,1,0,0
-36.99179052,174.8614003,Auckland,2018,property_damage,50,FALSE,straight,,fine,,darkness_not_lit,,0,0,0,0,1,0,0,1,0,0,0,0,0,0,0,0,0,1,0,0
-41.31273134,174.8189922,Wellington City,2018,property_damage,50,FALSE,straight,,fine,,daylight,,0,0,0,0,1,0,0,1,0,0,0,0,0,0,0,0,0,1,0,0
-41.34722239,173.1691158,Tasman District,2018,property_damage,50,FALSE,straight,,fine,,daylight,,0,0,0,0,1,0,0,1,0,0,0,0,0,0,0,0,0,1,0,0
-45.56905253,167.6102722,Southland District,2018,property_damage,50,FALSE,straight,,rain,,daylight,,0,0,0,0,1,0,0,1,0,0,0,0,0,0,0,0,0,1,0,0
-36.0309451,173.9174348,Kaipara District,2018,property_damage,50,TRUE,straight,,rain,,dawn_dusk,,0,0,0,0,1,0,0,1,0,0,0,0,0,0,0,0,0,1,0,0
-37.05484178,174.933763,Auckland,2018,property_damage,50,FALSE,straight,,rain,,daylight,,0,0,0,0,1,0,0,1,0,0,0,0,0,0,0,0,0,1,0,0
-43.88759929,171.7387081,Ashburton District,2018,property_damage,50,FALSE,straight,,fine,,darkness_not_lit,,0,0,0,0,1,0,0,1,0,0,0,0,0,0,0,0,0,1,0,0
-36.92138105,174.7183866,Auckland,2018,property_damage,50,FALSE,straight,,fine,,daylight,,0,0,0,0,1,0,0,1,0,0,0,0,0,0,0,0,0,1,0,0
-40.33802122,175.6135318,Palmerston North City,2018,property_damage,50,FALSE,straight,,fine,,dawn_dusk,,0,0,0,0,1,0,0,1,0,0,0,0,0,0,0,0,0,1,0,0
-36.87938753,174.7675303,Auckland,2018,property_damage,50,FALSE,straight,,rain,,darkness_not_lit,,0,0,0,0,1,0,0,1,0,0,0,0,0,0,0,0,0,1,0,0
-36.85819801,174.8439767,Auckland,2018,property_damage,50,FALSE,straight,,rain,,daylight,,0,0,0,0,1,0,0,1,0,0,0,0,0,0,0,0,0,1,0,0
-36.88473626,174.7817578,Auckland,2018,property_damage,50,FALSE,straight,,fine,,daylight,,0,0,0,0,1,0,0,1,0,0,0,0,0,0,0,0,0,1,0,0
-45.8523345,170.5080033,Dunedin City,2018,property_damage,50,FALSE,curved_view_open,,fine,,daylight,,0,0,0,0,1,0,0,1,0,0,0,0,0,0,0,0,0,1,0,0
-36.9181966,174.7334584,Auckland,2018,property_damage,50,FALSE,straight,,rain,,darkness_not_lit,,0,0,0,0,1,0,0,1,0,0,0,0,0,0,0,0,0,1,0,0
-43.5203977,172.5834052,Christchurch City,2018,property_damage,50,FALSE,straight,,fine,,darkness_not_lit,,0,0,0,0,1,0,0,1,0,0,0,0,0,0,0,0,0,1,0,0
-41.20678206,174.8996854,Hutt City,2018,property_damage,50,FALSE,curved_view_open,,rain,,darkness_not_lit,,0,0,0,0,1,0,0,1,0,0,0,0,0,0,0,0,0,1,0,0
-36.86941679,174.6374472,Auckland,2018,property_damage,50,FALSE,straight,,fine,,daylight,,0,0,0,0,1,0,0,1,0,0,0,0,0,0,0,0,0,1,0,0
-40.57854014,175.3847583,Horowhenua District,2018,property_damage,100,FALSE,curved_view_open,,rain,,darkness_not_lit,,0,0,0,0,1,0,0,1,0,0,0,0,0,0,0,0,0,1,0,0
-37.05727871,174.9346571,Auckland,2018,property_damage,50,FALSE,curved_view_open,,fine,,daylight,,0,0,0,0,1,0,0,1,0,0,0,0,0,0,0,0,0,1,0,0
-36.69533755,174.748185,Auckland,2018,property_damage,50,FALSE,straight,,fine,,daylight,,0,0,0,0,1,0,0,1,0,0,0,0,0,0,0,0,0,1,0,0
-45.86709752,170.5175861,Dunedin City,2018,property_damage,50,TRUE,straight,,fine,,daylight,giveway_sign,0,0,0,0,1,0,0,1,0,0,0,0,0,0,0,0,0,1,0,0
-36.85121351,174.7613295,Auckland,2018,property_damage,50,FALSE,straight,,rain,,darkness_not_lit,,0,0,0,0,1,0,0,1,0,0,0,0,0,0,0,0,0,1,0,0
-42.39594941,173.6792632,Kaikoura District,2018,property_damage,50,FALSE,straight,,rain,,daylight,,0,0,0,0,1,0,0,1,0,0,0,0,0,0,0,0,0,1,0,0
-41.51568769,173.9462017,Marlborough District,2018,property_damage,50,FALSE,straight,,fine,,daylight,,0,0,0,0,1,0,0,1,0,0,0,0,0,0,0,0,0,1,0,0
-40.64360216,175.705004,Tararua District,2018,property_damage,50,FALSE,straight,,fine,,daylight,,0,0,0,0,1,0,0,1,0,0,0,0,0,0,0,0,0,1,0,0
-41.52730741,173.9494395,Marlborough District,2018,property_damage,50,FALSE,straight,,fine,,darkness_not_lit,,0,0,0,0,1,0,0,1,0,0,0,0,0,0,0,0,0,1,0,0
-41.21498103,174.9017238,Hutt City,2018,property_damage,50,FALSE,straight,,fine,,daylight,,0,0,0,0,1,0,0,1,0,0,0,0,0,0,0,0,0,1,0,0
-38.6572708,178.0009893,Gisborne District,2018,property_damage,50,TRUE,straight,,fine,,daylight,,0,0,0,0,1,0,0,1,0,0,0,0,0,0,0,0,0,1,0,0
-37.69596728,176.1307799,Tauranga City,2018,property_damage,50,FALSE,curved_view_open,,fine,,daylight,,0,0,0,0,1,0,0,1,0,0,0,0,0,0,0,0,0,1,0,0
-36.75619185,174.7650573,Auckland,2018,property_damage,50,FALSE,straight,,fine,,darkness_not_lit,,0,0,0,0,1,0,0,1,0,0,0,0,0,0,0,0,0,1,0,0
-41.20856297,174.8081119,Wellington City,2018,property_damage,50,FALSE,curved_view_open,,fine,,daylight,,0,0,0,0,1,0,0,1,0,0,0,0,0,0,0,0,0,1,0,0
-36.90004211,174.6310984,Auckland,2018,property_damage,50,FALSE,straight,,fine,,darkness_not_lit,,0,0,0,0,1,0,0,1,0,0,0,0,0,0,0,0,0,1,0,0
-41.13014794,175.0453471,Upper Hutt City,2018,property_damage,50,FALSE,straight,,fine,,darkness_not_lit,,0,0,0,0,1,0,0,1,0,0,0,0,0,0,0,0,0,1,0,0
-43.52964147,172.5799631,Christchurch City,2018,property_damage,50,FALSE,straight,,fine,,darkness_not_lit,,0,0,0,0,1,0,0,1,0,0,0,0,0,0,0,0,0,1,0,0
-41.18162956,174.977502,Hutt City,2018,property_damage,50,FALSE,straight,,rain,,darkness_not_lit,,0,0,0,0,1,0,0,1,0,0,0,0,0,0,0,0,0,1,0,0
-36.39867872,174.6657825,Auckland,2018,property_damage,50,FALSE,straight,,fine,,daylight,,0,0,0,0,1,0,0,1,0,0,0,0,0,0,0,0,0,1,0,0
-37.37539197,175.6674501,Hauraki District,2018,property_damage,50,FALSE,straight,,fine,,daylight,,0,0,0,0,1,0,0,1,0,0,0,0,0,0,0,0,0,1,0,0
-39.05362702,174.0813566,New Plymouth District,2018,property_damage,50,FALSE,straight,,fine,,daylight,,0,0,0,0,1,0,0,1,0,0,0,0,0,0,0,0,0,1,0,0
-35.69591714,174.3209405,Whangarei District,2018,property_damage,50,FALSE,straight,,fine,,daylight,,0,0,0,0,1,0,0,1,0,0,0,0,0,0,0,0,0,1,0,0
-36.84671317,174.7651514,Auckland,2018,property_damage,50,FALSE,straight,,fine,,daylight,,0,0,0,0,1,0,0,1,0,0,0,0,0,0,0,0,0,1,0,0
-36.89857375,174.8108317,Auckland,2018,property_damage,50,FALSE,straight,,fine,,daylight,,0,0,0,0,1,0,0,1,0,0,0,0,0,0,0,0,0,1,0,0
-36.90021363,174.7105383,Auckland,2018,property_damage,50,FALSE,straight,,mist,,dawn_dusk,,0,0,0,0,1,0,0,1,0,0,0,0,0,0,0,0,0,1,0,0
-41.32805899,174.7921747,Wellington City,2018,property_damage,50,FALSE,straight,,fine,,,,0,0,0,0,1,0,0,1,0,0,0,0,0,0,0,0,0,1,0,0
-36.86796131,174.7764097,Auckland,2018,property_damage,50,FALSE,straight,,rain,,daylight,,0,0,0,0,1,0,0,1,0,0,0,0,0,0,0,0,0,1,0,0
-39.33167477,174.2816018,Stratford District,2018,property_damage,50,FALSE,straight,,fine,,daylight,,0,0,0,0,1,0,0,1,0,0,0,0,0,0,0,0,0,1,0,0
-36.87680859,174.7934661,Auckland,2018,property_damage,50,FALSE,curved_view_open,,rain,,darkness_not_lit,,0,0,0,0,1,0,0,1,0,0,0,0,0,0,0,0,0,1,0,0
-41.28676233,174.7588136,Wellington City,2018,property_damage,50,FALSE,straight,,rain,,daylight,,0,0,0,0,1,0,0,1,0,0,0,0,0,0,0,0,0,1,0,0
-37.03050581,174.9042994,Auckland,2018,property_damage,50,FALSE,straight,,fine,,darkness_not_lit,,0,0,0,0,1,0,0,1,0,0,0,0,0,0,0,0,0,1,0,0
-40.75670603,175.137255,Kapiti Coast District,2018,property_damage,50,FALSE,straight,,fine,,darkness_not_lit,,0,0,0,0,1,0,0,1,0,0,0,0,0,0,0,0,0,1,0,0
-36.86907846,174.8456293,Auckland,2018,property_damage,50,FALSE,straight,,,,daylight,,0,0,0,0,1,0,0,1,0,0,0,0,0,0,0,0,0,1,0,0
-36.91908633,174.7769329,Auckland,2018,property_damage,50,FALSE,straight,,fine,,daylight,,0,0,0,0,1,0,0,1,0,0,0,0,0,0,0,0,0,1,0,0
-40.22371163,175.573782,Manawatu District,2018,property_damage,50,FALSE,straight,,fine,,darkness_not_lit,,0,0,0,0,1,0,0,1,0,0,0,0,0,0,0,0,0,1,0,0
-37.25290972,175.0330939,Waikato District,2018,property_damage,100,FALSE,straight,,fine,,darkness_not_lit,,0,0,0,0,1,0,0,1,0,0,0,0,0,0,0,0,0,1,0,0
-45.85047101,170.535779,Dunedin City,2018,property_damage,50,TRUE,straight,,fine,,daylight,,0,0,0,0,1,0,0,1,0,0,0,0,0,0,0,0,0,1,0,0
-37.07249185,174.94736,Auckland,2018,property_damage,50,FALSE,straight,,rain,,daylight,giveway_sign,0,0,0,0,1,0,0,1,0,0,0,0,0,0,0,0,0,1,0,0
-36.75624459,174.7651482,Auckland,2018,property_damage,50,FALSE,straight,,fine,,daylight,,0,0,0,0,1,0,0,1,0,0,0,0,0,0,0,0,0,1,0,0
-36.88870082,174.7643338,Auckland,2018,property_damage,60,TRUE,straight,,fine,,dawn_dusk,giveway_sign,0,0,0,0,1,0,0,1,0,0,0,0,0,0,0,0,0,1,0,0
-36.91950309,174.683365,Auckland,2018,property_damage,50,FALSE,straight,,fine,,darkness_not_lit,,0,0,0,0,1,0,0,1,0,0,0,0,0,0,0,0,0,1,0,0