latitude,longitude,local_government_area,year,severity,speed_limit,intersection,road_position_horizontal,road_wet,weather,crash_type,lighting,traffic_controls,casualties,fatalities,serious_injuries,minor_injuries,car_sedan,car_utility,car_van,car_4x4,car_station_wagon,motor_cycle,truck_small,truck_large,bus,taxi,bicycle,scooter,pedestrian,inanimate,train,tram
-36.88029805,174.7650941,Auckland,2018,property_damage,50,FALSE,curved_view_open,,rain,,daylight,,0,0,0,0,1,0,0,1,0,0,0,0,0,0,0,0,0,1,0,0
-39.64096286,176.8590605,Hastings District,2018,property_damage,50,FALSE,straight,,fine,,darkness_not_lit,,0,0,0,0,1,0,0,1,0,0,0,0,0,0,0,0,0,1,0,0
-36.9077839,174.6980466,Auckland,2018,property_damage,50,FALSE,straight,,fine,,daylight,,0,0,0,0,1,0,0,1,0,0,0,0,0,0,0,0,0,1,0,0
-42.44967081,171.211039,Grey District,2018,property_damage,50,TRUE,straight,,fine,,daylight,giveway_sign,0,0,0,0,1,0,0,1,0,0,0,0,0,0,0,0,0,1,0,0
-41.203021,174.929237,Hutt City,2018,property_damage,50,FALSE,straight,,fine,,dawn_dusk,,0,0,0,0,1,0,0,1,0,0,0,0,0,0,0,0,0,1,0,0
-43.60262178,172.3819522,Selwyn District,2018,property_damage,50,FALSE,straight,,fine,,daylight,,0,0,0,0,1,0,0,1,0,0,0,0,0,0,0,0,0,1,0,0
-35.68646974,174.3026503,Whangarei District,2018,property_damage,50,FALSE,straight,,rain,,darkness_not_lit,,0,0,0,0,1,0,0,1,0,0,0,0,0,0,0,0,0,1,0,0
-36.8822559,174.7716244,Auckland,2018,property_damage,50,FALSE,straight,,rain,,darkness_not_lit,,0,0,0,0,1,0,0,1,0,0,0,0,0,0,0,0,0,1,0,0
-36.70389931,174.7513342,Auckland,2018,property_damage,50,FALSE,straight,,rain,,darkness_not_lit,,0,0,0,0,1,0,0,1,0,0,0,0,0,0,0,0,0,1,0,0
-41.29750437,174.7649307,Wellington City,2018,property_damage,50,FALSE,curved_view_open,,fine,,darkness_not_lit,,0,0,0,0,1,0,0,1,0,0,0,0,0,0,0,0,0,1,0,0
-37.68370421,176.2541529,Tauranga City,2018,property_damage,60,FALSE,straight,,rain,,daylight,,0,0,0,0,1,0,0,1,0,0,0,0,0,0,0,0,0,1,0,0
-41.2899287,174.7790092,Wellington City,2018,property_damage,50,FALSE,curved_view_open,,,,daylight,,0,0,0,0,1,0,0,1,0,0,0,0,0,0,0,0,0,1,0,0
-41.18158993,174.9566249,Hutt City,2018,property_damage,50,FALSE,curved_view_open,,fine,,daylight,,0,0,0,0,1,0,0,1,0,0,0,0,0,0,0,0,0,1,0,0
-36.94394585,174.848894,Auckland,2018,property_damage,50,FALSE,straight,,fine,,daylight,,0,0,0,0,1,0,0,1,0,0,0,0,0,0,0,0,0,1,0,0
-37.02566772,174.9058647,Auckland,2018,property_damage,50,FALSE,straight,,,,daylight,,0,0,0,0,1,0,0,1,0,0,0,0,0,0,0,0,0,1,0,0
-41.31057246,174.7813862,Wellington City,2018,property_damage,40,FALSE,straight,,fine,,daylight,,0,0,0,0,1,0,0,1,0,0,0,0,0,0,0,0,0,1,0,0
-41.0278634,175.5247319,Carterton District,2018,property_damage,50,FALSE,straight,,fine,,daylight,,0,0,0,0,1,0,0,1,0,0,0,0,0,0,0,0,0,1,0,0
-36.84558611,174.762748,Auckland,2018,property_damage,50,FALSE,straight,,rain,,daylight,stop_sign,0,0,0,0,1,0,0,1,0,0,0,0,0,0,0,0,0,1,0,0
-43.56291223,172.5975378,Christchurch City,2018,property_damage,50,FALSE,straight,,fine,,dawn_dusk,,0,0,0,0,1,0,0,1,0,0,0,0,0,0,0,0,0,1,0,0
-43.50847594,172.6249925,Christchurch City,2018,property_damage,50,FALSE,straight,,fine,,daylight,,0,0,0,0,1,0,0,1,0,0,0,0,0,0,0,0,0,1,0,0
-42.45407206,171.2074235,Grey District,2018,property_damage,50,FALSE,curved_view_open,,fine,,darkness_not_lit,giveway_sign,0,0,0,0,1,0,0,1,0,0,0,0,0,0,0,0,0,1,0,0
-36.91924564,174.697021,Auckland,2018,property_damage,50,FALSE,straight,,fine,,darkness_not_lit,,0,0,0,0,1,0,0,1,0,0,0,0,0,0,0,0,0,1,0,0
-41.10722689,175.0809092,Upper Hutt City,2018,property_damage,50,FALSE,straight,,rain,,daylight,,0,0,0,0,1,0,0,1,0,0,0,0,0,0,0,0,0,1,0,0
-41.30636195,174.8236289,Wellington City,2018,property_damage,50,FALSE,straight,,,,daylight,,0,0,0,0,1,0,0,1,0,0,0,0,0,0,0,0,0,1,0,0
-36.87156229,174.7346139,Auckland,2018,property_damage,50,FALSE,straight,,fine,,darkness_not_lit,,0,0,0,0,1,0,0,1,0,0,0,0,0,0,0,0,0,1,0,0
-41.50418958,173.9555001,Marlborough District,2018,property_damage,50,FALSE,straight,,rain,,darkness_not_lit,,0,0,0,0,1,0,0,1,0,0,0,0,0,0,0,0,0,1,0,0
-41.2026489,174.9066976,Hutt City,2018,property_damage,100,FALSE,straight,,rain,,darkness_not_lit,,0,0,0,0,1,0,0,1,0,0,0,0,0,0,0,0,0,1,0,0
-36.89366434,174.7868356,Auckland,2018,property_damage,50,FALSE,straight,,fine,,daylight,,0,0,0,0,1,0,0,1,0,0,0,0,0,0,0,0,0,1,0,0
-36.84769605,174.7462092,Auckland,2018,property_damage,50,FALSE,straight,,rain,,daylight,,0,0,0,0,1,0,0,1,0,0,0,0,0,0,0,0,0,1,0,0
-46.37666698,168.3472632,Invercargill City,2018,property_damage,50,FALSE,straight,,fine,,daylight,stop_sign,0,0,0,0,1,0,0,1,0,0,0,0,0,0,0,0,0,1,0,0
-36.94375194,174.9067412,Auckland,2018,property_damage,50,FALSE,straight,,rain,,darkness_not_lit,,0,0,0,0,1,0,0,1,0,0,0,0,0,0,0,0,0,1,0,0
-45.90807473,170.5178477,Dunedin City,2018,property_damage,30,FALSE,straight,,fine,,daylight,,0,0,0,0,1,0,0,1,0,0,0,0,0,0,0,0,0,1,0,0
-37.49394696,175.1623548,Waikato District,2018,property_damage,100,FALSE,straight,,fine,,darkness_not_lit,,0,0,0,0,1,0,0,1,0,0,0,0,0,0,0,0,0,1,0,0
-43.56287052,172.6565149,Christchurch City,2018,property_damage,50,FALSE,straight,,fine,,dawn_dusk,,0,0,0,0,1,0,0,1,0,0,0,0,0,0,0,0,0,1,0,0
-41.31172861,174.7659834,Wellington City,2018,property_damage,50,FALSE,straight,,rain,,daylight,,0,0,0,0,1,0,0,1,0,0,0,0,0,0,0,0,0,1,0,0
-37.73431801,175.2632139,Hamilton City,2018,property_damage,50,FALSE,straight,,fine,,darkness_not_lit,,0,0,0,0,1,0,0,1,0,0,0,0,0,0,0,0,0,1,0,0
-36.90028344,174.8015347,Auckland,2018,property_damage,50,FALSE,straight,,fine,,daylight,,0,0,0,0,1,0,0,1,0,0,0,0,0,0,0,0,0,1,0,0
-36.97381019,174.8318,Auckland,2018,property_damage,50,FALSE,curved_view_open,,fine,,darkness_not_lit,,0,0,0,0,1,0,0,1,0,0,0,0,0,0,0,0,0,1,0,0
-36.86110959,174.8549608,Auckland,2018,property_damage,50,FALSE,straight,,fine,,daylight,,0,0,0,0,1,0,0,1,0,0,0,0,0,0,0,0,0,1,0,0
-45.89436709,170.4633912,Dunedin City,2018,property_damage,50,FALSE,straight,,fine,,daylight,,0,0,0,0,1,0,0,1,0,0,0,0,0,0,0,0,0,1,0,0
-40.32896688,175.6566716,Palmerston North City,2018,property_damage,50,FALSE,straight,,,,daylight,,0,0,0,0,1,0,0,1,0,0,0,0,0,0,0,0,0,1,0,0
-37.81990168,175.7686377,Matamata-Piako District,2018,property_damage,50,FALSE,straight,,fine,,darkness_not_lit,,0,0,0,0,1,0,0,1,0,0,0,0,0,0,0,0,0,1,0,0
-43.49775887,172.5953609,Christchurch City,2018,property_damage,50,FALSE,straight,,fine,,dawn_dusk,,0,0,0,0,1,0,0,1,0,0,0,0,0,0,0,0,0,1,0,0
-41.76181361,171.6046599,Buller District,2018,property_damage,50,FALSE,straight,,fine,,daylight,,0,0,0,0,1,0,0,1,0,0,0,0,0,0,0,0,0,1,0,0
-41.3204311,173.2233402,Nelson City,2018,property_damage,50,FALSE,straight,,fine,,darkness_not_lit,,0,0,0,0,1,0,0,1,0,0,0,0,0,0,0,0,0,1,0,0
-43.50385706,172.7156701,Christchurch City,2018,property_damage,50,FALSE,straight,,fine,,darkness_not_lit,,0,0,0,0,1,0,0,1,0,0,0,0,0,0,0,0,0,1,0,0
-38.15536661,176.2469908,Rotorua District,2018,property_damage,50,TRUE,straight,,fine,,darkness_not_lit,,0,0,0,0,1,0,0,1,0,0,0,0,0,0,0,0,0,1,0,0
-39.49343023,176.9084665,Napier City,2018,property_damage,50,FALSE,straight,,fine,,daylight,,0,0,0,0,1,0,0,1,0,0,0,0,0,0,0,0,0,1,0,0
-36.74998767,174.7364649,Auckland,2018,property_damage,50,FALSE,straight,,fine,,dawn_dusk,,0,0,0,0,1,0,0,1,0,0,0,0,0,0,0,0,0,1,0,0
-40.36230502,175.6361842,Palmerston North City,2018,property_damage,50,FALSE,straight,,fine,,darkness_not_lit,,0,0,0,0,1,0,0,1,0,0,0,0,0,0,0,0,0,1,0,0
-37.18741911,174.9183383,Auckland,2018,property_damage,50,FALSE,straight,,rain,,daylight,,0,0,0,0,1,0,0,1,0,0,0,0,0,0,0,0,0,1,0,0
-36.92547232,174.8076845,Auckland,2018,property_damage,50,FALSE,curved_view_open,,mist,,daylight,,0,0,0,0,1,0,0,1,0,0,0,0,0,0,0,0,0,1,0,0
-37.802428,175.3237584,Hamilton City,2018,property_damage,60,FALSE,straight,,mist,,darkness_not_lit,,0,0,0,0,1,0,0,1,0,0,0,0,0,0,0,0,0,1,0,0
-39.45514304,173.8610228,South Taranaki District,2018,property_damage,50,FALSE,straight,,rain,,darkness_not_lit,,0,0,0,0,1,0,0,1,0,0,0,0,0,0,0,0,0,1,0,0
-45.86063098,170.5112009,Dunedin City,2018,property_damage,50,FALSE,straight,,rain,,daylight,,0,0,0,0,1,0,0,1,0,0,0,0,0,0,0,0,0,1,0,0
-36.90003963,174.7679729,Auckland,2018,property_damage,50,FALSE,straight,,rain,,daylight,,0,0,0,0,1,0,0,1,0,0,0,0,0,0,0,0,0,1,0,0
-36.78848705,174.7436988,Auckland,2018,property_damage,50,TRUE,straight,,fine,,darkness_not_lit,giveway_sign,0,0,0,0,1,0,0,1,0,0,0,0,0,0,0,0,0,1,0,0
-41.50272288,173.9433171,Marlborough District,2018,property_damage,50,FALSE,straight,,fine,,darkness_not_lit,,0,0,0,0,1,0,0,1,0,0,0,0,0,0,0,0,0,1,0,0
-36.85650476,174.7588711,Auckland,2018,property_damage,50,FALSE,straight,,fine,,darkness_not_lit,,0,0,0,0,1,0,0,1,0,0,0,0,0,0,0,0,0,1,0,0
-36.87812037,174.9071609,Auckland,2018,property_damage,50,FALSE,straight,,fine,,dawn_dusk,,0,0,0,0,1,0,0,1,0,0,0,0,0,0,0,0,0,1,0,0
-45.8726301,170.5182802,Dunedin City,2018,property_damage,50,FALSE,straight,,fine,,daylight,,0,0,0,0,1,0,0,1,0,0,0,0,0,0,0,0,0,1,0,0
-46.42258504,168.371022,Invercargill City,2018,property_damage,50,FALSE,straight,,fine,,darkness_not_lit,,0,0,0,0,1,0,0,1,0,0,0,0,0,0,0,0,0,1,0,0
-41.30046747,173.2466122,Nelson City,2018,property_damage,50,FALSE,curved_view_open,,fine,,darkness_not_lit,,0,0,0,0,1,0,0,1,0,0,0,0,0,0,0,0,0,1,0,0
-36.97154532,174.8871925,Auckland,2018,property_damage,50,FALSE,straight,,rain,,darkness_not_lit,,0,0,0,0,1,0,0,1,0,0,0,0,0,0,0,0,0,1,0,0
-36.85023421,174.6356023,Auckland,2018,property_damage,100,FALSE,straight,,fine,,daylight,,0,0,0,0,1,0,0,1,0,0,0,0,0,0,0,0,0,1,0,0
-36.87601095,174.8257139,Auckland,2018,property_damage,50,FALSE,straight,,fine,,darkness_not_lit,,0,0,0,0,1,0,0,1,0,0,0,0,0,0,0,0,0,1,0,0
-36.92050731,174.925717,Auckland,2018,property_damage,50,FALSE,straight,,fine,,daylight,,0,0,0,0,1,0,0,1,0,0,0,0,0,0,0,0,0,1,0,0
-36.84854095,174.7340598,Auckland,2018,property_damage,50,FALSE,straight,,rain,,darkness_not_lit,,0,0,0,0,1,0,0,1,0,0,0,0,0,0,0,0,0,1,0,0
-41.20448356,174.9052362,Hutt City,2018,property_damage,50,FALSE,straight,,fine,,darkness_not_lit,,0,0,0,0,1,0,0,1,0,0,0,0,0,0,0,0,0,1,0,0
-36.89726534,174.64812,Auckland,2018,minor_injury,50,TRUE,straight,,fine,,daylight,stop_sign,1,0,0,1,1,0,0,1,0,0,0,0,0,0,0,0,0,1,0,0
-36.92890446,174.9125235,Auckland,2018,minor_injury,60,TRUE,straight,,fine,,darkness_not_lit,traffic_lights,1,0,0,1,1,0,0,1,0,0,0,0,0,0,0,0,0,1,0,0
-41.16268136,174.8313671,Wellington City,2018,minor_injury,50,TRUE,curved_view_open,,fine,,darkness_not_lit,giveway_sign,1,0,0,1,1,0,0,1,0,0,0,0,0,0,0,0,0,1,0,0
-38.14520359,176.2346184,Rotorua District,2018,minor_injury,50,FALSE,straight,,rain,,daylight,,1,0,0,1,1,0,0,1,0,0,0,0,0,0,0,0,0,1,0,0
-38.14520359,176.2346184,Rotorua District,2018,minor_injury,50,FALSE,straight,,rain,,daylight,,1,0,0,1,1,0,0,1,0,0,0,0,0,0,0,0,0,1,0,0
-36.87379956,174.8040873,Auckland,2018,minor_injury,50,FALSE,curved_view_open,,fine,,darkness_not_lit,,1,0,0,1,1,0,0,1,0,0,0,0,0,0,0,0,0,1,0,0
-41.23096958,174.8140626,Wellington City,2018,minor_injury,50,FALSE,straight,,fine,,daylight,,1,0,0,1,1,0,0,1,0,0,0,0,0,0,0,0,0,1,0,0
-36.91024625,174.69919,Auckland,2018,minor_injury,50,FALSE,curved_view_open,,fine,,daylight,,1,0,0,1,1,0,0,1,0,0,0,0,0,0,0,0,0,1,0,0
-36.90067539,174.7579319,Auckland,2018,minor_injury,50,FALSE,straight,,fine,,darkness_not_lit,,1,0,0,1,1,0,0,1,0,0,0,0,0,0,0,0,0,1,0,0
-36.88807521,174.8148363,Auckland,2018,minor_injury,50,FALSE,straight,,fine,,dawn_dusk,,1,0,0,1,1,0,0,1,0,0,0,0,0,0,0,0,0,1,0,0
-36.58154393,174.3296467,Auckland,2018,minor_injury,100,FALSE,curved_view_open,,rain,,daylight,,1,0,0,1,1,0,0,1,0,0,0,0,0,0,0,0,0,1,0,0
-36.94644547,174.6355574,Auckland,2018,minor_injury,50,FALSE,straight,,fine,,daylight,,1,0,0,1,1,0,0,1,0,0,0,0,0,0,0,0,0,1,0,0
-46.43496594,168.3715728,Invercargill City,2018,minor_injury,50,FALSE,straight,,rain,,darkness_not_lit,,1,0,0,1,1,0,0,1,0,0,0,0,0,0,0,0,0,1,0,0
-36.99792029,174.8619206,Auckland,2018,minor_injury,100,FALSE,straight,,fine,,darkness_not_lit,,1,0,0,1,1,0,0,1,0,0,0,0,0,0,0,0,0,1,0,0
-36.80790386,174.7031688,Auckland,2018,minor_injury,50,FALSE,straight,,rain,,darkness_not_lit,,1,0,0,1,1,0,0,1,0,0,0,0,0,0,0,0,0,1,0,0
-36.81806634,174.7346724,Auckland,2018,minor_injury,50,FALSE,curved_view_open,,fine,,darkness_not_lit,,1,0,0,1,1,0,0,1,0,0,0,0,0,0,0,0,0,1,0,0
-42.61495199,171.0919019,Westland District,2018,minor_injury,100,TRUE,straight,,fine,,daylight,stop_sign,1,0,0,1,1,0,0,1,0,0,0,0,0,0,0,0,0,1,0,0
-43.51407408,172.5633932,Christchurch City,2018,minor_injury,50,FALSE,straight,,fine,,daylight,,1,0,0,1,1,0,0,1,0,0,0,0,0,0,0,0,0,1,0,0
-36.94200248,174.6550236,Auckland,2018,minor_injury,50,FALSE,straight,,fine,,daylight,,1,0,0,1,1,0,0,1,0,0,0,0,0,0,0,0,0,1,0,0
-45.87217921,170.5128628,Dunedin City,2018,minor_injury,50,FALSE,straight,,fine,,daylight,,1,0,0,1,1,0,0,1,0,0,0,0,0,0,0,0,0,1,0,0
-43.54969352,172.6103767,Christchurch City,2018,minor_injury,50,FALSE,straight,,fine,,daylight,,1,0,0,1,1,0,0,1,0,0,0,0,0,0,0,0,0,1,0,0
-43.51549903,172.5907883,Christchurch City,2018,minor_injury,50,FALSE,straight,,fine,,daylight,,1,0,0,1,1,0,0,1,0,0,0,0,0,0,0,0,0,1,0,0
-43.47835248,172.6183163,Christchurch City,2018,minor_injury,50,TRUE,straight,,fine,,daylight,,1,0,0,1,1,0,0,1,0,0,0,0,0,0,0,0,0,1,0,0
-40.72985088,175.2049184,Horowhenua District,2018,minor_injury,100,FALSE,straight,,fine,,daylight,,1,0,0,1,1,0,0,1,0,0,0,0,0,0,0,0,0,1,0,0
-36.36820504,174.6169927,Auckland,2018,minor_injury,80,FALSE,curved_view_open,,fine,,daylight,,1,0,0,1,1,0,0,1,0,0,0,0,0,0,0,0,0,1,0,0
-41.75587917,171.5988224,Buller District,2018,minor_injury,50,FALSE,straight,,fine,,darkness_not_lit,,1,0,0,1,1,0,0,1,0,0,0,0,0,0,0,0,0,1,0,0
-41.07669717,175.4645284,South Wairarapa District,2018,minor_injury,50,FALSE,straight,,fine,,darkness_not_lit,,1,0,0,1,1,0,0,1,0,0,0,0,0,0,0,0,0,1,0,0
-45.85950115,170.5085074,Dunedin City,2018,minor_injury,50,FALSE,straight,,fine,,daylight,,1,0,0,1,1,0,0,1,0,0,0,0,0,0,0,0,0,1,0,0
-42.39488763,173.679106,Kaikoura District,2018,minor_injury,50,FALSE,straight,,fine,,daylight,,1,0,0,1,1,0,0,1,0,0,0,0,0,0,0,0,0,1,0,0
-43.49491458,172.6592256,Christchurch City,2018,minor_injury,50,FALSE,straight,,fine,,dawn_dusk,,1,0,0,1,1,0,0,1,0,0,0,0,0,0,0,0,0,1,0,0
-43.48167823,172.5982134,Christchurch City,2018,minor_injury,50,FALSE,straight,,rain,,daylight,,1,0,0,1,1,0,0,1,0,0,0,0,0,0,0,0,0,1,0,0
-36.76821948,174.7242608,Auckland,2018,minor_injury,50,FALSE,straight,,fine,,daylight,,1,0,0,1,1,0,0,1,0,0,0,0,0,0,0,0,0,1,0,0
-36.75084611,174.7101841,Auckland,2018,minor_injury,50,FALSE,straight,,fine,,daylight,,1,0,0,1,1,0,0,1,0,0,0,0,0,0,0,0,0,1,0,0
-37.02855684,174.8595545,Auckland,2018,minor_injury,50,FALSE,straight,,fine,,dawn_dusk,,1,0,0,1,1,0,0,1,0,0,0,0,0,0,0,0,0,1,0,0
-36.86483981,174.7345067,Auckland,2018,minor_injury,50,FALSE,curved_view_open,,fine,,darkness_not_lit,,1,0,0,1,1,0,0,1,0,0,0,0,0,0,0,0,0,1,0,0
-41.18116672,174.9613812,Hutt City,2018,minor_injury,50,FALSE,curved_view_open,,fine,,daylight,,1,0,0,1,1,0,0,1,0,0,0,0,0,0,0,0,0,1,0,0
-36.89824205,174.7573037,Auckland,2018,minor_injury,50,FALSE,straight,,fine,,daylight,,1,0,0,1,1,0,0,1,0,0,0,0,0,0,0,0,0,1,0,0
-37.93178424,175.1957378,Waipa District,2018,minor_injury,100,FALSE,curved_view_open,,fine,,darkness_not_lit,,1,0,0,1,1,0,0,1,0,0,0,0,0,0,0,0,0,1,0,0
-36.91450487,174.6561353,Auckland,2018,minor_injury,50,FALSE,straight,,rain,,darkness_not_lit,,1,0,0,1,1,0,0,1,0,0,0,0,0,0,0,0,0,1,0,0
-36.96170107,174.8907121,Auckland,2018,serious_injury,50,TRUE,straight,,fine,,daylight,giveway_sign,2,0,2,0,1,0,0,1,0,0,0,0,0,0,0,0,0,1,0,0
-36.75338497,174.7284764,Auckland,2018,serious_injury,100,FALSE,straight,,fine,,darkness_not_lit,,1,0,1,0,1,0,0,1,0,0,0,0,0,0,0,0,0,1,0,0
-41.11034148,174.8886844,Porirua City,2018,serious_injury,50,FALSE,curved_view_open,,fine,,daylight,,1,0,1,0,1,0,0,1,0,0,0,0,0,0,0,0,0,1,0,0
-36.90482666,174.7422917,Auckland,2018,serious_injury,50,FALSE,straight,,,,daylight,,1,0,1,0,1,0,0,1,0,0,0,0,0,0,0,0,0,1,0,0
-43.47196583,172.6229681,Christchurch City,2018,serious_injury,50,FALSE,straight,,fine,,daylight,,1,0,1,0,1,0,0,1,0,0,0,0,0,0,0,0,0,1,0,0
-35.28419107,174.0675876,Far North District,2018,minor_injury,100,FALSE,curved_view_open,,fine,,daylight,,2,0,0,2,1,0,0,1,0,0,0,0,0,0,0,0,0,1,0,0
-36.84635617,174.6080201,Auckland,2018,minor_injury,50,FALSE,curved_view_open,,rain,,darkness_not_lit,,2,0,0,2,1,0,0,1,0,0,0,0,0,0,0,0,0,1,0,0
-41.20595248,172.8645025,Tasman District,2018,minor_injury,100,FALSE,curved_view_open,,fine,,daylight,,2,0,0,2,1,0,0,1,0,0,0,0,0,0,0,0,0,1,0,0
-36.94169046,174.8542293,Auckland,2018,minor_injury,100,FALSE,straight,,fine,,daylight,,2,0,0,2,1,0,0,1,0,0,0,0,0,0,0,0,0,1,0,0
-46.38068124,168.4164256,Invercargill City,2018,minor_injury,100,TRUE,straight,,fine,,darkness_not_lit,stop_sign,3,0,0,3,1,0,0,1,0,0,0,0,0,0,0,0,0,1,0,0
-37.52438706,175.6379931,Matamata-Piako District,2018,minor_injury,100,TRUE,straight,,fine,,daylight,stop_sign,3,0,0,3,1,0,0,1,0,0,0,0,0,0,0,0,0,1,0,0
-36.69376533,174.7036916,Auckland,2018,serious_injury,100,FALSE,straight,,fine,,daylight,,2,0,1,1,1,0,0,1,0,0,0,0,0,0,0,0,0,1,0,0
-40.49028273,175.3645809,Horowhenua District,2018,serious_injury,100,FALSE,straight,,fine,,darkness_not_lit,,4,0,1,3,1,0,0,1,0,0,0,0,0,0,0,0,0,1,0,0
-43.39982074,172.0328001,Selwyn District,2018,fatality,100,TRUE,straight,,fine,,daylight,giveway_sign,4,1,2,1,1,0,0,1,0,0,0,0,0,0,0,0,0,1,0,0
-36.25106566,174.5091898,Auckland,2018,fatality,70,FALSE,curved_view_open,,rain,,daylight,,5,1,1,3,1,0,0,1,0,0,0,0,0,0,0,0,0,1,0,0
-41.1048021,175.0983853,Upper Hutt City,2018,property_damage,70,TRUE,straight,,fine,,daylight,stop_sign,0,0,0,0,0,0,0,0,0,0,0,2,0,0,0,0,0,1,0,0
-41.1048021,175.0983853,Upper Hutt City,2018,property_damage,70,TRUE,straight,,fine,,daylight,stop_sign,0,0,0,0,0,0,0,0,0,0,0,2,0,0,0,0,0,1,0,0
-35.3459496,173.9572086,Far North District,2018,property_damage,100,FALSE,straight,,rain,,daylight,,0,0,0,0,0,0,0,0,0,0,0,2,0,0,0,0,0,1,0,0
-44.06479823,170.3634175,Mackenzie District,2018,property_damage,100,FALSE,straight,,rain,,daylight,,0,0,0,0,0,0,0,0,0,0,0,2,0,0,0,0,0,1,0,0
-37.43504352,175.1431069,Waikato District,2018,property_damage,100,FALSE,curved_view_open,,fine,,daylight,,0,0,0,0,0,0,0,0,0,0,0,2,0,0,0,0,0,1,0,0
-40.49127249,175.2804091,Horowhenua District,2018,property_damage,100,FALSE,straight,,fine,,darkness_not_lit,,0,0,0,0,0,0,0,0,0,0,0,2,0,0,0,0,0,1,0,0
-36.82975844,174.6189078,Auckland,2018,property_damage,100,FALSE,straight,,fine,,daylight,,0,0,0,0,0,0,0,0,0,0,0,2,0,0,0,0,0,1,0,0
-39.00089098,174.4504009,New Plymouth District,2018,property_damage,100,FALSE,curved_view_open,,rain,,daylight,,0,0,0,0,0,0,0,0,0,0,0,2,0,0,0,0,0,1,0,0
-36.97611714,174.7952553,Auckland,2018,property_damage,50,FALSE,straight,,fine,,daylight,,0,0,0,0,0,0,0,0,0,0,0,2,0,0,0,0,0,1,0,0
-42.87572711,171.5552523,Westland District,2018,minor_injury,100,FALSE,curved_view_open,,fine,,daylight,,1,0,0,1,0,0,0,0,0,0,0,2,0,0,0,0,0,1,0,0
-39.5089534,176.5484894,Hastings District,2018,serious_injury,100,FALSE,straight,,fine,,daylight,,1,0,1,0,0,0,0,0,0,0,0,2,0,0,0,0,0,1,0,0
-37.83532544,175.1704903,Waipa District,2018,minor_injury,100,FALSE,curved_view_open,,fine,,daylight,,2,0,0,2,0,0,0,0,0,0,0,2,0,0,0,0,0,1,0,0
-39.64399287,176.8472881,Hastings District,2018,property_damage,50,TRUE,straight,,rain,,dawn_dusk,giveway_sign,0,0,0,0,3,0,0,0,0,0,0,0,0,0,0,0,0,1,0,0
-36.89057803,174.7942595,Auckland,2018,property_damage,50,TRUE,straight,,mist,,daylight,giveway_sign,0,0,0,0,3,0,0,0,0,0,0,0,0,0,0,0,0,1,0,0
-36.9893186,174.8735758,Auckland,2018,property_damage,60,TRUE,straight,,rain,,daylight,traffic_lights,0,0,0,0,3,0,0,0,0,0,0,0,0,0,0,0,0,1,0,0
-37.75284301,175.2750485,Hamilton City,2018,property_damage,50,TRUE,straight,,fine,,daylight,stop_sign,0,0,0,0,3,0,0,0,0,0,0,0,0,0,0,0,0,1,0,0
-37.70101731,176.1566087,Tauranga City,2018,property_damage,50,TRUE,straight,,fine,,darkness_not_lit,traffic_lights,0,0,0,0,3,0,0,0,0,0,0,0,0,0,0,0,0,1,0,0
-45.90946403,170.4887616,Dunedin City,2018,property_damage,50,TRUE,straight,,rain,,daylight,giveway_sign,0,0,0,0,3,0,0,0,0,0,0,0,0,0,0,0,0,1,0,0
-45.89769195,170.4830792,Dunedin City,2018,property_damage,50,TRUE,straight,,fine,,daylight,stop_sign,0,0,0,0,3,0,0,0,0,0,0,0,0,0,0,0,0,1,0,0
-36.86396077,174.7799291,Auckland,2018,property_damage,50,TRUE,straight,,fine,,daylight,giveway_sign,0,0,0,0,3,0,0,0,0,0,0,0,0,0,0,0,0,1,0,0
-40.34064819,175.5980944,Palmerston North City,2018,property_damage,50,TRUE,straight,,fine,,darkness_not_lit,giveway_sign,0,0,0,0,3,0,0,0,0,0,0,0,0,0,0,0,0,1,0,0
-39.92685481,175.0511629,Wanganui District,2018,property_damage,50,TRUE,straight,,fine,,daylight,giveway_sign,0,0,0,0,3,0,0,0,0,0,0,0,0,0,0,0,0,1,0,0
-36.96038221,174.8744163,Auckland,2018,property_damage,50,FALSE,straight,,fine,,daylight,,0,0,0,0,3,0,0,0,0,0,0,0,0,0,0,0,0,1,0,0
-36.87295158,174.8335727,Auckland,2018,property_damage,50,FALSE,straight,,rain,,daylight,,0,0,0,0,3,0,0,0,0,0,0,0,0,0,0,0,0,1,0,0
-36.86412658,174.8000347,Auckland,2018,property_damage,50,TRUE,straight,,fine,,darkness_not_lit,giveway_sign,0,0,0,0,3,0,0,0,0,0,0,0,0,0,0,0,0,1,0,0
-36.07586039,174.42026,Whangarei District,2018,property_damage,80,FALSE,curved_view_open,,fine,,daylight,,0,0,0,0,3,0,0,0,0,0,0,0,0,0,0,0,0,1,0,0
-45.90201963,170.4372711,Dunedin City,2018,property_damage,50,FALSE,straight,,fine,,dawn_dusk,,0,0,0,0,3,0,0,0,0,0,0,0,0,0,0,0,0,1,0,0
-40.36035195,175.6051274,Palmerston North City,2018,property_damage,50,TRUE,straight,,fine,,daylight,giveway_sign,0,0,0,0,3,0,0,0,0,0,0,0,0,0,0,0,0,1,0,0
-36.89023657,174.9304432,Auckland,2018,property_damage,50,FALSE,straight,,fine,,darkness_not_lit,,0,0,0,0,3,0,0,0,0,0,0,0,0,0,0,0,0,1,0,0
-37.69804549,176.0961239,Tauranga City,2018,property_damage,90,FALSE,straight,,fine,,daylight,,0,0,0,0,3,0,0,0,0,0,0,0,0,0,0,0,0,1,0,0
-36.86646798,174.7725947,Auckland,2018,property_damage,50,TRUE,straight,,rain,,daylight,stop_sign,0,0,0,0,3,0,0,0,0,0,0,0,0,0,0,0,0,1,0,0