latitude,longitude,local_government_area,year,severity,speed_limit,intersection,road_position_horizontal,road_wet,weather,crash_type,lighting,traffic_controls,casualties,fatalities,serious_injuries,minor_injuries,car_sedan,car_utility,car_van,car_4x4,car_station_wagon,motor_cycle,truck_small,truck_large,bus,taxi,bicycle,scooter,pedestrian,inanimate,train,tram
-45.86970214,170.5136047,Dunedin City,2018,property_damage,50,TRUE,straight,,fine,,daylight,giveway_sign,0,0,0,0,3,0,0,0,0,0,0,0,0,0,0,0,0,1,0,0
-37.03519231,174.9043152,Auckland,2018,property_damage,50,FALSE,curved_view_open,,fine,,daylight,,0,0,0,0,3,0,0,0,0,0,0,0,0,0,0,0,0,1,0,0
-36.73853942,174.7191504,Auckland,2018,property_damage,100,FALSE,curved_view_open,,fine,,daylight,,0,0,0,0,3,0,0,0,0,0,0,0,0,0,0,0,0,1,0,0
-37.88365012,175.732064,Matamata-Piako District,2018,property_damage,100,TRUE,straight,,fine,,darkness_not_lit,giveway_sign,0,0,0,0,3,0,0,0,0,0,0,0,0,0,0,0,0,1,0,0
-41.31083223,174.7797328,Wellington City,2018,property_damage,50,FALSE,straight,,fine,,daylight,,0,0,0,0,3,0,0,0,0,0,0,0,0,0,0,0,0,1,0,0
-43.58905347,172.3837882,Selwyn District,2018,property_damage,80,TRUE,curved_view_open,,fine,,dawn_dusk,traffic_lights,0,0,0,0,3,0,0,0,0,0,0,0,0,0,0,0,0,1,0,0
-36.92198229,174.8289987,Auckland,2018,property_damage,50,FALSE,straight,,fine,,daylight,,0,0,0,0,3,0,0,0,0,0,0,0,0,0,0,0,0,1,0,0
-37.78335057,175.2897338,Hamilton City,2018,property_damage,50,FALSE,straight,,rain,,darkness_not_lit,,0,0,0,0,3,0,0,0,0,0,0,0,0,0,0,0,0,1,0,0
-43.5320132,172.6506135,Christchurch City,2018,property_damage,50,TRUE,straight,,fine,,daylight,traffic_lights,0,0,0,0,3,0,0,0,0,0,0,0,0,0,0,0,0,1,0,0
-38.65176988,177.9982404,Gisborne District,2018,property_damage,50,TRUE,straight,,fine,,daylight,giveway_sign,0,0,0,0,3,0,0,0,0,0,0,0,0,0,0,0,0,1,0,0
-36.96415452,174.8284573,Auckland,2018,property_damage,50,FALSE,straight,,fine,,darkness_not_lit,,0,0,0,0,3,0,0,0,0,0,0,0,0,0,0,0,0,1,0,0
-39.58722519,174.2747809,South Taranaki District,2018,property_damage,50,TRUE,straight,,fine,,daylight,stop_sign,0,0,0,0,3,0,0,0,0,0,0,0,0,0,0,0,0,1,0,0
-36.79568061,174.7534556,Auckland,2018,property_damage,50,FALSE,curved_view_open,,fine,,darkness_not_lit,,0,0,0,0,3,0,0,0,0,0,0,0,0,0,0,0,0,1,0,0
-36.77442442,174.7190328,Auckland,2018,property_damage,50,FALSE,straight,,fine,,daylight,,0,0,0,0,3,0,0,0,0,0,0,0,0,0,0,0,0,1,0,0
-36.87987306,174.8562561,Auckland,2018,property_damage,50,TRUE,straight,,rain,,daylight,giveway_sign,0,0,0,0,3,0,0,0,0,0,0,0,0,0,0,0,0,1,0,0
-45.88245662,170.4734318,Dunedin City,2018,property_damage,50,TRUE,straight,,fine,,daylight,stop_sign,0,0,0,0,3,0,0,0,0,0,0,0,0,0,0,0,0,1,0,0
-36.8905776,174.7960774,Auckland,2018,property_damage,50,FALSE,straight,,fine,,darkness_not_lit,,0,0,0,0,3,0,0,0,0,0,0,0,0,0,0,0,0,1,0,0
-36.92102849,174.912989,Auckland,2018,property_damage,60,FALSE,straight,,fine,,daylight,,0,0,0,0,3,0,0,0,0,0,0,0,0,0,0,0,0,1,0,0
-41.29711939,174.7735673,Wellington City,2018,property_damage,50,TRUE,straight,,fine,,darkness_not_lit,traffic_lights,0,0,0,0,3,0,0,0,0,0,0,0,0,0,0,0,0,1,0,0
-41.12981159,175.0460276,Upper Hutt City,2018,property_damage,50,TRUE,straight,,fine,,darkness_not_lit,giveway_sign,0,0,0,0,3,0,0,0,0,0,0,0,0,0,0,0,0,1,0,0
-36.91083696,174.6437651,Auckland,2018,property_damage,50,FALSE,straight,,fine,,darkness_not_lit,,0,0,0,0,3,0,0,0,0,0,0,0,0,0,0,0,0,1,0,0
-41.30136103,174.7864268,Wellington City,2018,property_damage,50,FALSE,straight,,fine,,darkness_not_lit,,0,0,0,0,3,0,0,0,0,0,0,0,0,0,0,0,0,1,0,0
-36.88227501,174.7181605,Auckland,2018,property_damage,50,FALSE,straight,,rain,,daylight,,0,0,0,0,3,0,0,0,0,0,0,0,0,0,0,0,0,1,0,0
-36.91129751,174.7576369,Auckland,2018,property_damage,50,FALSE,curved_view_open,,fine,,daylight,,0,0,0,0,3,0,0,0,0,0,0,0,0,0,0,0,0,1,0,0
-38.05982501,175.7303896,South Waikato District,2018,property_damage,100,FALSE,straight,,rain,,daylight,,0,0,0,0,3,0,0,0,0,0,0,0,0,0,0,0,0,1,0,0
-41.22095649,174.9172502,Hutt City,2018,property_damage,50,FALSE,straight,,fine,,daylight,,0,0,0,0,3,0,0,0,0,0,0,0,0,0,0,0,0,1,0,0
-36.88183958,174.7387959,Auckland,2018,property_damage,50,FALSE,straight,,fine,,daylight,,0,0,0,0,3,0,0,0,0,0,0,0,0,0,0,0,0,1,0,0
-36.92176786,174.7486944,Auckland,2018,property_damage,50,FALSE,straight,,rain,,daylight,,0,0,0,0,3,0,0,0,0,0,0,0,0,0,0,0,0,1,0,0
-36.90194473,174.925441,Auckland,2018,property_damage,50,FALSE,straight,,fine,,darkness_not_lit,,0,0,0,0,3,0,0,0,0,0,0,0,0,0,0,0,0,1,0,0
-36.7893269,174.7361982,Auckland,2018,property_damage,50,FALSE,straight,,fine,,daylight,,0,0,0,0,3,0,0,0,0,0,0,0,0,0,0,0,0,1,0,0
-37.0388691,174.9200011,Auckland,2018,property_damage,50,FALSE,straight,,fine,,darkness_not_lit,,0,0,0,0,3,0,0,0,0,0,0,0,0,0,0,0,0,1,0,0
-46.42586248,168.3694943,Invercargill City,2018,property_damage,50,FALSE,straight,,fine,,daylight,,0,0,0,0,3,0,0,0,0,0,0,0,0,0,0,0,0,1,0,0
-40.49113834,175.4386699,Horowhenua District,2018,property_damage,100,FALSE,straight,,fine,,daylight,,0,0,0,0,3,0,0,0,0,0,0,0,0,0,0,0,0,1,0,0
-37.71334224,176.1424788,Tauranga City,2018,property_damage,50,FALSE,straight,,fine,,daylight,,0,0,0,0,3,0,0,0,0,0,0,0,0,0,0,0,0,1,0,0
-36.90658392,174.7212983,Auckland,2018,property_damage,50,FALSE,straight,,fine,,darkness_not_lit,,0,0,0,0,3,0,0,0,0,0,0,0,0,0,0,0,0,1,0,0
-41.30236805,174.7643571,Wellington City,2018,property_damage,50,FALSE,straight,,fine,,daylight,,0,0,0,0,3,0,0,0,0,0,0,0,0,0,0,0,0,1,0,0
-37.79976988,175.2827454,Hamilton City,2018,property_damage,40,FALSE,curved_view_open,,fine,,dawn_dusk,,0,0,0,0,3,0,0,0,0,0,0,0,0,0,0,0,0,1,0,0
-43.49857831,172.6619138,Christchurch City,2018,property_damage,50,FALSE,straight,,fine,,daylight,,0,0,0,0,3,0,0,0,0,0,0,0,0,0,0,0,0,1,0,0
-36.8693352,174.6335527,Auckland,2018,property_damage,50,FALSE,curved_view_open,,rain,,daylight,,0,0,0,0,3,0,0,0,0,0,0,0,0,0,0,0,0,1,0,0
-36.87484477,174.6976872,Auckland,2018,property_damage,50,FALSE,curved_view_open,,fine,,daylight,,0,0,0,0,3,0,0,0,0,0,0,0,0,0,0,0,0,1,0,0
-40.18813605,175.3878191,Rangitikei District,2018,property_damage,100,FALSE,straight,,fine,,daylight,,0,0,0,0,3,0,0,0,0,0,0,0,0,0,0,0,0,1,0,0
-36.81267904,174.7928093,Auckland,2018,property_damage,50,FALSE,straight,,fine,,darkness_not_lit,,0,0,0,0,3,0,0,0,0,0,0,0,0,0,0,0,0,1,0,0
-38.00772166,175.3232911,Waipa District,2018,property_damage,50,FALSE,straight,,fine,,daylight,,0,0,0,0,3,0,0,0,0,0,0,0,0,0,0,0,0,1,0,0
-41.32612138,174.7870314,Wellington City,2018,property_damage,50,FALSE,straight,,fine,,darkness_not_lit,,0,0,0,0,3,0,0,0,0,0,0,0,0,0,0,0,0,1,0,0
-36.90065131,174.8578144,Auckland,2018,property_damage,50,FALSE,straight,,fine,,daylight,,0,0,0,0,3,0,0,0,0,0,0,0,0,0,0,0,0,1,0,0
-45.85920183,170.510466,Dunedin City,2018,property_damage,50,TRUE,curved_view_open,,fine,,darkness_not_lit,giveway_sign,0,0,0,0,3,0,0,0,0,0,0,0,0,0,0,0,0,1,0,0
-37.01838444,174.8884406,Auckland,2018,property_damage,50,FALSE,straight,,fine,,daylight,,0,0,0,0,3,0,0,0,0,0,0,0,0,0,0,0,0,1,0,0
-43.57612935,172.6433362,Christchurch City,2018,property_damage,50,FALSE,straight,,fine,,darkness_not_lit,,0,0,0,0,3,0,0,0,0,0,0,0,0,0,0,0,0,1,0,0
-41.14786628,175.0105072,Upper Hutt City,2018,property_damage,50,FALSE,straight,,rain,,daylight,,0,0,0,0,3,0,0,0,0,0,0,0,0,0,0,0,0,1,0,0
-36.96747135,174.8389605,Auckland,2018,property_damage,50,TRUE,curved_view_open,,rain,,darkness_not_lit,,0,0,0,0,3,0,0,0,0,0,0,0,0,0,0,0,0,1,0,0
-36.89539496,174.6169715,Auckland,2018,property_damage,50,FALSE,straight,,fine,,darkness_not_lit,,0,0,0,0,3,0,0,0,0,0,0,0,0,0,0,0,0,1,0,0
-36.96025914,174.8890029,Auckland,2018,property_damage,60,FALSE,straight,,fine,,darkness_not_lit,,0,0,0,0,3,0,0,0,0,0,0,0,0,0,0,0,0,1,0,0
-36.91488891,174.830165,Auckland,2018,property_damage,50,FALSE,straight,,fine,,darkness_not_lit,,0,0,0,0,3,0,0,0,0,0,0,0,0,0,0,0,0,1,0,0
-36.91517758,174.8371538,Auckland,2018,property_damage,50,FALSE,straight,,fine,,darkness_not_lit,,0,0,0,0,3,0,0,0,0,0,0,0,0,0,0,0,0,1,0,0
-37.72330282,175.2834585,Hamilton City,2018,property_damage,50,FALSE,straight,,fine,,daylight,,0,0,0,0,3,0,0,0,0,0,0,0,0,0,0,0,0,1,0,0
-41.51067367,173.9491125,Marlborough District,2018,property_damage,50,FALSE,straight,,fine,,darkness_not_lit,,0,0,0,0,3,0,0,0,0,0,0,0,0,0,0,0,0,1,0,0
-41.20840691,174.9532972,Hutt City,2018,property_damage,50,FALSE,curved_view_open,,rain,,darkness_not_lit,,0,0,0,0,3,0,0,0,0,0,0,0,0,0,0,0,0,1,0,0
-39.64177358,176.85391,Hastings District,2018,property_damage,50,FALSE,straight,,fine,,dawn_dusk,,0,0,0,0,3,0,0,0,0,0,0,0,0,0,0,0,0,1,0,0
-43.53303858,172.6591966,Christchurch City,2018,property_damage,50,FALSE,straight,,fine,,dawn_dusk,,0,0,0,0,3,0,0,0,0,0,0,0,0,0,0,0,0,1,0,0
-45.88001125,170.346953,Dunedin City,2018,property_damage,50,FALSE,straight,,fine,,daylight,,0,0,0,0,3,0,0,0,0,0,0,0,0,0,0,0,0,1,0,0
-36.8150844,174.7438088,Auckland,2018,property_damage,50,FALSE,straight,,fine,,darkness_not_lit,,0,0,0,0,3,0,0,0,0,0,0,0,0,0,0,0,0,1,0,0
-36.9112713,174.7112903,Auckland,2018,property_damage,50,FALSE,curved_view_open,,fine,,darkness_not_lit,,0,0,0,0,3,0,0,0,0,0,0,0,0,0,0,0,0,1,0,0
-36.95351102,174.9029416,Auckland,2018,property_damage,50,FALSE,straight,,fine,,dawn_dusk,,0,0,0,0,3,0,0,0,0,0,0,0,0,0,0,0,0,1,0,0
-41.22236976,174.9108017,Hutt City,2018,property_damage,50,FALSE,straight,,fine,,darkness_not_lit,,0,0,0,0,3,0,0,0,0,0,0,0,0,0,0,0,0,1,0,0
-41.30917407,174.7977495,Wellington City,2018,property_damage,50,FALSE,curved_view_open,,rain,,darkness_not_lit,,0,0,0,0,3,0,0,0,0,0,0,0,0,0,0,0,0,1,0,0
-43.56889879,172.5628736,Christchurch City,2018,property_damage,50,TRUE,straight,,fine,,darkness_not_lit,giveway_sign,0,0,0,0,3,0,0,0,0,0,0,0,0,0,0,0,0,1,0,0
-36.96408042,174.9371139,Auckland,2018,property_damage,50,FALSE,curved_view_open,,fine,,darkness_not_lit,,0,0,0,0,3,0,0,0,0,0,0,0,0,0,0,0,0,1,0,0
-36.98798253,174.8645546,Auckland,2018,property_damage,50,FALSE,straight,,rain,,daylight,giveway_sign,0,0,0,0,3,0,0,0,0,0,0,0,0,0,0,0,0,1,0,0
-40.35941755,175.6201635,Palmerston North City,2018,property_damage,50,FALSE,straight,,fine,,daylight,,0,0,0,0,3,0,0,0,0,0,0,0,0,0,0,0,0,1,0,0
-45.08239838,170.9222061,Waitaki District,2018,property_damage,50,FALSE,straight,,fine,,daylight,,0,0,0,0,3,0,0,0,0,0,0,0,0,0,0,0,0,1,0,0
-41.202415,174.9443771,Hutt City,2018,property_damage,50,FALSE,straight,,fine,,dawn_dusk,,0,0,0,0,3,0,0,0,0,0,0,0,0,0,0,0,0,1,0,0
-36.93997387,174.8405899,Auckland,2018,property_damage,50,FALSE,straight,,fine,,daylight,,0,0,0,0,3,0,0,0,0,0,0,0,0,0,0,0,0,1,0,0
-39.63491808,176.8563945,Hastings District,2018,property_damage,50,FALSE,straight,,rain,,daylight,,0,0,0,0,3,0,0,0,0,0,0,0,0,0,0,0,0,1,0,0
-36.89313845,174.7142631,Auckland,2018,property_damage,50,FALSE,straight,,rain,,daylight,,0,0,0,0,3,0,0,0,0,0,0,0,0,0,0,0,0,1,0,0
-36.75316907,174.7327841,Auckland,2018,property_damage,50,FALSE,straight,,fine,,daylight,,0,0,0,0,3,0,0,0,0,0,0,0,0,0,0,0,0,1,0,0
-40.35919985,175.6134668,Palmerston North City,2018,property_damage,50,TRUE,straight,,fine,,daylight,traffic_lights,0,0,0,0,3,0,0,0,0,0,0,0,0,0,0,0,0,1,0,0
-36.89047882,174.7317091,Auckland,2018,property_damage,50,FALSE,straight,,fine,,darkness_not_lit,,0,0,0,0,3,0,0,0,0,0,0,0,0,0,0,0,0,1,0,0
-41.11230787,174.8321932,Porirua City,2018,property_damage,50,FALSE,curved_view_open,,fine,,daylight,,0,0,0,0,3,0,0,0,0,0,0,0,0,0,0,0,0,1,0,0
-36.85914795,174.6005708,Auckland,2018,property_damage,50,FALSE,straight,,fine,,daylight,,0,0,0,0,3,0,0,0,0,0,0,0,0,0,0,0,0,1,0,0
-36.92553175,174.7804841,Auckland,2018,property_damage,50,FALSE,straight,,fine,,darkness_not_lit,,0,0,0,0,3,0,0,0,0,0,0,0,0,0,0,0,0,1,0,0
-36.79528597,174.7655058,Auckland,2018,property_damage,50,FALSE,straight,,fine,,darkness_not_lit,,0,0,0,0,3,0,0,0,0,0,0,0,0,0,0,0,0,1,0,0
-36.75787249,174.7273225,Auckland,2018,property_damage,50,FALSE,curved_view_open,,fine,,daylight,,0,0,0,0,3,0,0,0,0,0,0,0,0,0,0,0,0,1,0,0
-36.87307921,174.8311412,Auckland,2018,property_damage,50,FALSE,straight,,fine,,darkness_not_lit,,0,0,0,0,3,0,0,0,0,0,0,0,0,0,0,0,0,1,0,0
-41.32328266,174.796381,Wellington City,2018,property_damage,50,FALSE,straight,,fine,,darkness_not_lit,,0,0,0,0,3,0,0,0,0,0,0,0,0,0,0,0,0,1,0,0
-45.90119512,170.3779543,Dunedin City,2018,property_damage,100,FALSE,straight,,fine,,darkness_not_lit,,0,0,0,0,3,0,0,0,0,0,0,0,0,0,0,0,0,1,0,0
-36.89751975,174.8401195,Auckland,2018,property_damage,50,FALSE,straight,,fine,,darkness_not_lit,,0,0,0,0,3,0,0,0,0,0,0,0,0,0,0,0,0,1,0,0
-37.04070691,174.8595248,Auckland,2018,property_damage,50,FALSE,straight,,fine,,darkness_not_lit,,0,0,0,0,3,0,0,0,0,0,0,0,0,0,0,0,0,1,0,0
-39.00115757,174.2286507,New Plymouth District,2018,property_damage,50,FALSE,straight,,fine,,darkness_not_lit,,0,0,0,0,3,0,0,0,0,0,0,0,0,0,0,0,0,1,0,0
-36.72861825,174.7474164,Auckland,2018,property_damage,50,FALSE,curved_view_open,,fine,,daylight,,0,0,0,0,3,0,0,0,0,0,0,0,0,0,0,0,0,1,0,0
-36.88897636,174.6150519,Auckland,2018,property_damage,50,FALSE,straight,,rain,,daylight,,0,0,0,0,3,0,0,0,0,0,0,0,0,0,0,0,0,1,0,0
-41.20235656,174.942503,Hutt City,2018,property_damage,50,FALSE,straight,,fine,,daylight,,0,0,0,0,3,0,0,0,0,0,0,0,0,0,0,0,0,1,0,0
-36.96945182,174.8408616,Auckland,2018,property_damage,50,FALSE,straight,,rain,,darkness_not_lit,,0,0,0,0,3,0,0,0,0,0,0,0,0,0,0,0,0,1,0,0
-37.79613699,175.2786248,Hamilton City,2018,property_damage,50,FALSE,straight,,rain,,daylight,,0,0,0,0,3,0,0,0,0,0,0,0,0,0,0,0,0,1,0,0
-41.21897794,174.9034978,Hutt City,2018,property_damage,50,FALSE,straight,,fine,,darkness_not_lit,,0,0,0,0,3,0,0,0,0,0,0,0,0,0,0,0,0,1,0,0
-44.94176829,168.8381547,Queenstown-Lakes District,2018,property_damage,50,FALSE,straight,,fine,,darkness_not_lit,,0,0,0,0,3,0,0,0,0,0,0,0,0,0,0,0,0,1,0,0
-36.90585149,174.9050678,Auckland,2018,property_damage,60,FALSE,straight,,fine,,darkness_not_lit,,0,0,0,0,3,0,0,0,0,0,0,0,0,0,0,0,0,1,0,0
-43.52982853,172.6517151,Christchurch City,2018,property_damage,50,FALSE,straight,,fine,,daylight,,0,0,0,0,3,0,0,0,0,0,0,0,0,0,0,0,0,1,0,0
-36.92601301,174.6549921,Auckland,2018,property_damage,50,FALSE,straight,,fine,,daylight,,0,0,0,0,3,0,0,0,0,0,0,0,0,0,0,0,0,1,0,0
-37.80250147,175.2550951,Hamilton City,2018,property_damage,50,FALSE,straight,,fine,,dawn_dusk,,0,0,0,0,3,0,0,0,0,0,0,0,0,0,0,0,0,1,0,0
-45.86969963,170.5172125,Dunedin City,2018,property_damage,50,FALSE,straight,,fine,,daylight,,0,0,0,0,3,0,0,0,0,0,0,0,0,0,0,0,0,1,0,0
-36.95035054,174.9184276,Auckland,2018,property_damage,50,FALSE,straight,,rain,,darkness_not_lit,,0,0,0,0,3,0,0,0,0,0,0,0,0,0,0,0,0,1,0,0
-36.85069153,174.8357212,Auckland,2018,property_damage,50,FALSE,straight,,fine,,darkness_not_lit,,0,0,0,0,3,0,0,0,0,0,0,0,0,0,0,0,0,1,0,0
-41.12102549,175.0513171,Upper Hutt City,2018,property_damage,50,FALSE,curved_view_open,,fine,,darkness_not_lit,,0,0,0,0,3,0,0,0,0,0,0,0,0,0,0,0,0,1,0,0
-36.9027958,174.9050816,Auckland,2018,property_damage,60,FALSE,straight,,fine,,daylight,,0,0,0,0,3,0,0,0,0,0,0,0,0,0,0,0,0,1,0,0
-43.48102526,172.5918124,Christchurch City,2018,property_damage,50,FALSE,straight,,fine,,darkness_not_lit,,0,0,0,0,3,0,0,0,0,0,0,0,0,0,0,0,0,1,0,0
-43.49320747,172.6889556,Christchurch City,2018,property_damage,50,FALSE,straight,,fine,,darkness_not_lit,,0,0,0,0,3,0,0,0,0,0,0,0,0,0,0,0,0,1,0,0
-45.87038264,170.4990145,Dunedin City,2018,property_damage,50,FALSE,straight,,fine,,darkness_not_lit,,0,0,0,0,3,0,0,0,0,0,0,0,0,0,0,0,0,1,0,0
-36.91725208,174.7376465,Auckland,2018,property_damage,50,FALSE,straight,,fine,,daylight,,0,0,0,0,3,0,0,0,0,0,0,0,0,0,0,0,0,1,0,0
-43.5092896,172.6516477,Christchurch City,2018,property_damage,50,FALSE,straight,,fine,,darkness_not_lit,,0,0,0,0,3,0,0,0,0,0,0,0,0,0,0,0,0,1,0,0
-45.90956329,170.4949204,Dunedin City,2018,property_damage,50,FALSE,straight,,fine,,daylight,,0,0,0,0,3,0,0,0,0,0,0,0,0,0,0,0,0,1,0,0
-45.92253674,170.402407,Dunedin City,2018,property_damage,60,FALSE,straight,,fine,,darkness_not_lit,,0,0,0,0,3,0,0,0,0,0,0,0,0,0,0,0,0,1,0,0
-36.80507604,174.7513944,Auckland,2018,property_damage,50,FALSE,straight,,fine,,darkness_not_lit,,0,0,0,0,3,0,0,0,0,0,0,0,0,0,0,0,0,1,0,0
-37.67347125,175.1481347,Waikato District,2018,minor_injury,50,TRUE,straight,,fine,,daylight,giveway_sign,1,0,0,1,3,0,0,0,0,0,0,0,0,0,0,0,0,1,0,0
-43.49496167,172.6092075,Christchurch City,2018,minor_injury,50,TRUE,straight,,fine,,daylight,traffic_lights,1,0,0,1,3,0,0,0,0,0,0,0,0,0,0,0,0,1,0,0
-43.52259967,172.6292978,Christchurch City,2018,minor_injury,30,FALSE,straight,,mist,,darkness_not_lit,,1,0,0,1,3,0,0,0,0,0,0,0,0,0,0,0,0,1,0,0
-41.30541868,174.7750823,Wellington City,2018,minor_injury,50,FALSE,straight,,fine,,darkness_not_lit,,1,0,0,1,3,0,0,0,0,0,0,0,0,0,0,0,0,1,0,0
-36.65702712,174.5246737,Auckland,2018,minor_injury,100,TRUE,curved_view_open,,rain,,daylight,giveway_sign,1,0,0,1,3,0,0,0,0,0,0,0,0,0,0,0,0,1,0,0
-40.86090948,172.805952,Tasman District,2018,minor_injury,50,TRUE,straight,,fine,,daylight,stop_sign,1,0,0,1,3,0,0,0,0,0,0,0,0,0,0,0,0,1,0,0
-45.85501104,170.5276177,Dunedin City,2018,minor_injury,50,TRUE,straight,,fine,,darkness_not_lit,,1,0,0,1,3,0,0,0,0,0,0,0,0,0,0,0,0,1,0,0
-37.00601827,174.8974959,Auckland,2018,minor_injury,100,FALSE,curved_view_open,,fine,,daylight,,1,0,0,1,3,0,0,0,0,0,0,0,0,0,0,0,0,1,0,0
-43.49185792,172.5650745,Christchurch City,2018,minor_injury,50,TRUE,straight,,fine,,daylight,,1,0,0,1,3,0,0,0,0,0,0,0,0,0,0,0,0,1,0,0
-37.71943432,176.1461391,Tauranga City,2018,minor_injury,50,FALSE,straight,,fine,,darkness_not_lit,,1,0,0,1,3,0,0,0,0,0,0,0,0,0,0,0,0,1,0,0
-37.27610099,175.4726847,Hauraki District,2018,minor_injury,100,FALSE,straight,,rain,,daylight,,1,0,0,1,3,0,0,0,0,0,0,0,0,0,0,0,0,1,0,0
-36.88804475,174.81506,Auckland,2018,minor_injury,50,FALSE,straight,,fine,,darkness_not_lit,,1,0,0,1,3,0,0,0,0,0,0,0,0,0,0,0,0,1,0,0
-36.97464918,174.8188565,Auckland,2018,minor_injury,100,FALSE,straight,,fine,,daylight,,1,0,0,1,3,0,0,0,0,0,0,0,0,0,0,0,0,1,0,0
-36.81790963,174.619925,Auckland,2018,minor_injury,50,FALSE,curved_view_open,,fine,,daylight,,1,0,0,1,3,0,0,0,0,0,0,0,0,0,0,0,0,1,0,0
-37.03242064,174.9274833,Auckland,2018,minor_injury,80,FALSE,straight,,fine,,daylight,,1,0,0,1,3,0,0,0,0,0,0,0,0,0,0,0,0,1,0,0
-41.1520441,174.8319051,Wellington City,2018,minor_injury,50,FALSE,straight,,fine,,daylight,,1,0,0,1,3,0,0,0,0,0,0,0,0,0,0,0,0,1,0,0
-37.71242075,176.3278898,Tauranga City,2018,minor_injury,60,FALSE,straight,,fine,,darkness_not_lit,,1,0,0,1,3,0,0,0,0,0,0,0,0,0,0,0,0,1,0,0
-44.99701203,168.7927523,Queenstown-Lakes District,2018,minor_injury,50,FALSE,straight,,fine,,darkness_not_lit,,1,0,0,1,3,0,0,0,0,0,0,0,0,0,0,0,0,1,0,0
-41.28995255,174.7610608,Wellington City,2018,minor_injury,50,FALSE,curved_view_open,,rain,,daylight,,1,0,0,1,3,0,0,0,0,0,0,0,0,0,0,0,0,1,0,0
-37.13914665,175.5450887,Thames-Coromandel District,2018,minor_injury,50,FALSE,straight,,fine,,darkness_not_lit,,1,0,0,1,3,0,0,0,0,0,0,0,0,0,0,0,0,1,0,0
-41.21601501,174.8102138,Wellington City,2018,minor_injury,50,FALSE,straight,,fine,,daylight,,1,0,0,1,3,0,0,0,0,0,0,0,0,0,0,0,0,1,0,0
-43.53096372,172.7360371,Christchurch City,2018,minor_injury,50,FALSE,straight,,mist,,dawn_dusk,,1,0,0,1,3,0,0,0,0,0,0,0,0,0,0,0,0,1,0,0
-37.00479275,174.8963529,Auckland,2018,minor_injury,100,FALSE,straight,,fine,,daylight,,1,0,0,1,3,0,0,0,0,0,0,0,0,0,0,0,0,1,0,0
-37.65625049,175.5317609,Matamata-Piako District,2018,minor_injury,50,FALSE,straight,,fine,,daylight,,1,0,0,1,3,0,0,0,0,0,0,0,0,0,0,0,0,1,0,0
-36.87017332,174.7803761,Auckland,2018,minor_injury,50,FALSE,straight,,fine,,daylight,stop_sign,1,0,0,1,3,0,0,0,0,0,0,0,0,0,0,0,0,1,0,0
-36.97452108,174.8154497,Auckland,2018,minor_injury,50,FALSE,straight,,rain,,darkness_not_lit,,1,0,0,1,3,0,0,0,0,0,0,0,0,0,0,0,0,1,0,0
-44.40901599,171.2507501,Timaru District,2018,minor_injury,50,FALSE,straight,,fine,,daylight,,1,0,0,1,3,0,0,0,0,0,0,0,0,0,0,0,0,1,0,0
-43.51741433,172.6380773,Christchurch City,2018,minor_injury,50,FALSE,straight,,fine,,darkness_not_lit,,1,0,0,1,3,0,0,0,0,0,0,0,0,0,0,0,0,1,0,0
-41.28189142,174.7710175,Wellington City,2018,minor_injury,50,FALSE,curved_view_open,,fine,,daylight,,1,0,0,1,3,0,0,0,0,0,0,0,0,0,0,0,0,1,0,0
-36.88160429,174.8510135,Auckland,2018,minor_injury,50,FALSE,curved_view_open,,fine,,dawn_dusk,,1,0,0,1,3,0,0,0,0,0,0,0,0,0,0,0,0,1,0,0
-43.52517842,172.6780255,Christchurch City,2018,minor_injury,50,FALSE,straight,,fine,,daylight,,1,0,0,1,3,0,0,0,0,0,0,0,0,0,0,0,0,1,0,0
-37.24645727,174.7370728,Auckland,2018,minor_injury,50,FALSE,straight,,fine,,daylight,,1,0,0,1,3,0,0,0,0,0,0,0,0,0,0,0,0,1,0,0
-43.47983168,172.6940075,Christchurch City,2018,minor_injury,50,FALSE,straight,,fine,,daylight,,1,0,0,1,3,0,0,0,0,0,0,0,0,0,0,0,0,1,0,0
-36.91269873,174.8706556,Auckland,2018,minor_injury,60,FALSE,curved_view_open,,fine,,daylight,,1,0,0,1,3,0,0,0,0,0,0,0,0,0,0,0,0,1,0,0
-36.90174089,174.7375864,Auckland,2018,minor_injury,50,FALSE,straight,,fine,,daylight,,1,0,0,1,3,0,0,0,0,0,0,0,0,0,0,0,0,1,0,0
-37.03716962,174.949594,Auckland,2018,minor_injury,80,FALSE,straight,,fine,,daylight,,1,0,0,1,3,0,0,0,0,0,0,0,0,0,0,0,0,1,0,0
-41.09963369,174.8407119,Porirua City,2018,serious_injury,50,FALSE,curved_view_open,,fine,,darkness_not_lit,,1,0,1,0,3,0,0,0,0,0,0,0,0,0,0,0,0,1,0,0
-37.79398241,175.2448882,Hamilton City,2018,serious_injury,40,FALSE,straight,,fine,,daylight,,1,0,1,0,3,0,0,0,0,0,0,0,0,0,0,0,0,1,0,0
-37.79281915,175.2538922,Hamilton City,2018,serious_injury,50,FALSE,straight,,fine,,darkness_not_lit,,1,0,1,0,3,0,0,0,0,0,0,0,0,0,0,0,0,1,0,0
-37.96465116,175.1931881,Waipa District,2018,serious_injury,100,FALSE,straight,,rain,,daylight,,1,0,1,0,3,0,0,0,0,0,0,0,0,0,0,0,0,1,0,0
-36.9638577,174.8354253,Auckland,2018,serious_injury,50,FALSE,curved_view_open,,fine,,daylight,giveway_sign,1,0,1,0,3,0,0,0,0,0,0,0,0,0,0,0,0,1,0,0