latitude,longitude,local_government_area,year,severity,speed_limit,intersection,road_position_horizontal,road_wet,weather,crash_type,lighting,traffic_controls,casualties,fatalities,serious_injuries,minor_injuries,car_sedan,car_utility,car_van,car_4x4,car_station_wagon,motor_cycle,truck_small,truck_large,bus,taxi,bicycle,scooter,pedestrian,inanimate,train,tram
-37.96718063,176.9678147,Whakatane District,2018,serious_injury,50,FALSE,straight,,fine,,darkness_not_lit,,1,0,1,0,3,0,0,0,0,0,0,0,0,0,0,0,0,1,0,0
-36.90914656,174.7604609,Auckland,2018,minor_injury,50,TRUE,straight,,rain,,daylight,stop_sign,2,0,0,2,3,0,0,0,0,0,0,0,0,0,0,0,0,1,0,0
-36.86282994,174.7559762,Auckland,2018,minor_injury,50,TRUE,curved_view_open,,rain,,darkness_not_lit,traffic_lights,2,0,0,2,3,0,0,0,0,0,0,0,0,0,0,0,0,1,0,0
-36.86282994,174.7559762,Auckland,2018,minor_injury,50,TRUE,curved_view_open,,rain,,darkness_not_lit,traffic_lights,2,0,0,2,3,0,0,0,0,0,0,0,0,0,0,0,0,1,0,0
-43.55681197,172.7053678,Christchurch City,2018,minor_injury,50,TRUE,curved_view_open,,fine,,daylight,giveway_sign,2,0,0,2,3,0,0,0,0,0,0,0,0,0,0,0,0,1,0,0
-36.79887602,174.7610714,Auckland,2018,minor_injury,100,FALSE,curved_view_open,,rain,,dawn_dusk,,2,0,0,2,3,0,0,0,0,0,0,0,0,0,0,0,0,1,0,0
-41.68167957,172.6178262,Tasman District,2018,minor_injury,100,FALSE,curved_view_open,,rain,,daylight,,2,0,0,2,3,0,0,0,0,0,0,0,0,0,0,0,0,1,0,0
-37.70882483,176.1483438,Tauranga City,2018,minor_injury,50,FALSE,straight,,fine,,daylight,,2,0,0,2,3,0,0,0,0,0,0,0,0,0,0,0,0,1,0,0
-36.9848723,174.8525133,Auckland,2018,minor_injury,50,FALSE,straight,,rain,,daylight,,2,0,0,2,3,0,0,0,0,0,0,0,0,0,0,0,0,1,0,0
-37.83830287,175.1727365,Waipa District,2018,minor_injury,100,FALSE,straight,,rain,,darkness_not_lit,,2,0,0,2,3,0,0,0,0,0,0,0,0,0,0,0,0,1,0,0
-36.97452549,174.8800093,Auckland,2018,minor_injury,100,FALSE,straight,,fine,,dawn_dusk,,2,0,0,2,3,0,0,0,0,0,0,0,0,0,0,0,0,1,0,0
-36.91914587,174.7455699,Auckland,2018,minor_injury,50,TRUE,straight,,fine,,daylight,stop_sign,3,0,0,3,3,0,0,0,0,0,0,0,0,0,0,0,0,1,0,0
-36.91364175,174.7162935,Auckland,2018,minor_injury,50,TRUE,straight,,fine,,daylight,,3,0,0,3,3,0,0,0,0,0,0,0,0,0,0,0,0,1,0,0
-36.91364175,174.7162935,Auckland,2018,minor_injury,50,TRUE,straight,,fine,,daylight,,3,0,0,3,3,0,0,0,0,0,0,0,0,0,0,0,0,1,0,0
-41.27693311,173.2807212,Nelson City,2018,minor_injury,50,FALSE,straight,,fine,,daylight,,3,0,0,3,3,0,0,0,0,0,0,0,0,0,0,0,0,1,0,0
-37.16725749,174.8953832,Auckland,2018,minor_injury,70,FALSE,straight,,fine,,daylight,,3,0,0,3,3,0,0,0,0,0,0,0,0,0,0,0,0,1,0,0
-40.98860371,174.9525592,Kapiti Coast District,2018,property_damage,70,TRUE,straight,,fine,,daylight,stop_sign,0,0,0,0,0,0,0,0,0,0,0,0,0,0,0,0,0,1,0,0
-35.90642469,174.4471891,Whangarei District,2018,property_damage,100,TRUE,straight,,fine,,darkness_not_lit,stop_sign,0,0,0,0,0,0,0,0,0,0,0,0,0,0,0,0,0,1,0,0
-36.78858485,174.7523749,Auckland,2018,property_damage,50,TRUE,straight,,rain,,daylight,traffic_lights,0,0,0,0,0,0,0,0,0,0,0,0,0,0,0,0,0,1,0,0
-38.09371074,175.1034953,Otorohanga District,2018,property_damage,100,TRUE,curved_view_open,,fine,,darkness_not_lit,stop_sign,0,0,0,0,0,0,0,0,0,0,0,0,0,0,0,0,0,1,0,0
-37.63293426,176.180891,Tauranga City,2018,property_damage,30,TRUE,straight,,fine,,daylight,giveway_sign,0,0,0,0,0,0,0,0,0,0,0,0,0,0,0,0,0,1,0,0
-41.20555056,174.9082489,Hutt City,2018,property_damage,50,TRUE,curved_view_open,,fine,,darkness_not_lit,giveway_sign,0,0,0,0,0,0,0,0,0,0,0,0,0,0,0,0,0,1,0,0
-39.94978446,176.5853397,Central Hawkes Bay District,2018,property_damage,100,TRUE,straight,,fine,,daylight,giveway_sign,0,0,0,0,0,0,0,0,0,0,0,0,0,0,0,0,0,1,0,0
-39.91037407,174.9882827,Wanganui District,2018,property_damage,100,TRUE,curved_view_open,,fine,,darkness_not_lit,,0,0,0,0,0,0,0,0,0,0,0,0,0,0,0,0,0,1,0,0
-39.64100701,176.8138865,Hastings District,2018,property_damage,70,TRUE,straight,,rain,,dawn_dusk,,0,0,0,0,0,0,0,0,0,0,0,0,0,0,0,0,0,1,0,0
-39.53872191,176.8584673,Napier City,2018,property_damage,50,TRUE,straight,,fine,,dawn_dusk,traffic_lights,0,0,0,0,0,0,0,0,0,0,0,0,0,0,0,0,0,1,0,0
-39.53872191,176.8584673,Napier City,2018,property_damage,50,TRUE,straight,,fine,,dawn_dusk,traffic_lights,0,0,0,0,0,0,0,0,0,0,0,0,0,0,0,0,0,1,0,0
-38.65738527,176.1570868,Taupo District,2018,property_damage,100,TRUE,curved_view_open,,rain,,darkness_not_lit,giveway_sign,0,0,0,0,0,0,0,0,0,0,0,0,0,0,0,0,0,1,0,0
-38.65738527,176.1570868,Taupo District,2018,property_damage,100,TRUE,curved_view_open,,rain,,darkness_not_lit,giveway_sign,0,0,0,0,0,0,0,0,0,0,0,0,0,0,0,0,0,1,0,0
-38.65738527,176.1570868,Taupo District,2018,property_damage,100,TRUE,curved_view_open,,rain,,darkness_not_lit,giveway_sign,0,0,0,0,0,0,0,0,0,0,0,0,0,0,0,0,0,1,0,0
-35.1882355,174.0045059,Far North District,2018,property_damage,100,TRUE,curved_view_open,,rain,,daylight,stop_sign,0,0,0,0,0,0,0,0,0,0,0,0,0,0,0,0,0,1,0,0
-35.72517182,174.3202072,Whangarei District,2018,property_damage,50,TRUE,curved_view_open,,fine,,daylight,,0,0,0,0,0,0,0,0,0,0,0,0,0,0,0,0,0,1,0,0
-39.63614612,176.8562997,Hastings District,2018,property_damage,50,TRUE,straight,,fine,,darkness_not_lit,stop_sign,0,0,0,0,0,0,0,0,0,0,0,0,0,0,0,0,0,1,0,0
-40.34722822,175.6043042,Palmerston North City,2018,property_damage,50,FALSE,straight,,rain,,darkness_not_lit,,0,0,0,0,0,0,0,0,0,0,0,0,0,0,0,0,0,1,0,0
-43.39249939,172.5882583,Waimakariri District,2018,property_damage,100,TRUE,straight,,fine,,darkness_not_lit,giveway_sign,0,0,0,0,0,0,0,0,0,0,0,0,0,0,0,0,0,1,0,0
-43.39249939,172.5882583,Waimakariri District,2018,property_damage,100,TRUE,straight,,fine,,darkness_not_lit,giveway_sign,0,0,0,0,0,0,0,0,0,0,0,0,0,0,0,0,0,1,0,0
-37.73013939,175.7724144,Matamata-Piako District,2018,property_damage,100,TRUE,straight,,fine,,darkness_not_lit,giveway_sign,0,0,0,0,0,0,0,0,0,0,0,0,0,0,0,0,0,1,0,0
-46.4129703,168.3534879,Invercargill City,2018,property_damage,50,FALSE,straight,,rain,,darkness_not_lit,traffic_lights,0,0,0,0,0,0,0,0,0,0,0,0,0,0,0,0,0,1,0,0
-45.89475584,170.5270781,Dunedin City,2018,property_damage,50,TRUE,curved_view_open,,fine,,daylight,,0,0,0,0,0,0,0,0,0,0,0,0,0,0,0,0,0,1,0,0
-45.89475584,170.5270781,Dunedin City,2018,property_damage,50,TRUE,curved_view_open,,fine,,daylight,,0,0,0,0,0,0,0,0,0,0,0,0,0,0,0,0,0,1,0,0
-45.83115626,168.5667848,Southland District,2018,property_damage,100,FALSE,straight,,fine,,darkness_not_lit,,0,0,0,0,0,0,0,0,0,0,0,0,0,0,0,0,0,1,0,0
-39.65880236,176.7947187,Hastings District,2018,property_damage,100,TRUE,curved_view_open,,rain,,daylight,giveway_sign,0,0,0,0,0,0,0,0,0,0,0,0,0,0,0,0,0,1,0,0
-36.88862965,174.6758754,Auckland,2018,property_damage,50,TRUE,straight,,fine,,darkness_not_lit,giveway_sign,0,0,0,0,0,0,0,0,0,0,0,0,0,0,0,0,0,1,0,0
-41.20890375,175.3665107,South Wairarapa District,2018,property_damage,100,TRUE,curved_view_open,,fine,,darkness_not_lit,giveway_sign,0,0,0,0,0,0,0,0,0,0,0,0,0,0,0,0,0,1,0,0
-37.0050953,174.8965964,Auckland,2018,property_damage,80,FALSE,straight,,fine,,daylight,,0,0,0,0,0,0,0,0,0,0,0,0,0,0,0,0,0,1,0,0
-36.65022517,174.6689372,Auckland,2018,property_damage,100,TRUE,straight,,fine,,darkness_not_lit,stop_sign,0,0,0,0,0,0,0,0,0,0,0,0,0,0,0,0,0,1,0,0
-37.68058646,176.1402903,Tauranga City,2018,property_damage,50,FALSE,curved_view_open,,rain,,darkness_not_lit,,0,0,0,0,0,0,0,0,0,0,0,0,0,0,0,0,0,1,0,0
-40.36909398,175.6618513,Palmerston North City,2018,property_damage,80,TRUE,straight,,fine,,darkness_not_lit,giveway_sign,0,0,0,0,0,0,0,0,0,0,0,0,0,0,0,0,0,1,0,0
-38.29422743,175.1457476,Waitomo District,2018,property_damage,100,FALSE,curved_view_open,,rain,,darkness_not_lit,,0,0,0,0,0,0,0,0,0,0,0,0,0,0,0,0,0,1,0,0
-37.96408494,177.0280625,Whakatane District,2018,property_damage,80,FALSE,curved_view_open,,rain,,daylight,,0,0,0,0,0,0,0,0,0,0,0,0,0,0,0,0,0,1,0,0
-38.00308145,175.3049578,Waipa District,2018,property_damage,50,TRUE,straight,,fine,,darkness_not_lit,stop_sign,0,0,0,0,0,0,0,0,0,0,0,0,0,0,0,0,0,1,0,0
-43.21193647,171.7213535,Selwyn District,2018,property_damage,100,FALSE,straight,,fine,,darkness_not_lit,,0,0,0,0,0,0,0,0,0,0,0,0,0,0,0,0,0,1,0,0
-43.49641142,172.6539357,Christchurch City,2018,property_damage,50,FALSE,curved_view_open,,fine,,darkness_not_lit,giveway_sign,0,0,0,0,0,0,0,0,0,0,0,0,0,0,0,0,0,1,0,0
-37.15740502,175.6239406,Thames-Coromandel District,2018,property_damage,100,FALSE,curved_view_open,,fine,,daylight,,0,0,0,0,0,0,0,0,0,0,0,0,0,0,0,0,0,1,0,0
-36.8177856,174.750137,Auckland,2018,property_damage,80,FALSE,straight,,rain,,daylight,,0,0,0,0,0,0,0,0,0,0,0,0,0,0,0,0,0,1,0,0
-41.23179275,174.8388193,Wellington City,2018,property_damage,100,FALSE,straight,,fine,,daylight,,0,0,0,0,0,0,0,0,0,0,0,0,0,0,0,0,0,1,0,0
-40.3984859,175.6983548,Palmerston North City,2018,property_damage,100,FALSE,curved_view_open,,rain,,daylight,,0,0,0,0,0,0,0,0,0,0,0,0,0,0,0,0,0,1,0,0
-43.64020993,172.6485861,Christchurch City,2018,property_damage,70,FALSE,curved_view_open,,fine,,daylight,,0,0,0,0,0,0,0,0,0,0,0,0,0,0,0,0,0,1,0,0
-45.10182817,170.9704618,Waitaki District,2018,property_damage,50,FALSE,straight,,fine,,daylight,,0,0,0,0,0,0,0,0,0,0,0,0,0,0,0,0,0,1,0,0
-35.31114266,174.1026022,Far North District,2018,property_damage,80,FALSE,straight,,mist,,darkness_not_lit,,0,0,0,0,0,0,0,0,0,0,0,0,0,0,0,0,0,1,0,0
-40.41616023,175.7301144,Tararua District,2018,property_damage,100,FALSE,curved_view_open,,rain,,dawn_dusk,,0,0,0,0,0,0,0,0,0,0,0,0,0,0,0,0,0,1,0,0
-41.28003177,174.7806269,Wellington City,2018,property_damage,50,FALSE,straight,,rain,,dawn_dusk,traffic_lights,0,0,0,0,0,0,0,0,0,0,0,0,0,0,0,0,0,1,0,0
-41.10578151,174.9003193,Porirua City,2018,property_damage,80,FALSE,curved_view_open,,fine,,darkness_not_lit,,0,0,0,0,0,0,0,0,0,0,0,0,0,0,0,0,0,1,0,0
-45.87057258,170.5089402,Dunedin City,2018,property_damage,50,TRUE,straight,,rain,,daylight,traffic_lights,0,0,0,0,0,0,0,0,0,0,0,0,0,0,0,0,0,1,0,0
-39.37624117,174.1667377,Stratford District,2018,property_damage,100,FALSE,curved_view_open,,fine,,daylight,,0,0,0,0,0,0,0,0,0,0,0,0,0,0,0,0,0,1,0,0
-43.54939365,172.6202699,Christchurch City,2018,property_damage,50,TRUE,straight,,fine,,daylight,,0,0,0,0,0,0,0,0,0,0,0,0,0,0,0,0,0,1,0,0
-37.20145893,174.9515596,Waikato District,2018,property_damage,100,FALSE,curved_view_open,,fine,,daylight,,0,0,0,0,0,0,0,0,0,0,0,0,0,0,0,0,0,1,0,0
-40.40277212,175.5001997,Manawatu District,2018,property_damage,100,TRUE,straight,,fine,,dawn_dusk,giveway_sign,0,0,0,0,0,0,0,0,0,0,0,0,0,0,0,0,0,1,0,0
-41.16885144,174.983602,Hutt City,2018,property_damage,50,FALSE,straight,,fine,,dawn_dusk,,0,0,0,0,0,0,0,0,0,0,0,0,0,0,0,0,0,1,0,0
-37.02514673,174.9191722,Auckland,2018,property_damage,50,TRUE,straight,,fine,,darkness_not_lit,giveway_sign,0,0,0,0,0,0,0,0,0,0,0,0,0,0,0,0,0,1,0,0
-37.38117213,175.6716637,Hauraki District,2018,property_damage,50,FALSE,straight,,fine,,daylight,,0,0,0,0,0,0,0,0,0,0,0,0,0,0,0,0,0,1,0,0
-35.66672434,174.3258729,Whangarei District,2018,property_damage,100,TRUE,curved_view_open,,rain,,daylight,,0,0,0,0,0,0,0,0,0,0,0,0,0,0,0,0,0,1,0,0
-37.05323855,174.9540421,Auckland,2018,property_damage,50,TRUE,straight,,fine,,darkness_not_lit,,0,0,0,0,0,0,0,0,0,0,0,0,0,0,0,0,0,1,0,0
-35.66748408,174.3264711,Whangarei District,2018,property_damage,100,FALSE,curved_view_open,,rain,,darkness_not_lit,,0,0,0,0,0,0,0,0,0,0,0,0,0,0,0,0,0,1,0,0
-37.1964451,174.9664371,Waikato District,2018,property_damage,100,FALSE,straight,,fine,,darkness_not_lit,,0,0,0,0,0,0,0,0,0,0,0,0,0,0,0,0,0,1,0,0
-37.1964451,174.9664371,Auckland,2018,property_damage,100,FALSE,straight,,fine,,darkness_not_lit,,0,0,0,0,0,0,0,0,0,0,0,0,0,0,0,0,0,1,0,0
-36.9266172,174.9934982,Auckland,2018,property_damage,100,TRUE,curved_view_open,,fine,,dawn_dusk,giveway_sign,0,0,0,0,0,0,0,0,0,0,0,0,0,0,0,0,0,1,0,0
-39.94034188,175.0779222,Wanganui District,2018,property_damage,100,FALSE,straight,,fine,,darkness_not_lit,,0,0,0,0,0,0,0,0,0,0,0,0,0,0,0,0,0,1,0,0
-44.73372455,169.2785964,Queenstown-Lakes District,2018,property_damage,100,TRUE,curved_view_open,,fine,,daylight,giveway_sign,0,0,0,0,0,0,0,0,0,0,0,0,0,0,0,0,0,1,0,0
-43.83394212,172.3156501,Selwyn District,2018,property_damage,100,TRUE,straight,,rain,,darkness_not_lit,stop_sign,0,0,0,0,0,0,0,0,0,0,0,0,0,0,0,0,0,1,0,0
-37.7946871,175.2481006,Hamilton City,2018,property_damage,50,TRUE,straight,,fine,,darkness_not_lit,giveway_sign,0,0,0,0,0,0,0,0,0,0,0,0,0,0,0,0,0,1,0,0
-39.57651807,176.9145326,Hastings District,2018,property_damage,100,FALSE,curved_view_open,,rain,,daylight,,0,0,0,0,0,0,0,0,0,0,0,0,0,0,0,0,0,1,0,0
-37.7686816,175.3021317,Hamilton City,2018,property_damage,80,TRUE,curved_view_open,,rain,,daylight,giveway_sign,0,0,0,0,0,0,0,0,0,0,0,0,0,0,0,0,0,1,0,0
-37.19276953,174.980942,Auckland,2018,property_damage,70,FALSE,straight,,rain,,daylight,,0,0,0,0,0,0,0,0,0,0,0,0,0,0,0,0,0,1,0,0
-37.75073753,175.293472,Hamilton City,2018,property_damage,80,TRUE,curved_view_open,,fine,,daylight,giveway_sign,0,0,0,0,0,0,0,0,0,0,0,0,0,0,0,0,0,1,0,0
-41.28891302,173.6786055,Marlborough District,2018,property_damage,100,FALSE,straight,,fine,,daylight,,0,0,0,0,0,0,0,0,0,0,0,0,0,0,0,0,0,1,0,0
-36.85760746,174.7580552,Auckland,2018,property_damage,50,FALSE,curved_view_open,,fine,,daylight,,0,0,0,0,0,0,0,0,0,0,0,0,0,0,0,0,0,1,0,0
-37.60785793,175.1819164,Waikato District,2018,property_damage,70,FALSE,straight,,rain,,daylight,,0,0,0,0,0,0,0,0,0,0,0,0,0,0,0,0,0,1,0,0
-40.62732932,175.2993383,Horowhenua District,2018,property_damage,50,TRUE,straight,,fine,,darkness_not_lit,giveway_sign,0,0,0,0,0,0,0,0,0,0,0,0,0,0,0,0,0,1,0,0
-36.78866136,175.0721245,Auckland,2018,property_damage,50,TRUE,curved_view_open,,rain,,darkness_not_lit,,0,0,0,0,0,0,0,0,0,0,0,0,0,0,0,0,0,1,0,0
-36.94459386,174.7949194,Auckland,2018,property_damage,50,FALSE,straight,,fine,,daylight,,0,0,0,0,0,0,0,0,0,0,0,0,0,0,0,0,0,1,0,0
-37.80241001,175.2480963,Hamilton City,2018,property_damage,50,TRUE,straight,,fine,,darkness_not_lit,giveway_sign,0,0,0,0,0,0,0,0,0,0,0,0,0,0,0,0,0,1,0,0
-38.8818985,175.3049432,Ruapehu District,2018,property_damage,50,FALSE,straight,,fine,,darkness_not_lit,,0,0,0,0,0,0,0,0,0,0,0,0,0,0,0,0,0,1,0,0
-38.16033207,176.235527,Rotorua District,2018,property_damage,50,FALSE,straight,,fine,,daylight,traffic_lights,0,0,0,0,0,0,0,0,0,0,0,0,0,0,0,0,0,1,0,0
-36.87451914,174.8423609,Auckland,2018,property_damage,50,TRUE,curved_view_open,,rain,,daylight,giveway_sign,0,0,0,0,0,0,0,0,0,0,0,0,0,0,0,0,0,1,0,0
-37.02925869,174.8773671,Auckland,2018,property_damage,50,FALSE,straight,,fine,,daylight,,0,0,0,0,0,0,0,0,0,0,0,0,0,0,0,0,0,1,0,0
-35.76461299,174.4659088,Whangarei District,2018,property_damage,100,FALSE,curved_view_open,,rain,,daylight,,0,0,0,0,0,0,0,0,0,0,0,0,0,0,0,0,0,1,0,0
-41.16515689,174.8337245,Wellington City,2018,property_damage,100,FALSE,straight,,fine,,darkness_not_lit,,0,0,0,0,0,0,0,0,0,0,0,0,0,0,0,0,0,1,0,0
-37.11079375,174.946979,Auckland,2018,property_damage,100,FALSE,straight,,fine,,darkness_not_lit,,0,0,0,0,0,0,0,0,0,0,0,0,0,0,0,0,0,1,0,0
-37.50003943,175.4924061,Matamata-Piako District,2018,property_damage,70,TRUE,curved_view_open,,fine,,darkness_not_lit,giveway_sign,0,0,0,0,0,0,0,0,0,0,0,0,0,0,0,0,0,1,0,0
-36.97591755,174.8922321,Auckland,2018,property_damage,50,FALSE,straight,,fine,,daylight,,0,0,0,0,0,0,0,0,0,0,0,0,0,0,0,0,0,1,0,0
-41.22794977,174.8465024,Wellington City,2018,property_damage,100,FALSE,straight,,fine,,darkness_not_lit,,0,0,0,0,0,0,0,0,0,0,0,0,0,0,0,0,0,1,0,0
-45.19931746,167.8576964,Southland District,2018,property_damage,100,FALSE,curved_view_open,,mist,,darkness_not_lit,,0,0,0,0,0,0,0,0,0,0,0,0,0,0,0,0,0,1,0,0
-36.60197668,174.8136772,Auckland,2018,property_damage,30,FALSE,straight,,fine,,darkness_not_lit,,0,0,0,0,0,0,0,0,0,0,0,0,0,0,0,0,0,1,0,0
-41.25452794,174.9084805,Hutt City,2018,property_damage,50,FALSE,curved_view_open,,rain,,darkness_not_lit,,0,0,0,0,0,0,0,0,0,0,0,0,0,0,0,0,0,1,0,0
-42.75391846,171.5456214,Westland District,2018,property_damage,100,FALSE,curved_view_open,,fine,,darkness_not_lit,,0,0,0,0,0,0,0,0,0,0,0,0,0,0,0,0,0,1,0,0
-36.96642795,174.8083157,Auckland,2018,property_damage,50,TRUE,curved_view_open,,rain,,daylight,giveway_sign,0,0,0,0,0,0,0,0,0,0,0,0,0,0,0,0,0,1,0,0
-37.00808713,174.9005705,Auckland,2018,property_damage,100,FALSE,straight,,fine,,daylight,,0,0,0,0,0,0,0,0,0,0,0,0,0,0,0,0,0,1,0,0
-40.72991547,175.2048377,Horowhenua District,2018,property_damage,100,FALSE,straight,,rain,,darkness_not_lit,,0,0,0,0,0,0,0,0,0,0,0,0,0,0,0,0,0,1,0,0
-36.98474107,174.8395111,Auckland,2018,property_damage,50,TRUE,straight,,fine,,daylight,giveway_sign,0,0,0,0,0,0,0,0,0,0,0,0,0,0,0,0,0,1,0,0
-45.21622601,170.7959243,Waitaki District,2018,property_damage,100,TRUE,straight,,fine,,dawn_dusk,,0,0,0,0,0,0,0,0,0,0,0,0,0,0,0,0,0,1,0,0
-36.78311395,174.5710848,Auckland,2018,property_damage,80,FALSE,straight,,fine,,daylight,,0,0,0,0,0,0,0,0,0,0,0,0,0,0,0,0,0,1,0,0
-40.24806864,175.6824109,Manawatu District,2018,property_damage,100,FALSE,curved_view_open,,fine,,daylight,,0,0,0,0,0,0,0,0,0,0,0,0,0,0,0,0,0,1,0,0
-37.14659217,175.8683524,Thames-Coromandel District,2018,property_damage,30,FALSE,curved_view_open,,fine,,daylight,,0,0,0,0,0,0,0,0,0,0,0,0,0,0,0,0,0,1,0,0
-36.00495922,173.9260434,Kaipara District,2018,property_damage,100,FALSE,straight,,rain,,darkness_not_lit,,0,0,0,0,0,0,0,0,0,0,0,0,0,0,0,0,0,1,0,0
-37.17199437,175.593691,Thames-Coromandel District,2018,property_damage,100,FALSE,curved_view_open,,rain,,daylight,,0,0,0,0,0,0,0,0,0,0,0,0,0,0,0,0,0,1,0,0
-38.04475605,177.1470211,Opotiki District,2018,property_damage,70,FALSE,curved_view_open,,rain,,daylight,,0,0,0,0,0,0,0,0,0,0,0,0,0,0,0,0,0,1,0,0
-38.46291984,175.7755417,Taupo District,2018,property_damage,100,FALSE,straight,,fine,,daylight,,0,0,0,0,0,0,0,0,0,0,0,0,0,0,0,0,0,1,0,0
-34.9932177,173.5253802,Far North District,2018,property_damage,60,FALSE,straight,,fine,,daylight,,0,0,0,0,0,0,0,0,0,0,0,0,0,0,0,0,0,1,0,0
-38.10686631,177.0473027,Whakatane District,2018,property_damage,100,FALSE,curved_view_open,,rain,,daylight,,0,0,0,0,0,0,0,0,0,0,0,0,0,0,0,0,0,1,0,0
-39.84984073,175.7341536,Rangitikei District,2018,property_damage,100,FALSE,straight,,fine,,darkness_not_lit,,0,0,0,0,0,0,0,0,0,0,0,0,0,0,0,0,0,1,0,0
-37.81960696,176.0114368,Western Bay Of Plenty District,2018,property_damage,100,FALSE,curved_view_open,,fine,,daylight,,0,0,0,0,0,0,0,0,0,0,0,0,0,0,0,0,0,1,0,0
-41.43498004,172.8409982,Tasman District,2018,property_damage,100,FALSE,curved_view_open,,rain,,daylight,,0,0,0,0,0,0,0,0,0,0,0,0,0,0,0,0,0,1,0,0
-39.85462829,174.9408395,Wanganui District,2018,property_damage,100,FALSE,curved_view_open,,fine,,daylight,,0,0,0,0,0,0,0,0,0,0,0,0,0,0,0,0,0,1,0,0
-41.31402995,174.7762239,Wellington City,2018,property_damage,50,FALSE,straight,,fine,,daylight,,0,0,0,0,0,0,0,0,0,0,0,0,0,0,0,0,0,1,0,0
-35.76207635,174.3658804,Whangarei District,2018,property_damage,50,FALSE,curved_view_open,,fine,,daylight,,0,0,0,0,0,0,0,0,0,0,0,0,0,0,0,0,0,1,0,0
-45.55221433,170.7015325,Waitaki District,2018,property_damage,100,FALSE,curved_view_open,,mist,,darkness_not_lit,,0,0,0,0,0,0,0,0,0,0,0,0,0,0,0,0,0,1,0,0
-35.63125502,174.4726795,Whangarei District,2018,property_damage,100,FALSE,curved_view_open,,fine,,daylight,,0,0,0,0,0,0,0,0,0,0,0,0,0,0,0,0,0,1,0,0
-46.15111109,168.3028331,Southland District,2018,property_damage,100,TRUE,straight,,fine,,darkness_not_lit,giveway_sign,0,0,0,0,0,0,0,0,0,0,0,0,0,0,0,0,0,1,0,0
-37.70882223,176.062663,Western Bay Of Plenty District,2018,property_damage,80,FALSE,curved_view_open,,mist,,darkness_not_lit,,0,0,0,0,0,0,0,0,0,0,0,0,0,0,0,0,0,1,0,0
-41.78298468,171.6080637,Buller District,2018,property_damage,100,FALSE,straight,,rain,,darkness_not_lit,,0,0,0,0,0,0,0,0,0,0,0,0,0,0,0,0,0,1,0,0
-44.72043112,169.2853085,Queenstown-Lakes District,2018,property_damage,100,FALSE,straight,,fine,,daylight,,0,0,0,0,0,0,0,0,0,0,0,0,0,0,0,0,0,1,0,0
-36.79781641,174.7051421,Auckland,2018,property_damage,50,FALSE,straight,,rain,,darkness_not_lit,,0,0,0,0,0,0,0,0,0,0,0,0,0,0,0,0,0,1,0,0
-35.06234899,173.743404,Far North District,2018,property_damage,100,FALSE,curved_view_open,,rain,,daylight,,0,0,0,0,0,0,0,0,0,0,0,0,0,0,0,0,0,1,0,0
-38.58988518,177.9512802,Gisborne District,2018,property_damage,100,FALSE,straight,,fine,,daylight,,0,0,0,0,0,0,0,0,0,0,0,0,0,0,0,0,0,1,0,0
-42.13666004,171.820316,Buller District,2018,property_damage,100,FALSE,curved_view_open,,rain,,daylight,,0,0,0,0,0,0,0,0,0,0,0,0,0,0,0,0,0,1,0,0
-38.2505887,175.2001467,Otorohanga District,2018,property_damage,100,FALSE,curved_view_open,,rain,,daylight,,0,0,0,0,0,0,0,0,0,0,0,0,0,0,0,0,0,1,0,0
-38.92574133,177.0782727,Wairoa District,2018,property_damage,100,FALSE,curved_view_open,,fine,,daylight,,0,0,0,0,0,0,0,0,0,0,0,0,0,0,0,0,0,1,0,0
-38.20503127,175.867955,South Waikato District,2018,property_damage,50,FALSE,curved_view_open,,fine,,darkness_not_lit,,0,0,0,0,0,0,0,0,0,0,0,0,0,0,0,0,0,1,0,0
-36.01358465,173.932181,Kaipara District,2018,property_damage,100,FALSE,straight,,fine,,dawn_dusk,,0,0,0,0,0,0,0,0,0,0,0,0,0,0,0,0,0,1,0,0
-36.85312686,174.6506487,Auckland,2018,property_damage,50,FALSE,straight,,fine,,daylight,,0,0,0,0,0,0,0,0,0,0,0,0,0,0,0,0,0,1,0,0
-41.31761713,174.7696429,Wellington City,2018,property_damage,50,FALSE,curved_view_open,,fine,,darkness_not_lit,,0,0,0,0,0,0,0,0,0,0,0,0,0,0,0,0,0,1,0,0
-37.12615044,174.9043413,Auckland,2018,property_damage,100,FALSE,straight,,rain,,daylight,,0,0,0,0,0,0,0,0,0,0,0,0,0,0,0,0,0,1,0,0
-41.21384959,174.8867331,Hutt City,2018,property_damage,100,FALSE,straight,,,,daylight,,0,0,0,0,0,0,0,0,0,0,0,0,0,0,0,0,0,1,0,0
-38.39628742,176.0357535,Taupo District,2018,property_damage,100,FALSE,straight,,rain,,darkness_not_lit,,0,0,0,0,0,0,0,0,0,0,0,0,0,0,0,0,0,1,0,0
-37.87924625,175.8899598,Matamata-Piako District,2018,property_damage,100,FALSE,curved_view_open,,rain,,daylight,,0,0,0,0,0,0,0,0,0,0,0,0,0,0,0,0,0,1,0,0