latitude,longitude,local_government_area,year,severity,speed_limit,intersection,road_position_horizontal,road_wet,weather,crash_type,lighting,traffic_controls,casualties,fatalities,serious_injuries,minor_injuries,car_sedan,car_utility,car_van,car_4x4,car_station_wagon,motor_cycle,truck_small,truck_large,bus,taxi,bicycle,scooter,pedestrian,inanimate,train,tram
-44.94088164,168.9649921,Queenstown-Lakes District,2018,minor_injury,100,FALSE,curved_view_open,,fine,,dawn_dusk,,1,0,0,1,0,0,0,0,0,0,0,0,0,0,0,0,0,1,0,0
-40.25643361,175.530274,Manawatu District,2018,minor_injury,80,FALSE,straight,,fine,,darkness_not_lit,,1,0,0,1,0,0,0,0,0,0,0,0,0,0,0,0,0,1,0,0
-42.90768715,172.722652,Hurunui District,2018,minor_injury,100,FALSE,curved_view_open,,fine,,darkness_not_lit,,1,0,0,1,0,0,0,0,0,0,0,0,0,0,0,0,0,1,0,0
-37.52940348,175.1592142,Waikato District,2018,minor_injury,70,FALSE,straight,,fine,,daylight,,1,0,0,1,0,0,0,0,0,0,0,0,0,0,0,0,0,1,0,0
-38.64918146,178.1349829,Gisborne District,2018,minor_injury,100,FALSE,curved_view_open,,rain,,daylight,,1,0,0,1,0,0,0,0,0,0,0,0,0,0,0,0,0,1,0,0
-41.24955329,174.923791,Hutt City,2018,minor_injury,80,FALSE,curved_view_open,,fine,,darkness_not_lit,,1,0,0,1,0,0,0,0,0,0,0,0,0,0,0,0,0,1,0,0
-38.70854488,177.9434543,Gisborne District,2018,minor_injury,100,FALSE,straight,,fine,,daylight,,1,0,0,1,0,0,0,0,0,0,0,0,0,0,0,0,0,1,0,0
-41.23537501,174.8059871,Wellington City,2018,minor_injury,80,FALSE,curved_view_open,,rain,,daylight,,1,0,0,1,0,0,0,0,0,0,0,0,0,0,0,0,0,1,0,0
-36.91741045,174.7218223,Auckland,2018,minor_injury,50,FALSE,straight,,fine,,daylight,,1,0,0,1,0,0,0,0,0,0,0,0,0,0,0,0,0,1,0,0
-38.44977522,176.601896,Whakatane District,2018,minor_injury,100,FALSE,straight,,fine,,daylight,,1,0,0,1,0,0,0,0,0,0,0,0,0,0,0,0,0,1,0,0
-40.66150609,175.2498973,Horowhenua District,2018,minor_injury,80,FALSE,straight,,fine,,daylight,,1,0,0,1,0,0,0,0,0,0,0,0,0,0,0,0,0,1,0,0
-45.84860033,170.3876411,Dunedin City,2018,minor_injury,80,FALSE,straight,,rain,,daylight,,1,0,0,1,0,0,0,0,0,0,0,0,0,0,0,0,0,1,0,0
-39.42430111,175.4329189,Ruapehu District,2018,minor_injury,100,FALSE,curved_view_open,,rain,,daylight,,1,0,0,1,0,0,0,0,0,0,0,0,0,0,0,0,0,1,0,0
-37.61141375,175.2010404,Waikato District,2018,minor_injury,100,FALSE,straight,,fine,,darkness_not_lit,,1,0,0,1,0,0,0,0,0,0,0,0,0,0,0,0,0,1,0,0
-39.43935447,175.4539612,Ruapehu District,2018,minor_injury,100,FALSE,straight,,fine,,daylight,,1,0,0,1,0,0,0,0,0,0,0,0,0,0,0,0,0,1,0,0
-38.3830677,175.7356271,Taupo District,2018,minor_injury,100,FALSE,curved_view_open,,fine,,daylight,,1,0,0,1,0,0,0,0,0,0,0,0,0,0,0,0,0,1,0,0
-38.44669541,175.926764,Taupo District,2018,minor_injury,100,FALSE,curved_view_open,,mist,,darkness_not_lit,,1,0,0,1,0,0,0,0,0,0,0,0,0,0,0,0,0,1,0,0
-41.28322558,174.7521153,Wellington City,2018,minor_injury,50,FALSE,curved_view_open,,fine,,darkness_not_lit,,1,0,0,1,0,0,0,0,0,0,0,0,0,0,0,0,0,1,0,0
-37.72821959,175.2522723,Hamilton City,2018,minor_injury,50,FALSE,straight,,fine,,darkness_not_lit,,1,0,0,1,0,0,0,0,0,0,0,0,0,0,0,0,0,1,0,0
-36.72473789,174.7304542,Auckland,2018,minor_injury,50,FALSE,curved_view_open,,fine,,daylight,,1,0,0,1,0,0,0,0,0,0,0,0,0,0,0,0,0,1,0,0
-37.85463557,175.2098012,Waipa District,2018,minor_injury,100,FALSE,curved_view_open,,fine,,daylight,,1,0,0,1,0,0,0,0,0,0,0,0,0,0,0,0,0,1,0,0
-38.68589695,174.6184262,Waitomo District,2018,minor_injury,100,FALSE,curved_view_open,,fine,,daylight,,1,0,0,1,0,0,0,0,0,0,0,0,0,0,0,0,0,1,0,0
-36.85008937,174.6211758,Auckland,2018,minor_injury,50,FALSE,straight,,fine,,darkness_not_lit,,1,0,0,1,0,0,0,0,0,0,0,0,0,0,0,0,0,1,0,0
-45.07714579,168.4666093,Queenstown-Lakes District,2018,minor_injury,100,FALSE,curved_view_open,,fine,,darkness_not_lit,,1,0,0,1,0,0,0,0,0,0,0,0,0,0,0,0,0,1,0,0
-38.42994754,176.6998069,Whakatane District,2018,minor_injury,100,FALSE,curved_view_open,,fine,,daylight,,1,0,0,1,0,0,0,0,0,0,0,0,0,0,0,0,0,1,0,0
-43.52772517,172.5208358,Christchurch City,2018,minor_injury,50,TRUE,straight,,fine,,darkness_not_lit,stop_sign,1,0,0,1,0,0,0,0,0,0,0,0,0,0,0,0,0,1,0,0
-37.18026792,175.58252,Thames-Coromandel District,2018,minor_injury,100,FALSE,curved_view_open,,rain,,daylight,,5,0,0,5,0,0,0,0,0,0,0,0,0,0,0,0,0,1,0,0
-41.19102517,174.9382449,Hutt City,2018,serious_injury,20,FALSE,curved_view_open,,fine,,dawn_dusk,,2,0,2,0,0,0,0,0,0,0,0,0,0,0,0,0,0,1,0,0
-39.88134672,175.5139222,Rangitikei District,2018,serious_injury,100,FALSE,curved_view_open,,fine,,darkness_not_lit,,2,0,2,0,0,0,0,0,0,0,0,0,0,0,0,0,0,1,0,0
-39.38979541,175.7064848,Ruapehu District,2018,serious_injury,100,FALSE,straight,,fine,,darkness_not_lit,,2,0,2,0,0,0,0,0,0,0,0,0,0,0,0,0,0,1,0,0
-41.10535564,174.899926,Porirua City,2018,serious_injury,80,FALSE,curved_view_open,,fine,,dawn_dusk,,1,0,1,0,0,0,0,0,0,0,0,0,0,0,0,0,0,1,0,0
-40.8610808,172.8060464,Tasman District,2018,serious_injury,50,FALSE,curved_view_open,,rain,,darkness_not_lit,,1,0,1,0,0,0,0,0,0,0,0,0,0,0,0,0,0,1,0,0
-43.52133616,172.6284023,Christchurch City,2018,serious_injury,30,FALSE,straight,,fine,,darkness_not_lit,,1,0,1,0,0,0,0,0,0,0,0,0,0,0,0,0,0,1,0,0
-38.51264588,174.9180761,Waitomo District,2018,serious_injury,100,FALSE,curved_view_open,,fine,,daylight,,1,0,1,0,0,0,0,0,0,0,0,0,0,0,0,0,0,1,0,0
-43.38940707,172.513889,Waimakariri District,2018,serious_injury,100,TRUE,curved_view_open,,fine,,darkness_not_lit,giveway_sign,1,0,1,0,0,0,0,0,0,0,0,0,0,0,0,0,0,1,0,0
-36.19042363,174.4509074,Kaipara District,2018,serious_injury,100,TRUE,curved_view_open,,fine,,daylight,,1,0,1,0,0,0,0,0,0,0,0,0,0,0,0,0,0,1,0,0
-44.72005066,167.9524241,Southland District,2018,serious_injury,100,FALSE,curved_view_open,,rain,,daylight,,1,0,1,0,0,0,0,0,0,0,0,0,0,0,0,0,0,1,0,0
-43.3808049,170.1890279,Westland District,2018,serious_injury,50,FALSE,curved_view_open,,fine,,darkness_not_lit,,1,0,1,0,0,0,0,0,0,0,0,0,0,0,0,0,0,1,0,0
-37.57142154,175.8763947,Western Bay Of Plenty District,2018,serious_injury,100,FALSE,straight,,fine,,darkness_not_lit,,1,0,1,0,0,0,0,0,0,0,0,0,0,0,0,0,0,1,0,0
-38.03398866,175.7606207,South Waikato District,2018,serious_injury,70,FALSE,curved_view_open,,fine,,daylight,,1,0,1,0,0,0,0,0,0,0,0,0,0,0,0,0,0,1,0,0
-46.52770853,169.591222,Clutha District,2018,serious_injury,100,FALSE,curved_view_open,,fine,,dawn_dusk,,1,0,1,0,0,0,0,0,0,0,0,0,0,0,0,0,0,1,0,0
-37.98527406,176.8212221,Whakatane District,2018,serious_injury,100,FALSE,straight,,fine,,daylight,,1,0,1,0,0,0,0,0,0,0,0,0,0,0,0,0,0,1,0,0
-39.20381256,173.8905362,New Plymouth District,2018,serious_injury,100,FALSE,straight,,fine,,darkness_not_lit,,1,0,1,0,0,0,0,0,0,0,0,0,0,0,0,0,0,1,0,0
-38.37793892,176.7548729,Whakatane District,2018,serious_injury,100,FALSE,straight,,fine,,darkness_not_lit,,1,0,1,0,0,0,0,0,0,0,0,0,0,0,0,0,0,1,0,0
-40.05075099,176.2068522,Tararua District,2018,serious_injury,100,FALSE,straight,,fine,,darkness_not_lit,,1,0,1,0,0,0,0,0,0,0,0,0,0,0,0,0,0,1,0,0
-41.06643639,175.4805563,South Wairarapa District,2018,serious_injury,100,FALSE,straight,,rain,,darkness_not_lit,,1,0,1,0,0,0,0,0,0,0,0,0,0,0,0,0,0,1,0,0
-36.76261404,174.6985032,Auckland,2018,serious_injury,100,FALSE,curved_view_open,,fine,,darkness_not_lit,,1,0,1,0,0,0,0,0,0,0,0,0,0,0,0,0,0,1,0,0
-39.22622902,174.2564424,New Plymouth District,2018,serious_injury,100,FALSE,curved_view_open,,rain,,daylight,,1,0,1,0,0,0,0,0,0,0,0,0,0,0,0,0,0,1,0,0
-43.89014199,171.2634108,Timaru District,2018,serious_injury,70,FALSE,curved_view_open,,fine,,darkness_not_lit,,1,0,1,0,0,0,0,0,0,0,0,0,0,0,0,0,0,1,0,0
-39.83149952,174.8858283,Wanganui District,2018,serious_injury,100,FALSE,curved_view_open,,fine,,daylight,,1,0,1,0,0,0,0,0,0,0,0,0,0,0,0,0,0,1,0,0
-40.349685,175.5875627,Palmerston North City,2018,serious_injury,50,FALSE,straight,,fine,,darkness_not_lit,,1,0,1,0,0,0,0,0,0,0,0,0,0,0,0,0,0,1,0,0
-37.55222303,175.9376992,Western Bay Of Plenty District,2018,serious_injury,100,FALSE,straight,,fine,,darkness_not_lit,giveway_sign,1,0,1,0,0,0,0,0,0,0,0,0,0,0,0,0,0,1,0,0
-37.68327364,176.0314997,Western Bay Of Plenty District,2018,serious_injury,90,FALSE,straight,,fine,,daylight,,1,0,1,0,0,0,0,0,0,0,0,0,0,0,0,0,0,1,0,0
-40.47622606,175.4397342,Horowhenua District,2018,serious_injury,100,FALSE,straight,,fine,,daylight,,1,0,1,0,0,0,0,0,0,0,0,0,0,0,0,0,0,1,0,0
-39.69958047,176.8410616,Hastings District,2018,serious_injury,100,FALSE,curved_view_open,,fine,,dawn_dusk,,1,0,1,0,0,0,0,0,0,0,0,0,0,0,0,0,0,1,0,0
-43.29674329,171.7418297,Selwyn District,2018,minor_injury,100,FALSE,curved_view_open,,fine,,daylight,,2,0,0,2,0,0,0,0,0,0,0,0,0,0,0,0,0,1,0,0
-37.95143638,176.986669,Whakatane District,2018,minor_injury,50,TRUE,straight,,fine,,darkness_not_lit,stop_sign,2,0,0,2,0,0,0,0,0,0,0,0,0,0,0,0,0,1,0,0
-45.92636652,169.7143421,Clutha District,2018,minor_injury,100,FALSE,curved_view_open,,fine,,daylight,,2,0,0,2,0,0,0,0,0,0,0,0,0,0,0,0,0,1,0,0
-41.13211887,175.0801352,Upper Hutt City,2018,minor_injury,80,FALSE,curved_view_open,,fine,,daylight,,2,0,0,2,0,0,0,0,0,0,0,0,0,0,0,0,0,1,0,0
-36.8863904,174.7922316,Auckland,2018,minor_injury,100,FALSE,straight,,fine,,darkness_not_lit,,2,0,0,2,0,0,0,0,0,0,0,0,0,0,0,0,0,1,0,0
-35.81371432,174.091887,Kaipara District,2018,minor_injury,100,FALSE,curved_view_open,,rain,,daylight,,2,0,0,2,0,0,0,0,0,0,0,0,0,0,0,0,0,1,0,0
-37.31889429,175.6768804,Hauraki District,2018,minor_injury,100,FALSE,curved_view_open,,fine,,daylight,,2,0,0,2,0,0,0,0,0,0,0,0,0,0,0,0,0,1,0,0
-39.27332524,176.7280014,Hastings District,2018,minor_injury,100,FALSE,curved_view_open,,fine,,daylight,,2,0,0,2,0,0,0,0,0,0,0,0,0,0,0,0,0,1,0,0
-38.14910824,176.2631187,Rotorua District,2018,minor_injury,70,FALSE,straight,,rain,,daylight,,2,0,0,2,0,0,0,0,0,0,0,0,0,0,0,0,0,1,0,0
-38.22388458,175.348212,Otorohanga District,2018,minor_injury,100,FALSE,straight,,fine,,daylight,,2,0,0,2,0,0,0,0,0,0,0,0,0,0,0,0,0,1,0,0
-39.7708318,176.6916484,Hastings District,2018,minor_injury,100,FALSE,straight,,mist,,daylight,,2,0,0,2,0,0,0,0,0,0,0,0,0,0,0,0,0,1,0,0
-36.49835977,174.6630032,Auckland,2018,minor_injury,100,FALSE,curved_view_open,,fine,,darkness_not_lit,,2,0,0,2,0,0,0,0,0,0,0,0,0,0,0,0,0,1,0,0
-35.17000069,173.08414,Far North District,2018,minor_injury,100,FALSE,straight,,,,darkness_not_lit,,2,0,0,2,0,0,0,0,0,0,0,0,0,0,0,0,0,1,0,0
-41.51251398,173.6970057,Marlborough District,2018,minor_injury,100,FALSE,curved_view_open,,fine,,daylight,,2,0,0,2,0,0,0,0,0,0,0,0,0,0,0,0,0,1,0,0
-35.09373367,173.2567594,Far North District,2018,minor_injury,100,FALSE,straight,,mist,,darkness_not_lit,,2,0,0,2,0,0,0,0,0,0,0,0,0,0,0,0,0,1,0,0
-36.91366214,174.7689609,Auckland,2018,minor_injury,50,FALSE,straight,,fine,,darkness_not_lit,,2,0,0,2,0,0,0,0,0,0,0,0,0,0,0,0,0,1,0,0
-43.41413123,172.5816887,Waimakariri District,2018,minor_injury,100,FALSE,curved_view_open,,rain,,daylight,,2,0,0,2,0,0,0,0,0,0,0,0,0,0,0,0,0,1,0,0
-37.15395014,175.6403148,Thames-Coromandel District,2018,minor_injury,100,FALSE,curved_view_open,,fine,,daylight,,2,0,0,2,0,0,0,0,0,0,0,0,0,0,0,0,0,1,0,0
-36.91734118,174.8470053,Auckland,2018,minor_injury,50,TRUE,straight,,fine,,daylight,traffic_lights,3,0,0,3,0,0,0,0,0,0,0,0,0,0,0,0,0,1,0,0
-43.81000675,172.7133018,Christchurch City,2018,minor_injury,60,FALSE,straight,,fine,,daylight,,3,0,0,3,0,0,0,0,0,0,0,0,0,0,0,0,0,1,0,0
-38.32074995,175.1108199,Waitomo District,2018,fatality,80,FALSE,curved_view_open,,fine,,darkness_not_lit,,4,1,0,3,0,0,0,0,0,0,0,0,0,0,0,0,0,1,0,0
-38.22501877,175.8333335,South Waikato District,2018,serious_injury,100,TRUE,straight,,rain,,darkness_not_lit,,2,0,1,1,0,0,0,0,0,0,0,0,0,0,0,0,0,1,0,0
-38.22501877,175.8333335,South Waikato District,2018,serious_injury,100,TRUE,straight,,rain,,darkness_not_lit,,2,0,1,1,0,0,0,0,0,0,0,0,0,0,0,0,0,1,0,0
-46.41816835,168.3474099,Invercargill City,2018,serious_injury,50,FALSE,straight,,rain,,daylight,giveway_sign,2,0,1,1,0,0,0,0,0,0,0,0,0,0,0,0,0,1,0,0
-36.8053544,175.49694,Thames-Coromandel District,2018,serious_injury,100,FALSE,curved_view_open,,rain,,darkness_not_lit,,2,0,1,1,0,0,0,0,0,0,0,0,0,0,0,0,0,1,0,0
-38.19544788,175.8025822,South Waikato District,2018,serious_injury,100,FALSE,curved_view_open,,rain,,daylight,,2,0,1,1,0,0,0,0,0,0,0,0,0,0,0,0,0,1,0,0
-36.72295117,174.7144024,Auckland,2018,serious_injury,100,FALSE,straight,,rain,,daylight,,2,0,1,1,0,0,0,0,0,0,0,0,0,0,0,0,0,1,0,0
-46.17871815,169.3331549,Clutha District,2018,serious_injury,100,FALSE,straight,,fine,,daylight,,2,0,1,1,0,0,0,0,0,0,0,0,0,0,0,0,0,1,0,0
-41.6759631,172.6214763,Tasman District,2018,serious_injury,100,FALSE,curved_view_open,,rain,,darkness_not_lit,,2,0,1,1,0,0,0,0,0,0,0,0,0,0,0,0,0,1,0,0
-37.74938921,175.1597937,Waikato District,2018,serious_injury,100,FALSE,curved_view_open,,rain,,daylight,,2,0,1,1,0,0,0,0,0,0,0,0,0,0,0,0,0,1,0,0
-46.10564577,168.3298042,Southland District,2018,serious_injury,100,FALSE,straight,,fine,,daylight,,2,0,1,1,0,0,0,0,0,0,0,0,0,0,0,0,0,1,0,0
-38.1348815,176.2488766,Rotorua District,2018,fatality,50,TRUE,straight,,rain,,daylight,giveway_sign,1,1,0,0,0,0,0,0,0,0,0,0,0,0,0,0,0,1,0,0
-38.48093788,175.9022686,Taupo District,2018,fatality,100,FALSE,curved_view_open,,fine,,daylight,,1,1,0,0,0,0,0,0,0,0,0,0,0,0,0,0,0,1,0,0
-38.14952483,176.8048866,Whakatane District,2018,fatality,100,FALSE,straight,,fine,,darkness_not_lit,,1,1,0,0,0,0,0,0,0,0,0,0,0,0,0,0,0,1,0,0
-36.11982385,174.2004586,Kaipara District,2018,serious_injury,100,FALSE,curved_view_open,,fine,,darkness_not_lit,,3,0,1,2,0,0,0,0,0,0,0,0,0,0,0,0,0,1,0,0
-35.82141661,174.0438718,Kaipara District,2018,serious_injury,70,FALSE,curved_view_open,,fine,,darkness_not_lit,,4,0,2,2,0,0,0,0,0,0,0,0,0,0,0,0,0,1,0,0
-46.21745034,168.6774013,Southland District,2018,serious_injury,100,FALSE,curved_view_open,,mist,,daylight,,4,0,2,2,0,0,0,0,0,0,0,0,0,0,0,0,0,1,0,0
-40.60001032,175.3006233,Horowhenua District,2018,fatality,100,FALSE,curved_view_open,,rain,,darkness_not_lit,,5,1,0,4,0,0,0,0,0,0,0,0,0,0,0,0,0,1,0,0
-39.08040854,174.0966792,New Plymouth District,2018,property_damage,100,TRUE,curved_view_open,,fine,,darkness_not_lit,giveway_sign,0,0,0,0,1,0,0,0,0,0,0,0,0,0,0,0,0,2,0,0
-40.39136005,175.3150986,Manawatu District,2018,property_damage,100,TRUE,straight,,fine,,daylight,stop_sign,0,0,0,0,1,0,0,0,0,0,0,0,0,0,0,0,0,2,0,0
-40.23171275,176.0606769,Tararua District,2018,property_damage,100,TRUE,curved_view_open,,rain,,daylight,giveway_sign,0,0,0,0,1,0,0,0,0,0,0,0,0,0,0,0,0,2,0,0
-36.78550667,174.7563502,Auckland,2018,property_damage,50,TRUE,straight,,rain,,darkness_not_lit,traffic_lights,0,0,0,0,1,0,0,0,0,0,0,0,0,0,0,0,0,2,0,0
-37.55387476,175.1590035,Waikato District,2018,property_damage,70,TRUE,straight,,fine,,daylight,,0,0,0,0,1,0,0,0,0,0,0,0,0,0,0,0,0,2,0,0
-37.55387476,175.1590035,Waikato District,2018,property_damage,70,TRUE,straight,,rain,,darkness_not_lit,giveway_sign,0,0,0,0,1,0,0,0,0,0,0,0,0,0,0,0,0,2,0,0
-36.90382183,174.8944676,Auckland,2018,property_damage,60,TRUE,straight,,fine,,dawn_dusk,traffic_lights,0,0,0,0,1,0,0,0,0,0,0,0,0,0,0,0,0,2,0,0
-36.9645828,174.906643,Auckland,2018,property_damage,60,TRUE,straight,,fine,,darkness_not_lit,traffic_lights,0,0,0,0,1,0,0,0,0,0,0,0,0,0,0,0,0,2,0,0
-37.72285259,176.2846089,Western Bay Of Plenty District,2018,property_damage,100,TRUE,curved_view_open,,fine,,darkness_not_lit,giveway_sign,0,0,0,0,1,0,0,0,0,0,0,0,0,0,0,0,0,2,0,0
-36.89658092,174.8413762,Auckland,2018,property_damage,50,TRUE,straight,,fine,,darkness_not_lit,traffic_lights,0,0,0,0,1,0,0,0,0,0,0,0,0,0,0,0,0,2,0,0
-36.98576242,174.8841395,Auckland,2018,property_damage,50,TRUE,straight,,fine,,darkness_not_lit,traffic_lights,0,0,0,0,1,0,0,0,0,0,0,0,0,0,0,0,0,2,0,0
-36.92628995,174.794782,Auckland,2018,property_damage,50,TRUE,straight,,fine,,daylight,stop_sign,0,0,0,0,1,0,0,0,0,0,0,0,0,0,0,0,0,2,0,0
-37.77269822,175.2580377,Hamilton City,2018,property_damage,50,TRUE,straight,,fine,,darkness_not_lit,giveway_sign,0,0,0,0,1,0,0,0,0,0,0,0,0,0,0,0,0,2,0,0
-37.77269822,175.2580377,Hamilton City,2018,property_damage,50,TRUE,straight,,fine,,darkness_not_lit,giveway_sign,0,0,0,0,1,0,0,0,0,0,0,0,0,0,0,0,0,2,0,0
-37.28644204,175.3124921,Waikato District,2018,property_damage,90,TRUE,straight,,fine,,daylight,stop_sign,0,0,0,0,1,0,0,0,0,0,0,0,0,0,0,0,0,2,0,0
-36.77454644,174.7162008,Auckland,2018,property_damage,50,TRUE,straight,,rain,,daylight,traffic_lights,0,0,0,0,1,0,0,0,0,0,0,0,0,0,0,0,0,2,0,0
-36.85822221,174.5500526,Auckland,2018,property_damage,100,TRUE,straight,,fine,,darkness_not_lit,,0,0,0,0,1,0,0,0,0,0,0,0,0,0,0,0,0,2,0,0
-35.67676763,174.3127244,Whangarei District,2018,property_damage,50,TRUE,curved_view_open,,rain,,darkness_not_lit,giveway_sign,0,0,0,0,1,0,0,0,0,0,0,0,0,0,0,0,0,2,0,0
-36.84500917,174.7736579,Auckland,2018,property_damage,50,TRUE,curved_view_open,,rain,,darkness_not_lit,traffic_lights,0,0,0,0,1,0,0,0,0,0,0,0,0,0,0,0,0,2,0,0
-37.19072144,174.9063903,Auckland,2018,property_damage,50,TRUE,straight,,rain,,darkness_not_lit,giveway_sign,0,0,0,0,1,0,0,0,0,0,0,0,0,0,0,0,0,2,0,0
-43.48458588,172.6163479,Christchurch City,2018,property_damage,50,TRUE,curved_view_open,,rain,,daylight,giveway_sign,0,0,0,0,1,0,0,0,0,0,0,0,0,0,0,0,0,2,0,0
-36.8003147,174.6435851,Auckland,2018,property_damage,50,TRUE,straight,,fine,,daylight,giveway_sign,0,0,0,0,1,0,0,0,0,0,0,0,0,0,0,0,0,2,0,0
-36.86799215,174.7291035,Auckland,2018,property_damage,100,FALSE,curved_view_open,,fine,,darkness_not_lit,,0,0,0,0,1,0,0,0,0,0,0,0,0,0,0,0,0,2,0,0
-43.55652587,172.7318027,Christchurch City,2018,property_damage,50,TRUE,curved_view_open,,fine,,darkness_not_lit,,0,0,0,0,1,0,0,0,0,0,0,0,0,0,0,0,0,2,0,0
-36.96374598,174.902062,Auckland,2018,property_damage,80,TRUE,straight,,fine,,darkness_not_lit,traffic_lights,0,0,0,0,1,0,0,0,0,0,0,0,0,0,0,0,0,2,0,0
-36.90335964,174.8419095,Auckland,2018,property_damage,50,TRUE,straight,,fine,,darkness_not_lit,traffic_lights,0,0,0,0,1,0,0,0,0,0,0,0,0,0,0,0,0,2,0,0
-36.80911604,174.698454,Auckland,2018,property_damage,50,TRUE,straight,,fine,,darkness_not_lit,giveway_sign,0,0,0,0,1,0,0,0,0,0,0,0,0,0,0,0,0,2,0,0
-37.2387241,175.3860014,Hauraki District,2018,property_damage,70,TRUE,curved_view_open,,fine,,daylight,stop_sign,0,0,0,0,1,0,0,0,0,0,0,0,0,0,0,0,0,2,0,0
-39.05838617,174.0753615,New Plymouth District,2018,property_damage,50,TRUE,straight,,fine,,daylight,giveway_sign,0,0,0,0,1,0,0,0,0,0,0,0,0,0,0,0,0,2,0,0
-39.54440054,176.8928555,Napier City,2018,property_damage,100,TRUE,straight,,fine,,daylight,stop_sign,0,0,0,0,1,0,0,0,0,0,0,0,0,0,0,0,0,2,0,0
-40.95819176,175.665598,Masterton District,2018,property_damage,50,TRUE,straight,,rain,,daylight,,0,0,0,0,1,0,0,0,0,0,0,0,0,0,0,0,0,2,0,0
-38.64404313,178.0140059,Gisborne District,2018,property_damage,50,TRUE,straight,,rain,,darkness_not_lit,,0,0,0,0,1,0,0,0,0,0,0,0,0,0,0,0,0,2,0,0
-39.91037407,174.9882827,Wanganui District,2018,property_damage,100,TRUE,curved_view_open,,fine,,darkness_not_lit,,0,0,0,0,1,0,0,0,0,0,0,0,0,0,0,0,0,2,0,0
-40.22003747,175.5777792,Manawatu District,2018,property_damage,50,TRUE,straight,,fine,,daylight,giveway_sign,0,0,0,0,1,0,0,0,0,0,0,0,0,0,0,0,0,2,0,0
-45.87749855,170.5017234,Dunedin City,2018,property_damage,50,TRUE,straight,,fine,,dawn_dusk,traffic_lights,0,0,0,0,1,0,0,0,0,0,0,0,0,0,0,0,0,2,0,0
-43.52080483,172.6396285,Christchurch City,2018,property_damage,50,TRUE,straight,,fine,,daylight,traffic_lights,0,0,0,0,1,0,0,0,0,0,0,0,0,0,0,0,0,2,0,0
-44.98778608,168.8147903,Queenstown-Lakes District,2018,property_damage,70,TRUE,straight,,fine,,darkness_not_lit,stop_sign,0,0,0,0,1,0,0,0,0,0,0,0,0,0,0,0,0,2,0,0
-43.53985552,172.6504939,Christchurch City,2018,property_damage,50,TRUE,straight,,rain,,darkness_not_lit,traffic_lights,0,0,0,0,1,0,0,0,0,0,0,0,0,0,0,0,0,2,0,0
-43.54255791,172.6335945,Christchurch City,2018,property_damage,50,TRUE,straight,,fine,,daylight,traffic_lights,0,0,0,0,1,0,0,0,0,0,0,0,0,0,0,0,0,2,0,0
-41.09029577,172.981116,Tasman District,2018,property_damage,80,TRUE,curved_view_open,,fine,,darkness_not_lit,giveway_sign,0,0,0,0,1,0,0,0,0,0,0,0,0,0,0,0,0,2,0,0
-43.48465544,172.5797803,Christchurch City,2018,property_damage,50,TRUE,straight,,fine,,darkness_not_lit,stop_sign,0,0,0,0,1,0,0,0,0,0,0,0,0,0,0,0,0,2,0,0
-41.189032,174.9282061,Hutt City,2018,property_damage,50,FALSE,curved_view_open,,rain,,daylight,,0,0,0,0,1,0,0,0,0,0,0,0,0,0,0,0,0,2,0,0
-36.91117501,174.8540177,Auckland,2018,property_damage,80,TRUE,curved_view_open,,fine,,darkness_not_lit,traffic_lights,0,0,0,0,1,0,0,0,0,0,0,0,0,0,0,0,0,2,0,0
-37.98349756,175.4473052,Waipa District,2018,property_damage,100,TRUE,curved_view_open,,rain,,darkness_not_lit,giveway_sign,0,0,0,0,1,0,0,0,0,0,0,0,0,0,0,0,0,2,0,0
-37.56676452,175.1588549,Waikato District,2018,property_damage,70,TRUE,curved_view_open,,rain,,darkness_not_lit,traffic_lights,0,0,0,0,1,0,0,0,0,0,0,0,0,0,0,0,0,2,0,0
-37.64497043,175.557556,Matamata-Piako District,2018,property_damage,100,TRUE,curved_view_open,,fine,,daylight,stop_sign,0,0,0,0,1,0,0,0,0,0,0,0,0,0,0,0,0,2,0,0
-45.71657825,168.4342903,Southland District,2018,property_damage,100,TRUE,straight,,fine,,daylight,,0,0,0,0,1,0,0,0,0,0,0,0,0,0,0,0,0,2,0,0
-36.95941926,174.8216389,Auckland,2018,property_damage,50,TRUE,straight,,rain,,darkness_not_lit,,0,0,0,0,1,0,0,0,0,0,0,0,0,0,0,0,0,2,0,0
-38.01505255,175.324411,Waipa District,2018,property_damage,50,TRUE,curved_view_open,,rain,,darkness_not_lit,,0,0,0,0,1,0,0,0,0,0,0,0,0,0,0,0,0,2,0,0
-37.68983105,175.4230678,Waikato District,2018,property_damage,100,TRUE,straight,,mist,,daylight,stop_sign,0,0,0,0,1,0,0,0,0,0,0,0,0,0,0,0,0,2,0,0
-37.7819154,176.051069,Western Bay Of Plenty District,2018,property_damage,100,TRUE,straight,,fine,,darkness_not_lit,giveway_sign,0,0,0,0,1,0,0,0,0,0,0,0,0,0,0,0,0,2,0,0
-35.0228358,173.222052,Far North District,2018,property_damage,100,TRUE,straight,,fine,,darkness_not_lit,giveway_sign,0,0,0,0,1,0,0,0,0,0,0,0,0,0,0,0,0,2,0,0