latitude,longitude,local_government_area,year,severity,speed_limit,intersection,road_position_horizontal,road_wet,weather,crash_type,lighting,traffic_controls,casualties,fatalities,serious_injuries,minor_injuries,car_sedan,car_utility,car_van,car_4x4,car_station_wagon,motor_cycle,truck_small,truck_large,bus,taxi,bicycle,scooter,pedestrian,inanimate,train,tram
-37.87762288,175.8119494,Matamata-Piako District,2018,property_damage,100,FALSE,curved_view_open,,rain,,darkness_not_lit,,0,0,0,0,1,0,0,0,0,0,0,0,0,0,0,0,0,2,0,0
-39.86381878,175.0409836,Wanganui District,2018,property_damage,100,TRUE,straight,,rain,,darkness_not_lit,stop_sign,0,0,0,0,1,0,0,0,0,0,0,0,0,0,0,0,0,2,0,0
-38.11597632,175.3384547,Otorohanga District,2018,property_damage,100,FALSE,curved_view_open,,fine,,daylight,,0,0,0,0,1,0,0,0,0,0,0,0,0,0,0,0,0,2,0,0
-36.60480161,174.6787465,Auckland,2018,property_damage,50,FALSE,straight,,fine,,daylight,,0,0,0,0,1,0,0,0,0,0,0,0,0,0,0,0,0,2,0,0
-45.85491766,170.5474976,Dunedin City,2018,property_damage,50,FALSE,curved_view_open,,fine,,darkness_not_lit,,0,0,0,0,1,0,0,0,0,0,0,0,0,0,0,0,0,2,0,0
-40.95874794,175.6457669,Masterton District,2018,property_damage,50,TRUE,curved_view_open,,fine,,daylight,giveway_sign,0,0,0,0,1,0,0,0,0,0,0,0,0,0,0,0,0,2,0,0
-37.40876278,174.8623838,Waikato District,2018,property_damage,100,FALSE,curved_view_open,,fine,,dawn_dusk,,0,0,0,0,1,0,0,0,0,0,0,0,0,0,0,0,0,2,0,0
-46.22312226,169.2666012,Clutha District,2018,property_damage,100,FALSE,curved_view_open,,rain,,darkness_not_lit,,0,0,0,0,1,0,0,0,0,0,0,0,0,0,0,0,0,2,0,0
-42.97741448,172.7082718,Hurunui District,2018,property_damage,60,FALSE,curved_view_open,,fine,,darkness_not_lit,,0,0,0,0,1,0,0,0,0,0,0,0,0,0,0,0,0,2,0,0
-35.4579927,173.8232743,Far North District,2018,property_damage,100,FALSE,curved_view_open,,fine,,darkness_not_lit,,0,0,0,0,1,0,0,0,0,0,0,0,0,0,0,0,0,2,0,0
-38.19819851,175.8287537,South Waikato District,2018,property_damage,100,FALSE,straight,,fine,,darkness_not_lit,,0,0,0,0,1,0,0,0,0,0,0,0,0,0,0,0,0,2,0,0
-36.84707419,174.8654327,Auckland,2018,property_damage,50,FALSE,curved_view_open,,fine,,dawn_dusk,,0,0,0,0,1,0,0,0,0,0,0,0,0,0,0,0,0,2,0,0
-37.35630036,175.4180224,Hauraki District,2018,property_damage,100,FALSE,curved_view_open,,rain,,daylight,,0,0,0,0,1,0,0,0,0,0,0,0,0,0,0,0,0,2,0,0
-37.6990337,176.158679,Tauranga City,2018,property_damage,50,FALSE,straight,,rain,,darkness_not_lit,,0,0,0,0,1,0,0,0,0,0,0,0,0,0,0,0,0,2,0,0
-36.9104326,174.8992891,Auckland,2018,property_damage,50,FALSE,straight,,fine,,daylight,,0,0,0,0,1,0,0,0,0,0,0,0,0,0,0,0,0,2,0,0
-41.3020539,173.2331322,Nelson City,2018,property_damage,100,FALSE,straight,,rain,,daylight,,0,0,0,0,1,0,0,0,0,0,0,0,0,0,0,0,0,2,0,0
-45.10793928,169.6168429,Central Otago District,2018,property_damage,100,FALSE,curved_view_open,,fine,,daylight,,0,0,0,0,1,0,0,0,0,0,0,0,0,0,0,0,0,2,0,0
-38.71852826,176.0818586,Taupo District,2018,property_damage,50,FALSE,straight,,fine,,daylight,,0,0,0,0,1,0,0,0,0,0,0,0,0,0,0,0,0,2,0,0
-38.64467514,177.9938081,Gisborne District,2018,property_damage,50,FALSE,straight,,fine,,darkness_not_lit,,0,0,0,0,1,0,0,0,0,0,0,0,0,0,0,0,0,2,0,0
-34.5507729,172.9233222,Far North District,2018,property_damage,100,FALSE,curved_view_open,,fine,,daylight,,0,0,0,0,1,0,0,0,0,0,0,0,0,0,0,0,0,2,0,0
-45.89597659,170.4934822,Dunedin City,2018,property_damage,50,FALSE,straight,,fine,,daylight,,0,0,0,0,1,0,0,0,0,0,0,0,0,0,0,0,0,2,0,0
-44.98068575,168.8177938,Queenstown-Lakes District,2018,property_damage,70,FALSE,curved_view_open,,fine,,darkness_not_lit,,0,0,0,0,1,0,0,0,0,0,0,0,0,0,0,0,0,2,0,0
-40.47399047,175.2861229,Horowhenua District,2018,property_damage,50,FALSE,straight,,fine,,darkness_not_lit,,0,0,0,0,1,0,0,0,0,0,0,0,0,0,0,0,0,2,0,0
-36.91890927,174.7803301,Auckland,2018,property_damage,50,TRUE,straight,,fine,,darkness_not_lit,,0,0,0,0,1,0,0,0,0,0,0,0,0,0,0,0,0,2,0,0
-42.78795876,171.039133,Westland District,2018,property_damage,100,FALSE,curved_view_open,,rain,,daylight,,0,0,0,0,1,0,0,0,0,0,0,0,0,0,0,0,0,2,0,0
-40.09226981,175.381719,Rangitikei District,2018,property_damage,70,FALSE,straight,,fine,,daylight,,0,0,0,0,1,0,0,0,0,0,0,0,0,0,0,0,0,2,0,0
-40.0836352,175.2949725,Rangitikei District,2018,property_damage,100,FALSE,curved_view_open,,fine,,darkness_not_lit,,0,0,0,0,1,0,0,0,0,0,0,0,0,0,0,0,0,2,0,0
-44.03286748,171.2494757,Timaru District,2018,property_damage,100,FALSE,straight,,fine,,daylight,,0,0,0,0,1,0,0,0,0,0,0,0,0,0,0,0,0,2,0,0
-38.14145764,176.286425,Rotorua District,2018,property_damage,60,FALSE,straight,,fine,,darkness_not_lit,,0,0,0,0,1,0,0,0,0,0,0,0,0,0,0,0,0,2,0,0
-39.15474285,173.9202512,New Plymouth District,2018,property_damage,100,FALSE,curved_view_open,,fine,,dawn_dusk,,0,0,0,0,1,0,0,0,0,0,0,0,0,0,0,0,0,2,0,0
-40.85805097,172.8209102,Tasman District,2018,property_damage,60,FALSE,curved_view_open,,fine,,darkness_not_lit,,0,0,0,0,1,0,0,0,0,0,0,0,0,0,0,0,0,2,0,0
-40.88007833,172.8220258,Tasman District,2018,property_damage,60,FALSE,curved_view_open,,fine,,dawn_dusk,,0,0,0,0,1,0,0,0,0,0,0,0,0,0,0,0,0,2,0,0
-35.45960117,173.4688401,Far North District,2018,property_damage,100,FALSE,curved_view_open,,fine,,daylight,,0,0,0,0,1,0,0,0,0,0,0,0,0,0,0,0,0,2,0,0
-40.03474342,175.2113073,Rangitikei District,2018,property_damage,100,FALSE,curved_view_open,,rain,,darkness_not_lit,,0,0,0,0,1,0,0,0,0,0,0,0,0,0,0,0,0,2,0,0
-35.68854274,174.3282784,Whangarei District,2018,property_damage,50,FALSE,curved_view_open,,fine,,daylight,,0,0,0,0,1,0,0,0,0,0,0,0,0,0,0,0,0,2,0,0
-45.62179968,168.3901925,Southland District,2018,property_damage,100,FALSE,straight,,fine,,daylight,,0,0,0,0,1,0,0,0,0,0,0,0,0,0,0,0,0,2,0,0
-43.61126072,172.3117364,Selwyn District,2018,property_damage,70,FALSE,straight,,rain,,daylight,,0,0,0,0,1,0,0,0,0,0,0,0,0,0,0,0,0,2,0,0
-37.77677778,175.3453206,Waikato District,2018,property_damage,100,FALSE,straight,,rain,,darkness_not_lit,,0,0,0,0,1,0,0,0,0,0,0,0,0,0,0,0,0,2,0,0
-40.61963402,175.2278157,Horowhenua District,2018,property_damage,100,FALSE,curved_view_open,,fine,,darkness_not_lit,,0,0,0,0,1,0,0,0,0,0,0,0,0,0,0,0,0,2,0,0
-39.76058276,176.7046142,Hastings District,2018,property_damage,100,FALSE,straight,,rain,,darkness_not_lit,,0,0,0,0,1,0,0,0,0,0,0,0,0,0,0,0,0,2,0,0
-39.07976874,174.3232976,New Plymouth District,2018,property_damage,100,FALSE,curved_view_open,,rain,,dawn_dusk,,0,0,0,0,1,0,0,0,0,0,0,0,0,0,0,0,0,2,0,0
-40.20006782,176.103349,Tararua District,2018,property_damage,50,FALSE,curved_view_open,,fine,,darkness_not_lit,,0,0,0,0,1,0,0,0,0,0,0,0,0,0,0,0,0,2,0,0
-37.92155968,175.719135,South Waikato District,2018,property_damage,100,FALSE,straight,,fine,,darkness_not_lit,,0,0,0,0,1,0,0,0,0,0,0,0,0,0,0,0,0,2,0,0
-44.20149938,171.3462741,Timaru District,2018,property_damage,100,TRUE,straight,,fine,,darkness_not_lit,,0,0,0,0,1,0,0,0,0,0,0,0,0,0,0,0,0,2,0,0
-38.52726967,177.9014908,Gisborne District,2018,property_damage,100,FALSE,curved_view_open,,fine,,darkness_not_lit,,0,0,0,0,1,0,0,0,0,0,0,0,0,0,0,0,0,2,0,0
-36.71478469,174.7100224,Auckland,2018,property_damage,100,FALSE,straight,,rain,,daylight,,0,0,0,0,1,0,0,0,0,0,0,0,0,0,0,0,0,2,0,0
-38.84136702,174.9748128,Ruapehu District,2018,property_damage,50,FALSE,curved_view_open,,fine,,darkness_not_lit,,0,0,0,0,1,0,0,0,0,0,0,0,0,0,0,0,0,2,0,0
-36.37783365,174.4718943,Auckland,2018,property_damage,100,FALSE,curved_view_open,,fine,,daylight,,0,0,0,0,1,0,0,0,0,0,0,0,0,0,0,0,0,2,0,0
-45.85124778,170.4970005,Dunedin City,2018,property_damage,50,FALSE,straight,,rain,,darkness_not_lit,,0,0,0,0,1,0,0,0,0,0,0,0,0,0,0,0,0,2,0,0
-36.7003441,174.7188253,Auckland,2018,property_damage,80,FALSE,straight,,fine,,darkness_not_lit,,0,0,0,0,1,0,0,0,0,0,0,0,0,0,0,0,0,2,0,0
-37.80402202,175.2453171,Hamilton City,2018,property_damage,50,FALSE,curved_view_open,,rain,,darkness_not_lit,,0,0,0,0,1,0,0,0,0,0,0,0,0,0,0,0,0,2,0,0
-37.69580231,176.1379958,Tauranga City,2018,property_damage,50,FALSE,straight,,fine,,darkness_not_lit,,0,0,0,0,1,0,0,0,0,0,0,0,0,0,0,0,0,2,0,0
-43.72644263,172.9110521,Christchurch City,2018,property_damage,100,FALSE,curved_view_open,,fine,,darkness_not_lit,,0,0,0,0,1,0,0,0,0,0,0,0,0,0,0,0,0,2,0,0
-36.91598701,175.0017634,Auckland,2018,property_damage,100,FALSE,curved_view_open,,fine,,darkness_not_lit,,0,0,0,0,1,0,0,0,0,0,0,0,0,0,0,0,0,2,0,0
-37.16175006,174.9813482,Auckland,2018,property_damage,100,FALSE,straight,,fine,,darkness_not_lit,,0,0,0,0,1,0,0,0,0,0,0,0,0,0,0,0,0,2,0,0
-38.56905045,178.1965464,Gisborne District,2018,property_damage,100,FALSE,curved_view_open,,rain,,daylight,,0,0,0,0,1,0,0,0,0,0,0,0,0,0,0,0,0,2,0,0
-39.35159973,176.7889046,Hastings District,2018,property_damage,100,FALSE,curved_view_open,,fine,,darkness_not_lit,,0,0,0,0,1,0,0,0,0,0,0,0,0,0,0,0,0,2,0,0
-36.62295633,174.7328277,Auckland,2018,property_damage,50,FALSE,curved_view_open,,fine,,daylight,,0,0,0,0,1,0,0,0,0,0,0,0,0,0,0,0,0,2,0,0
-37.39014186,175.2059819,Waikato District,2018,property_damage,100,FALSE,curved_view_open,,fine,,darkness_not_lit,,0,0,0,0,1,0,0,0,0,0,0,0,0,0,0,0,0,2,0,0
-38.49356636,174.9536983,Waitomo District,2018,property_damage,100,FALSE,curved_view_open,,fine,,daylight,,0,0,0,0,1,0,0,0,0,0,0,0,0,0,0,0,0,2,0,0
-37.12220048,174.9570408,Auckland,2018,property_damage,100,FALSE,straight,,fine,,darkness_not_lit,,0,0,0,0,1,0,0,0,0,0,0,0,0,0,0,0,0,2,0,0
-37.21018869,175.8692502,Thames-Coromandel District,2018,property_damage,50,FALSE,straight,,fine,,darkness_not_lit,,0,0,0,0,1,0,0,0,0,0,0,0,0,0,0,0,0,2,0,0
-36.24178805,174.5750351,Auckland,2018,property_damage,100,FALSE,curved_view_open,,rain,,daylight,,0,0,0,0,1,0,0,0,0,0,0,0,0,0,0,0,0,2,0,0
-45.0376431,169.1843822,Central Otago District,2018,property_damage,100,FALSE,straight,,fine,,daylight,,0,0,0,0,1,0,0,0,0,0,0,0,0,0,0,0,0,2,0,0
-37.39933456,175.1157576,Waikato District,2018,property_damage,100,FALSE,straight,,fine,,daylight,,0,0,0,0,1,0,0,0,0,0,0,0,0,0,0,0,0,2,0,0
-38.66077452,175.2067506,Ruapehu District,2018,property_damage,100,FALSE,curved_view_open,,rain,,daylight,,0,0,0,0,1,0,0,0,0,0,0,0,0,0,0,0,0,2,0,0
-44.19163737,171.2778034,Timaru District,2018,property_damage,100,FALSE,straight,,fine,,daylight,,0,0,0,0,1,0,0,0,0,0,0,0,0,0,0,0,0,2,0,0
-45.7085317,168.373134,Southland District,2018,property_damage,100,FALSE,straight,,fine,,daylight,,0,0,0,0,1,0,0,0,0,0,0,0,0,0,0,0,0,2,0,0
-39.92709582,175.0410835,Wanganui District,2018,property_damage,50,FALSE,straight,,fine,,daylight,,0,0,0,0,1,0,0,0,0,0,0,0,0,0,0,0,0,2,0,0
-45.21660301,167.8227652,Southland District,2018,property_damage,100,FALSE,curved_view_open,,fine,,darkness_not_lit,,0,0,0,0,1,0,0,0,0,0,0,0,0,0,0,0,0,2,0,0
-37.84248593,175.3057546,Hamilton City,2018,property_damage,100,FALSE,curved_view_open,,fine,,daylight,,0,0,0,0,1,0,0,0,0,0,0,0,0,0,0,0,0,2,0,0
-40.07774626,175.2618809,Rangitikei District,2018,property_damage,100,FALSE,curved_view_open,,rain,,daylight,,0,0,0,0,1,0,0,0,0,0,0,0,0,0,0,0,0,2,0,0
-37.68405746,175.6939948,Matamata-Piako District,2018,property_damage,100,FALSE,straight,,fine,,darkness_not_lit,,0,0,0,0,1,0,0,0,0,0,0,0,0,0,0,0,0,2,0,0
-41.28613566,174.002265,Marlborough District,2018,property_damage,50,FALSE,curved_view_open,,rain,,darkness_not_lit,,0,0,0,0,1,0,0,0,0,0,0,0,0,0,0,0,0,2,0,0
-38.68018457,176.0630755,Taupo District,2018,property_damage,50,TRUE,straight,,rain,,daylight,giveway_sign,0,0,0,0,1,0,0,0,0,0,0,0,0,0,0,0,0,2,0,0
-35.64320561,174.4250532,Whangarei District,2018,property_damage,100,FALSE,curved_view_open,,fine,,daylight,,0,0,0,0,1,0,0,0,0,0,0,0,0,0,0,0,0,2,0,0
-37.7385105,175.2395233,Hamilton City,2018,property_damage,50,TRUE,straight,,rain,,daylight,giveway_sign,0,0,0,0,1,0,0,0,0,0,0,0,0,0,0,0,0,2,0,0
-41.7965124,172.5113808,Tasman District,2018,property_damage,100,FALSE,curved_view_open,,fine,,daylight,,0,0,0,0,1,0,0,0,0,0,0,0,0,0,0,0,0,2,0,0
-35.93482741,173.8692856,Kaipara District,2018,property_damage,50,FALSE,straight,,rain,,darkness_not_lit,,0,0,0,0,1,0,0,0,0,0,0,0,0,0,0,0,0,2,0,0
-37.69929699,176.130251,Tauranga City,2018,property_damage,80,FALSE,curved_view_open,,rain,,darkness_not_lit,,0,0,0,0,1,0,0,0,0,0,0,0,0,0,0,0,0,2,0,0
-39.9903359,175.1628503,Wanganui District,2018,property_damage,100,FALSE,straight,,fine,,darkness_not_lit,,0,0,0,0,1,0,0,0,0,0,0,0,0,0,0,0,0,2,0,0
-43.69544262,172.6292647,Christchurch City,2018,property_damage,100,FALSE,curved_view_open,,fine,,darkness_not_lit,,0,0,0,0,1,0,0,0,0,0,0,0,0,0,0,0,0,2,0,0
-40.29482234,175.7364557,Palmerston North City,2018,property_damage,100,FALSE,straight,,fine,,daylight,,0,0,0,0,1,0,0,0,0,0,0,0,0,0,0,0,0,2,0,0
-46.422538,168.38809,Invercargill City,2018,property_damage,50,TRUE,straight,,fine,,dawn_dusk,giveway_sign,0,0,0,0,1,0,0,0,0,0,0,0,0,0,0,0,0,2,0,0
-39.06730285,174.0650128,New Plymouth District,2018,property_damage,50,FALSE,curved_view_open,,fine,,daylight,,0,0,0,0,1,0,0,0,0,0,0,0,0,0,0,0,0,2,0,0
-36.98380404,174.8837317,Auckland,2018,property_damage,100,FALSE,straight,,fine,,darkness_not_lit,,0,0,0,0,1,0,0,0,0,0,0,0,0,0,0,0,0,2,0,0
-36.77414524,174.6741525,Auckland,2018,property_damage,50,FALSE,curved_view_open,,rain,,darkness_not_lit,,0,0,0,0,1,0,0,0,0,0,0,0,0,0,0,0,0,2,0,0
-38.56092923,178.2120944,Gisborne District,2018,property_damage,100,FALSE,straight,,fine,,dawn_dusk,,0,0,0,0,1,0,0,0,0,0,0,0,0,0,0,0,0,2,0,0
-36.9773241,174.8230993,Auckland,2018,property_damage,100,FALSE,straight,,fine,,darkness_not_lit,,0,0,0,0,1,0,0,0,0,0,0,0,0,0,0,0,0,2,0,0
-37.98263738,175.7348562,South Waikato District,2018,property_damage,100,TRUE,curved_view_open,,fine,,daylight,stop_sign,0,0,0,0,1,0,0,0,0,0,0,0,0,0,0,0,0,2,0,0
-41.10925552,175.269634,South Wairarapa District,2018,property_damage,100,FALSE,curved_view_open,,fine,,daylight,,0,0,0,0,1,0,0,0,0,0,0,0,0,0,0,0,0,2,0,0
-40.36648893,175.5752634,Palmerston North City,2018,property_damage,50,FALSE,straight,,rain,,darkness_not_lit,,0,0,0,0,1,0,0,0,0,0,0,0,0,0,0,0,0,2,0,0
-46.13166625,169.9725581,Clutha District,2018,property_damage,70,TRUE,straight,,rain,,darkness_not_lit,,0,0,0,0,1,0,0,0,0,0,0,0,0,0,0,0,0,2,0,0
-35.3838611,174.0713765,Far North District,2018,property_damage,100,FALSE,curved_view_open,,rain,,daylight,,0,0,0,0,1,0,0,0,0,0,0,0,0,0,0,0,0,2,0,0
-45.8151988,170.5175904,Dunedin City,2018,property_damage,100,FALSE,straight,,fine,,daylight,,0,0,0,0,1,0,0,0,0,0,0,0,0,0,0,0,0,2,0,0
-45.07274144,170.8967544,Waitaki District,2018,property_damage,100,FALSE,straight,,fine,,daylight,,0,0,0,0,1,0,0,0,0,0,0,0,0,0,0,0,0,2,0,0
-38.06299388,175.3419751,Waipa District,2018,property_damage,100,FALSE,straight,,fine,,daylight,,0,0,0,0,1,0,0,0,0,0,0,0,0,0,0,0,0,2,0,0
-43.52655539,172.6443709,Christchurch City,2018,property_damage,50,FALSE,straight,,fine,,daylight,,0,0,0,0,1,0,0,0,0,0,0,0,0,0,0,0,0,2,0,0
-36.75353572,174.7211876,Auckland,2018,property_damage,50,FALSE,curved_view_open,,fine,,darkness_not_lit,,0,0,0,0,1,0,0,0,0,0,0,0,0,0,0,0,0,2,0,0
-43.01884436,171.5958719,Selwyn District,2018,property_damage,100,FALSE,straight,,fine,,darkness_not_lit,,0,0,0,0,1,0,0,0,0,0,0,0,0,0,0,0,0,2,0,0
-35.98373313,174.4310965,Whangarei District,2018,property_damage,100,FALSE,straight,,fine,,daylight,,0,0,0,0,1,0,0,0,0,0,0,0,0,0,0,0,0,2,0,0
-37.13596286,174.9652191,Auckland,2018,property_damage,100,FALSE,straight,,fine,,darkness_not_lit,,0,0,0,0,1,0,0,0,0,0,0,0,0,0,0,0,0,2,0,0
-35.07956082,173.7611325,Far North District,2018,property_damage,100,FALSE,curved_view_open,,fine,,darkness_not_lit,,0,0,0,0,1,0,0,0,0,0,0,0,0,0,0,0,0,2,0,0
-40.00365506,175.642125,Manawatu District,2018,property_damage,100,FALSE,curved_view_open,,rain,,daylight,,0,0,0,0,1,0,0,0,0,0,0,0,0,0,0,0,0,2,0,0
-37.17456838,174.7940057,Auckland,2018,property_damage,100,FALSE,curved_view_open,,fine,,darkness_not_lit,,0,0,0,0,1,0,0,0,0,0,0,0,0,0,0,0,0,2,0,0
-36.53736266,174.6810627,Auckland,2018,property_damage,80,FALSE,straight,,fine,,darkness_not_lit,,0,0,0,0,1,0,0,0,0,0,0,0,0,0,0,0,0,2,0,0
-37.76868566,175.2340649,Hamilton City,2018,property_damage,50,FALSE,straight,,rain,,darkness_not_lit,,0,0,0,0,1,0,0,0,0,0,0,0,0,0,0,0,0,2,0,0
-41.14970018,175.0138045,Upper Hutt City,2018,property_damage,50,FALSE,straight,,fine,,daylight,,0,0,0,0,1,0,0,0,0,0,0,0,0,0,0,0,0,2,0,0
-41.30685964,173.2216812,Nelson City,2018,property_damage,100,FALSE,straight,,fine,,daylight,,0,0,0,0,1,0,0,0,0,0,0,0,0,0,0,0,0,2,0,0
-36.97126007,174.8253248,Auckland,2018,property_damage,50,FALSE,straight,,fine,,darkness_not_lit,,0,0,0,0,1,0,0,0,0,0,0,0,0,0,0,0,0,2,0,0
-35.18489523,173.4637094,Far North District,2018,property_damage,100,FALSE,curved_view_open,,rain,,daylight,,0,0,0,0,1,0,0,0,0,0,0,0,0,0,0,0,0,2,0,0
-35.37773125,174.073266,Far North District,2018,property_damage,50,FALSE,straight,,rain,,darkness_not_lit,,0,0,0,0,1,0,0,0,0,0,0,0,0,0,0,0,0,2,0,0
-36.96183911,174.8648938,Auckland,2018,property_damage,100,FALSE,straight,,rain,,darkness_not_lit,,0,0,0,0,1,0,0,0,0,0,0,0,0,0,0,0,0,2,0,0
-40.5582984,175.2446298,Horowhenua District,2018,property_damage,80,FALSE,curved_view_open,,fine,,daylight,,0,0,0,0,1,0,0,0,0,0,0,0,0,0,0,0,0,2,0,0
-41.18182286,173.056838,Tasman District,2018,property_damage,100,FALSE,curved_view_open,,fine,,daylight,,0,0,0,0,1,0,0,0,0,0,0,0,0,0,0,0,0,2,0,0
-40.21468066,175.5695508,Manawatu District,2018,property_damage,50,FALSE,straight,,rain,,darkness_not_lit,,0,0,0,0,1,0,0,0,0,0,0,0,0,0,0,0,0,2,0,0
-40.44184876,175.8171805,Tararua District,2018,property_damage,100,FALSE,curved_view_open,,fine,,darkness_not_lit,,0,0,0,0,1,0,0,0,0,0,0,0,0,0,0,0,0,2,0,0
-39.60768824,176.8361114,Hastings District,2018,property_damage,100,FALSE,straight,,rain,,darkness_not_lit,,0,0,0,0,1,0,0,0,0,0,0,0,0,0,0,0,0,2,0,0
-44.81314976,168.0467638,Southland District,2018,property_damage,100,FALSE,curved_view_open,,rain,,dawn_dusk,,0,0,0,0,1,0,0,0,0,0,0,0,0,0,0,0,0,2,0,0
-40.63306389,175.3004101,Horowhenua District,2018,property_damage,50,FALSE,curved_view_open,,fine,,daylight,,0,0,0,0,1,0,0,0,0,0,0,0,0,0,0,0,0,2,0,0
-35.38393264,174.0714435,Far North District,2018,property_damage,100,FALSE,curved_view_open,,mist,,dawn_dusk,,0,0,0,0,1,0,0,0,0,0,0,0,0,0,0,0,0,2,0,0
-42.1147565,171.8612931,Buller District,2018,property_damage,50,TRUE,straight,,fine,,darkness_not_lit,giveway_sign,0,0,0,0,1,0,0,0,0,0,0,0,0,0,0,0,0,2,0,0
-40.67593415,175.2402905,Horowhenua District,2018,property_damage,100,FALSE,straight,,,,daylight,,0,0,0,0,1,0,0,0,0,0,0,0,0,0,0,0,0,2,0,0
-35.92864141,173.8879293,Kaipara District,2018,property_damage,70,FALSE,straight,,fine,,daylight,,0,0,0,0,1,0,0,0,0,0,0,0,0,0,0,0,0,2,0,0
-37.02139866,174.8944165,Auckland,2018,property_damage,50,FALSE,straight,,fine,,daylight,,0,0,0,0,1,0,0,0,0,0,0,0,0,0,0,0,0,2,0,0
-41.03540564,175.4655324,Carterton District,2018,property_damage,100,FALSE,curved_view_open,,rain,,darkness_not_lit,,0,0,0,0,1,0,0,0,0,0,0,0,0,0,0,0,0,2,0,0
-36.80707345,174.6074335,Auckland,2018,property_damage,100,FALSE,curved_view_open,,rain,,darkness_not_lit,,0,0,0,0,1,0,0,0,0,0,0,0,0,0,0,0,0,2,0,0
-41.14595202,174.9988786,Upper Hutt City,2018,property_damage,70,FALSE,curved_view_open,,fine,,darkness_not_lit,,0,0,0,0,1,0,0,0,0,0,0,0,0,0,0,0,0,2,0,0
-35.69156657,174.327135,Whangarei District,2018,property_damage,50,FALSE,straight,,rain,,daylight,,0,0,0,0,1,0,0,0,0,0,0,0,0,0,0,0,0,2,0,0
-37.85257956,175.47946,Waipa District,2018,property_damage,100,FALSE,straight,,fine,,daylight,,0,0,0,0,1,0,0,0,0,0,0,0,0,0,0,0,0,2,0,0
-36.85648377,174.623543,Auckland,2018,property_damage,50,FALSE,straight,,fine,,daylight,,0,0,0,0,1,0,0,0,0,0,0,0,0,0,0,0,0,2,0,0
-43.4195909,172.5727569,Waimakariri District,2018,property_damage,100,TRUE,curved_view_open,,fine,,darkness_not_lit,giveway_sign,0,0,0,0,1,0,0,0,0,0,0,0,0,0,0,0,0,2,0,0
-39.48181212,176.9068505,Napier City,2018,property_damage,50,FALSE,curved_view_open,,rain,,darkness_not_lit,,0,0,0,0,1,0,0,0,0,0,0,0,0,0,0,0,0,2,0,0
-36.93111318,174.8504925,Auckland,2018,property_damage,100,FALSE,straight,,fine,,darkness_not_lit,,0,0,0,0,1,0,0,0,0,0,0,0,0,0,0,0,0,2,0,0
-39.11263024,174.1006253,New Plymouth District,2018,property_damage,100,FALSE,straight,,rain,,darkness_not_lit,,0,0,0,0,1,0,0,0,0,0,0,0,0,0,0,0,0,2,0,0
-37.15361376,174.9758211,Auckland,2018,property_damage,100,FALSE,straight,,rain,,darkness_not_lit,,0,0,0,0,1,0,0,0,0,0,0,0,0,0,0,0,0,2,0,0
-36.98361554,174.9101851,Auckland,2018,property_damage,50,FALSE,straight,,fine,,darkness_not_lit,,0,0,0,0,1,0,0,0,0,0,0,0,0,0,0,0,0,2,0,0
-41.34614349,173.2014343,Tasman District,2018,property_damage,50,FALSE,straight,,fine,,darkness_not_lit,,0,0,0,0,1,0,0,0,0,0,0,0,0,0,0,0,0,2,0,0
-39.64325311,176.8219902,Hastings District,2018,property_damage,50,FALSE,straight,,fine,,daylight,,0,0,0,0,1,0,0,0,0,0,0,0,0,0,0,0,0,2,0,0
-37.808614,176.182651,Western Bay Of Plenty District,2018,property_damage,100,FALSE,curved_view_open,,fine,,darkness_not_lit,,0,0,0,0,1,0,0,0,0,0,0,0,0,0,0,0,0,2,0,0
-37.01993927,175.0242482,Auckland,2018,property_damage,100,FALSE,straight,,rain,,darkness_not_lit,,0,0,0,0,1,0,0,0,0,0,0,0,0,0,0,0,0,2,0,0
-39.86586137,174.8312477,Wanganui District,2018,property_damage,100,FALSE,curved_view_open,,fine,,darkness_not_lit,,0,0,0,0,1,0,0,0,0,0,0,0,0,0,0,0,0,2,0,0
-41.28950561,174.8032998,Wellington City,2018,property_damage,50,FALSE,curved_view_open,,rain,,darkness_not_lit,,0,0,0,0,1,0,0,0,0,0,0,0,0,0,0,0,0,2,0,0
-43.44395867,172.6561009,Christchurch City,2018,property_damage,80,FALSE,straight,,fine,,darkness_not_lit,,0,0,0,0,1,0,0,0,0,0,0,0,0,0,0,0,0,2,0,0
-41.11830815,175.0852612,Upper Hutt City,2018,property_damage,50,FALSE,straight,,fine,,daylight,,0,0,0,0,1,0,0,0,0,0,0,0,0,0,0,0,0,2,0,0
-39.06873786,177.8259603,Wairoa District,2018,property_damage,100,FALSE,curved_view_obscure,,fine,,daylight,,0,0,0,0,1,0,0,0,0,0,0,0,0,0,0,0,0,2,0,0