latitude,longitude,local_government_area,year,severity,speed_limit,intersection,road_position_horizontal,road_wet,weather,crash_type,lighting,traffic_controls,casualties,fatalities,serious_injuries,minor_injuries,car_sedan,car_utility,car_van,car_4x4,car_station_wagon,motor_cycle,truck_small,truck_large,bus,taxi,bicycle,scooter,pedestrian,inanimate,train,tram
-41.28072924,173.5734748,Marlborough District,2018,minor_injury,100,FALSE,straight,,fine,,daylight,,1,0,0,1,1,0,0,0,0,0,0,0,0,0,0,0,0,2,0,0
-43.80027306,173.0018771,Christchurch City,2018,minor_injury,100,FALSE,straight,,fine,,daylight,,1,0,0,1,1,0,0,0,0,0,0,0,0,0,0,0,0,2,0,0
-36.95815433,174.912379,Auckland,2018,minor_injury,60,TRUE,straight,,fine,,daylight,giveway_sign,1,0,0,1,1,0,0,0,0,0,0,0,0,0,0,0,0,2,0,0
-41.43474744,174.0108317,Marlborough District,2018,minor_injury,100,FALSE,straight,,fine,,daylight,,1,0,0,1,1,0,0,0,0,0,0,0,0,0,0,0,0,2,0,0
-43.48443613,172.5863112,Christchurch City,2018,minor_injury,50,FALSE,curved_view_open,,fine,,darkness_not_lit,,1,0,0,1,1,0,0,0,0,0,0,0,0,0,0,0,0,2,0,0
-36.959237,174.7837846,Auckland,2018,minor_injury,50,FALSE,straight,,fine,,daylight,,1,0,0,1,1,0,0,0,0,0,0,0,0,0,0,0,0,2,0,0
-36.96208099,174.4754954,Auckland,2018,minor_injury,10,FALSE,curved_view_open,,,,daylight,,1,0,0,1,1,0,0,0,0,0,0,0,0,0,0,0,0,2,0,0
-46.24257203,169.6563452,Clutha District,2018,minor_injury,100,FALSE,curved_view_open,,fine,,darkness_not_lit,,1,0,0,1,1,0,0,0,0,0,0,0,0,0,0,0,0,2,0,0
-37.48179005,175.1608621,Waikato District,2018,minor_injury,100,FALSE,curved_view_open,,fine,,daylight,,1,0,0,1,1,0,0,0,0,0,0,0,0,0,0,0,0,2,0,0
-40.04086307,175.2121028,Rangitikei District,2018,minor_injury,70,FALSE,straight,,fine,,daylight,,1,0,0,1,1,0,0,0,0,0,0,0,0,0,0,0,0,2,0,0
-36.81724204,174.7324789,Auckland,2018,minor_injury,50,FALSE,straight,,fine,,daylight,,1,0,0,1,1,0,0,0,0,0,0,0,0,0,0,0,0,2,0,0
-44.3907406,171.1821772,Timaru District,2018,minor_injury,80,FALSE,straight,,fine,,daylight,,1,0,0,1,1,0,0,0,0,0,0,0,0,0,0,0,0,2,0,0
-43.5556481,172.7187448,Christchurch City,2018,minor_injury,50,FALSE,straight,,fine,,darkness_not_lit,,1,0,0,1,1,0,0,0,0,0,0,0,0,0,0,0,0,2,0,0
-35.33268031,173.8558028,Far North District,2018,minor_injury,100,FALSE,curved_view_open,,rain,,daylight,,1,0,0,1,1,0,0,0,0,0,0,0,0,0,0,0,0,2,0,0
-36.22678576,174.5738219,Auckland,2018,minor_injury,100,FALSE,curved_view_open,,rain,,daylight,,1,0,0,1,1,0,0,0,0,0,0,0,0,0,0,0,0,2,0,0
-38.13975584,176.2822078,Rotorua District,2018,minor_injury,50,FALSE,curved_view_open,,rain,,darkness_not_lit,,1,0,0,1,1,0,0,0,0,0,0,0,0,0,0,0,0,2,0,0
-43.31890215,172.3815675,Waimakariri District,2018,minor_injury,100,FALSE,straight,,fine,,dawn_dusk,,1,0,0,1,1,0,0,0,0,0,0,0,0,0,0,0,0,2,0,0
-37.56037411,175.1716777,Waikato District,2018,minor_injury,50,FALSE,curved_view_open,,fine,,dawn_dusk,,1,0,0,1,1,0,0,0,0,0,0,0,0,0,0,0,0,2,0,0
-37.74518134,175.2788766,Hamilton City,2018,minor_injury,80,FALSE,straight,,fine,,darkness_not_lit,,1,0,0,1,1,0,0,0,0,0,0,0,0,0,0,0,0,2,0,0
-40.38538986,175.6331031,Palmerston North City,2018,minor_injury,60,FALSE,straight,,fine,,darkness_not_lit,,1,0,0,1,1,0,0,0,0,0,0,0,0,0,0,0,0,2,0,0
-37.82780252,175.5006018,Waipa District,2018,minor_injury,100,FALSE,straight,,fine,,darkness_not_lit,,1,0,0,1,1,0,0,0,0,0,0,0,0,0,0,0,0,2,0,0
-36.2006959,174.4638657,Kaipara District,2018,minor_injury,100,FALSE,curved_view_open,,rain,,darkness_not_lit,,1,0,0,1,1,0,0,0,0,0,0,0,0,0,0,0,0,2,0,0
-40.31366676,175.5942235,Palmerston North City,2018,minor_injury,80,FALSE,straight,,fine,,darkness_not_lit,,1,0,0,1,1,0,0,0,0,0,0,0,0,0,0,0,0,2,0,0
-39.53458085,176.8692294,Napier City,2018,minor_injury,50,FALSE,straight,,fine,,darkness_not_lit,,1,0,0,1,1,0,0,0,0,0,0,0,0,0,0,0,0,2,0,0
-37.13117074,174.8029201,Auckland,2018,minor_injury,70,FALSE,curved_view_open,,rain,,darkness_not_lit,,1,0,0,1,1,0,0,0,0,0,0,0,0,0,0,0,0,2,0,0
-46.40751744,168.4419159,Invercargill City,2018,minor_injury,100,FALSE,straight,,rain,,darkness_not_lit,,1,0,0,1,1,0,0,0,0,0,0,0,0,0,0,0,0,2,0,0
-41.12123957,173.0106019,Tasman District,2018,minor_injury,50,FALSE,straight,,fine,,darkness_not_lit,,1,0,0,1,1,0,0,0,0,0,0,0,0,0,0,0,0,2,0,0
-45.28340569,170.8043784,Waitaki District,2018,minor_injury,100,FALSE,straight,,fine,,daylight,,1,0,0,1,1,0,0,0,0,0,0,0,0,0,0,0,0,2,0,0
-39.19029408,174.2114199,New Plymouth District,2018,minor_injury,100,FALSE,curved_view_open,,fine,,darkness_not_lit,,1,0,0,1,1,0,0,0,0,0,0,0,0,0,0,0,0,2,0,0
-37.78230127,175.4258581,Waikato District,2018,minor_injury,100,FALSE,straight,,fine,,darkness_not_lit,,1,0,0,1,1,0,0,0,0,0,0,0,0,0,0,0,0,2,0,0
-36.09733463,174.559395,Kaipara District,2018,minor_injury,100,FALSE,curved_view_open,,fine,,darkness_not_lit,,1,0,0,1,1,0,0,0,0,0,0,0,0,0,0,0,0,2,0,0
-40.93426289,175.6713218,Masterton District,2018,minor_injury,100,FALSE,straight,,fine,,darkness_not_lit,,1,0,0,1,1,0,0,0,0,0,0,0,0,0,0,0,0,2,0,0
-37.69646548,175.1933578,Waikato District,2018,minor_injury,100,FALSE,straight,,mist,,darkness_not_lit,,1,0,0,1,1,0,0,0,0,0,0,0,0,0,0,0,0,2,0,0
-40.34486566,175.6365996,Palmerston North City,2018,minor_injury,50,FALSE,straight,,fine,,darkness_not_lit,,1,0,0,1,1,0,0,0,0,0,0,0,0,0,0,0,0,2,0,0
-45.90142881,170.3818625,Dunedin City,2018,minor_injury,70,FALSE,curved_view_open,,fine,,daylight,,1,0,0,1,1,0,0,0,0,0,0,0,0,0,0,0,0,2,0,0
-40.3428807,175.6450217,Palmerston North City,2018,minor_injury,50,FALSE,curved_view_open,,fine,,darkness_not_lit,giveway_sign,1,0,0,1,1,0,0,0,0,0,0,0,0,0,0,0,0,2,0,0
-45.72035089,168.1915224,Southland District,2018,minor_injury,100,FALSE,straight,,fine,,darkness_not_lit,,1,0,0,1,1,0,0,0,0,0,0,0,0,0,0,0,0,2,0,0
-37.53930556,175.5037399,Matamata-Piako District,2018,minor_injury,100,FALSE,curved_view_open,,fine,,daylight,,1,0,0,1,1,0,0,0,0,0,0,0,0,0,0,0,0,2,0,0
-41.15718135,174.9849781,Hutt City,2018,minor_injury,80,FALSE,curved_view_open,,rain,,daylight,,1,0,0,1,1,0,0,0,0,0,0,0,0,0,0,0,0,2,0,0
-39.6319646,176.802906,Hastings District,2018,minor_injury,100,FALSE,straight,,rain,,darkness_not_lit,,1,0,0,1,1,0,0,0,0,0,0,0,0,0,0,0,0,2,0,0
-40.33652902,175.2997088,Manawatu District,2018,minor_injury,100,FALSE,curved_view_open,,fine,,darkness_not_lit,,1,0,0,1,1,0,0,0,0,0,0,0,0,0,0,0,0,2,0,0
-36.95247877,174.8794783,Auckland,2018,minor_injury,50,FALSE,curved_view_open,,fine,,darkness_not_lit,,1,0,0,1,1,0,0,0,0,0,0,0,0,0,0,0,0,2,0,0
-38.01123292,175.369483,Waipa District,2018,minor_injury,100,FALSE,straight,,fine,,daylight,,1,0,0,1,1,0,0,0,0,0,0,0,0,0,0,0,0,2,0,0
-36.92826792,174.9295834,Auckland,2018,minor_injury,50,FALSE,curved_view_open,,fine,,darkness_not_lit,,1,0,0,1,1,0,0,0,0,0,0,0,0,0,0,0,0,2,0,0
-38.12845038,176.222028,Rotorua District,2018,minor_injury,50,FALSE,straight,,fine,,daylight,,1,0,0,1,1,0,0,0,0,0,0,0,0,0,0,0,0,2,0,0
-38.62597289,177.9866533,Gisborne District,2018,minor_injury,100,FALSE,straight,,fine,,daylight,,1,0,0,1,1,0,0,0,0,0,0,0,0,0,0,0,0,2,0,0
-36.96566647,174.8656724,Auckland,2018,minor_injury,60,FALSE,curved_view_open,,rain,,darkness_not_lit,traffic_lights,1,0,0,1,1,0,0,0,0,0,0,0,0,0,0,0,0,2,0,0
-36.86054063,174.8288678,Auckland,2018,minor_injury,50,FALSE,curved_view_open,,rain,,daylight,,1,0,0,1,1,0,0,0,0,0,0,0,0,0,0,0,0,2,0,0
-36.98689137,174.9943066,Auckland,2018,minor_injury,100,TRUE,straight,,fine,,darkness_not_lit,giveway_sign,1,0,0,1,1,0,0,0,0,0,0,0,0,0,0,0,0,2,0,0
-37.74088198,176.1496911,Tauranga City,2018,minor_injury,50,FALSE,curved_view_open,,fine,,daylight,,1,0,0,1,1,0,0,0,0,0,0,0,0,0,0,0,0,2,0,0
-41.92058049,174.0929791,Marlborough District,2018,minor_injury,100,FALSE,straight,,mist,,darkness_not_lit,,1,0,0,1,1,0,0,0,0,0,0,0,0,0,0,0,0,2,0,0
-36.97833329,174.8219438,Auckland,2018,minor_injury,50,FALSE,straight,,fine,,darkness_not_lit,,1,0,0,1,1,0,0,0,0,0,0,0,0,0,0,0,0,2,0,0
-40.23944534,175.591269,Manawatu District,2018,minor_injury,100,FALSE,straight,,fine,,darkness_not_lit,,1,0,0,1,1,0,0,0,0,0,0,0,0,0,0,0,0,2,0,0
-36.90776041,174.7234573,Auckland,2018,minor_injury,50,FALSE,straight,,fine,,daylight,,1,0,0,1,1,0,0,0,0,0,0,0,0,0,0,0,0,2,0,0
-36.89386517,174.8403908,Auckland,2018,minor_injury,50,FALSE,curved_view_open,,fine,,darkness_not_lit,,1,0,0,1,1,0,0,0,0,0,0,0,0,0,0,0,0,2,0,0
-42.56217573,171.6896679,Grey District,2018,minor_injury,100,FALSE,straight,,rain,,daylight,,1,0,0,1,1,0,0,0,0,0,0,0,0,0,0,0,0,2,0,0
-37.68004449,175.6448029,Matamata-Piako District,2018,minor_injury,100,FALSE,curved_view_open,,rain,,daylight,,1,0,0,1,1,0,0,0,0,0,0,0,0,0,0,0,0,2,0,0
-37.68281066,176.1359401,Tauranga City,2018,minor_injury,50,FALSE,straight,,rain,,darkness_not_lit,,1,0,0,1,1,0,0,0,0,0,0,0,0,0,0,0,0,2,0,0
-37.82451712,175.9955636,Western Bay Of Plenty District,2018,minor_injury,100,FALSE,curved_view_open,,fine,,darkness_not_lit,,1,0,0,1,1,0,0,0,0,0,0,0,0,0,0,0,0,2,0,0
-37.00054455,174.8880666,Auckland,2018,minor_injury,60,FALSE,straight,,fine,,darkness_not_lit,,1,0,0,1,1,0,0,0,0,0,0,0,0,0,0,0,0,2,0,0
-45.82081455,170.6207264,Dunedin City,2018,minor_injury,50,FALSE,straight,,fine,,daylight,,1,0,0,1,1,0,0,0,0,0,0,0,0,0,0,0,0,2,0,0
-38.60124733,177.9236397,Gisborne District,2018,minor_injury,100,FALSE,curved_view_open,,mist,,darkness_not_lit,giveway_sign,1,0,0,1,1,0,0,0,0,0,0,0,0,0,0,0,0,2,0,0
-39.12946941,173.9924728,New Plymouth District,2018,minor_injury,100,FALSE,straight,,rain,,darkness_not_lit,,1,0,0,1,1,0,0,0,0,0,0,0,0,0,0,0,0,2,0,0
-37.84063284,176.5122887,Western Bay Of Plenty District,2018,minor_injury,100,FALSE,curved_view_open,,fine,,darkness_not_lit,,1,0,0,1,1,0,0,0,0,0,0,0,0,0,0,0,0,2,0,0
-43.39183724,172.5819656,Waimakariri District,2018,minor_injury,100,FALSE,curved_view_open,,mist,,darkness_not_lit,,1,0,0,1,1,0,0,0,0,0,0,0,0,0,0,0,0,2,0,0
-35.35692204,174.0903251,Far North District,2018,minor_injury,100,FALSE,straight,,rain,,dawn_dusk,,1,0,0,1,1,0,0,0,0,0,0,0,0,0,0,0,0,2,0,0
-36.96343649,174.86591,Auckland,2018,minor_injury,100,FALSE,curved_view_open,,rain,,daylight,,1,0,0,1,1,0,0,0,0,0,0,0,0,0,0,0,0,2,0,0
-41.27655912,173.2556566,Nelson City,2018,minor_injury,50,FALSE,curved_view_open,,rain,,darkness_not_lit,,1,0,0,1,1,0,0,0,0,0,0,0,0,0,0,0,0,2,0,0
-40.35554156,175.6329652,Palmerston North City,2018,minor_injury,50,TRUE,curved_view_open,,rain,,darkness_not_lit,,1,0,0,1,1,0,0,0,0,0,0,0,0,0,0,0,0,2,0,0
-38.72477393,176.0762964,Taupo District,2018,minor_injury,100,FALSE,straight,,fine,,darkness_not_lit,,1,0,0,1,1,0,0,0,0,0,0,0,0,0,0,0,0,2,0,0
-40.21041276,175.5625632,Manawatu District,2018,minor_injury,100,FALSE,curved_view_open,,rain,,daylight,,1,0,0,1,1,0,0,0,0,0,0,0,0,0,0,0,0,2,0,0
-36.78648174,174.5514301,Auckland,2018,minor_injury,80,FALSE,curved_view_open,,rain,,daylight,,1,0,0,1,1,0,0,0,0,0,0,0,0,0,0,0,0,2,0,0
-40.2015165,175.4864428,Manawatu District,2018,minor_injury,100,FALSE,curved_view_open,,rain,,darkness_not_lit,,1,0,0,1,1,0,0,0,0,0,0,0,0,0,0,0,0,2,0,0
-42.88428195,171.0035608,Westland District,2018,minor_injury,100,TRUE,curved_view_open,,mist,,darkness_not_lit,,1,0,0,1,1,0,0,0,0,0,0,0,0,0,0,0,0,2,0,0
-38.11874444,176.3133791,Rotorua District,2018,minor_injury,50,TRUE,straight,,fine,,dawn_dusk,,1,0,0,1,1,0,0,0,0,0,0,0,0,0,0,0,0,2,0,0
-41.24414433,173.0071965,Tasman District,2018,minor_injury,100,FALSE,curved_view_open,,fine,,darkness_not_lit,,1,0,0,1,1,0,0,0,0,0,0,0,0,0,0,0,0,2,0,0
-37.18523567,174.8910225,Auckland,2018,minor_injury,100,FALSE,straight,,fine,,darkness_not_lit,,1,0,0,1,1,0,0,0,0,0,0,0,0,0,0,0,0,2,0,0
-39.67859197,176.8368082,Hastings District,2018,minor_injury,100,FALSE,straight,,fine,,darkness_not_lit,,1,0,0,1,1,0,0,0,0,0,0,0,0,0,0,0,0,2,0,0
-36.95572441,174.8292215,Auckland,2018,minor_injury,50,FALSE,straight,,fine,,darkness_not_lit,,1,0,0,1,1,0,0,0,0,0,0,0,0,0,0,0,0,2,0,0
-39.54165812,176.8945982,Napier City,2018,minor_injury,100,FALSE,curved_view_open,,fine,,darkness_not_lit,,1,0,0,1,1,0,0,0,0,0,0,0,0,0,0,0,0,2,0,0
-35.37074852,174.1623925,Far North District,2018,minor_injury,100,FALSE,curved_view_open,,rain,,daylight,,1,0,0,1,1,0,0,0,0,0,0,0,0,0,0,0,0,2,0,0
-38.26897536,176.0503149,South Waikato District,2018,minor_injury,100,FALSE,curved_view_open,,rain,,darkness_not_lit,,1,0,0,1,1,0,0,0,0,0,0,0,0,0,0,0,0,2,0,0
-43.53102552,172.6574877,Christchurch City,2018,minor_injury,10,FALSE,straight,,,,darkness_not_lit,,1,0,0,1,1,0,0,0,0,0,0,0,0,0,0,0,0,2,0,0
-45.8922112,170.5036156,Dunedin City,2018,minor_injury,50,FALSE,straight,,rain,,darkness_not_lit,,1,0,0,1,1,0,0,0,0,0,0,0,0,0,0,0,0,2,0,0
-39.58999432,174.2637804,South Taranaki District,2018,minor_injury,70,FALSE,straight,,fine,,daylight,,1,0,0,1,1,0,0,0,0,0,0,0,0,0,0,0,0,2,0,0
-37.40284019,175.1197875,Waikato District,2018,minor_injury,100,FALSE,curved_view_open,,rain,,daylight,,1,0,0,1,1,0,0,0,0,0,0,0,0,0,0,0,0,2,0,0
-37.7278639,176.1711345,Tauranga City,2018,minor_injury,50,FALSE,curved_view_open,,fine,,darkness_not_lit,,1,0,0,1,1,0,0,0,0,0,0,0,0,0,0,0,0,2,0,0
-36.75613821,174.7275748,Auckland,2018,minor_injury,50,FALSE,straight,,fine,,daylight,,1,0,0,1,1,0,0,0,0,0,0,0,0,0,0,0,0,2,0,0
-41.11454355,172.9715088,Tasman District,2018,minor_injury,80,FALSE,straight,,rain,,daylight,,1,0,0,1,1,0,0,0,0,0,0,0,0,0,0,0,0,2,0,0
-38.45842169,176.7063494,Whakatane District,2018,minor_injury,50,FALSE,straight,,mist,,darkness_not_lit,,1,0,0,1,1,0,0,0,0,0,0,0,0,0,0,0,0,2,0,0
-37.63790048,176.186496,Tauranga City,2018,minor_injury,50,FALSE,straight,,fine,,daylight,,1,0,0,1,1,0,0,0,0,0,0,0,0,0,0,0,0,2,0,0
-41.33935235,174.7899626,Wellington City,2018,minor_injury,50,FALSE,curved_view_open,,fine,,daylight,,1,0,0,1,1,0,0,0,0,0,0,0,0,0,0,0,0,2,0,0
-35.74439501,174.1534125,Whangarei District,2018,minor_injury,100,FALSE,straight,,rain,,darkness_not_lit,,1,0,0,1,1,0,0,0,0,0,0,0,0,0,0,0,0,2,0,0
-37.1130191,174.8930622,Auckland,2018,minor_injury,100,FALSE,curved_view_open,,fine,,darkness_not_lit,,1,0,0,1,1,0,0,0,0,0,0,0,0,0,0,0,0,2,0,0
-44.42519102,171.2139235,Timaru District,2018,minor_injury,80,FALSE,straight,,fine,,daylight,,1,0,0,1,1,0,0,0,0,0,0,0,0,0,0,0,0,2,0,0
-39.77790449,174.6880615,South Taranaki District,2018,minor_injury,100,FALSE,straight,,fine,,daylight,,1,0,0,1,1,0,0,0,0,0,0,0,0,0,0,0,0,2,0,0
-36.85986354,174.7578713,Auckland,2018,minor_injury,80,FALSE,curved_view_open,,mist,,daylight,,1,0,0,1,1,0,0,0,0,0,0,0,0,0,0,0,0,2,0,0
-46.0233142,169.7752422,Clutha District,2018,minor_injury,100,FALSE,straight,,fine,,daylight,,1,0,0,1,1,0,0,0,0,0,0,0,0,0,0,0,0,2,0,0
-37.05380558,174.948063,Auckland,2018,minor_injury,50,FALSE,curved_view_open,,fine,,darkness_not_lit,,1,0,0,1,1,0,0,0,0,0,0,0,0,0,0,0,0,2,0,0
-46.1083936,167.9843803,Southland District,2018,minor_injury,100,FALSE,curved_view_open,,fine,,darkness_not_lit,,1,0,0,1,1,0,0,0,0,0,0,0,0,0,0,0,0,2,0,0
-43.54472492,172.6618417,Christchurch City,2018,minor_injury,50,FALSE,straight,,fine,,daylight,,1,0,0,1,1,0,0,0,0,0,0,0,0,0,0,0,0,2,0,0
-37.55232722,175.72185,Matamata-Piako District,2018,minor_injury,100,FALSE,straight,,rain,,daylight,,1,0,0,1,1,0,0,0,0,0,0,0,0,0,0,0,0,2,0,0
-37.76909654,175.2366315,Hamilton City,2018,minor_injury,80,FALSE,straight,,rain,,darkness_not_lit,,1,0,0,1,1,0,0,0,0,0,0,0,0,0,0,0,0,2,0,0
-39.51176682,176.862206,Napier City,2018,minor_injury,50,FALSE,straight,,fine,,daylight,,1,0,0,1,1,0,0,0,0,0,0,0,0,0,0,0,0,2,0,0
-36.78546508,175.0190139,Auckland,2018,minor_injury,50,FALSE,curved_view_open,,fine,,daylight,,1,0,0,1,1,0,0,0,0,0,0,0,0,0,0,0,0,2,0,0
-37.67700728,176.0049329,Western Bay Of Plenty District,2018,minor_injury,100,FALSE,curved_view_open,,rain,,darkness_not_lit,,1,0,0,1,1,0,0,0,0,0,0,0,0,0,0,0,0,2,0,0
-36.48311607,174.604487,Auckland,2018,minor_injury,100,FALSE,curved_view_open,,fine,,dawn_dusk,,1,0,0,1,1,0,0,0,0,0,0,0,0,0,0,0,0,2,0,0
-38.09461859,176.6938948,Kawerau District,2018,minor_injury,50,TRUE,straight,,fine,,darkness_not_lit,,1,0,0,1,1,0,0,0,0,0,0,0,0,0,0,0,0,2,0,0
-41.29036027,174.0125527,Marlborough District,2018,minor_injury,50,FALSE,curved_view_open,,fine,,daylight,,1,0,0,1,1,0,0,0,0,0,0,0,0,0,0,0,0,2,0,0
-36.15112769,174.4389898,Kaipara District,2018,minor_injury,100,FALSE,curved_view_open,,fine,,darkness_not_lit,,1,0,0,1,1,0,0,0,0,0,0,0,0,0,0,0,0,2,0,0
-36.359788,174.4673861,Auckland,2018,minor_injury,100,FALSE,curved_view_open,,fine,,darkness_not_lit,,1,0,0,1,1,0,0,0,0,0,0,0,0,0,0,0,0,2,0,0
-37.50533323,175.5433367,Matamata-Piako District,2018,minor_injury,100,FALSE,straight,,fine,,daylight,,1,0,0,1,1,0,0,0,0,0,0,0,0,0,0,0,0,2,0,0
-39.80912738,175.0617343,Wanganui District,2018,minor_injury,100,FALSE,curved_view_open,,fine,,darkness_not_lit,,1,0,0,1,1,0,0,0,0,0,0,0,0,0,0,0,0,2,0,0
-45.8671166,170.4933246,Dunedin City,2018,minor_injury,50,TRUE,straight,,fine,,daylight,,1,0,0,1,1,0,0,0,0,0,0,0,0,0,0,0,0,2,0,0
-37.87670808,175.4736073,Waipa District,2018,minor_injury,50,FALSE,curved_view_open,,fine,,daylight,,1,0,0,1,1,0,0,0,0,0,0,0,0,0,0,0,0,2,0,0
-41.13243766,174.8289053,Porirua City,2018,minor_injury,50,FALSE,straight,,fine,,daylight,,1,0,0,1,1,0,0,0,0,0,0,0,0,0,0,0,0,2,0,0
-37.67040816,175.3389175,Waikato District,2018,serious_injury,100,TRUE,straight,,fine,,daylight,giveway_sign,2,0,2,0,1,0,0,0,0,0,0,0,0,0,0,0,0,2,0,0
-38.61328961,176.0087152,Taupo District,2018,serious_injury,100,TRUE,straight,,rain,,daylight,,2,0,2,0,1,0,0,0,0,0,0,0,0,0,0,0,0,2,0,0
-37.97408773,175.7456255,South Waikato District,2018,serious_injury,100,FALSE,curved_view_open,,rain,,dawn_dusk,,2,0,2,0,1,0,0,0,0,0,0,0,0,0,0,0,0,2,0,0
-46.22988297,169.6826402,Clutha District,2018,serious_injury,100,TRUE,curved_view_open,,rain,,daylight,giveway_sign,2,0,2,0,1,0,0,0,0,0,0,0,0,0,0,0,0,2,0,0
-39.59943217,176.8414647,Hastings District,2018,serious_injury,100,FALSE,curved_view_open,,fine,,darkness_not_lit,,2,0,2,0,1,0,0,0,0,0,0,0,0,0,0,0,0,2,0,0
-37.85970613,175.2118735,Waipa District,2018,serious_injury,100,FALSE,curved_view_open,,rain,,darkness_not_lit,,2,0,2,0,1,0,0,0,0,0,0,0,0,0,0,0,0,2,0,0
-37.27460174,174.7286517,Waikato District,2018,serious_injury,100,FALSE,straight,,fine,,daylight,,2,0,2,0,1,0,0,0,0,0,0,0,0,0,0,0,0,2,0,0
-37.79013384,175.3266321,Hamilton City,2018,serious_injury,50,FALSE,straight,,fine,,darkness_not_lit,,2,0,2,0,1,0,0,0,0,0,0,0,0,0,0,0,0,2,0,0
-43.56294365,172.5526888,Christchurch City,2018,serious_injury,60,TRUE,straight,,fine,,darkness_not_lit,giveway_sign,1,0,1,0,1,0,0,0,0,0,0,0,0,0,0,0,0,2,0,0
-40.6333393,175.2765239,Horowhenua District,2018,serious_injury,50,TRUE,curved_view_open,,fine,,darkness_not_lit,,1,0,1,0,1,0,0,0,0,0,0,0,0,0,0,0,0,2,0,0
-37.69576142,176.1314062,Tauranga City,2018,serious_injury,50,FALSE,curved_view_open,,fine,,darkness_not_lit,,1,0,1,0,1,0,0,0,0,0,0,0,0,0,0,0,0,2,0,0
-37.69576142,176.1314062,Tauranga City,2018,serious_injury,50,FALSE,curved_view_open,,fine,,darkness_not_lit,,1,0,1,0,1,0,0,0,0,0,0,0,0,0,0,0,0,2,0,0
-40.20851495,175.5506135,Manawatu District,2018,serious_injury,70,FALSE,curved_view_open,,fine,,daylight,,1,0,1,0,1,0,0,0,0,0,0,0,0,0,0,0,0,2,0,0
-38.47892182,175.2723538,Waitomo District,2018,serious_injury,100,TRUE,curved_view_open,,rain,,daylight,giveway_sign,1,0,1,0,1,0,0,0,0,0,0,0,0,0,0,0,0,2,0,0
-36.63529222,174.6084427,Auckland,2018,serious_injury,100,FALSE,curved_view_open,,fine,,dawn_dusk,,1,0,1,0,1,0,0,0,0,0,0,0,0,0,0,0,0,2,0,0
-37.923007,175.6808209,Matamata-Piako District,2018,serious_injury,100,FALSE,curved_view_open,,fine,,darkness_not_lit,,1,0,1,0,1,0,0,0,0,0,0,0,0,0,0,0,0,2,0,0
-40.62278263,175.2888028,Horowhenua District,2018,serious_injury,50,FALSE,straight,,fine,,daylight,,1,0,1,0,1,0,0,0,0,0,0,0,0,0,0,0,0,2,0,0
-38.58222352,175.9451047,Taupo District,2018,serious_injury,100,FALSE,curved_view_open,,rain,,darkness_not_lit,,1,0,1,0,1,0,0,0,0,0,0,0,0,0,0,0,0,2,0,0
-45.99892152,169.1533912,Clutha District,2018,serious_injury,100,FALSE,curved_view_open,,rain,,dawn_dusk,,1,0,1,0,1,0,0,0,0,0,0,0,0,0,0,0,0,2,0,0
-37.22058197,175.6273347,Thames-Coromandel District,2018,serious_injury,100,FALSE,straight,,fine,,darkness_not_lit,,1,0,1,0,1,0,0,0,0,0,0,0,0,0,0,0,0,2,0,0
-38.59545532,176.1391249,Taupo District,2018,serious_injury,100,FALSE,straight,,fine,,darkness_not_lit,,1,0,1,0,1,0,0,0,0,0,0,0,0,0,0,0,0,2,0,0
-43.77663264,172.2564963,Selwyn District,2018,serious_injury,100,FALSE,straight,,fine,,darkness_not_lit,,1,0,1,0,1,0,0,0,0,0,0,0,0,0,0,0,0,2,0,0
-39.61431278,176.76698,Hastings District,2018,serious_injury,50,FALSE,straight,,fine,,darkness_not_lit,,1,0,1,0,1,0,0,0,0,0,0,0,0,0,0,0,0,2,0,0
-39.02765995,177.7596758,Wairoa District,2018,serious_injury,100,FALSE,curved_view_open,,fine,,daylight,,1,0,1,0,1,0,0,0,0,0,0,0,0,0,0,0,0,2,0,0
-36.94437677,174.8622671,Auckland,2018,serious_injury,70,FALSE,straight,,fine,,daylight,,1,0,1,0,1,0,0,0,0,0,0,0,0,0,0,0,0,2,0,0
-45.85074278,170.4312951,Dunedin City,2018,serious_injury,80,FALSE,curved_view_open,,fine,,daylight,,1,0,1,0,1,0,0,0,0,0,0,0,0,0,0,0,0,2,0,0
-41.20131905,175.442011,South Wairarapa District,2018,serious_injury,100,FALSE,curved_view_open,,fine,,darkness_not_lit,,1,0,1,0,1,0,0,0,0,0,0,0,0,0,0,0,0,2,0,0
-37.86444244,175.3247393,Waipa District,2018,serious_injury,100,FALSE,curved_view_open,,fine,,daylight,,1,0,1,0,1,0,0,0,0,0,0,0,0,0,0,0,0,2,0,0
-39.60936761,176.9500471,Hastings District,2018,serious_injury,50,TRUE,straight,,fine,,daylight,giveway_sign,1,0,1,0,1,0,0,0,0,0,0,0,0,0,0,0,0,2,0,0
-36.88693519,174.8251213,Auckland,2018,serious_injury,50,FALSE,curved_view_open,,fine,,darkness_not_lit,,1,0,1,0,1,0,0,0,0,0,0,0,0,0,0,0,0,2,0,0
-36.85274097,174.8586952,Auckland,2018,serious_injury,50,FALSE,straight,,fine,,darkness_not_lit,,1,0,1,0,1,0,0,0,0,0,0,0,0,0,0,0,0,2,0,0
-45.97166347,168.3325185,Southland District,2018,serious_injury,100,FALSE,curved_view_open,,fine,,daylight,,1,0,1,0,1,0,0,0,0,0,0,0,0,0,0,0,0,2,0,0
-43.80079615,171.6520631,Ashburton District,2018,serious_injury,100,FALSE,straight,,fine,,darkness_not_lit,,1,0,1,0,1,0,0,0,0,0,0,0,0,0,0,0,0,2,0,0