latitude,longitude,local_government_area,year,severity,speed_limit,intersection,road_position_horizontal,road_wet,weather,crash_type,lighting,traffic_controls,casualties,fatalities,serious_injuries,minor_injuries,car_sedan,car_utility,car_van,car_4x4,car_station_wagon,motor_cycle,truck_small,truck_large,bus,taxi,bicycle,scooter,pedestrian,inanimate,train,tram
-37.80475525,175.1435968,Waikato District,2018,serious_injury,100,FALSE,curved_view_open,,mist,,darkness_not_lit,,1,0,1,0,1,0,0,0,0,0,0,0,0,0,0,0,0,2,0,0
-35.66073833,174.2254197,Whangarei District,2018,serious_injury,80,FALSE,straight,,rain,,daylight,,1,0,1,0,1,0,0,0,0,0,0,0,0,0,0,0,0,2,0,0
-36.94436836,174.8547434,Auckland,2018,serious_injury,100,FALSE,curved_view_open,,fine,,darkness_not_lit,,1,0,1,0,1,0,0,0,0,0,0,0,0,0,0,0,0,2,0,0
-44.94143859,171.0946084,Waitaki District,2018,serious_injury,100,FALSE,straight,,fine,,daylight,,1,0,1,0,1,0,0,0,0,0,0,0,0,0,0,0,0,2,0,0
-36.08677326,174.5687599,Kaipara District,2018,serious_injury,100,FALSE,curved_view_open,,fine,,darkness_not_lit,,1,0,1,0,1,0,0,0,0,0,0,0,0,0,0,0,0,2,0,0
-44.77745142,170.9919225,Waimate District,2018,serious_injury,100,FALSE,curved_view_open,,fine,,daylight,,1,0,1,0,1,0,0,0,0,0,0,0,0,0,0,0,0,2,0,0
-40.30187082,175.5421228,Manawatu District,2018,serious_injury,100,FALSE,curved_view_open,,rain,,darkness_not_lit,,1,0,1,0,1,0,0,0,0,0,0,0,0,0,0,0,0,2,0,0
-38.05354218,175.2435774,Waipa District,2018,serious_injury,100,FALSE,curved_view_open,,rain,,daylight,,1,0,1,0,1,0,0,0,0,0,0,0,0,0,0,0,0,2,0,0
-37.7184802,175.2256015,Waikato District,2018,serious_injury,100,FALSE,curved_view_open,,fine,,daylight,,1,0,1,0,1,0,0,0,0,0,0,0,0,0,0,0,0,2,0,0
-35.71855089,174.0307762,Whangarei District,2018,serious_injury,100,FALSE,straight,,fine,,darkness_not_lit,,1,0,1,0,1,0,0,0,0,0,0,0,0,0,0,0,0,2,0,0
-40.79236361,175.1291777,Kapiti Coast District,2018,serious_injury,100,FALSE,straight,,fine,,dawn_dusk,,1,0,1,0,1,0,0,0,0,0,0,0,0,0,0,0,0,2,0,0
-35.94040679,173.8594574,Kaipara District,2018,serious_injury,50,FALSE,curved_view_open,,fine,,daylight,,1,0,1,0,1,0,0,0,0,0,0,0,0,0,0,0,0,2,0,0
-37.18609178,174.7337625,Auckland,2018,serious_injury,100,FALSE,curved_view_open,,fine,,darkness_not_lit,,1,0,1,0,1,0,0,0,0,0,0,0,0,0,0,0,0,2,0,0
-41.10727765,174.8655529,Porirua City,2018,serious_injury,100,FALSE,straight,,fine,,darkness_not_lit,,1,0,1,0,1,0,0,0,0,0,0,0,0,0,0,0,0,2,0,0
-38.81151371,174.5905843,New Plymouth District,2018,serious_injury,100,FALSE,curved_view_open,,rain,,darkness_not_lit,,1,0,1,0,1,0,0,0,0,0,0,0,0,0,0,0,0,2,0,0
-46.42492549,168.3480053,Invercargill City,2018,serious_injury,70,FALSE,curved_view_open,,fine,,darkness_not_lit,,1,0,1,0,1,0,0,0,0,0,0,0,0,0,0,0,0,2,0,0
-40.05433012,176.2374718,Tararua District,2018,serious_injury,100,FALSE,straight,,fine,,daylight,,1,0,1,0,1,0,0,0,0,0,0,0,0,0,0,0,0,2,0,0
-37.26012922,174.9815215,Waikato District,2018,minor_injury,100,TRUE,curved_view_open,,rain,,daylight,,2,0,0,2,1,0,0,0,0,0,0,0,0,0,0,0,0,2,0,0
-37.23157893,174.7021829,Auckland,2018,minor_injury,100,TRUE,curved_view_open,,rain,,daylight,stop_sign,2,0,0,2,1,0,0,0,0,0,0,0,0,0,0,0,0,2,0,0
-37.0081528,174.8686324,Auckland,2018,minor_injury,60,TRUE,curved_view_open,,mist,,darkness_not_lit,,2,0,0,2,1,0,0,0,0,0,0,0,0,0,0,0,0,2,0,0
-37.04832367,174.9738072,Auckland,2018,minor_injury,100,TRUE,curved_view_open,,rain,,darkness_not_lit,giveway_sign,2,0,0,2,1,0,0,0,0,0,0,0,0,0,0,0,0,2,0,0
-43.52425811,172.6134856,Christchurch City,2018,minor_injury,50,TRUE,curved_view_open,,rain,,darkness_not_lit,giveway_sign,2,0,0,2,1,0,0,0,0,0,0,0,0,0,0,0,0,2,0,0
-36.87848921,174.5913253,Auckland,2018,minor_injury,70,FALSE,curved_view_open,,fine,,daylight,,2,0,0,2,1,0,0,0,0,0,0,0,0,0,0,0,0,2,0,0
-37.78264571,175.2893715,Hamilton City,2018,minor_injury,50,TRUE,straight,,fine,,darkness_not_lit,giveway_sign,2,0,0,2,1,0,0,0,0,0,0,0,0,0,0,0,0,2,0,0
-44.99958692,168.4384472,Queenstown-Lakes District,2018,minor_injury,100,FALSE,curved_view_open,,rain,,daylight,,2,0,0,2,1,0,0,0,0,0,0,0,0,0,0,0,0,2,0,0
-37.13014134,174.8999612,Auckland,2018,minor_injury,100,FALSE,curved_view_open,,rain,,darkness_not_lit,,2,0,0,2,1,0,0,0,0,0,0,0,0,0,0,0,0,2,0,0
-36.93071351,174.660483,Auckland,2018,minor_injury,50,FALSE,curved_view_open,,rain,,darkness_not_lit,,2,0,0,2,1,0,0,0,0,0,0,0,0,0,0,0,0,2,0,0
-41.098588,174.9191278,Porirua City,2018,minor_injury,60,FALSE,curved_view_open,,fine,,daylight,,2,0,0,2,1,0,0,0,0,0,0,0,0,0,0,0,0,2,0,0
-43.174145,170.4578592,Westland District,2018,minor_injury,100,FALSE,curved_view_open,,rain,,daylight,,2,0,0,2,1,0,0,0,0,0,0,0,0,0,0,0,0,2,0,0
-45.89161851,170.3506665,Dunedin City,2018,minor_injury,100,FALSE,curved_view_open,,fine,,daylight,,2,0,0,2,1,0,0,0,0,0,0,0,0,0,0,0,0,2,0,0
-41.20526955,174.9470855,Hutt City,2018,minor_injury,50,FALSE,curved_view_open,,fine,,daylight,giveway_sign,2,0,0,2,1,0,0,0,0,0,0,0,0,0,0,0,0,2,0,0
-41.2483467,175.3060803,South Wairarapa District,2018,minor_injury,100,FALSE,straight,,fine,,daylight,,2,0,0,2,1,0,0,0,0,0,0,0,0,0,0,0,0,2,0,0
-39.72876618,176.929861,Hastings District,2018,minor_injury,100,FALSE,curved_view_open,,rain,,daylight,,2,0,0,2,1,0,0,0,0,0,0,0,0,0,0,0,0,2,0,0
-37.95066338,175.2744244,Waipa District,2018,minor_injury,100,FALSE,straight,,fine,,darkness_not_lit,,2,0,0,2,1,0,0,0,0,0,0,0,0,0,0,0,0,2,0,0
-45.04295376,169.1237795,Central Otago District,2018,minor_injury,100,FALSE,straight,,fine,,daylight,,2,0,0,2,1,0,0,0,0,0,0,0,0,0,0,0,0,2,0,0
-36.90311899,174.6620732,Auckland,2018,minor_injury,50,FALSE,curved_view_open,,fine,,darkness_not_lit,giveway_sign,2,0,0,2,1,0,0,0,0,0,0,0,0,0,0,0,0,2,0,0
-37.64491546,175.5534404,Matamata-Piako District,2018,minor_injury,100,FALSE,curved_view_open,,fine,,daylight,,2,0,0,2,1,0,0,0,0,0,0,0,0,0,0,0,0,2,0,0
-38.89700367,175.3373344,Ruapehu District,2018,minor_injury,100,FALSE,curved_view_open,,fine,,darkness_not_lit,,2,0,0,2,1,0,0,0,0,0,0,0,0,0,0,0,0,2,0,0
-40.24207293,175.537356,Manawatu District,2018,minor_injury,80,FALSE,curved_view_open,,fine,,dawn_dusk,,2,0,0,2,1,0,0,0,0,0,0,0,0,0,0,0,0,2,0,0
-43.27958914,172.6468356,Waimakariri District,2018,minor_injury,100,FALSE,curved_view_open,,fine,,daylight,,2,0,0,2,1,0,0,0,0,0,0,0,0,0,0,0,0,2,0,0
-40.4935215,175.4409862,Horowhenua District,2018,minor_injury,100,FALSE,straight,,fine,,darkness_not_lit,,2,0,0,2,1,0,0,0,0,0,0,0,0,0,0,0,0,2,0,0
-36.64889575,174.5197926,Auckland,2018,minor_injury,100,FALSE,curved_view_open,,fine,,daylight,,2,0,0,2,1,0,0,0,0,0,0,0,0,0,0,0,0,2,0,0
-39.48717412,176.9048844,Napier City,2018,minor_injury,50,FALSE,curved_view_open,,rain,,darkness_not_lit,,2,0,0,2,1,0,0,0,0,0,0,0,0,0,0,0,0,2,0,0
-35.00455132,173.4636868,Far North District,2018,minor_injury,100,FALSE,straight,,fine,,darkness_not_lit,,2,0,0,2,1,0,0,0,0,0,0,0,0,0,0,0,0,2,0,0
-45.16176144,170.897819,Waitaki District,2018,minor_injury,100,FALSE,straight,,fine,,darkness_not_lit,,2,0,0,2,1,0,0,0,0,0,0,0,0,0,0,0,0,2,0,0
-40.3779979,175.6246409,Palmerston North City,2018,minor_injury,60,FALSE,curved_view_open,,fine,,darkness_not_lit,,2,0,0,2,1,0,0,0,0,0,0,0,0,0,0,0,0,2,0,0
-41.22731231,174.8146535,Wellington City,2018,minor_injury,50,FALSE,curved_view_open,,fine,,darkness_not_lit,,2,0,0,2,1,0,0,0,0,0,0,0,0,0,0,0,0,2,0,0
-40.20107182,175.4937102,Manawatu District,2018,minor_injury,100,FALSE,curved_view_open,,fine,,daylight,,2,0,0,2,1,0,0,0,0,0,0,0,0,0,0,0,0,2,0,0
-45.84203508,168.3838475,Southland District,2018,minor_injury,100,FALSE,curved_view_open,,fine,,darkness_not_lit,,2,0,0,2,1,0,0,0,0,0,0,0,0,0,0,0,0,2,0,0
-42.3997847,173.6794747,Kaikoura District,2018,minor_injury,50,FALSE,curved_view_open,,fine,,darkness_not_lit,,2,0,0,2,1,0,0,0,0,0,0,0,0,0,0,0,0,2,0,0
-42.34770744,171.5408313,Grey District,2018,minor_injury,50,TRUE,straight,,mist,,darkness_not_lit,giveway_sign,2,0,0,2,1,0,0,0,0,0,0,0,0,0,0,0,0,2,0,0
-40.60801595,175.3020916,Horowhenua District,2018,minor_injury,70,FALSE,curved_view_open,,fine,,darkness_not_lit,,2,0,0,2,1,0,0,0,0,0,0,0,0,0,0,0,0,2,0,0
-38.50174889,175.3831936,Waitomo District,2018,minor_injury,100,FALSE,straight,,fine,,daylight,,2,0,0,2,1,0,0,0,0,0,0,0,0,0,0,0,0,2,0,0
-39.69164407,175.9187753,Rangitikei District,2018,minor_injury,100,FALSE,curved_view_open,,fine,,darkness_not_lit,,2,0,0,2,1,0,0,0,0,0,0,0,0,0,0,0,0,2,0,0
-36.95976297,175.0896242,Auckland,2018,minor_injury,100,FALSE,straight,,fine,,daylight,,2,0,0,2,1,0,0,0,0,0,0,0,0,0,0,0,0,2,0,0
-45.02081758,168.7054839,Queenstown-Lakes District,2018,minor_injury,70,TRUE,straight,,fine,,darkness_not_lit,,2,0,0,2,1,0,0,0,0,0,0,0,0,0,0,0,0,2,0,0
-45.8312692,170.5913232,Dunedin City,2018,minor_injury,80,FALSE,curved_view_open,,fine,,darkness_not_lit,,2,0,0,2,1,0,0,0,0,0,0,0,0,0,0,0,0,2,0,0
-38.99667492,174.3189886,New Plymouth District,2018,minor_injury,100,FALSE,straight,,fine,,daylight,,2,0,0,2,1,0,0,0,0,0,0,0,0,0,0,0,0,2,0,0
-36.97256975,174.8245585,Auckland,2018,minor_injury,50,FALSE,curved_view_open,,fine,,daylight,,2,0,0,2,1,0,0,0,0,0,0,0,0,0,0,0,0,2,0,0
-39.56791046,174.259654,South Taranaki District,2018,minor_injury,100,FALSE,straight,,rain,,daylight,,2,0,0,2,1,0,0,0,0,0,0,0,0,0,0,0,0,2,0,0
-35.61378545,174.4958866,Whangarei District,2018,minor_injury,100,FALSE,straight,,fine,,darkness_not_lit,,2,0,0,2,1,0,0,0,0,0,0,0,0,0,0,0,0,2,0,0
-38.30333462,175.153769,Waitomo District,2018,minor_injury,100,FALSE,straight,,fine,,daylight,,2,0,0,2,1,0,0,0,0,0,0,0,0,0,0,0,0,2,0,0
-36.85738926,175.5647113,Thames-Coromandel District,2018,minor_injury,100,FALSE,curved_view_open,,rain,,darkness_not_lit,,2,0,0,2,1,0,0,0,0,0,0,0,0,0,0,0,0,2,0,0
-35.42672094,173.7843895,Far North District,2018,minor_injury,100,TRUE,straight,,fine,,darkness_not_lit,giveway_sign,4,0,0,4,1,0,0,0,0,0,0,0,0,0,0,0,0,2,0,0
-37.23694951,175.5152269,Hauraki District,2018,minor_injury,100,FALSE,straight,,rain,,daylight,,4,0,0,4,1,0,0,0,0,0,0,0,0,0,0,0,0,2,0,0
-38.14677283,176.2247397,Rotorua District,2018,minor_injury,50,TRUE,straight,,fine,,darkness_not_lit,giveway_sign,4,0,0,4,1,0,0,0,0,0,0,0,0,0,0,0,0,2,0,0
-39.61823245,176.8126926,Hastings District,2018,minor_injury,50,TRUE,curved_view_open,,fine,,dawn_dusk,giveway_sign,3,0,0,3,1,0,0,0,0,0,0,0,0,0,0,0,0,2,0,0
-46.42803402,168.3668888,Invercargill City,2018,minor_injury,50,TRUE,straight,,rain,,darkness_not_lit,giveway_sign,3,0,0,3,1,0,0,0,0,0,0,0,0,0,0,0,0,2,0,0
-43.8765218,171.6686042,Ashburton District,2018,minor_injury,100,FALSE,straight,,fine,,daylight,,3,0,0,3,1,0,0,0,0,0,0,0,0,0,0,0,0,2,0,0
-36.86360427,174.7880646,Auckland,2018,minor_injury,50,FALSE,curved_view_open,,rain,,daylight,,3,0,0,3,1,0,0,0,0,0,0,0,0,0,0,0,0,2,0,0
-38.01740876,176.3565558,Rotorua District,2018,minor_injury,100,FALSE,curved_view_open,,fine,,daylight,,3,0,0,3,1,0,0,0,0,0,0,0,0,0,0,0,0,2,0,0
-37.01220972,174.9623529,Auckland,2018,minor_injury,100,FALSE,curved_view_open,,rain,,darkness_not_lit,,3,0,0,3,1,0,0,0,0,0,0,0,0,0,0,0,0,2,0,0
-43.72654861,172.5940227,Christchurch City,2018,minor_injury,100,FALSE,curved_view_open,,fine,,daylight,,3,0,0,3,1,0,0,0,0,0,0,0,0,0,0,0,0,2,0,0
-42.73467048,171.4399762,Westland District,2018,fatality,100,FALSE,curved_view_open,,fine,,daylight,,2,1,1,0,1,0,0,0,0,0,0,0,0,0,0,0,0,2,0,0
-37.72667875,176.1759957,Tauranga City,2018,serious_injury,60,TRUE,straight,,fine,,darkness_not_lit,giveway_sign,2,0,1,1,1,0,0,0,0,0,0,0,0,0,0,0,0,2,0,0
-37.72667875,176.1759957,Tauranga City,2018,serious_injury,60,TRUE,straight,,fine,,darkness_not_lit,giveway_sign,2,0,1,1,1,0,0,0,0,0,0,0,0,0,0,0,0,2,0,0
-43.57368621,172.6173432,Christchurch City,2018,serious_injury,50,TRUE,curved_view_open,,fine,,darkness_not_lit,giveway_sign,2,0,1,1,1,0,0,0,0,0,0,0,0,0,0,0,0,2,0,0
-35.19119232,173.866893,Far North District,2018,serious_injury,100,FALSE,curved_view_open,,fine,,daylight,,2,0,1,1,1,0,0,0,0,0,0,0,0,0,0,0,0,2,0,0
-35.40640541,173.5039837,Far North District,2018,serious_injury,50,FALSE,straight,,fine,,daylight,,2,0,1,1,1,0,0,0,0,0,0,0,0,0,0,0,0,2,0,0
-36.54402769,174.7049235,Auckland,2018,serious_injury,50,FALSE,straight,,fine,,daylight,,2,0,1,1,1,0,0,0,0,0,0,0,0,0,0,0,0,2,0,0
-37.86477667,175.5237202,Waipa District,2018,serious_injury,100,FALSE,curved_view_open,,rain,,darkness_not_lit,,2,0,1,1,1,0,0,0,0,0,0,0,0,0,0,0,0,2,0,0
-46.22205555,169.264534,Clutha District,2018,serious_injury,100,FALSE,straight,,rain,,daylight,,2,0,1,1,1,0,0,0,0,0,0,0,0,0,0,0,0,2,0,0
-37.97710826,176.8291056,Whakatane District,2018,serious_injury,50,FALSE,straight,,fine,,darkness_not_lit,,2,0,1,1,1,0,0,0,0,0,0,0,0,0,0,0,0,2,0,0
-40.21761232,175.5428704,Manawatu District,2018,serious_injury,100,FALSE,curved_view_open,,fine,,darkness_not_lit,,2,0,1,1,1,0,0,0,0,0,0,0,0,0,0,0,0,2,0,0
-37.80486897,175.259926,Hamilton City,2018,serious_injury,60,FALSE,curved_view_open,,fine,,darkness_not_lit,,2,0,1,1,1,0,0,0,0,0,0,0,0,0,0,0,0,2,0,0
-41.73488219,171.5942166,Buller District,2018,serious_injury,50,FALSE,curved_view_open,,fine,,dawn_dusk,,2,0,1,1,1,0,0,0,0,0,0,0,0,0,0,0,0,2,0,0
-35.70339299,173.9268318,Whangarei District,2018,fatality,100,FALSE,curved_view_open,,fine,,daylight,,1,1,0,0,1,0,0,0,0,0,0,0,0,0,0,0,0,2,0,0
-37.99361796,175.7970085,South Waikato District,2018,fatality,100,FALSE,curved_view_open,,fine,,daylight,,1,1,0,0,1,0,0,0,0,0,0,0,0,0,0,0,0,2,0,0
-40.36184271,175.5905007,Palmerston North City,2018,fatality,50,FALSE,straight,,fine,,darkness_not_lit,,1,1,0,0,1,0,0,0,0,0,0,0,0,0,0,0,0,2,0,0
-44.16816491,171.2854912,Timaru District,2018,fatality,100,FALSE,curved_view_open,,fine,,darkness_not_lit,,1,1,0,0,1,0,0,0,0,0,0,0,0,0,0,0,0,2,0,0
-42.44328817,171.2262491,Grey District,2018,fatality,100,FALSE,curved_view_open,,rain,,daylight,,1,1,0,0,1,0,0,0,0,0,0,0,0,0,0,0,0,2,0,0
-37.76153339,175.7585594,Matamata-Piako District,2018,serious_injury,50,FALSE,curved_view_open,,rain,,darkness_not_lit,,3,0,2,1,1,0,0,0,0,0,0,0,0,0,0,0,0,2,0,0
-37.78264571,175.2893715,Hamilton City,2018,serious_injury,50,TRUE,curved_view_open,,fine,,darkness_not_lit,giveway_sign,3,0,1,2,1,0,0,0,0,0,0,0,0,0,0,0,0,2,0,0
-35.7411151,174.2584546,Whangarei District,2018,serious_injury,100,FALSE,straight,,fine,,darkness_not_lit,,3,0,1,2,1,0,0,0,0,0,0,0,0,0,0,0,0,2,0,0
-37.28644204,175.3124921,Waikato District,2018,fatality,90,TRUE,straight,,fine,,daylight,stop_sign,3,1,2,0,1,0,0,0,0,0,0,0,0,0,0,0,0,2,0,0
-40.20845494,175.4682504,Manawatu District,2018,fatality,100,FALSE,curved_view_open,,fine,,darkness_not_lit,,2,1,0,1,1,0,0,0,0,0,0,0,0,0,0,0,0,2,0,0
-38.98441746,175.7705028,Taupo District,2018,fatality,100,FALSE,curved_view_open,,fine,,darkness_not_lit,,3,1,1,1,1,0,0,0,0,0,0,0,0,0,0,0,0,2,0,0
-35.82411618,174.3070989,Whangarei District,2018,serious_injury,100,FALSE,curved_view_open,,rain,,daylight,,4,0,1,3,1,0,0,0,0,0,0,0,0,0,0,0,0,2,0,0
-37.70653764,175.9845782,Western Bay Of Plenty District,2018,serious_injury,80,FALSE,curved_view_open,,fine,,darkness_not_lit,,4,0,1,3,1,0,0,0,0,0,0,0,0,0,0,0,0,2,0,0
-38.64761499,178.0123954,Gisborne District,2018,serious_injury,50,TRUE,straight,,fine,,daylight,giveway_sign,4,0,2,2,1,0,0,0,0,0,0,0,0,0,0,0,0,2,0,0
-43.90667133,171.7628133,Ashburton District,2018,fatality,50,FALSE,curved_view_open,,fine,,darkness_not_lit,,4,1,2,1,1,0,0,0,0,0,0,0,0,0,0,0,0,2,0,0
-39.05144354,174.0951794,New Plymouth District,2018,fatality,50,TRUE,straight,,rain,,darkness_not_lit,giveway_sign,4,1,3,0,1,0,0,0,0,0,0,0,0,0,0,0,0,2,0,0
-37.78963426,175.7636921,Matamata-Piako District,2018,fatality,100,FALSE,straight,,fine,,daylight,,4,1,3,0,1,0,0,0,0,0,0,0,0,0,0,0,0,2,0,0
-41.00928409,174.9236918,Porirua City,2018,property_damage,80,FALSE,curved_view_open,,fine,,daylight,,0,0,0,0,0,0,0,0,0,0,0,1,0,0,0,0,0,2,0,0
-40.43613051,175.7900291,Tararua District,2018,property_damage,100,TRUE,curved_view_open,,fine,,daylight,giveway_sign,0,0,0,0,0,0,0,0,0,0,0,1,0,0,0,0,0,2,0,0
-45.03239024,168.6590416,Queenstown-Lakes District,2018,property_damage,50,FALSE,straight,,fine,,daylight,,0,0,0,0,0,0,0,0,0,0,0,1,0,0,0,0,0,2,0,0
-38.50438187,174.9301958,Waitomo District,2018,property_damage,100,FALSE,curved_view_open,,fine,,darkness_not_lit,,0,0,0,0,0,0,0,0,0,0,0,1,0,0,0,0,0,2,0,0
-43.26804734,172.5807928,Waimakariri District,2018,property_damage,100,FALSE,straight,,fine,,daylight,,0,0,0,0,0,0,0,0,0,0,0,1,0,0,0,0,0,2,0,0
-36.8861897,174.8598202,Auckland,2018,property_damage,50,FALSE,straight,,fine,,daylight,,0,0,0,0,0,0,0,0,0,0,0,1,0,0,0,0,0,2,0,0
-36.13117437,173.9761894,Kaipara District,2018,property_damage,100,FALSE,straight,,fine,,daylight,,0,0,0,0,0,0,0,0,0,0,0,1,0,0,0,0,0,2,0,0
-40.29420858,175.8045416,Tararua District,2018,property_damage,80,FALSE,curved_view_open,,fine,,darkness_not_lit,,0,0,0,0,0,0,0,0,0,0,0,1,0,0,0,0,0,2,0,0
-36.49533355,174.4485596,Auckland,2018,property_damage,100,FALSE,curved_view_open,,fine,,daylight,,0,0,0,0,0,0,0,0,0,0,0,1,0,0,0,0,0,2,0,0
-37.21490012,175.1034721,Waikato District,2018,property_damage,100,FALSE,curved_view_open,,fine,,daylight,,0,0,0,0,0,0,0,0,0,0,0,1,0,0,0,0,0,2,0,0
-40.05695302,175.4300418,Rangitikei District,2018,property_damage,100,FALSE,straight,,fine,,daylight,,0,0,0,0,0,0,0,0,0,0,0,1,0,0,0,0,0,2,0,0
-43.53465072,172.5189988,Christchurch City,2018,property_damage,50,FALSE,straight,,fine,,daylight,,0,0,0,0,0,0,0,0,0,0,0,1,0,0,0,0,0,2,0,0
-36.38409524,174.6396184,Auckland,2018,property_damage,100,FALSE,straight,,rain,,daylight,,0,0,0,0,0,0,0,0,0,0,0,1,0,0,0,0,0,2,0,0
-38.51061503,175.482462,Waitomo District,2018,property_damage,100,FALSE,curved_view_open,,fine,,daylight,,0,0,0,0,0,0,0,0,0,0,0,1,0,0,0,0,0,2,0,0
-39.82871271,176.732013,Hastings District,2018,property_damage,100,FALSE,curved_view_open,,fine,,daylight,,0,0,0,0,0,0,0,0,0,0,0,1,0,0,0,0,0,2,0,0
-45.82937311,168.7611362,Southland District,2018,property_damage,100,FALSE,straight,,rain,,darkness_not_lit,,0,0,0,0,0,0,0,0,0,0,0,1,0,0,0,0,0,2,0,0
-41.32708343,173.9708201,Marlborough District,2018,property_damage,100,FALSE,straight,,rain,,daylight,,0,0,0,0,0,0,0,0,0,0,0,1,0,0,0,0,0,2,0,0
-35.29036996,173.5781567,Far North District,2018,property_damage,100,FALSE,curved_view_open,,fine,,daylight,,0,0,0,0,0,0,0,0,0,0,0,1,0,0,0,0,0,2,0,0
-38.44526719,177.831771,Gisborne District,2018,property_damage,100,FALSE,curved_view_open,,fine,,daylight,,0,0,0,0,0,0,0,0,0,0,0,1,0,0,0,0,0,2,0,0
-39.81821599,174.8332533,Wanganui District,2018,property_damage,100,FALSE,straight,,fine,,darkness_not_lit,,0,0,0,0,0,0,0,0,0,0,0,1,0,0,0,0,0,2,0,0
-37.23211001,174.9235394,Auckland,2018,property_damage,100,FALSE,straight,,rain,,daylight,,0,0,0,0,0,0,0,0,0,0,0,1,0,0,0,0,0,2,0,0
-38.38679615,178.2603609,Gisborne District,2018,property_damage,100,FALSE,curved_view_open,,fine,,daylight,,0,0,0,0,0,0,0,0,0,0,0,1,0,0,0,0,0,2,0,0
-37.80174218,176.3430821,Western Bay Of Plenty District,2018,property_damage,100,FALSE,straight,,fine,,darkness_not_lit,,0,0,0,0,0,0,0,0,0,0,0,1,0,0,0,0,0,2,0,0
-38.88294866,175.2660372,Ruapehu District,2018,property_damage,50,FALSE,straight,,fine,,darkness_not_lit,,0,0,0,0,0,0,0,0,0,0,0,1,0,0,0,0,0,2,0,0
-45.78048426,168.1815708,Southland District,2018,property_damage,100,FALSE,curved_view_open,,fine,,daylight,,0,0,0,0,0,0,0,0,0,0,0,1,0,0,0,0,0,2,0,0
-37.99318576,175.3987116,Waipa District,2018,property_damage,100,FALSE,straight,,rain,,darkness_not_lit,,0,0,0,0,0,0,0,0,0,0,0,1,0,0,0,0,0,2,0,0
-37.01815689,174.9322369,Auckland,2018,property_damage,80,FALSE,straight,,fine,,daylight,,0,0,0,0,0,0,0,0,0,0,0,1,0,0,0,0,0,2,0,0
-36.81208037,174.7537848,Auckland,2018,property_damage,100,FALSE,straight,,fine,,darkness_not_lit,,0,0,0,0,0,0,0,0,0,0,0,1,0,0,0,0,0,2,0,0
-36.63050088,174.6114745,Auckland,2018,property_damage,100,FALSE,curved_view_open,,fine,,daylight,,0,0,0,0,0,0,0,0,0,0,0,1,0,0,0,0,0,2,0,0
-38.0735858,175.7923827,South Waikato District,2018,property_damage,100,FALSE,straight,,fine,,daylight,,0,0,0,0,0,0,0,0,0,0,0,1,0,0,0,0,0,2,0,0
-42.76097354,171.3707074,Westland District,2018,property_damage,100,FALSE,curved_view_open,,rain,,daylight,,0,0,0,0,0,0,0,0,0,0,0,1,0,0,0,0,0,2,0,0
-37.6281605,175.4741226,Matamata-Piako District,2018,property_damage,100,FALSE,curved_view_open,,fine,,darkness_not_lit,,0,0,0,0,0,0,0,0,0,0,0,1,0,0,0,0,0,2,0,0
-43.64037131,172.648362,Christchurch City,2018,property_damage,70,FALSE,curved_view_open,,fine,,daylight,,0,0,0,0,0,0,0,0,0,0,0,1,0,0,0,0,0,2,0,0
-36.96026996,174.9336704,Auckland,2018,property_damage,50,FALSE,straight,,fine,,darkness_not_lit,,0,0,0,0,0,0,0,0,0,0,0,1,0,0,0,0,0,2,0,0
-36.91956182,174.8022016,Auckland,2018,property_damage,50,FALSE,curved_view_open,,fine,,darkness_not_lit,,0,0,0,0,0,0,0,0,0,0,0,1,0,0,0,0,0,2,0,0
-35.40046789,174.070506,Far North District,2018,property_damage,100,FALSE,curved_view_open,,fine,,daylight,,0,0,0,0,0,0,0,0,0,0,0,1,0,0,0,0,0,2,0,0
-42.60137082,171.5156776,Grey District,2018,property_damage,100,FALSE,curved_view_open,,fine,,daylight,,0,0,0,0,0,0,0,0,0,0,0,1,0,0,0,0,0,2,0,0
-36.49065007,174.6593106,Auckland,2018,property_damage,100,FALSE,curved_view_open,,fine,,darkness_not_lit,,0,0,0,0,0,0,0,0,0,0,0,1,0,0,0,0,0,2,0,0
-38.58312658,176.063547,Taupo District,2018,minor_injury,100,FALSE,curved_view_open,,fine,,darkness_not_lit,,1,0,0,1,0,0,0,0,0,0,0,1,0,0,0,0,0,2,0,0
-44.89906657,169.3283337,Central Otago District,2018,minor_injury,100,FALSE,straight,,fine,,daylight,,1,0,0,1,0,0,0,0,0,0,0,1,0,0,0,0,0,2,0,0
-41.62916114,172.7185365,Tasman District,2018,minor_injury,100,FALSE,straight,,rain,,daylight,,1,0,0,1,0,0,0,0,0,0,0,1,0,0,0,0,0,2,0,0
-37.75579195,175.8258949,Matamata-Piako District,2018,minor_injury,100,FALSE,straight,,fine,,daylight,,1,0,0,1,0,0,0,0,0,0,0,1,0,0,0,0,0,2,0,0
-35.6932866,173.9042345,Whangarei District,2018,minor_injury,100,FALSE,curved_view_open,,rain,,daylight,,1,0,0,1,0,0,0,0,0,0,0,1,0,0,0,0,0,2,0,0
-37.50857274,175.4515481,Matamata-Piako District,2018,minor_injury,100,FALSE,straight,,fine,,darkness_not_lit,,1,0,0,1,0,0,0,0,0,0,0,1,0,0,0,0,0,2,0,0