latitude,longitude,local_government_area,year,severity,speed_limit,intersection,road_position_horizontal,road_wet,weather,crash_type,lighting,traffic_controls,casualties,fatalities,serious_injuries,minor_injuries,car_sedan,car_utility,car_van,car_4x4,car_station_wagon,motor_cycle,truck_small,truck_large,bus,taxi,bicycle,scooter,pedestrian,inanimate,train,tram
-37.00276575,174.9573453,Auckland,2018,minor_injury,80,FALSE,curved_view_open,,fine,,daylight,,1,0,0,1,0,0,0,0,0,0,0,1,0,0,0,0,0,2,0,0
-41.22571327,173.0484406,Tasman District,2018,minor_injury,100,FALSE,curved_view_open,,fine,,daylight,,1,0,0,1,0,0,0,0,0,0,0,1,0,0,0,0,0,2,0,0
-37.81588199,174.8406689,Waikato District,2018,minor_injury,80,FALSE,straight,,fine,,daylight,,1,0,0,1,0,0,0,0,0,0,0,1,0,0,0,0,0,2,0,0
-37.6444198,175.2584422,Waikato District,2018,minor_injury,100,FALSE,curved_view_open,,fine,,daylight,,1,0,0,1,0,0,0,0,0,0,0,1,0,0,0,0,0,2,0,0
-40.55054612,175.9622987,Tararua District,2018,minor_injury,100,FALSE,curved_view_open,,fine,,daylight,,1,0,0,1,0,0,0,0,0,0,0,1,0,0,0,0,0,2,0,0
-39.75595557,176.4852601,Central Hawkes Bay District,2018,minor_injury,100,FALSE,straight,,rain,,daylight,,1,0,0,1,0,0,0,0,0,0,0,1,0,0,0,0,0,2,0,0
-38.37915672,177.5507808,Gisborne District,2018,minor_injury,100,FALSE,curved_view_open,,rain,,darkness_not_lit,,1,0,0,1,0,0,0,0,0,0,0,1,0,0,0,0,0,2,0,0
-41.79919336,172.390161,Tasman District,2018,minor_injury,100,FALSE,curved_view_open,,fine,,daylight,,1,0,0,1,0,0,0,0,0,0,0,1,0,0,0,0,0,2,0,0
-41.51956461,173.6152844,Marlborough District,2018,minor_injury,100,FALSE,curved_view_open,,fine,,daylight,,1,0,0,1,0,0,0,0,0,0,0,1,0,0,0,0,0,2,0,0
-38.49970946,175.4432187,Waitomo District,2018,minor_injury,100,FALSE,curved_view_open,,fine,,daylight,,1,0,0,1,0,0,0,0,0,0,0,1,0,0,0,0,0,2,0,0
-37.44521193,175.1409669,Waikato District,2018,minor_injury,100,FALSE,curved_view_open,,fine,,darkness_not_lit,,1,0,0,1,0,0,0,0,0,0,0,1,0,0,0,0,0,2,0,0
-35.74297194,174.220873,Whangarei District,2018,minor_injury,100,FALSE,curved_view_open,,rain,,daylight,,1,0,0,1,0,0,0,0,0,0,0,1,0,0,0,0,0,2,0,0
-39.91627745,176.397163,Central Hawkes Bay District,2018,minor_injury,100,FALSE,straight,,rain,,daylight,,1,0,0,1,0,0,0,0,0,0,0,1,0,0,0,0,0,2,0,0
-40.14679782,176.154995,Tararua District,2018,minor_injury,100,FALSE,curved_view_open,,fine,,daylight,,1,0,0,1,0,0,0,0,0,0,0,1,0,0,0,0,0,2,0,0
-37.36612295,175.4180329,Hauraki District,2018,minor_injury,100,FALSE,curved_view_open,,fine,,daylight,,1,0,0,1,0,0,0,0,0,0,0,1,0,0,0,0,0,2,0,0
-37.21133777,174.9969103,Auckland,2018,serious_injury,100,FALSE,curved_view_open,,fine,,dawn_dusk,,1,0,1,0,0,0,0,0,0,0,0,1,0,0,0,0,0,2,0,0
-36.77847306,174.6849139,Auckland,2018,serious_injury,70,FALSE,curved_view_open,,fine,,daylight,,1,0,1,0,0,0,0,0,0,0,0,1,0,0,0,0,0,2,0,0
-38.56542566,174.8638146,Waitomo District,2018,serious_injury,100,FALSE,straight,,fine,,daylight,,2,0,1,1,0,0,0,0,0,0,0,1,0,0,0,0,0,2,0,0
-36.47649261,174.5642912,Auckland,2018,serious_injury,100,FALSE,curved_view_open,,fine,,daylight,,2,0,1,1,0,0,0,0,0,0,0,1,0,0,0,0,0,2,0,0
-41.29762924,173.0541315,Tasman District,2018,fatality,100,FALSE,curved_view_open,,fine,,daylight,,1,1,0,0,0,0,0,0,0,0,0,1,0,0,0,0,0,2,0,0
-40.96368471,175.731788,Masterton District,2018,fatality,100,FALSE,straight,,fine,,darkness_not_lit,,1,1,0,0,0,0,0,0,0,0,0,1,0,0,0,0,0,2,0,0
-37.60085416,175.058658,Waikato District,2018,fatality,100,FALSE,curved_view_open,,fine,,daylight,,1,1,0,0,0,0,0,0,0,0,0,1,0,0,0,0,0,2,0,0
-41.47942412,173.8733425,Marlborough District,2018,property_damage,80,TRUE,straight,,fine,,dawn_dusk,stop_sign,0,0,0,0,0,0,0,0,0,0,0,0,0,0,0,0,0,0,0,0
-43.5231043,172.732718,Christchurch City,2018,property_damage,50,TRUE,straight,,fine,,darkness_not_lit,giveway_sign,0,0,0,0,0,0,0,0,0,0,0,0,0,0,0,0,0,0,0,0
-40.35567625,175.6123417,Palmerston North City,2018,property_damage,50,TRUE,straight,,rain,,darkness_not_lit,giveway_sign,0,0,0,0,0,0,0,0,0,0,0,0,0,0,0,0,0,0,0,0
-41.00839539,175.5510742,Carterton District,2018,property_damage,100,TRUE,straight,,fine,,daylight,giveway_sign,0,0,0,0,0,0,0,0,0,0,0,0,0,0,0,0,0,0,0,0
-39.47143936,174.3013449,South Taranaki District,2018,property_damage,100,TRUE,curved_view_open,,fine,,daylight,giveway_sign,0,0,0,0,0,0,0,0,0,0,0,0,0,0,0,0,0,0,0,0
-37.68526818,176.229076,Tauranga City,2018,property_damage,80,FALSE,straight,,fine,,daylight,,0,0,0,0,0,0,0,0,0,0,0,0,0,0,0,0,0,0,0,0
-38.64261423,177.8833512,Gisborne District,2018,property_damage,100,TRUE,straight,,fine,,daylight,,0,0,0,0,0,0,0,0,0,0,0,0,0,0,0,0,0,0,0,0
-37.66550457,176.2065028,Tauranga City,2018,property_damage,70,FALSE,straight,,fine,,daylight,,0,0,0,0,0,0,0,0,0,0,0,0,0,0,0,0,0,0,0,0
-38.88191418,175.2636297,Ruapehu District,2018,property_damage,50,FALSE,straight,,fine,,daylight,,0,0,0,0,0,0,0,0,0,0,0,0,0,0,0,0,0,0,0,0
-38.87814939,175.6909892,Taupo District,2018,property_damage,100,FALSE,curved_view_open,,fine,,daylight,,0,0,0,0,0,0,0,0,0,0,0,0,0,0,0,0,0,0,0,0
-37.80489238,176.418757,Western Bay Of Plenty District,2018,property_damage,100,FALSE,straight,,fine,,daylight,,0,0,0,0,0,0,0,0,0,0,0,0,0,0,0,0,0,0,0,0
-44.02830076,171.4842205,Ashburton District,2018,property_damage,100,FALSE,straight,,fine,,daylight,,0,0,0,0,0,0,0,0,0,0,0,0,0,0,0,0,0,0,0,0
-44.73365519,171.0469123,Waimate District,2018,property_damage,50,TRUE,straight,,fine,,darkness_not_lit,giveway_sign,0,0,0,0,0,0,0,0,0,0,0,0,0,0,0,0,0,0,0,0
-41.28384051,174.903388,Hutt City,2018,property_damage,50,FALSE,curved_view_open,,fine,,darkness_not_lit,,0,0,0,0,0,0,0,0,0,0,0,0,0,0,0,0,0,0,0,0
-39.01497298,177.3378857,Wairoa District,2018,property_damage,100,FALSE,straight,,fine,,daylight,,0,0,0,0,0,0,0,0,0,0,0,0,0,0,0,0,0,0,0,0
-40.29250346,175.4250761,Manawatu District,2018,property_damage,50,FALSE,straight,,fine,,dawn_dusk,giveway_sign,0,0,0,0,0,0,0,0,0,0,0,0,0,0,0,0,0,0,0,0
-41.59565282,173.4374493,Marlborough District,2018,property_damage,100,FALSE,straight,,fine,,daylight,,0,0,0,0,0,0,0,0,0,0,0,0,0,0,0,0,0,0,0,0
-37.4202047,175.1259155,Waikato District,2018,property_damage,100,FALSE,straight,,fine,,darkness_not_lit,,0,0,0,0,0,0,0,0,0,0,0,0,0,0,0,0,0,0,0,0
-38.19741599,175.8680328,South Waikato District,2018,property_damage,100,FALSE,straight,,fine,,darkness_not_lit,,0,0,0,0,0,0,0,0,0,0,0,0,0,0,0,0,0,0,0,0
-44.2864622,171.2385879,Timaru District,2018,property_damage,100,FALSE,straight,,fine,,darkness_not_lit,,0,0,0,0,0,0,0,0,0,0,0,0,0,0,0,0,0,0,0,0
-36.84718596,174.7630539,Auckland,2018,property_damage,50,FALSE,straight,,fine,,daylight,,0,0,0,0,0,0,0,0,0,0,0,0,0,0,0,0,0,0,0,0
-37.65684418,175.7432427,Matamata-Piako District,2018,property_damage,100,FALSE,straight,,fine,,daylight,,0,0,0,0,0,0,0,0,0,0,0,0,0,0,0,0,0,0,0,0
-38.0812158,175.7988856,South Waikato District,2018,property_damage,100,FALSE,curved_view_open,,rain,,daylight,,0,0,0,0,0,0,0,0,0,0,0,0,0,0,0,0,0,0,0,0
-38.2999253,178.1080663,Gisborne District,2018,property_damage,100,FALSE,curved_view_open,,fine,,darkness_not_lit,,0,0,0,0,0,0,0,0,0,0,0,0,0,0,0,0,0,0,0,0
-38.17244005,175.8591892,South Waikato District,2018,property_damage,100,FALSE,curved_view_open,,rain,,dawn_dusk,,0,0,0,0,0,0,0,0,0,0,0,0,0,0,0,0,0,0,0,0
-38.04896395,176.6709431,Whakatane District,2018,property_damage,100,FALSE,curved_view_open,,rain,,darkness_not_lit,,0,0,0,0,0,0,0,0,0,0,0,0,0,0,0,0,0,0,0,0
-39.82412527,176.6403853,Central Hawkes Bay District,2018,property_damage,100,FALSE,straight,,rain,,darkness_not_lit,,0,0,0,0,0,0,0,0,0,0,0,0,0,0,0,0,0,0,0,0
-37.13093372,174.9450074,Auckland,2018,minor_injury,100,FALSE,straight,,fine,,daylight,,1,0,0,1,0,0,0,0,0,0,0,0,0,0,0,0,0,0,0,0
-37.35512494,175.6834052,Hauraki District,2018,minor_injury,30,FALSE,straight,,fine,,darkness_not_lit,,1,0,0,1,0,0,0,0,0,0,0,0,0,0,0,0,0,0,0,0
-40.29990471,175.6320027,Palmerston North City,2018,minor_injury,100,FALSE,straight,,fine,,darkness_not_lit,,1,0,0,1,0,0,0,0,0,0,0,0,0,0,0,0,0,0,0,0
-39.57303469,176.7813843,Hastings District,2018,minor_injury,100,FALSE,straight,,fine,,daylight,,1,0,0,1,0,0,0,0,0,0,0,0,0,0,0,0,0,0,0,0
-35.80439397,174.5305731,Whangarei District,2018,minor_injury,100,FALSE,curved_view_open,,fine,,darkness_not_lit,,1,0,0,1,0,0,0,0,0,0,0,0,0,0,0,0,0,0,0,0
-41.25227428,173.0717951,Tasman District,2018,minor_injury,80,FALSE,straight,,fine,,darkness_not_lit,,1,0,0,1,0,0,0,0,0,0,0,0,0,0,0,0,0,0,0,0
-37.60248163,175.5038523,Matamata-Piako District,2018,minor_injury,100,FALSE,straight,,fine,,daylight,,1,0,0,1,0,0,0,0,0,0,0,0,0,0,0,0,0,0,0,0
-45.29158238,169.8772864,Central Otago District,2018,serious_injury,10,FALSE,curved_view_open,,fine,,daylight,,1,0,1,0,0,0,0,0,0,0,0,0,0,0,0,0,0,0,0,0
-36.17079682,174.561372,Kaipara District,2018,serious_injury,50,FALSE,straight,,fine,,daylight,,1,0,1,0,0,0,0,0,0,0,0,0,0,0,0,0,0,0,0,0
-39.26170814,173.8591729,South Taranaki District,2018,minor_injury,100,FALSE,curved_view_open,,fine,,darkness_not_lit,,2,0,0,2,0,0,0,0,0,0,0,0,0,0,0,0,0,0,0,0
-40.26460051,175.3440591,Manawatu District,2018,fatality,100,FALSE,straight,,fine,,daylight,,2,1,1,0,0,0,0,0,0,0,0,0,0,0,0,0,0,0,0,0
-44.29831267,171.1932305,Timaru District,2018,fatality,100,FALSE,straight,,mist,,daylight,,1,1,0,0,0,0,0,0,0,0,0,0,0,0,0,0,0,0,0,0
-38.65346506,178.0273184,Gisborne District,2018,property_damage,50,TRUE,straight,,fine,,daylight,giveway_sign,0,0,0,0,1,0,0,0,0,0,0,0,0,0,1,0,0,0,0,0
-36.82335726,174.6249618,Auckland,2018,property_damage,50,TRUE,straight,,fine,,daylight,giveway_sign,0,0,0,0,1,0,0,0,0,0,0,0,0,0,1,0,0,0,0,0
-36.91636486,174.6520221,Auckland,2018,property_damage,50,TRUE,straight,,fine,,daylight,giveway_sign,0,0,0,0,1,0,0,0,0,0,0,0,0,0,1,0,0,0,0,0
-36.88894717,174.8114458,Auckland,2018,property_damage,60,TRUE,straight,,,,darkness_not_lit,traffic_lights,0,0,0,0,1,0,0,0,0,0,0,0,0,0,1,0,0,0,0,0
-43.52079692,172.6457411,Christchurch City,2018,property_damage,50,TRUE,straight,,fine,,daylight,traffic_lights,0,0,0,0,1,0,0,0,0,0,0,0,0,0,1,0,0,0,0,0
-43.53708546,172.6456953,Christchurch City,2018,property_damage,50,TRUE,straight,,fine,,daylight,traffic_lights,0,0,0,0,1,0,0,0,0,0,0,0,0,0,1,0,0,0,0,0
-43.54756405,172.6279565,Christchurch City,2018,property_damage,50,TRUE,straight,,fine,,daylight,traffic_lights,0,0,0,0,1,0,0,0,0,0,0,0,0,0,1,0,0,0,0,0
-43.54756405,172.6279565,Christchurch City,2018,property_damage,50,TRUE,straight,,fine,,daylight,traffic_lights,0,0,0,0,1,0,0,0,0,0,0,0,0,0,1,0,0,0,0,0
-36.85896168,174.7234486,Auckland,2018,property_damage,50,TRUE,straight,,rain,,daylight,giveway_sign,0,0,0,0,1,0,0,0,0,0,0,0,0,0,1,0,0,0,0,0
-40.87763414,175.0650364,Kapiti Coast District,2018,property_damage,50,TRUE,straight,,fine,,daylight,traffic_lights,0,0,0,0,1,0,0,0,0,0,0,0,0,0,1,0,0,0,0,0
-38.66135752,178.0190517,Gisborne District,2018,property_damage,50,TRUE,straight,,fine,,daylight,giveway_sign,0,0,0,0,1,0,0,0,0,0,0,0,0,0,1,0,0,0,0,0
-41.29875855,174.7782459,Wellington City,2018,property_damage,50,TRUE,straight,,rain,,daylight,stop_sign,0,0,0,0,1,0,0,0,0,0,0,0,0,0,1,0,0,0,0,0
-41.29715599,174.7822751,Wellington City,2018,property_damage,50,TRUE,straight,,fine,,daylight,traffic_lights,0,0,0,0,1,0,0,0,0,0,0,0,0,0,1,0,0,0,0,0
-41.29715599,174.7822751,Wellington City,2018,property_damage,50,TRUE,straight,,fine,,daylight,traffic_lights,0,0,0,0,1,0,0,0,0,0,0,0,0,0,1,0,0,0,0,0
-41.18567522,174.8280851,Wellington City,2018,property_damage,50,TRUE,curved_view_open,,fine,,dawn_dusk,giveway_sign,0,0,0,0,1,0,0,0,0,0,0,0,0,0,1,0,0,0,0,0
-45.8811977,170.4984259,Dunedin City,2018,property_damage,50,TRUE,straight,,fine,,dawn_dusk,giveway_sign,0,0,0,0,1,0,0,0,0,0,0,0,0,0,1,0,0,0,0,0
-43.5196104,172.6157053,Christchurch City,2018,property_damage,50,TRUE,straight,,fine,,darkness_not_lit,giveway_sign,0,0,0,0,1,0,0,0,0,0,0,0,0,0,1,0,0,0,0,0
-43.5196104,172.6157053,Christchurch City,2018,property_damage,50,TRUE,straight,,fine,,darkness_not_lit,giveway_sign,0,0,0,0,1,0,0,0,0,0,0,0,0,0,1,0,0,0,0,0
-41.28887977,173.2722453,Nelson City,2018,property_damage,50,TRUE,straight,,fine,,dawn_dusk,traffic_lights,0,0,0,0,1,0,0,0,0,0,0,0,0,0,1,0,0,0,0,0
-39.53872191,176.8584673,Napier City,2018,property_damage,50,TRUE,straight,,fine,,daylight,traffic_lights,0,0,0,0,1,0,0,0,0,0,0,0,0,0,1,0,0,0,0,0
-39.53872191,176.8584673,Napier City,2018,property_damage,50,TRUE,straight,,fine,,daylight,traffic_lights,0,0,0,0,1,0,0,0,0,0,0,0,0,0,1,0,0,0,0,0
-43.54924902,172.6367232,Christchurch City,2018,property_damage,50,TRUE,straight,,rain,,darkness_not_lit,,0,0,0,0,1,0,0,0,0,0,0,0,0,0,1,0,0,0,0,0
-36.86867288,174.7606982,Auckland,2018,property_damage,60,TRUE,straight,,rain,,daylight,giveway_sign,0,0,0,0,1,0,0,0,0,0,0,0,0,0,1,0,0,0,0,0
-37.78493691,175.321019,Hamilton City,2018,property_damage,50,TRUE,straight,,fine,,daylight,stop_sign,0,0,0,0,1,0,0,0,0,0,0,0,0,0,1,0,0,0,0,0
-37.78819352,175.2741907,Hamilton City,2018,property_damage,50,TRUE,straight,,fine,,daylight,giveway_sign,0,0,0,0,1,0,0,0,0,0,0,0,0,0,1,0,0,0,0,0
-41.13416761,174.8413079,Porirua City,2018,property_damage,50,TRUE,straight,,fine,,daylight,giveway_sign,0,0,0,0,1,0,0,0,0,0,0,0,0,0,1,0,0,0,0,0
-39.64543533,176.852401,Hastings District,2018,property_damage,50,TRUE,straight,,fine,,daylight,giveway_sign,0,0,0,0,1,0,0,0,0,0,0,0,0,0,1,0,0,0,0,0
-43.54748092,172.6218293,Christchurch City,2018,property_damage,50,TRUE,straight,,fine,,daylight,traffic_lights,0,0,0,0,1,0,0,0,0,0,0,0,0,0,1,0,0,0,0,0
-37.80814403,175.2802887,Hamilton City,2018,property_damage,60,TRUE,straight,,fine,,daylight,traffic_lights,0,0,0,0,1,0,0,0,0,0,0,0,0,0,1,0,0,0,0,0
-40.35520603,175.5944264,Palmerston North City,2018,property_damage,50,TRUE,straight,,fine,,daylight,giveway_sign,0,0,0,0,1,0,0,0,0,0,0,0,0,0,1,0,0,0,0,0
-36.87812785,174.7503352,Auckland,2018,property_damage,50,TRUE,straight,,fine,,daylight,stop_sign,0,0,0,0,1,0,0,0,0,0,0,0,0,0,1,0,0,0,0,0
-36.91360025,174.9270137,Auckland,2018,property_damage,50,TRUE,straight,,fine,,daylight,giveway_sign,0,0,0,0,1,0,0,0,0,0,0,0,0,0,1,0,0,0,0,0
-36.91360025,174.9270137,Auckland,2018,property_damage,50,TRUE,straight,,fine,,daylight,giveway_sign,0,0,0,0,1,0,0,0,0,0,0,0,0,0,1,0,0,0,0,0
-40.35666247,175.6101543,Palmerston North City,2018,property_damage,50,TRUE,straight,,rain,,darkness_not_lit,giveway_sign,0,0,0,0,1,0,0,0,0,0,0,0,0,0,1,0,0,0,0,0
-40.35634733,175.6288284,Palmerston North City,2018,property_damage,50,TRUE,straight,,fine,,darkness_not_lit,stop_sign,0,0,0,0,1,0,0,0,0,0,0,0,0,0,1,0,0,0,0,0
-40.35634733,175.6288284,Palmerston North City,2018,property_damage,50,TRUE,straight,,fine,,darkness_not_lit,stop_sign,0,0,0,0,1,0,0,0,0,0,0,0,0,0,1,0,0,0,0,0
-43.89141904,171.7479152,Ashburton District,2018,property_damage,50,TRUE,straight,,fine,,daylight,giveway_sign,0,0,0,0,1,0,0,0,0,0,0,0,0,0,1,0,0,0,0,0
-43.55023583,172.6109798,Christchurch City,2018,property_damage,50,TRUE,straight,,fine,,daylight,,0,0,0,0,1,0,0,0,0,0,0,0,0,0,1,0,0,0,0,0
-36.87002384,174.8653176,Auckland,2018,property_damage,50,TRUE,straight,,fine,,daylight,giveway_sign,0,0,0,0,1,0,0,0,0,0,0,0,0,0,1,0,0,0,0,0
-43.50909098,172.5891119,Christchurch City,2018,property_damage,50,TRUE,curved_view_open,,fine,,daylight,giveway_sign,0,0,0,0,1,0,0,0,0,0,0,0,0,0,1,0,0,0,0,0
-41.19874386,174.9355987,Hutt City,2018,property_damage,50,TRUE,straight,,fine,,daylight,giveway_sign,0,0,0,0,1,0,0,0,0,0,0,0,0,0,1,0,0,0,0,0
-41.19874386,174.9355987,Hutt City,2018,property_damage,50,TRUE,straight,,fine,,daylight,giveway_sign,0,0,0,0,1,0,0,0,0,0,0,0,0,0,1,0,0,0,0,0
-37.69794987,176.1594493,Tauranga City,2018,property_damage,50,FALSE,straight,,fine,,daylight,,0,0,0,0,1,0,0,0,0,0,0,0,0,0,1,0,0,0,0,0
-41.29303626,174.784241,Wellington City,2018,property_damage,50,TRUE,curved_view_open,,rain,,dawn_dusk,,0,0,0,0,1,0,0,0,0,0,0,0,0,0,1,0,0,0,0,0
-40.89527802,174.9841058,Kapiti Coast District,2018,property_damage,50,TRUE,straight,,fine,,daylight,giveway_sign,0,0,0,0,1,0,0,0,0,0,0,0,0,0,1,0,0,0,0,0
-41.1333814,175.0595054,Upper Hutt City,2018,property_damage,50,TRUE,curved_view_open,,,,daylight,giveway_sign,0,0,0,0,1,0,0,0,0,0,0,0,0,0,1,0,0,0,0,0
-41.31509868,174.8133833,Wellington City,2018,property_damage,30,TRUE,straight,,fine,,dawn_dusk,giveway_sign,0,0,0,0,1,0,0,0,0,0,0,0,0,0,1,0,0,0,0,0
-41.31509868,174.8133833,Wellington City,2018,property_damage,50,TRUE,straight,,rain,,darkness_not_lit,giveway_sign,0,0,0,0,1,0,0,0,0,0,0,0,0,0,1,0,0,0,0,0
-39.50017733,176.9038809,Napier City,2018,property_damage,50,TRUE,straight,,mist,,daylight,giveway_sign,0,0,0,0,1,0,0,0,0,0,0,0,0,0,1,0,0,0,0,0
-45.871612,170.5050153,Dunedin City,2018,property_damage,30,TRUE,straight,,fine,,daylight,traffic_lights,0,0,0,0,1,0,0,0,0,0,0,0,0,0,1,0,0,0,0,0
-37.65490354,176.1871099,Tauranga City,2018,property_damage,60,TRUE,straight,,fine,,daylight,giveway_sign,0,0,0,0,1,0,0,0,0,0,0,0,0,0,1,0,0,0,0,0
-41.29845439,173.2444308,Nelson City,2018,property_damage,50,TRUE,curved_view_open,,fine,,daylight,giveway_sign,0,0,0,0,1,0,0,0,0,0,0,0,0,0,1,0,0,0,0,0
-46.42659749,168.3614395,Invercargill City,2018,property_damage,50,FALSE,straight,,fine,,daylight,,0,0,0,0,1,0,0,0,0,0,0,0,0,0,1,0,0,0,0,0
-36.87380791,174.7517287,Auckland,2018,property_damage,50,TRUE,straight,,fine,,darkness_not_lit,stop_sign,0,0,0,0,1,0,0,0,0,0,0,0,0,0,1,0,0,0,0,0
-36.85414907,174.7796678,Auckland,2018,property_damage,50,TRUE,straight,,fine,,daylight,,0,0,0,0,1,0,0,0,0,0,0,0,0,0,1,0,0,0,0,0
-36.89895076,174.7581392,Auckland,2018,property_damage,50,FALSE,straight,,fine,,darkness_not_lit,,0,0,0,0,1,0,0,0,0,0,0,0,0,0,1,0,0,0,0,0
-43.53203932,172.6358983,Christchurch City,2018,property_damage,30,FALSE,straight,,rain,,dawn_dusk,,0,0,0,0,1,0,0,0,0,0,0,0,0,0,1,0,0,0,0,0
-43.57828442,172.5145891,Selwyn District,2018,property_damage,50,TRUE,straight,,fine,,daylight,giveway_sign,0,0,0,0,1,0,0,0,0,0,0,0,0,0,1,0,0,0,0,0
-36.85969563,174.7527637,Auckland,2018,property_damage,50,TRUE,straight,,fine,,daylight,traffic_lights,0,0,0,0,1,0,0,0,0,0,0,0,0,0,1,0,0,0,0,0
-37.65027027,176.1928495,Tauranga City,2018,property_damage,50,TRUE,straight,,fine,,darkness_not_lit,giveway_sign,0,0,0,0,1,0,0,0,0,0,0,0,0,0,1,0,0,0,0,0
-37.65027027,176.1928495,Tauranga City,2018,property_damage,50,TRUE,straight,,fine,,darkness_not_lit,giveway_sign,0,0,0,0,1,0,0,0,0,0,0,0,0,0,1,0,0,0,0,0
-36.84835907,174.749544,Auckland,2018,property_damage,50,TRUE,straight,,fine,,daylight,giveway_sign,0,0,0,0,1,0,0,0,0,0,0,0,0,0,1,0,0,0,0,0
-37.6523126,175.5229341,Matamata-Piako District,2018,property_damage,50,TRUE,straight,,fine,,daylight,,0,0,0,0,1,0,0,0,0,0,0,0,0,0,1,0,0,0,0,0
-37.64519502,176.1876237,Tauranga City,2018,property_damage,50,TRUE,straight,,fine,,daylight,giveway_sign,0,0,0,0,1,0,0,0,0,0,0,0,0,0,1,0,0,0,0,0
-38.65159573,177.998102,Gisborne District,2018,property_damage,50,TRUE,straight,,fine,,daylight,giveway_sign,0,0,0,0,1,0,0,0,0,0,0,0,0,0,1,0,0,0,0,0
-36.59026784,174.6936335,Auckland,2018,property_damage,50,TRUE,curved_view_open,,fine,,daylight,giveway_sign,0,0,0,0,1,0,0,0,0,0,0,0,0,0,1,0,0,0,0,0
-40.62466011,175.2931465,Horowhenua District,2018,property_damage,50,TRUE,straight,,fine,,daylight,stop_sign,0,0,0,0,1,0,0,0,0,0,0,0,0,0,1,0,0,0,0,0
-43.53929066,172.6396669,Christchurch City,2018,property_damage,50,FALSE,straight,,fine,,daylight,,0,0,0,0,1,0,0,0,0,0,0,0,0,0,1,0,0,0,0,0
-43.49114127,172.592981,Christchurch City,2018,property_damage,50,TRUE,straight,,rain,,daylight,,0,0,0,0,1,0,0,0,0,0,0,0,0,0,1,0,0,0,0,0
-36.86511909,174.7760073,Auckland,2018,property_damage,50,FALSE,straight,,fine,,darkness_not_lit,,0,0,0,0,1,0,0,0,0,0,0,0,0,0,1,0,0,0,0,0
-37.78563481,175.2797555,Hamilton City,2018,property_damage,30,TRUE,straight,,fine,,daylight,,0,0,0,0,1,0,0,0,0,0,0,0,0,0,1,0,0,0,0,0
-43.53545863,172.6554947,Christchurch City,2018,property_damage,50,TRUE,straight,,rain,,darkness_not_lit,,0,0,0,0,1,0,0,0,0,0,0,0,0,0,1,0,0,0,0,0
-36.96195599,174.9336344,Auckland,2018,property_damage,50,TRUE,straight,,fine,,daylight,giveway_sign,0,0,0,0,1,0,0,0,0,0,0,0,0,0,1,0,0,0,0,0
-40.2819187,175.6295168,Palmerston North City,2018,property_damage,50,TRUE,straight,,fine,,dawn_dusk,stop_sign,0,0,0,0,1,0,0,0,0,0,0,0,0,0,1,0,0,0,0,0
-40.35246518,175.6005497,Palmerston North City,2018,property_damage,50,TRUE,straight,,fine,,daylight,giveway_sign,0,0,0,0,1,0,0,0,0,0,0,0,0,0,1,0,0,0,0,0
-37.05016143,174.928944,Auckland,2018,property_damage,50,TRUE,straight,,fine,,darkness_not_lit,giveway_sign,0,0,0,0,1,0,0,0,0,0,0,0,0,0,1,0,0,0,0,0
-37.79905789,175.3159757,Hamilton City,2018,property_damage,50,FALSE,straight,,fine,,daylight,,0,0,0,0,1,0,0,0,0,0,0,0,0,0,1,0,0,0,0,0
-36.86299357,174.6108142,Auckland,2018,property_damage,50,FALSE,curved_view_open,,mist,,darkness_not_lit,,0,0,0,0,1,0,0,0,0,0,0,0,0,0,1,0,0,0,0,0
-37.03450712,174.9076933,Auckland,2018,property_damage,50,FALSE,straight,,fine,,daylight,traffic_lights,0,0,0,0,1,0,0,0,0,0,0,0,0,0,1,0,0,0,0,0
-36.7755151,174.7431808,Auckland,2018,property_damage,50,FALSE,straight,,fine,,daylight,,0,0,0,0,1,0,0,0,0,0,0,0,0,0,1,0,0,0,0,0
-41.29128922,174.7929113,Wellington City,2018,property_damage,40,FALSE,curved_view_open,,rain,,daylight,,0,0,0,0,1,0,0,0,0,0,0,0,0,0,1,0,0,0,0,0
-36.74729674,174.7454206,Auckland,2018,property_damage,50,TRUE,straight,,fine,,daylight,giveway_sign,0,0,0,0,1,0,0,0,0,0,0,0,0,0,1,0,0,0,0,0
-39.07250125,174.0441908,New Plymouth District,2018,property_damage,50,TRUE,curved_view_open,,fine,,daylight,,0,0,0,0,1,0,0,0,0,0,0,0,0,0,1,0,0,0,0,0
-36.87361856,174.8556335,Auckland,2018,property_damage,50,FALSE,straight,,fine,,daylight,,0,0,0,0,1,0,0,0,0,0,0,0,0,0,1,0,0,0,0,0
-45.84525936,170.5791152,Dunedin City,2018,property_damage,50,TRUE,curved_view_open,,fine,,daylight,,0,0,0,0,1,0,0,0,0,0,0,0,0,0,1,0,0,0,0,0
-36.84574124,174.8212031,Auckland,2018,property_damage,50,FALSE,straight,,fine,,daylight,giveway_sign,0,0,0,0,1,0,0,0,0,0,0,0,0,0,1,0,0,0,0,0
-37.27600879,175.4989459,Hauraki District,2018,property_damage,80,FALSE,straight,,fine,,daylight,stop_sign,0,0,0,0,1,0,0,0,0,0,0,0,0,0,1,0,0,0,0,0