latitude,longitude,local_government_area,year,severity,speed_limit,intersection,road_position_horizontal,road_wet,weather,crash_type,lighting,traffic_controls,casualties,fatalities,serious_injuries,minor_injuries,car_sedan,car_utility,car_van,car_4x4,car_station_wagon,motor_cycle,truck_small,truck_large,bus,taxi,bicycle,scooter,pedestrian,inanimate,train,tram
-43.55474624,172.6161012,Christchurch City,2018,property_damage,50,FALSE,straight,,rain,,daylight,,0,0,0,0,1,0,0,0,0,0,0,0,0,0,1,0,0,0,0,0
-36.88956551,174.7325301,Auckland,2018,property_damage,50,FALSE,straight,,fine,,daylight,,0,0,0,0,1,0,0,0,0,0,0,0,0,0,1,0,0,0,0,0
-41.12051971,175.0619856,Upper Hutt City,2018,property_damage,50,FALSE,straight,,rain,,daylight,,0,0,0,0,1,0,0,0,0,0,0,0,0,0,1,0,0,0,0,0
-41.50920323,173.9559093,Marlborough District,2018,property_damage,50,FALSE,straight,,fine,,daylight,,0,0,0,0,1,0,0,0,0,0,0,0,0,0,1,0,0,0,0,0
-36.85144455,174.776689,Auckland,2018,property_damage,50,FALSE,straight,,fine,,daylight,,0,0,0,0,1,0,0,0,0,0,0,0,0,0,1,0,0,0,0,0
-39.93558109,174.98776,Wanganui District,2018,property_damage,50,FALSE,straight,,fine,,darkness_not_lit,,0,0,0,0,1,0,0,0,0,0,0,0,0,0,1,0,0,0,0,0
-43.52189561,172.579361,Christchurch City,2018,property_damage,40,FALSE,straight,,fine,,daylight,,0,0,0,0,1,0,0,0,0,0,0,0,0,0,1,0,0,0,0,0
-39.93689625,175.0533938,Wanganui District,2018,property_damage,50,FALSE,straight,,fine,,daylight,,0,0,0,0,1,0,0,0,0,0,0,0,0,0,1,0,0,0,0,0
-39.6382919,176.8521672,Hastings District,2018,property_damage,50,TRUE,curved_view_open,,fine,,daylight,giveway_sign,0,0,0,0,1,0,0,0,0,0,0,0,0,0,1,0,0,0,0,0
-37.78185362,175.3054924,Hamilton City,2018,property_damage,50,TRUE,curved_view_open,,fine,,daylight,giveway_sign,0,0,0,0,1,0,0,0,0,0,0,0,0,0,1,0,0,0,0,0
-41.33954503,173.1827331,Tasman District,2018,property_damage,50,FALSE,straight,,fine,,darkness_not_lit,giveway_sign,0,0,0,0,1,0,0,0,0,0,0,0,0,0,1,0,0,0,0,0
-37.79805565,175.3009084,Hamilton City,2018,property_damage,40,FALSE,straight,,fine,,daylight,,0,0,0,0,1,0,0,0,0,0,0,0,0,0,1,0,0,0,0,0
-40.54644119,175.411864,Horowhenua District,2018,property_damage,50,TRUE,straight,,fine,,darkness_not_lit,giveway_sign,0,0,0,0,1,0,0,0,0,0,0,0,0,0,1,0,0,0,0,0
-36.8618901,174.750032,Auckland,2018,property_damage,50,TRUE,straight,,fine,,daylight,,0,0,0,0,1,0,0,0,0,0,0,0,0,0,1,0,0,0,0,0
-39.45176921,173.8529966,South Taranaki District,2018,property_damage,50,FALSE,straight,,fine,,daylight,stop_sign,0,0,0,0,1,0,0,0,0,0,0,0,0,0,1,0,0,0,0,0
-41.30254943,174.7771545,Wellington City,2018,property_damage,50,FALSE,straight,,fine,,dawn_dusk,,0,0,0,0,1,0,0,0,0,0,0,0,0,0,1,0,0,0,0,0
-36.87758097,174.7029986,Auckland,2018,property_damage,50,FALSE,straight,,fine,,daylight,,0,0,0,0,1,0,0,0,0,0,0,0,0,0,1,0,0,0,0,0
-41.13072218,174.8393412,Porirua City,2018,property_damage,50,FALSE,straight,,fine,,daylight,giveway_sign,0,0,0,0,1,0,0,0,0,0,0,0,0,0,1,0,0,0,0,0
-46.44660298,168.3595687,Invercargill City,2018,property_damage,50,FALSE,straight,,fine,,darkness_not_lit,,0,0,0,0,1,0,0,0,0,0,0,0,0,0,1,0,0,0,0,0
-37.81954272,175.2831159,Hamilton City,2018,property_damage,50,FALSE,straight,,fine,,daylight,,0,0,0,0,1,0,0,0,0,0,0,0,0,0,1,0,0,0,0,0
-36.84684621,174.7677227,Auckland,2018,property_damage,50,TRUE,curved_view_open,,fine,,daylight,,0,0,0,0,1,0,0,0,0,0,0,0,0,0,1,0,0,0,0,0
-36.86822755,174.7706497,Auckland,2018,property_damage,50,FALSE,straight,,rain,,daylight,,0,0,0,0,1,0,0,0,0,0,0,0,0,0,1,0,0,0,0,0
-41.0207548,175.5313936,Carterton District,2018,property_damage,50,FALSE,straight,,,,daylight,,0,0,0,0,1,0,0,0,0,0,0,0,0,0,1,0,0,0,0,0
-41.33959096,174.771636,Wellington City,2018,property_damage,50,FALSE,straight,,fine,,darkness_not_lit,,0,0,0,0,1,0,0,0,0,0,0,0,0,0,1,0,0,0,0,0
-36.91300958,174.8834928,Auckland,2018,property_damage,50,TRUE,straight,,fine,,dawn_dusk,giveway_sign,0,0,0,0,1,0,0,0,0,0,0,0,0,0,1,0,0,0,0,0
-36.95051899,174.9062923,Auckland,2018,property_damage,50,FALSE,straight,,fine,,daylight,,0,0,0,0,1,0,0,0,0,0,0,0,0,0,1,0,0,0,0,0
-39.64459972,176.8515274,Hastings District,2018,minor_injury,50,TRUE,straight,,fine,,darkness_not_lit,giveway_sign,1,0,0,1,1,0,0,0,0,0,0,0,0,0,1,0,0,0,0,0
-39.05860911,174.0746368,New Plymouth District,2018,minor_injury,50,TRUE,straight,,fine,,daylight,stop_sign,1,0,0,1,1,0,0,0,0,0,0,0,0,0,1,0,0,0,0,0
-41.27953827,174.7770076,Wellington City,2018,minor_injury,50,TRUE,straight,,fine,,daylight,traffic_lights,1,0,0,1,1,0,0,0,0,0,0,0,0,0,1,0,0,0,0,0
-41.29117995,174.7796403,Wellington City,2018,minor_injury,50,TRUE,straight,,fine,,daylight,traffic_lights,1,0,0,1,1,0,0,0,0,0,0,0,0,0,1,0,0,0,0,0
-41.29117995,174.7796403,Wellington City,2018,minor_injury,50,TRUE,straight,,fine,,daylight,traffic_lights,1,0,0,1,1,0,0,0,0,0,0,0,0,0,1,0,0,0,0,0
-36.78550667,174.7563502,Auckland,2018,minor_injury,50,TRUE,straight,,rain,,darkness_not_lit,giveway_sign,1,0,0,1,1,0,0,0,0,0,0,0,0,0,1,0,0,0,0,0
-36.89057803,174.7942595,Auckland,2018,minor_injury,50,TRUE,straight,,fine,,daylight,traffic_lights,1,0,0,1,1,0,0,0,0,0,0,0,0,0,1,0,0,0,0,0
-36.89439491,174.7993427,Auckland,2018,minor_injury,50,TRUE,straight,,fine,,daylight,traffic_lights,1,0,0,1,1,0,0,0,0,0,0,0,0,0,1,0,0,0,0,0
-36.89439491,174.7993427,Auckland,2018,minor_injury,50,TRUE,straight,,fine,,daylight,traffic_lights,1,0,0,1,1,0,0,0,0,0,0,0,0,0,1,0,0,0,0,0
-36.98637385,174.8636839,Auckland,2018,minor_injury,50,TRUE,straight,,rain,,daylight,giveway_sign,1,0,0,1,1,0,0,0,0,0,0,0,0,0,1,0,0,0,0,0
-36.98637385,174.8636839,Auckland,2018,minor_injury,50,TRUE,straight,,rain,,daylight,giveway_sign,1,0,0,1,1,0,0,0,0,0,0,0,0,0,1,0,0,0,0,0
-36.89454644,174.6965525,Auckland,2018,minor_injury,50,TRUE,straight,,fine,,daylight,traffic_lights,1,0,0,1,1,0,0,0,0,0,0,0,0,0,1,0,0,0,0,0
-36.76193044,174.7487882,Auckland,2018,minor_injury,50,TRUE,straight,,rain,,daylight,giveway_sign,1,0,0,1,1,0,0,0,0,0,0,0,0,0,1,0,0,0,0,0
-36.76193044,174.7487882,Auckland,2018,minor_injury,50,TRUE,straight,,rain,,daylight,giveway_sign,1,0,0,1,1,0,0,0,0,0,0,0,0,0,1,0,0,0,0,0
-36.88936537,174.7711604,Auckland,2018,minor_injury,50,TRUE,curved_view_open,,fine,,darkness_not_lit,stop_sign,1,0,0,1,1,0,0,0,0,0,0,0,0,0,1,0,0,0,0,0
-35.72727026,174.3204077,Whangarei District,2018,minor_injury,50,TRUE,straight,,fine,,daylight,giveway_sign,1,0,0,1,1,0,0,0,0,0,0,0,0,0,1,0,0,0,0,0
-36.8110591,174.7914487,Auckland,2018,minor_injury,50,FALSE,straight,,fine,,daylight,,1,0,0,1,1,0,0,0,0,0,0,0,0,0,1,0,0,0,0,0
-36.89549841,174.7447056,Auckland,2018,minor_injury,50,TRUE,straight,,fine,,darkness_not_lit,giveway_sign,1,0,0,1,1,0,0,0,0,0,0,0,0,0,1,0,0,0,0,0
-36.91459806,174.8038134,Auckland,2018,minor_injury,50,TRUE,straight,,fine,,darkness_not_lit,giveway_sign,1,0,0,1,1,0,0,0,0,0,0,0,0,0,1,0,0,0,0,0
-36.85112792,174.7652754,Auckland,2018,minor_injury,50,TRUE,straight,,rain,,daylight,,1,0,0,1,1,0,0,0,0,0,0,0,0,0,1,0,0,0,0,0
-43.55542788,172.6518277,Christchurch City,2018,minor_injury,50,TRUE,straight,,fine,,daylight,giveway_sign,1,0,0,1,1,0,0,0,0,0,0,0,0,0,1,0,0,0,0,0
-43.50833753,172.6379212,Christchurch City,2018,minor_injury,50,FALSE,straight,,fine,,daylight,,1,0,0,1,1,0,0,0,0,0,0,0,0,0,1,0,0,0,0,0
-38.12746799,176.2374275,Rotorua District,2018,minor_injury,50,TRUE,straight,,rain,,daylight,giveway_sign,1,0,0,1,1,0,0,0,0,0,0,0,0,0,1,0,0,0,0,0
-36.81555656,174.6252453,Auckland,2018,minor_injury,50,TRUE,straight,,rain,,daylight,giveway_sign,1,0,0,1,1,0,0,0,0,0,0,0,0,0,1,0,0,0,0,0
-36.84489002,174.7567994,Auckland,2018,minor_injury,30,TRUE,straight,,fine,,daylight,,1,0,0,1,1,0,0,0,0,0,0,0,0,0,1,0,0,0,0,0
-43.55002057,172.6842936,Christchurch City,2018,minor_injury,50,TRUE,straight,,fine,,darkness_not_lit,giveway_sign,1,0,0,1,1,0,0,0,0,0,0,0,0,0,1,0,0,0,0,0
-43.5176007,172.6516989,Christchurch City,2018,minor_injury,50,TRUE,straight,,fine,,daylight,giveway_sign,1,0,0,1,1,0,0,0,0,0,0,0,0,0,1,0,0,0,0,0
-43.55030013,172.659347,Christchurch City,2018,minor_injury,50,TRUE,straight,,fine,,daylight,giveway_sign,1,0,0,1,1,0,0,0,0,0,0,0,0,0,1,0,0,0,0,0
-45.87451075,170.5033907,Dunedin City,2018,minor_injury,30,TRUE,straight,,fine,,daylight,traffic_lights,1,0,0,1,1,0,0,0,0,0,0,0,0,0,1,0,0,0,0,0
-36.60218459,174.6942406,Auckland,2018,minor_injury,50,TRUE,curved_view_open,,fine,,daylight,giveway_sign,1,0,0,1,1,0,0,0,0,0,0,0,0,0,1,0,0,0,0,0
-40.35297473,175.6087169,Palmerston North City,2018,minor_injury,50,TRUE,straight,,fine,,daylight,traffic_lights,1,0,0,1,1,0,0,0,0,0,0,0,0,0,1,0,0,0,0,0
-41.22689999,174.8724577,Hutt City,2018,minor_injury,50,TRUE,straight,,fine,,daylight,stop_sign,1,0,0,1,1,0,0,0,0,0,0,0,0,0,1,0,0,0,0,0
-39.50972626,176.8987303,Napier City,2018,minor_injury,50,TRUE,straight,,fine,,dawn_dusk,giveway_sign,1,0,0,1,1,0,0,0,0,0,0,0,0,0,1,0,0,0,0,0
-41.2856046,174.7767184,Wellington City,2018,minor_injury,50,TRUE,straight,,rain,,daylight,traffic_lights,1,0,0,1,1,0,0,0,0,0,0,0,0,0,1,0,0,0,0,0
-41.29059925,174.7711575,Wellington City,2018,minor_injury,50,TRUE,straight,,rain,,daylight,stop_sign,1,0,0,1,1,0,0,0,0,0,0,0,0,0,1,0,0,0,0,0
-41.22206727,174.8062411,Wellington City,2018,minor_injury,50,FALSE,straight,,rain,,daylight,,1,0,0,1,1,0,0,0,0,0,0,0,0,0,1,0,0,0,0,0
-39.63899663,176.8401495,Hastings District,2018,minor_injury,50,TRUE,straight,,fine,,daylight,traffic_lights,1,0,0,1,1,0,0,0,0,0,0,0,0,0,1,0,0,0,0,0
-41.53388077,173.9583584,Marlborough District,2018,minor_injury,50,TRUE,straight,,fine,,daylight,giveway_sign,1,0,0,1,1,0,0,0,0,0,0,0,0,0,1,0,0,0,0,0
-38.66798444,178.033895,Gisborne District,2018,minor_injury,50,TRUE,straight,,fine,,daylight,stop_sign,1,0,0,1,1,0,0,0,0,0,0,0,0,0,1,0,0,0,0,0
-38.66798444,178.033895,Gisborne District,2018,minor_injury,50,TRUE,straight,,fine,,daylight,stop_sign,1,0,0,1,1,0,0,0,0,0,0,0,0,0,1,0,0,0,0,0
-40.95301627,175.6588199,Masterton District,2018,minor_injury,50,TRUE,straight,,rain,,darkness_not_lit,giveway_sign,1,0,0,1,1,0,0,0,0,0,0,0,0,0,1,0,0,0,0,0
-40.95301627,175.6588199,Masterton District,2018,minor_injury,50,TRUE,straight,,rain,,darkness_not_lit,giveway_sign,1,0,0,1,1,0,0,0,0,0,0,0,0,0,1,0,0,0,0,0
-45.88560946,170.5054839,Dunedin City,2018,minor_injury,50,TRUE,straight,,fine,,daylight,giveway_sign,1,0,0,1,1,0,0,0,0,0,0,0,0,0,1,0,0,0,0,0
-43.53545442,172.6570914,Christchurch City,2018,minor_injury,50,TRUE,straight,,fine,,daylight,stop_sign,1,0,0,1,1,0,0,0,0,0,0,0,0,0,1,0,0,0,0,0
-43.54001633,172.6218017,Christchurch City,2018,minor_injury,50,TRUE,straight,,fine,,daylight,traffic_lights,1,0,0,1,1,0,0,0,0,0,0,0,0,0,1,0,0,0,0,0
-45.86169936,170.5156235,Dunedin City,2018,minor_injury,50,TRUE,straight,,rain,,darkness_not_lit,giveway_sign,1,0,0,1,1,0,0,0,0,0,0,0,0,0,1,0,0,0,0,0
-43.54997621,172.6009664,Christchurch City,2018,minor_injury,50,TRUE,curved_view_open,,rain,,darkness_not_lit,giveway_sign,1,0,0,1,1,0,0,0,0,0,0,0,0,0,1,0,0,0,0,0
-38.64401106,178.0015348,Gisborne District,2018,minor_injury,50,TRUE,straight,,fine,,daylight,giveway_sign,1,0,0,1,1,0,0,0,0,0,0,0,0,0,1,0,0,0,0,0
-40.22174008,175.5644004,Manawatu District,2018,minor_injury,50,TRUE,straight,,fine,,daylight,giveway_sign,1,0,0,1,1,0,0,0,0,0,0,0,0,0,1,0,0,0,0,0
-41.5135651,173.9588735,Marlborough District,2018,minor_injury,30,TRUE,straight,,fine,,darkness_not_lit,giveway_sign,1,0,0,1,1,0,0,0,0,0,0,0,0,0,1,0,0,0,0,0
-43.52576767,172.7206285,Christchurch City,2018,minor_injury,70,TRUE,straight,,rain,,darkness_not_lit,giveway_sign,1,0,0,1,1,0,0,0,0,0,0,0,0,0,1,0,0,0,0,0
-43.5513994,172.5985429,Christchurch City,2018,minor_injury,50,TRUE,straight,,fine,,daylight,giveway_sign,1,0,0,1,1,0,0,0,0,0,0,0,0,0,1,0,0,0,0,0
-39.53872191,176.8584673,Napier City,2018,minor_injury,50,TRUE,straight,,fine,,daylight,traffic_lights,1,0,0,1,1,0,0,0,0,0,0,0,0,0,1,0,0,0,0,0
-39.53872191,176.8584673,Napier City,2018,minor_injury,50,TRUE,straight,,fine,,daylight,traffic_lights,1,0,0,1,1,0,0,0,0,0,0,0,0,0,1,0,0,0,0,0
-44.69662053,169.1365657,Queenstown-Lakes District,2018,minor_injury,50,TRUE,straight,,fine,,dawn_dusk,stop_sign,1,0,0,1,1,0,0,0,0,0,0,0,0,0,1,0,0,0,0,0
-44.69662053,169.1365657,Queenstown-Lakes District,2018,minor_injury,50,TRUE,straight,,fine,,daylight,stop_sign,1,0,0,1,1,0,0,0,0,0,0,0,0,0,1,0,0,0,0,0
-39.9218189,175.0496319,Wanganui District,2018,minor_injury,50,TRUE,straight,,rain,,daylight,giveway_sign,1,0,0,1,1,0,0,0,0,0,0,0,0,0,1,0,0,0,0,0
-39.9218189,175.0496319,Wanganui District,2018,minor_injury,50,TRUE,straight,,rain,,daylight,giveway_sign,1,0,0,1,1,0,0,0,0,0,0,0,0,0,1,0,0,0,0,0
-36.76319686,174.7484809,Auckland,2018,minor_injury,50,TRUE,straight,,fine,,daylight,,1,0,0,1,1,0,0,0,0,0,0,0,0,0,1,0,0,0,0,0
-37.1035369,174.9520031,Auckland,2018,minor_injury,50,TRUE,curved_view_open,,fine,,daylight,giveway_sign,1,0,0,1,1,0,0,0,0,0,0,0,0,0,1,0,0,0,0,0
-36.61265979,174.7130751,Auckland,2018,minor_injury,60,TRUE,curved_view_open,,fine,,daylight,stop_sign,1,0,0,1,1,0,0,0,0,0,0,0,0,0,1,0,0,0,0,0
-41.30353767,174.7790686,Wellington City,2018,minor_injury,50,TRUE,straight,,fine,,daylight,giveway_sign,1,0,0,1,1,0,0,0,0,0,0,0,0,0,1,0,0,0,0,0
-41.30353767,174.7790686,Wellington City,2018,minor_injury,50,TRUE,straight,,rain,,daylight,giveway_sign,1,0,0,1,1,0,0,0,0,0,0,0,0,0,1,0,0,0,0,0
-43.54644938,172.6955399,Christchurch City,2018,minor_injury,60,TRUE,straight,,fine,,daylight,traffic_lights,1,0,0,1,1,0,0,0,0,0,0,0,0,0,1,0,0,0,0,0
-43.53819522,172.5873053,Christchurch City,2018,minor_injury,60,TRUE,straight,,fine,,daylight,traffic_lights,1,0,0,1,1,0,0,0,0,0,0,0,0,0,1,0,0,0,0,0
-43.53819522,172.5873053,Christchurch City,2018,minor_injury,60,TRUE,straight,,fine,,daylight,traffic_lights,1,0,0,1,1,0,0,0,0,0,0,0,0,0,1,0,0,0,0,0
-43.53819522,172.5873053,Christchurch City,2018,minor_injury,60,TRUE,straight,,fine,,daylight,traffic_lights,1,0,0,1,1,0,0,0,0,0,0,0,0,0,1,0,0,0,0,0
-37.64724834,176.1989635,Tauranga City,2018,minor_injury,50,TRUE,straight,,fine,,daylight,giveway_sign,1,0,0,1,1,0,0,0,0,0,0,0,0,0,1,0,0,0,0,0
-37.69710582,176.1485734,Tauranga City,2018,minor_injury,50,TRUE,straight,,fine,,daylight,giveway_sign,1,0,0,1,1,0,0,0,0,0,0,0,0,0,1,0,0,0,0,0
-36.86530407,174.7768978,Auckland,2018,minor_injury,50,TRUE,straight,,fine,,daylight,,1,0,0,1,1,0,0,0,0,0,0,0,0,0,1,0,0,0,0,0
-36.8515151,174.7488421,Auckland,2018,minor_injury,50,TRUE,curved_view_open,,fine,,daylight,giveway_sign,1,0,0,1,1,0,0,0,0,0,0,0,0,0,1,0,0,0,0,0
-39.33820259,174.2828465,Stratford District,2018,minor_injury,50,TRUE,straight,,fine,,daylight,stop_sign,1,0,0,1,1,0,0,0,0,0,0,0,0,0,1,0,0,0,0,0
-41.52827314,173.9578921,Marlborough District,2018,minor_injury,50,TRUE,straight,,fine,,daylight,giveway_sign,1,0,0,1,1,0,0,0,0,0,0,0,0,0,1,0,0,0,0,0
-43.53197006,172.6571854,Christchurch City,2018,minor_injury,50,TRUE,straight,,fine,,daylight,giveway_sign,1,0,0,1,1,0,0,0,0,0,0,0,0,0,1,0,0,0,0,0
-36.90846167,174.7834095,Auckland,2018,minor_injury,50,TRUE,straight,,fine,,daylight,giveway_sign,1,0,0,1,1,0,0,0,0,0,0,0,0,0,1,0,0,0,0,0
-36.86587198,174.8518565,Auckland,2018,minor_injury,50,TRUE,straight,,mist,,daylight,giveway_sign,1,0,0,1,1,0,0,0,0,0,0,0,0,0,1,0,0,0,0,0
-36.86587198,174.8518565,Auckland,2018,minor_injury,50,TRUE,straight,,mist,,daylight,giveway_sign,1,0,0,1,1,0,0,0,0,0,0,0,0,0,1,0,0,0,0,0
-36.87496392,174.7257042,Auckland,2018,minor_injury,50,TRUE,straight,,fine,,daylight,giveway_sign,1,0,0,1,1,0,0,0,0,0,0,0,0,0,1,0,0,0,0,0
-36.87416725,174.8359801,Auckland,2018,minor_injury,50,TRUE,straight,,fine,,daylight,giveway_sign,1,0,0,1,1,0,0,0,0,0,0,0,0,0,1,0,0,0,0,0
-38.67354132,178.041372,Gisborne District,2018,minor_injury,50,TRUE,straight,,fine,,daylight,stop_sign,1,0,0,1,1,0,0,0,0,0,0,0,0,0,1,0,0,0,0,0
-40.37493129,175.5945002,Palmerston North City,2018,minor_injury,50,TRUE,straight,,rain,,darkness_not_lit,giveway_sign,1,0,0,1,1,0,0,0,0,0,0,0,0,0,1,0,0,0,0,0
-43.53684055,172.6786071,Christchurch City,2018,minor_injury,60,TRUE,straight,,fine,,daylight,stop_sign,1,0,0,1,1,0,0,0,0,0,0,0,0,0,1,0,0,0,0,0
-38.15346553,176.2508997,Rotorua District,2018,minor_injury,50,TRUE,straight,,fine,,daylight,stop_sign,1,0,0,1,1,0,0,0,0,0,0,0,0,0,1,0,0,0,0,0
-40.3502271,175.6341477,Palmerston North City,2018,minor_injury,50,TRUE,straight,,fine,,daylight,,1,0,0,1,1,0,0,0,0,0,0,0,0,0,1,0,0,0,0,0
-41.28025179,174.7675224,Wellington City,2018,minor_injury,50,TRUE,straight,,rain,,daylight,,1,0,0,1,1,0,0,0,0,0,0,0,0,0,1,0,0,0,0,0
-38.13688204,176.2472316,Rotorua District,2018,minor_injury,50,TRUE,curved_view_open,,fine,,daylight,giveway_sign,1,0,0,1,1,0,0,0,0,0,0,0,0,0,1,0,0,0,0,0
-36.80175448,174.6913197,Auckland,2018,minor_injury,50,TRUE,straight,,fine,,daylight,,1,0,0,1,1,0,0,0,0,0,0,0,0,0,1,0,0,0,0,0
-37.75008635,175.2368874,Hamilton City,2018,minor_injury,60,TRUE,curved_view_open,,fine,,daylight,giveway_sign,1,0,0,1,1,0,0,0,0,0,0,0,0,0,1,0,0,0,0,0
-37.82444485,175.3706519,Waikato District,2018,minor_injury,80,TRUE,curved_view_open,,fine,,daylight,stop_sign,1,0,0,1,1,0,0,0,0,0,0,0,0,0,1,0,0,0,0,0
-36.85468466,174.7373841,Auckland,2018,minor_injury,50,TRUE,straight,,rain,,darkness_not_lit,stop_sign,1,0,0,1,1,0,0,0,0,0,0,0,0,0,1,0,0,0,0,0
-40.91895619,174.9999068,Kapiti Coast District,2018,minor_injury,50,TRUE,straight,,fine,,daylight,giveway_sign,1,0,0,1,1,0,0,0,0,0,0,0,0,0,1,0,0,0,0,0
-41.26717536,173.2779574,Nelson City,2018,minor_injury,50,TRUE,straight,,rain,,daylight,giveway_sign,1,0,0,1,1,0,0,0,0,0,0,0,0,0,1,0,0,0,0,0
-41.26717536,173.2779574,Nelson City,2018,minor_injury,50,TRUE,straight,,rain,,daylight,giveway_sign,1,0,0,1,1,0,0,0,0,0,0,0,0,0,1,0,0,0,0,0
-37.21868723,175.1144972,Waikato District,2018,minor_injury,80,TRUE,curved_view_open,,fine,,daylight,giveway_sign,1,0,0,1,1,0,0,0,0,0,0,0,0,0,1,0,0,0,0,0
-41.2739448,173.2760518,Nelson City,2018,minor_injury,50,TRUE,straight,,fine,,daylight,giveway_sign,1,0,0,1,1,0,0,0,0,0,0,0,0,0,1,0,0,0,0,0
-41.31645326,174.8165868,Wellington City,2018,minor_injury,30,TRUE,straight,,rain,,daylight,giveway_sign,1,0,0,1,1,0,0,0,0,0,0,0,0,0,1,0,0,0,0,0
-40.89617524,175.0103076,Kapiti Coast District,2018,minor_injury,50,TRUE,straight,,rain,,daylight,giveway_sign,1,0,0,1,1,0,0,0,0,0,0,0,0,0,1,0,0,0,0,0
-41.28468885,174.7375862,Wellington City,2018,minor_injury,50,TRUE,straight,,fine,,darkness_not_lit,traffic_lights,1,0,0,1,1,0,0,0,0,0,0,0,0,0,1,0,0,0,0,0
-45.2478318,169.3843363,Central Otago District,2018,minor_injury,50,TRUE,straight,,fine,,darkness_not_lit,giveway_sign,1,0,0,1,1,0,0,0,0,0,0,0,0,0,1,0,0,0,0,0
-36.9735415,174.8502839,Auckland,2018,minor_injury,50,TRUE,curved_view_open,,fine,,daylight,giveway_sign,1,0,0,1,1,0,0,0,0,0,0,0,0,0,1,0,0,0,0,0
-43.50891471,172.5851791,Christchurch City,2018,minor_injury,50,TRUE,curved_view_open,,fine,,daylight,giveway_sign,1,0,0,1,1,0,0,0,0,0,0,0,0,0,1,0,0,0,0,0
-43.50891471,172.5851791,Christchurch City,2018,minor_injury,50,TRUE,straight,,rain,,daylight,giveway_sign,1,0,0,1,1,0,0,0,0,0,0,0,0,0,1,0,0,0,0,0
-43.51002038,172.5629276,Christchurch City,2018,minor_injury,50,TRUE,straight,,fine,,daylight,giveway_sign,1,0,0,1,1,0,0,0,0,0,0,0,0,0,1,0,0,0,0,0
-44.39478884,171.2458753,Timaru District,2018,minor_injury,50,TRUE,straight,,rain,,daylight,giveway_sign,1,0,0,1,1,0,0,0,0,0,0,0,0,0,1,0,0,0,0,0
-38.13378706,176.2965172,Rotorua District,2018,minor_injury,60,TRUE,straight,,fine,,daylight,giveway_sign,1,0,0,1,1,0,0,0,0,0,0,0,0,0,1,0,0,0,0,0
-38.13378706,176.2965172,Rotorua District,2018,minor_injury,60,TRUE,straight,,fine,,daylight,giveway_sign,1,0,0,1,1,0,0,0,0,0,0,0,0,0,1,0,0,0,0,0
-41.21531552,174.9265685,Hutt City,2018,minor_injury,50,FALSE,straight,,fine,,dawn_dusk,,1,0,0,1,1,0,0,0,0,0,0,0,0,0,1,0,0,0,0,0
-43.51030174,172.5564924,Christchurch City,2018,minor_injury,50,TRUE,straight,,fine,,daylight,giveway_sign,1,0,0,1,1,0,0,0,0,0,0,0,0,0,1,0,0,0,0,0
-45.09600689,170.9691049,Waitaki District,2018,minor_injury,50,FALSE,straight,,fine,,daylight,,1,0,0,1,1,0,0,0,0,0,0,0,0,0,1,0,0,0,0,0
-46.4114472,168.3711596,Invercargill City,2018,minor_injury,50,TRUE,straight,,fine,,daylight,traffic_lights,1,0,0,1,1,0,0,0,0,0,0,0,0,0,1,0,0,0,0,0
-39.08112186,174.0604805,New Plymouth District,2018,minor_injury,50,TRUE,straight,,fine,,dawn_dusk,,1,0,0,1,1,0,0,0,0,0,0,0,0,0,1,0,0,0,0,0
-43.56452818,172.6091295,Christchurch City,2018,minor_injury,50,TRUE,curved_view_open,,fine,,daylight,giveway_sign,1,0,0,1,1,0,0,0,0,0,0,0,0,0,1,0,0,0,0,0
-43.56452818,172.6091295,Christchurch City,2018,minor_injury,50,TRUE,curved_view_open,,fine,,daylight,giveway_sign,1,0,0,1,1,0,0,0,0,0,0,0,0,0,1,0,0,0,0,0
-43.50457253,172.6550024,Christchurch City,2018,minor_injury,50,TRUE,straight,,fine,,darkness_not_lit,,1,0,0,1,1,0,0,0,0,0,0,0,0,0,1,0,0,0,0,0
-36.89806755,174.9042907,Auckland,2018,minor_injury,50,TRUE,straight,,fine,,darkness_not_lit,traffic_lights,1,0,0,1,1,0,0,0,0,0,0,0,0,0,1,0,0,0,0,0
-36.89806755,174.9042907,Auckland,2018,minor_injury,50,TRUE,straight,,fine,,darkness_not_lit,traffic_lights,1,0,0,1,1,0,0,0,0,0,0,0,0,0,1,0,0,0,0,0
-43.51886359,172.5515669,Christchurch City,2018,minor_injury,50,TRUE,straight,,fine,,daylight,giveway_sign,1,0,0,1,1,0,0,0,0,0,0,0,0,0,1,0,0,0,0,0
-43.52898942,172.5692753,Christchurch City,2018,minor_injury,50,TRUE,straight,,fine,,daylight,stop_sign,1,0,0,1,1,0,0,0,0,0,0,0,0,0,1,0,0,0,0,0
-41.03918583,175.5247008,Carterton District,2018,minor_injury,100,TRUE,straight,,fine,,daylight,giveway_sign,1,0,0,1,1,0,0,0,0,0,0,0,0,0,1,0,0,0,0,0
-43.50982101,172.6178706,Christchurch City,2018,minor_injury,50,TRUE,straight,,fine,,daylight,,1,0,0,1,1,0,0,0,0,0,0,0,0,0,1,0,0,0,0,0
-36.88619506,174.6443362,Auckland,2018,minor_injury,50,TRUE,straight,,fine,,daylight,giveway_sign,1,0,0,1,1,0,0,0,0,0,0,0,0,0,1,0,0,0,0,0
-41.29327894,174.7784554,Wellington City,2018,minor_injury,30,TRUE,straight,,,,daylight,,1,0,0,1,1,0,0,0,0,0,0,0,0,0,1,0,0,0,0,0
-43.52659272,172.6305851,Christchurch City,2018,minor_injury,50,TRUE,curved_view_open,,fine,,daylight,,1,0,0,1,1,0,0,0,0,0,0,0,0,0,1,0,0,0,0,0