latitude,longitude,local_government_area,year,severity,speed_limit,intersection,road_position_horizontal,road_wet,weather,crash_type,lighting,traffic_controls,casualties,fatalities,serious_injuries,minor_injuries,car_sedan,car_utility,car_van,car_4x4,car_station_wagon,motor_cycle,truck_small,truck_large,bus,taxi,bicycle,scooter,pedestrian,inanimate,train,tram
-43.44679019,172.6314171,Christchurch City,2018,minor_injury,60,TRUE,straight,,fine,,daylight,giveway_sign,1,0,0,1,1,0,0,0,0,0,0,0,0,0,1,0,0,0,0,0
-43.54969926,172.6367328,Christchurch City,2018,minor_injury,50,FALSE,straight,,fine,,daylight,traffic_lights,1,0,0,1,1,0,0,0,0,0,0,0,0,0,1,0,0,0,0,0
-36.93045985,174.6797999,Auckland,2018,minor_injury,50,TRUE,straight,,fine,,daylight,,1,0,0,1,1,0,0,0,0,0,0,0,0,0,1,0,0,0,0,0
-36.87380791,174.7517287,Auckland,2018,minor_injury,50,TRUE,straight,,fine,,daylight,stop_sign,1,0,0,1,1,0,0,0,0,0,0,0,0,0,1,0,0,0,0,0
-39.61960165,176.7873914,Hastings District,2018,minor_injury,50,TRUE,straight,,fine,,daylight,giveway_sign,1,0,0,1,1,0,0,0,0,0,0,0,0,0,1,0,0,0,0,0
-43.49699224,172.6495167,Christchurch City,2018,minor_injury,50,TRUE,curved_view_open,,fine,,daylight,stop_sign,1,0,0,1,1,0,0,0,0,0,0,0,0,0,1,0,0,0,0,0
-37.68848916,176.1688546,Tauranga City,2018,minor_injury,50,TRUE,straight,,fine,,daylight,giveway_sign,1,0,0,1,1,0,0,0,0,0,0,0,0,0,1,0,0,0,0,0
-43.56296383,172.657604,Christchurch City,2018,minor_injury,50,TRUE,straight,,fine,,darkness_not_lit,giveway_sign,1,0,0,1,1,0,0,0,0,0,0,0,0,0,1,0,0,0,0,0
-45.87691426,170.5145457,Dunedin City,2018,minor_injury,50,TRUE,straight,,fine,,daylight,,1,0,0,1,1,0,0,0,0,0,0,0,0,0,1,0,0,0,0,0
-37.71448509,176.3080217,Tauranga City,2018,minor_injury,70,TRUE,straight,,fine,,daylight,giveway_sign,1,0,0,1,1,0,0,0,0,0,0,0,0,0,1,0,0,0,0,0
-36.88201256,174.7758488,Auckland,2018,minor_injury,50,FALSE,straight,,fine,,daylight,,1,0,0,1,1,0,0,0,0,0,0,0,0,0,1,0,0,0,0,0
-36.86068619,174.753437,Auckland,2018,minor_injury,50,TRUE,straight,,fine,,daylight,stop_sign,1,0,0,1,1,0,0,0,0,0,0,0,0,0,1,0,0,0,0,0
-36.86068619,174.753437,Auckland,2018,minor_injury,50,TRUE,straight,,fine,,daylight,giveway_sign,1,0,0,1,1,0,0,0,0,0,0,0,0,0,1,0,0,0,0,0
-36.8572738,174.764755,Auckland,2018,minor_injury,50,TRUE,straight,,fine,,daylight,giveway_sign,1,0,0,1,1,0,0,0,0,0,0,0,0,0,1,0,0,0,0,0
-37.76398165,175.2894428,Hamilton City,2018,minor_injury,50,TRUE,straight,,fine,,daylight,giveway_sign,1,0,0,1,1,0,0,0,0,0,0,0,0,0,1,0,0,0,0,0
-37.70796243,176.1536374,Tauranga City,2018,minor_injury,50,TRUE,straight,,rain,,daylight,giveway_sign,1,0,0,1,1,0,0,0,0,0,0,0,0,0,1,0,0,0,0,0
-36.89372347,174.7452712,Auckland,2018,minor_injury,50,TRUE,straight,,fine,,daylight,stop_sign,1,0,0,1,1,0,0,0,0,0,0,0,0,0,1,0,0,0,0,0
-37.69958181,176.1620927,Tauranga City,2018,minor_injury,50,TRUE,straight,,fine,,daylight,giveway_sign,1,0,0,1,1,0,0,0,0,0,0,0,0,0,1,0,0,0,0,0
-40.95869585,175.6456817,Masterton District,2018,minor_injury,50,TRUE,curved_view_open,,fine,,daylight,giveway_sign,1,0,0,1,1,0,0,0,0,0,0,0,0,0,1,0,0,0,0,0
-40.84839092,172.8078629,Tasman District,2018,minor_injury,50,TRUE,curved_view_open,,rain,,daylight,giveway_sign,1,0,0,1,1,0,0,0,0,0,0,0,0,0,1,0,0,0,0,0
-39.06603462,174.0468465,New Plymouth District,2018,minor_injury,50,TRUE,straight,,fine,,darkness_not_lit,giveway_sign,1,0,0,1,1,0,0,0,0,0,0,0,0,0,1,0,0,0,0,0
-41.19736375,174.9378596,Hutt City,2018,minor_injury,50,TRUE,curved_view_open,,fine,,daylight,giveway_sign,1,0,0,1,1,0,0,0,0,0,0,0,0,0,1,0,0,0,0,0
-41.19736375,174.9378596,Hutt City,2018,minor_injury,50,TRUE,straight,,rain,,darkness_not_lit,giveway_sign,1,0,0,1,1,0,0,0,0,0,0,0,0,0,1,0,0,0,0,0
-39.4951499,176.8934741,Napier City,2018,minor_injury,50,TRUE,curved_view_open,,fine,,daylight,giveway_sign,1,0,0,1,1,0,0,0,0,0,0,0,0,0,1,0,0,0,0,0
-43.52442265,172.6305736,Christchurch City,2018,minor_injury,50,TRUE,straight,,fine,,daylight,traffic_lights,1,0,0,1,1,0,0,0,0,0,0,0,0,0,1,0,0,0,0,0
-43.54940782,172.6218296,Christchurch City,2018,minor_injury,50,TRUE,curved_view_open,,fine,,daylight,giveway_sign,1,0,0,1,1,0,0,0,0,0,0,0,0,0,1,0,0,0,0,0
-46.41796401,168.3536615,Invercargill City,2018,minor_injury,50,TRUE,curved_view_open,,fine,,daylight,giveway_sign,1,0,0,1,1,0,0,0,0,0,0,0,0,0,1,0,0,0,0,0
-36.90918968,174.7624149,Auckland,2018,minor_injury,50,TRUE,straight,,fine,,daylight,traffic_lights,1,0,0,1,1,0,0,0,0,0,0,0,0,0,1,0,0,0,0,0
-37.68883857,176.1652414,Tauranga City,2018,minor_injury,50,TRUE,straight,,fine,,daylight,giveway_sign,1,0,0,1,1,0,0,0,0,0,0,0,0,0,1,0,0,0,0,0
-36.98726965,174.8817386,Auckland,2018,minor_injury,50,FALSE,straight,,fine,,daylight,,1,0,0,1,1,0,0,0,0,0,0,0,0,0,1,0,0,0,0,0
-40.3632539,175.6050625,Palmerston North City,2018,minor_injury,50,TRUE,curved_view_open,,fine,,daylight,giveway_sign,1,0,0,1,1,0,0,0,0,0,0,0,0,0,1,0,0,0,0,0
-41.49895653,173.9368646,Marlborough District,2018,minor_injury,70,TRUE,straight,,fine,,daylight,giveway_sign,1,0,0,1,1,0,0,0,0,0,0,0,0,0,1,0,0,0,0,0
-43.51987538,172.5784718,Christchurch City,2018,minor_injury,50,FALSE,straight,,fine,,daylight,,1,0,0,1,1,0,0,0,0,0,0,0,0,0,1,0,0,0,0,0
-43.56753048,172.6348177,Christchurch City,2018,minor_injury,50,TRUE,straight,,fine,,daylight,giveway_sign,1,0,0,1,1,0,0,0,0,0,0,0,0,0,1,0,0,0,0,0
-43.56753048,172.6348177,Christchurch City,2018,minor_injury,50,TRUE,straight,,rain,,daylight,giveway_sign,1,0,0,1,1,0,0,0,0,0,0,0,0,0,1,0,0,0,0,0
-43.55753899,172.6192282,Christchurch City,2018,minor_injury,50,TRUE,straight,,fine,,daylight,traffic_lights,1,0,0,1,1,0,0,0,0,0,0,0,0,0,1,0,0,0,0,0
-36.86080655,174.751387,Auckland,2018,minor_injury,50,TRUE,straight,,rain,,daylight,stop_sign,1,0,0,1,1,0,0,0,0,0,0,0,0,0,1,0,0,0,0,0
-36.85786475,174.7601586,Auckland,2018,minor_injury,50,FALSE,straight,,fine,,daylight,,1,0,0,1,1,0,0,0,0,0,0,0,0,0,1,0,0,0,0,0
-37.03913541,174.9308011,Auckland,2018,minor_injury,50,TRUE,straight,,fine,,daylight,giveway_sign,1,0,0,1,1,0,0,0,0,0,0,0,0,0,1,0,0,0,0,0
-40.34656945,175.6230801,Palmerston North City,2018,minor_injury,50,TRUE,straight,,fine,,darkness_not_lit,giveway_sign,1,0,0,1,1,0,0,0,0,0,0,0,0,0,1,0,0,0,0,0
-43.49959009,172.5862325,Christchurch City,2018,minor_injury,50,TRUE,straight,,fine,,daylight,traffic_lights,1,0,0,1,1,0,0,0,0,0,0,0,0,0,1,0,0,0,0,0
-43.49287726,172.6053003,Christchurch City,2018,minor_injury,50,TRUE,straight,,fine,,daylight,giveway_sign,1,0,0,1,1,0,0,0,0,0,0,0,0,0,1,0,0,0,0,0
-36.86093539,174.7688549,Auckland,2018,minor_injury,50,TRUE,straight,,rain,,darkness_not_lit,,1,0,0,1,1,0,0,0,0,0,0,0,0,0,1,0,0,0,0,0
-37.0663257,174.9551089,Auckland,2018,minor_injury,50,TRUE,straight,,fine,,daylight,giveway_sign,1,0,0,1,1,0,0,0,0,0,0,0,0,0,1,0,0,0,0,0
-41.3074807,173.2310849,Nelson City,2018,minor_injury,50,FALSE,straight,,fine,,daylight,,1,0,0,1,1,0,0,0,0,0,0,0,0,0,1,0,0,0,0,0
-36.72298901,174.7036092,Auckland,2018,minor_injury,60,TRUE,curved_view_open,,fine,,daylight,giveway_sign,1,0,0,1,1,0,0,0,0,0,0,0,0,0,1,0,0,0,0,0
-37.78522418,175.2711588,Hamilton City,2018,minor_injury,50,TRUE,curved_view_open,,fine,,daylight,giveway_sign,1,0,0,1,1,0,0,0,0,0,0,0,0,0,1,0,0,0,0,0
-39.05127163,174.1095529,New Plymouth District,2018,minor_injury,60,TRUE,straight,,fine,,daylight,stop_sign,1,0,0,1,1,0,0,0,0,0,0,0,0,0,1,0,0,0,0,0
-43.54176004,172.6049072,Christchurch City,2018,minor_injury,50,TRUE,straight,,fine,,daylight,,1,0,0,1,1,0,0,0,0,0,0,0,0,0,1,0,0,0,0,0
-43.56250608,172.6641692,Christchurch City,2018,minor_injury,50,TRUE,straight,,fine,,daylight,,1,0,0,1,1,0,0,0,0,0,0,0,0,0,1,0,0,0,0,0
-40.62243334,175.2882471,Horowhenua District,2018,minor_injury,50,TRUE,straight,,fine,,darkness_not_lit,giveway_sign,1,0,0,1,1,0,0,0,0,0,0,0,0,0,1,0,0,0,0,0
-43.54364,172.6069621,Christchurch City,2018,minor_injury,50,TRUE,straight,,rain,,daylight,,1,0,0,1,1,0,0,0,0,0,0,0,0,0,1,0,0,0,0,0
-36.86478465,174.7462728,Auckland,2018,minor_injury,50,TRUE,straight,,rain,,darkness_not_lit,stop_sign,1,0,0,1,1,0,0,0,0,0,0,0,0,0,1,0,0,0,0,0
-36.87192933,174.6218393,Auckland,2018,minor_injury,50,FALSE,straight,,fine,,daylight,giveway_sign,1,0,0,1,1,0,0,0,0,0,0,0,0,0,1,0,0,0,0,0
-41.31019521,174.8210241,Wellington City,2018,minor_injury,50,TRUE,straight,,fine,,darkness_not_lit,giveway_sign,1,0,0,1,1,0,0,0,0,0,0,0,0,0,1,0,0,0,0,0
-41.13345453,173.0099247,Tasman District,2018,minor_injury,50,TRUE,straight,,fine,,daylight,giveway_sign,1,0,0,1,1,0,0,0,0,0,0,0,0,0,1,0,0,0,0,0
-41.28613919,174.7741774,Wellington City,2018,minor_injury,50,TRUE,straight,,rain,,daylight,giveway_sign,1,0,0,1,1,0,0,0,0,0,0,0,0,0,1,0,0,0,0,0
-36.89943004,174.7568147,Auckland,2018,minor_injury,50,TRUE,curved_view_open,,rain,,darkness_not_lit,giveway_sign,1,0,0,1,1,0,0,0,0,0,0,0,0,0,1,0,0,0,0,0
-41.11185313,173.0110649,Tasman District,2018,minor_injury,50,TRUE,straight,,fine,,daylight,,1,0,0,1,1,0,0,0,0,0,0,0,0,0,1,0,0,0,0,0
-37.96104744,176.9739122,Whakatane District,2018,minor_injury,50,TRUE,straight,,fine,,daylight,giveway_sign,1,0,0,1,1,0,0,0,0,0,0,0,0,0,1,0,0,0,0,0
-43.48278562,172.6810207,Christchurch City,2018,minor_injury,50,TRUE,straight,,rain,,daylight,giveway_sign,1,0,0,1,1,0,0,0,0,0,0,0,0,0,1,0,0,0,0,0
-40.36591511,175.6072848,Palmerston North City,2018,minor_injury,50,TRUE,curved_view_open,,fine,,dawn_dusk,giveway_sign,1,0,0,1,1,0,0,0,0,0,0,0,0,0,1,0,0,0,0,0
-41.22050541,174.8076178,Wellington City,2018,minor_injury,50,TRUE,straight,,fine,,daylight,giveway_sign,1,0,0,1,1,0,0,0,0,0,0,0,0,0,1,0,0,0,0,0
-39.53712388,176.848003,Napier City,2018,minor_injury,50,TRUE,straight,,fine,,daylight,giveway_sign,1,0,0,1,1,0,0,0,0,0,0,0,0,0,1,0,0,0,0,0
-43.52036083,172.5341833,Christchurch City,2018,minor_injury,60,TRUE,straight,,fine,,daylight,traffic_lights,1,0,0,1,1,0,0,0,0,0,0,0,0,0,1,0,0,0,0,0
-36.88564618,174.6252713,Auckland,2018,minor_injury,50,FALSE,straight,,fine,,daylight,,1,0,0,1,1,0,0,0,0,0,0,0,0,0,1,0,0,0,0,0
-37.70080799,176.2826031,Tauranga City,2018,minor_injury,50,TRUE,curved_view_open,,fine,,daylight,giveway_sign,1,0,0,1,1,0,0,0,0,0,0,0,0,0,1,0,0,0,0,0
-37.79063979,175.2916395,Hamilton City,2018,minor_injury,50,FALSE,straight,,fine,,daylight,,1,0,0,1,1,0,0,0,0,0,0,0,0,0,1,0,0,0,0,0
-36.86684542,174.701773,Auckland,2018,minor_injury,50,TRUE,straight,,fine,,daylight,,1,0,0,1,1,0,0,0,0,0,0,0,0,0,1,0,0,0,0,0
-40.93708019,174.9800351,Kapiti Coast District,2018,minor_injury,50,TRUE,straight,,fine,,daylight,giveway_sign,1,0,0,1,1,0,0,0,0,0,0,0,0,0,1,0,0,0,0,0
-43.29572865,172.5885296,Waimakariri District,2018,minor_injury,50,TRUE,straight,,fine,,daylight,giveway_sign,1,0,0,1,1,0,0,0,0,0,0,0,0,0,1,0,0,0,0,0
-43.51523483,172.5775638,Christchurch City,2018,minor_injury,50,TRUE,straight,,fine,,darkness_not_lit,giveway_sign,1,0,0,1,1,0,0,0,0,0,0,0,0,0,1,0,0,0,0,0
-45.8825521,170.4908258,Dunedin City,2018,minor_injury,50,TRUE,curved_view_open,,fine,,daylight,giveway_sign,1,0,0,1,1,0,0,0,0,0,0,0,0,0,1,0,0,0,0,0
-37.69966159,176.1621415,Tauranga City,2018,minor_injury,50,TRUE,straight,,fine,,daylight,giveway_sign,1,0,0,1,1,0,0,0,0,0,0,0,0,0,1,0,0,0,0,0
-36.99017471,174.8678665,Auckland,2018,minor_injury,60,FALSE,curved_view_open,,fine,,daylight,,1,0,0,1,1,0,0,0,0,0,0,0,0,0,1,0,0,0,0,0
-40.62820726,175.2805112,Horowhenua District,2018,minor_injury,50,FALSE,straight,,fine,,daylight,,1,0,0,1,1,0,0,0,0,0,0,0,0,0,1,0,0,0,0,0
-41.20218801,174.9078768,Hutt City,2018,minor_injury,100,FALSE,straight,,mist,,darkness_not_lit,,1,0,0,1,1,0,0,0,0,0,0,0,0,0,1,0,0,0,0,0
-37.0132797,174.8920457,Auckland,2018,minor_injury,50,FALSE,straight,,fine,,dawn_dusk,,1,0,0,1,1,0,0,0,0,0,0,0,0,0,1,0,0,0,0,0
-43.50689024,172.7262206,Christchurch City,2018,minor_injury,50,TRUE,straight,,fine,,daylight,giveway_sign,1,0,0,1,1,0,0,0,0,0,0,0,0,0,1,0,0,0,0,0
-36.74471575,174.7326836,Auckland,2018,minor_injury,50,FALSE,straight,,fine,,daylight,,1,0,0,1,1,0,0,0,0,0,0,0,0,0,1,0,0,0,0,0
-41.28770476,174.7572626,Wellington City,2018,minor_injury,50,FALSE,curved_view_open,,fine,,daylight,,1,0,0,1,1,0,0,0,0,0,0,0,0,0,1,0,0,0,0,0
-41.20024664,174.9410334,Hutt City,2018,minor_injury,50,FALSE,straight,,fine,,daylight,,1,0,0,1,1,0,0,0,0,0,0,0,0,0,1,0,0,0,0,0
-36.89220872,174.8262456,Auckland,2018,minor_injury,50,TRUE,straight,,fine,,daylight,stop_sign,1,0,0,1,1,0,0,0,0,0,0,0,0,0,1,0,0,0,0,0
-46.40641161,168.3582099,Invercargill City,2018,minor_injury,50,FALSE,straight,,fine,,daylight,,1,0,0,1,1,0,0,0,0,0,0,0,0,0,1,0,0,0,0,0
-43.4993856,172.6100324,Christchurch City,2018,minor_injury,50,FALSE,straight,,fine,,daylight,,1,0,0,1,1,0,0,0,0,0,0,0,0,0,1,0,0,0,0,0
-38.14423565,176.2377014,Rotorua District,2018,minor_injury,60,FALSE,straight,,fine,,daylight,,1,0,0,1,1,0,0,0,0,0,0,0,0,0,1,0,0,0,0,0
-40.63182976,175.3098855,Horowhenua District,2018,minor_injury,80,FALSE,straight,,fine,,daylight,,1,0,0,1,1,0,0,0,0,0,0,0,0,0,1,0,0,0,0,0
-39.07974062,174.0823332,New Plymouth District,2018,minor_injury,50,FALSE,straight,,fine,,daylight,,1,0,0,1,1,0,0,0,0,0,0,0,0,0,1,0,0,0,0,0
-41.30366086,173.2126755,Nelson City,2018,minor_injury,50,FALSE,straight,,fine,,daylight,,1,0,0,1,1,0,0,0,0,0,0,0,0,0,1,0,0,0,0,0
-36.2296779,174.4937911,Auckland,2018,minor_injury,100,FALSE,straight,,fine,,daylight,,1,0,0,1,1,0,0,0,0,0,0,0,0,0,1,0,0,0,0,0
-36.84829309,174.7300392,Auckland,2018,minor_injury,50,TRUE,curved_view_open,,fine,,daylight,giveway_sign,1,0,0,1,1,0,0,0,0,0,0,0,0,0,1,0,0,0,0,0
-41.12613292,175.0426851,Upper Hutt City,2018,minor_injury,50,FALSE,straight,,fine,,daylight,,1,0,0,1,1,0,0,0,0,0,0,0,0,0,1,0,0,0,0,0
-40.88719179,175.0021901,Kapiti Coast District,2018,minor_injury,50,TRUE,straight,,fine,,daylight,giveway_sign,1,0,0,1,1,0,0,0,0,0,0,0,0,0,1,0,0,0,0,0
-39.62476287,176.8227998,Hastings District,2018,minor_injury,50,FALSE,straight,,fine,,daylight,,1,0,0,1,1,0,0,0,0,0,0,0,0,0,1,0,0,0,0,0
-40.36730997,175.6196921,Palmerston North City,2018,minor_injury,50,FALSE,straight,,fine,,daylight,,1,0,0,1,1,0,0,0,0,0,0,0,0,0,1,0,0,0,0,0
-36.88986848,174.8124999,Auckland,2018,minor_injury,50,FALSE,straight,,fine,,dawn_dusk,,1,0,0,1,1,0,0,0,0,0,0,0,0,0,1,0,0,0,0,0
-36.89456533,174.6977537,Auckland,2018,minor_injury,50,FALSE,straight,,fine,,darkness_not_lit,,1,0,0,1,1,0,0,0,0,0,0,0,0,0,1,0,0,0,0,0
-40.63820892,175.2730475,Horowhenua District,2018,minor_injury,70,FALSE,straight,,fine,,daylight,,1,0,0,1,1,0,0,0,0,0,0,0,0,0,1,0,0,0,0,0
-37.68928994,176.1338662,Tauranga City,2018,minor_injury,50,FALSE,straight,,fine,,daylight,,1,0,0,1,1,0,0,0,0,0,0,0,0,0,1,0,0,0,0,0
-36.92305381,174.8974244,Auckland,2018,minor_injury,50,FALSE,straight,,fine,,dawn_dusk,,1,0,0,1,1,0,0,0,0,0,0,0,0,0,1,0,0,0,0,0
-46.11833747,169.9641253,Clutha District,2018,minor_injury,50,FALSE,straight,,fine,,daylight,,1,0,0,1,1,0,0,0,0,0,0,0,0,0,1,0,0,0,0,0
-46.40985318,168.3778012,Invercargill City,2018,minor_injury,50,FALSE,straight,,fine,,dawn_dusk,,1,0,0,1,1,0,0,0,0,0,0,0,0,0,1,0,0,0,0,0
-38.68576416,176.0916925,Taupo District,2018,minor_injury,50,TRUE,straight,,rain,,darkness_not_lit,giveway_sign,1,0,0,1,1,0,0,0,0,0,0,0,0,0,1,0,0,0,0,0
-36.98092443,174.8496313,Auckland,2018,minor_injury,50,FALSE,straight,,fine,,daylight,,1,0,0,1,1,0,0,0,0,0,0,0,0,0,1,0,0,0,0,0
-41.22641003,174.8193172,Wellington City,2018,minor_injury,50,FALSE,straight,,fine,,daylight,,1,0,0,1,1,0,0,0,0,0,0,0,0,0,1,0,0,0,0,0
-39.52228186,176.8542184,Napier City,2018,minor_injury,50,TRUE,curved_view_open,,fine,,daylight,giveway_sign,1,0,0,1,1,0,0,0,0,0,0,0,0,0,1,0,0,0,0,0
-41.10240754,174.845243,Porirua City,2018,minor_injury,50,TRUE,straight,,fine,,daylight,,1,0,0,1,1,0,0,0,0,0,0,0,0,0,1,0,0,0,0,0
-36.84805371,174.8308469,Auckland,2018,minor_injury,50,FALSE,straight,,fine,,daylight,,1,0,0,1,1,0,0,0,0,0,0,0,0,0,1,0,0,0,0,0
-36.92402145,174.7723885,Auckland,2018,minor_injury,50,FALSE,straight,,fine,,daylight,,1,0,0,1,1,0,0,0,0,0,0,0,0,0,1,0,0,0,0,0
-40.33264638,175.6161963,Palmerston North City,2018,minor_injury,50,FALSE,straight,,fine,,daylight,giveway_sign,1,0,0,1,1,0,0,0,0,0,0,0,0,0,1,0,0,0,0,0
-37.65179721,175.5171139,Matamata-Piako District,2018,minor_injury,50,FALSE,straight,,fine,,daylight,,1,0,0,1,1,0,0,0,0,0,0,0,0,0,1,0,0,0,0,0
-44.37420405,171.2327458,Timaru District,2018,minor_injury,50,FALSE,straight,,fine,,daylight,,1,0,0,1,1,0,0,0,0,0,0,0,0,0,1,0,0,0,0,0
-39.63911966,176.8399699,Hastings District,2018,minor_injury,50,FALSE,straight,,rain,,dawn_dusk,,1,0,0,1,1,0,0,0,0,0,0,0,0,0,1,0,0,0,0,0
-37.79491798,175.2843335,Hamilton City,2018,minor_injury,50,TRUE,straight,,fine,,dawn_dusk,giveway_sign,1,0,0,1,1,0,0,0,0,0,0,0,0,0,1,0,0,0,0,0
-37.87853118,175.4713264,Waipa District,2018,minor_injury,50,FALSE,straight,,fine,,daylight,,1,0,0,1,1,0,0,0,0,0,0,0,0,0,1,0,0,0,0,0
-41.24309296,174.8140877,Wellington City,2018,minor_injury,50,FALSE,curved_view_open,,fine,,daylight,,1,0,0,1,1,0,0,0,0,0,0,0,0,0,1,0,0,0,0,0
-36.86368592,174.7802255,Auckland,2018,minor_injury,50,FALSE,straight,,rain,,daylight,,1,0,0,1,1,0,0,0,0,0,0,0,0,0,1,0,0,0,0,0
-43.56062909,172.6478356,Christchurch City,2018,minor_injury,50,FALSE,straight,,fine,,daylight,,1,0,0,1,1,0,0,0,0,0,0,0,0,0,1,0,0,0,0,0
-37.80062931,175.3235771,Hamilton City,2018,minor_injury,60,FALSE,straight,,fine,,daylight,,1,0,0,1,1,0,0,0,0,0,0,0,0,0,1,0,0,0,0,0
-43.5320211,172.6444131,Christchurch City,2018,minor_injury,50,FALSE,straight,,fine,,daylight,,1,0,0,1,1,0,0,0,0,0,0,0,0,0,1,0,0,0,0,0
-39.01681835,174.2097015,New Plymouth District,2018,minor_injury,100,FALSE,straight,,fine,,darkness_not_lit,,1,0,0,1,1,0,0,0,0,0,0,0,0,0,1,0,0,0,0,0
-41.52034543,173.9504523,Marlborough District,2018,minor_injury,50,FALSE,straight,,fine,,daylight,giveway_sign,1,0,0,1,1,0,0,0,0,0,0,0,0,0,1,0,0,0,0,0
-39.0748761,174.0576356,New Plymouth District,2018,minor_injury,50,FALSE,straight,,fine,,daylight,giveway_sign,1,0,0,1,1,0,0,0,0,0,0,0,0,0,1,0,0,0,0,0
-36.92624247,174.8935966,Auckland,2018,minor_injury,60,FALSE,straight,,fine,,daylight,,1,0,0,1,1,0,0,0,0,0,0,0,0,0,1,0,0,0,0,0
-36.72183098,174.7126979,Auckland,2018,minor_injury,10,FALSE,straight,,fine,,daylight,,1,0,0,1,1,0,0,0,0,0,0,0,0,0,1,0,0,0,0,0
-40.95625652,175.6369707,Masterton District,2018,minor_injury,50,FALSE,curved_view_open,,fine,,daylight,,1,0,0,1,1,0,0,0,0,0,0,0,0,0,1,0,0,0,0,0
-41.14282653,175.0205526,Upper Hutt City,2018,minor_injury,50,TRUE,straight,,rain,,daylight,giveway_sign,1,0,0,1,1,0,0,0,0,0,0,0,0,0,1,0,0,0,0,0
-44.69550398,169.1339014,Queenstown-Lakes District,2018,minor_injury,50,FALSE,straight,,fine,,daylight,,1,0,0,1,1,0,0,0,0,0,0,0,0,0,1,0,0,0,0,0
-36.8578426,174.7640839,Auckland,2018,minor_injury,50,FALSE,straight,,fine,,daylight,,1,0,0,1,1,0,0,0,0,0,0,0,0,0,1,0,0,0,0,0
-36.84841238,174.7489845,Auckland,2018,minor_injury,50,FALSE,straight,,fine,,daylight,,1,0,0,1,1,0,0,0,0,0,0,0,0,0,1,0,0,0,0,0
-36.85102758,174.809698,Auckland,2018,minor_injury,50,FALSE,straight,,fine,,daylight,,1,0,0,1,1,0,0,0,0,0,0,0,0,0,1,0,0,0,0,0
-45.41185406,167.7223576,Southland District,2018,minor_injury,50,FALSE,straight,,fine,,daylight,,1,0,0,1,1,0,0,0,0,0,0,0,0,0,1,0,0,0,0,0
-35.77367918,174.3099789,Whangarei District,2018,minor_injury,100,FALSE,straight,,fine,,daylight,,1,0,0,1,1,0,0,0,0,0,0,0,0,0,1,0,0,0,0,0
-43.55254542,172.5966906,Christchurch City,2018,minor_injury,50,FALSE,straight,,rain,,daylight,,1,0,0,1,1,0,0,0,0,0,0,0,0,0,1,0,0,0,0,0
-36.92174772,174.7658921,Auckland,2018,minor_injury,50,FALSE,straight,,rain,,daylight,,1,0,0,1,1,0,0,0,0,0,0,0,0,0,1,0,0,0,0,0
-36.90736066,174.8850487,Auckland,2018,minor_injury,50,FALSE,straight,,fine,,daylight,,1,0,0,1,1,0,0,0,0,0,0,0,0,0,1,0,0,0,0,0
-43.50833021,172.5853934,Christchurch City,2018,minor_injury,50,FALSE,curved_view_open,,fine,,daylight,,1,0,0,1,1,0,0,0,0,0,0,0,0,0,1,0,0,0,0,0
-43.55037262,172.6062251,Christchurch City,2018,minor_injury,50,TRUE,straight,,rain,,daylight,,1,0,0,1,1,0,0,0,0,0,0,0,0,0,1,0,0,0,0,0
-40.90163774,175.0142126,Kapiti Coast District,2018,minor_injury,50,TRUE,curved_view_open,,rain,,daylight,giveway_sign,1,0,0,1,1,0,0,0,0,0,0,0,0,0,1,0,0,0,0,0
-41.30044229,174.7817793,Wellington City,2018,minor_injury,50,TRUE,curved_view_open,,fine,,daylight,traffic_lights,1,0,0,1,1,0,0,0,0,0,0,0,0,0,1,0,0,0,0,0
-41.33504838,173.2000735,Tasman District,2018,minor_injury,50,FALSE,straight,,rain,,dawn_dusk,,1,0,0,1,1,0,0,0,0,0,0,0,0,0,1,0,0,0,0,0
-44.69472118,169.1352408,Queenstown-Lakes District,2018,minor_injury,50,FALSE,straight,,fine,,darkness_not_lit,,1,0,0,1,1,0,0,0,0,0,0,0,0,0,1,0,0,0,0,0
-37.76725488,175.2599382,Hamilton City,2018,minor_injury,60,TRUE,curved_view_open,,fine,,daylight,stop_sign,1,0,0,1,1,0,0,0,0,0,0,0,0,0,1,0,0,0,0,0
-43.48985505,172.6141626,Christchurch City,2018,minor_injury,50,FALSE,straight,,fine,,daylight,,1,0,0,1,1,0,0,0,0,0,0,0,0,0,1,0,0,0,0,0
-37.64070743,176.1909781,Tauranga City,2018,minor_injury,50,FALSE,straight,,fine,,dawn_dusk,,1,0,0,1,1,0,0,0,0,0,0,0,0,0,1,0,0,0,0,0
-40.94374145,175.6583289,Masterton District,2018,minor_injury,50,FALSE,straight,,rain,,daylight,,1,0,0,1,1,0,0,0,0,0,0,0,0,0,1,0,0,0,0,0
-41.53487349,173.9537938,Marlborough District,2018,minor_injury,50,FALSE,straight,,fine,,daylight,,1,0,0,1,1,0,0,0,0,0,0,0,0,0,1,0,0,0,0,0
-37.66907879,176.1237548,Tauranga City,2018,minor_injury,50,TRUE,straight,,fine,,daylight,giveway_sign,1,0,0,1,1,0,0,0,0,0,0,0,0,0,1,0,0,0,0,0
-43.53726514,172.6426742,Christchurch City,2018,minor_injury,50,TRUE,straight,,fine,,dawn_dusk,giveway_sign,1,0,0,1,1,0,0,0,0,0,0,0,0,0,1,0,0,0,0,0
-37.56424647,175.1511631,Waikato District,2018,minor_injury,50,TRUE,straight,,fine,,dawn_dusk,giveway_sign,1,0,0,1,1,0,0,0,0,0,0,0,0,0,1,0,0,0,0,0
-37.10553363,174.9500626,Auckland,2018,minor_injury,50,FALSE,straight,,fine,,daylight,,1,0,0,1,1,0,0,0,0,0,0,0,0,0,1,0,0,0,0,0
-41.29517028,174.7773005,Wellington City,2018,minor_injury,50,FALSE,straight,,rain,,darkness_not_lit,,1,0,0,1,1,0,0,0,0,0,0,0,0,0,1,0,0,0,0,0