latitude,longitude,local_government_area,year,severity,speed_limit,intersection,road_position_horizontal,road_wet,weather,crash_type,lighting,traffic_controls,casualties,fatalities,serious_injuries,minor_injuries,car_sedan,car_utility,car_van,car_4x4,car_station_wagon,motor_cycle,truck_small,truck_large,bus,taxi,bicycle,scooter,pedestrian,inanimate,train,tram
-43.54481094,172.6097026,Christchurch City,2018,minor_injury,50,FALSE,straight,,fine,,daylight,,1,0,0,1,1,0,0,0,0,0,0,0,0,0,1,0,0,0,0,0
-46.41053909,168.3749583,Invercargill City,2018,minor_injury,50,FALSE,straight,,fine,,daylight,,1,0,0,1,1,0,0,0,0,0,0,0,0,0,1,0,0,0,0,0
-36.8305234,174.7977332,Auckland,2018,minor_injury,50,FALSE,straight,,fine,,daylight,,1,0,0,1,1,0,0,0,0,0,0,0,0,0,1,0,0,0,0,0
-35.93715812,173.8736125,Kaipara District,2018,minor_injury,50,FALSE,straight,,fine,,daylight,,1,0,0,1,1,0,0,0,0,0,0,0,0,0,1,0,0,0,0,0
-40.86901527,175.0355786,Kapiti Coast District,2018,minor_injury,50,FALSE,curved_view_open,,rain,,daylight,,1,0,0,1,1,0,0,0,0,0,0,0,0,0,1,0,0,0,0,0
-36.75506362,174.5920538,Auckland,2018,minor_injury,60,TRUE,curved_view_open,,fine,,daylight,giveway_sign,1,0,0,1,1,0,0,0,0,0,0,0,0,0,1,0,0,0,0,0
-41.20312499,174.9278685,Hutt City,2018,minor_injury,50,FALSE,straight,,fine,,daylight,,1,0,0,1,1,0,0,0,0,0,0,0,0,0,1,0,0,0,0,0
-37.69718734,176.1488943,Tauranga City,2018,minor_injury,50,FALSE,curved_view_open,,fine,,daylight,traffic_lights,1,0,0,1,1,0,0,0,0,0,0,0,0,0,1,0,0,0,0,0
-39.05733101,174.0695784,New Plymouth District,2018,minor_injury,50,TRUE,straight,,fine,,daylight,giveway_sign,1,0,0,1,1,0,0,0,0,0,0,0,0,0,1,0,0,0,0,0
-36.87302361,174.7376199,Auckland,2018,minor_injury,50,TRUE,curved_view_open,,fine,,daylight,stop_sign,1,0,0,1,1,0,0,0,0,0,0,0,0,0,1,0,0,0,0,0
-41.27431253,173.2841129,Nelson City,2018,minor_injury,50,FALSE,straight,,fine,,daylight,,1,0,0,1,1,0,0,0,0,0,0,0,0,0,1,0,0,0,0,0
-43.53530551,172.6351608,Christchurch City,2018,minor_injury,30,FALSE,straight,,fine,,dawn_dusk,,1,0,0,1,1,0,0,0,0,0,0,0,0,0,1,0,0,0,0,0
-37.95437217,176.9927889,Whakatane District,2018,minor_injury,50,TRUE,straight,,fine,,daylight,giveway_sign,1,0,0,1,1,0,0,0,0,0,0,0,0,0,1,0,0,0,0,0
-36.94315372,174.8928698,Auckland,2018,minor_injury,60,FALSE,straight,,fine,,daylight,,1,0,0,1,1,0,0,0,0,0,0,0,0,0,1,0,0,0,0,0
-36.87561619,174.7359958,Auckland,2018,minor_injury,50,FALSE,straight,,fine,,daylight,,1,0,0,1,1,0,0,0,0,0,0,0,0,0,1,0,0,0,0,0
-37.78071452,175.3019941,Hamilton City,2018,minor_injury,50,FALSE,straight,,fine,,daylight,stop_sign,1,0,0,1,1,0,0,0,0,0,0,0,0,0,1,0,0,0,0,0
-37.72144334,176.1659832,Tauranga City,2018,minor_injury,50,FALSE,straight,,fine,,daylight,,1,0,0,1,1,0,0,0,0,0,0,0,0,0,1,0,0,0,0,0
-43.52045245,172.6335799,Christchurch City,2018,minor_injury,50,FALSE,straight,,fine,,daylight,,1,0,0,1,1,0,0,0,0,0,0,0,0,0,1,0,0,0,0,0
-43.47558624,172.6857447,Christchurch City,2018,minor_injury,50,TRUE,straight,,fine,,daylight,giveway_sign,1,0,0,1,1,0,0,0,0,0,0,0,0,0,1,0,0,0,0,0
-37.70081051,176.2818661,Tauranga City,2018,minor_injury,50,FALSE,straight,,fine,,daylight,,1,0,0,1,1,0,0,0,0,0,0,0,0,0,1,0,0,0,0,0
-39.0751641,174.0899624,New Plymouth District,2018,minor_injury,50,FALSE,straight,,fine,,daylight,,1,0,0,1,1,0,0,0,0,0,0,0,0,0,1,0,0,0,0,0
-36.89734325,174.8480045,Auckland,2018,minor_injury,50,FALSE,curved_view_open,,fine,,daylight,,1,0,0,1,1,0,0,0,0,0,0,0,0,0,1,0,0,0,0,0
-43.5772025,172.5381545,Christchurch City,2018,minor_injury,70,FALSE,straight,,rain,,daylight,,1,0,0,1,1,0,0,0,0,0,0,0,0,0,1,0,0,0,0,0
-43.53915547,172.5741539,Christchurch City,2018,minor_injury,60,FALSE,straight,,fine,,dawn_dusk,,1,0,0,1,1,0,0,0,0,0,0,0,0,0,1,0,0,0,0,0
-39.62114161,176.8660285,Hastings District,2018,minor_injury,80,FALSE,straight,,fine,,darkness_not_lit,giveway_sign,1,0,0,1,1,0,0,0,0,0,0,0,0,0,1,0,0,0,0,0
-37.70555808,176.1522426,Tauranga City,2018,minor_injury,50,FALSE,straight,,fine,,daylight,,1,0,0,1,1,0,0,0,0,0,0,0,0,0,1,0,0,0,0,0
-41.25815284,174.7922552,Wellington City,2018,minor_injury,60,FALSE,straight,,fine,,daylight,,1,0,0,1,1,0,0,0,0,0,0,0,0,0,1,0,0,0,0,0
-45.87216471,170.5097194,Dunedin City,2018,minor_injury,60,FALSE,straight,,fine,,daylight,,1,0,0,1,1,0,0,0,0,0,0,0,0,0,1,0,0,0,0,0
-41.30443432,174.8019075,Wellington City,2018,minor_injury,50,FALSE,straight,,fine,,daylight,,1,0,0,1,1,0,0,0,0,0,0,0,0,0,1,0,0,0,0,0
-45.03632544,169.1972166,Central Otago District,2018,minor_injury,50,FALSE,straight,,fine,,daylight,,1,0,0,1,1,0,0,0,0,0,0,0,0,0,1,0,0,0,0,0
-36.89068,174.6876692,Auckland,2018,minor_injury,50,FALSE,straight,,fine,,daylight,,1,0,0,1,1,0,0,0,0,0,0,0,0,0,1,0,0,0,0,0
-36.89741664,174.7962153,Auckland,2018,minor_injury,50,FALSE,straight,,fine,,daylight,,1,0,0,1,1,0,0,0,0,0,0,0,0,0,1,0,0,0,0,0
-44.69763049,169.1347567,Queenstown-Lakes District,2018,serious_injury,50,TRUE,straight,,fine,,darkness_not_lit,stop_sign,2,0,2,0,1,0,0,0,0,0,0,0,0,0,1,0,0,0,0,0
-38.66296355,178.0242058,Gisborne District,2018,serious_injury,50,TRUE,straight,,fine,,daylight,giveway_sign,2,0,2,0,1,0,0,0,0,0,0,0,0,0,1,0,0,0,0,0
-39.06289672,174.0420497,New Plymouth District,2018,serious_injury,50,TRUE,straight,,rain,,darkness_not_lit,giveway_sign,1,0,1,0,1,0,0,0,0,0,0,0,0,0,1,0,0,0,0,0
-37.80738755,175.2853765,Hamilton City,2018,serious_injury,60,TRUE,straight,,fine,,daylight,,1,0,1,0,1,0,0,0,0,0,0,0,0,0,1,0,0,0,0,0
-41.33003855,174.7934597,Wellington City,2018,serious_injury,50,TRUE,curved_view_open,,fine,,daylight,giveway_sign,1,0,1,0,1,0,0,0,0,0,0,0,0,0,1,0,0,0,0,0
-45.08767175,170.9726789,Waitaki District,2018,serious_injury,50,TRUE,curved_view_open,,fine,,daylight,stop_sign,1,0,1,0,1,0,0,0,0,0,0,0,0,0,1,0,0,0,0,0
-36.8004622,174.7864608,Auckland,2018,serious_injury,50,TRUE,straight,,fine,,daylight,stop_sign,1,0,1,0,1,0,0,0,0,0,0,0,0,0,1,0,0,0,0,0
-36.8004622,174.7864608,Auckland,2018,serious_injury,50,TRUE,straight,,fine,,daylight,stop_sign,1,0,1,0,1,0,0,0,0,0,0,0,0,0,1,0,0,0,0,0
-36.8004622,174.7864608,Auckland,2018,serious_injury,50,TRUE,straight,,rain,,daylight,giveway_sign,1,0,1,0,1,0,0,0,0,0,0,0,0,0,1,0,0,0,0,0
-36.8004622,174.7864608,Auckland,2018,serious_injury,50,TRUE,straight,,rain,,daylight,giveway_sign,1,0,1,0,1,0,0,0,0,0,0,0,0,0,1,0,0,0,0,0
-37.65990797,175.5280313,Matamata-Piako District,2018,serious_injury,50,TRUE,straight,,fine,,daylight,giveway_sign,1,0,1,0,1,0,0,0,0,0,0,0,0,0,1,0,0,0,0,0
-40.35121012,175.6190332,Palmerston North City,2018,serious_injury,50,TRUE,curved_view_open,,fine,,darkness_not_lit,giveway_sign,1,0,1,0,1,0,0,0,0,0,0,0,0,0,1,0,0,0,0,0
-41.25445176,174.9297951,Hutt City,2018,serious_injury,50,TRUE,straight,,fine,,daylight,giveway_sign,1,0,1,0,1,0,0,0,0,0,0,0,0,0,1,0,0,0,0,0
-43.54873575,172.6367139,Christchurch City,2018,serious_injury,50,TRUE,straight,,fine,,daylight,giveway_sign,1,0,1,0,1,0,0,0,0,0,0,0,0,0,1,0,0,0,0,0
-41.28887977,173.2722453,Nelson City,2018,serious_injury,50,TRUE,straight,,fine,,daylight,traffic_lights,1,0,1,0,1,0,0,0,0,0,0,0,0,0,1,0,0,0,0,0
-39.50361502,176.9079799,Napier City,2018,serious_injury,50,TRUE,straight,,fine,,daylight,giveway_sign,1,0,1,0,1,0,0,0,0,0,0,0,0,0,1,0,0,0,0,0
-38.67341838,178.0452571,Gisborne District,2018,serious_injury,50,TRUE,straight,,fine,,daylight,giveway_sign,1,0,1,0,1,0,0,0,0,0,0,0,0,0,1,0,0,0,0,0
-45.86236507,170.5102345,Dunedin City,2018,serious_injury,50,TRUE,straight,,fine,,dawn_dusk,giveway_sign,1,0,1,0,1,0,0,0,0,0,0,0,0,0,1,0,0,0,0,0
-37.67620982,176.2255883,Tauranga City,2018,serious_injury,50,TRUE,straight,,fine,,daylight,giveway_sign,1,0,1,0,1,0,0,0,0,0,0,0,0,0,1,0,0,0,0,0
-36.8737959,174.7365828,Auckland,2018,serious_injury,50,TRUE,curved_view_open,,rain,,darkness_not_lit,traffic_lights,1,0,1,0,1,0,0,0,0,0,0,0,0,0,1,0,0,0,0,0
-41.52818408,173.9577709,Marlborough District,2018,serious_injury,50,TRUE,straight,,fine,,daylight,giveway_sign,1,0,1,0,1,0,0,0,0,0,0,0,0,0,1,0,0,0,0,0
-37.78275848,175.2844926,Hamilton City,2018,serious_injury,50,TRUE,straight,,fine,,daylight,giveway_sign,1,0,1,0,1,0,0,0,0,0,0,0,0,0,1,0,0,0,0,0
-40.32728953,175.6374804,Palmerston North City,2018,serious_injury,50,TRUE,straight,,rain,,dawn_dusk,giveway_sign,1,0,1,0,1,0,0,0,0,0,0,0,0,0,1,0,0,0,0,0
-36.85185382,174.8152132,Auckland,2018,serious_injury,50,TRUE,straight,,fine,,daylight,giveway_sign,1,0,1,0,1,0,0,0,0,0,0,0,0,0,1,0,0,0,0,0
-36.85185382,174.8152132,Auckland,2018,serious_injury,50,TRUE,curved_view_open,,fine,,daylight,giveway_sign,1,0,1,0,1,0,0,0,0,0,0,0,0,0,1,0,0,0,0,0
-36.70567574,174.7247428,Auckland,2018,serious_injury,50,TRUE,curved_view_open,,fine,,dawn_dusk,giveway_sign,1,0,1,0,1,0,0,0,0,0,0,0,0,0,1,0,0,0,0,0
-36.70567574,174.7247428,Auckland,2018,serious_injury,50,TRUE,straight,,fine,,daylight,giveway_sign,1,0,1,0,1,0,0,0,0,0,0,0,0,0,1,0,0,0,0,0
-41.34236256,173.1839123,Tasman District,2018,serious_injury,50,TRUE,straight,,fine,,daylight,giveway_sign,1,0,1,0,1,0,0,0,0,0,0,0,0,0,1,0,0,0,0,0
-37.65805959,175.5280819,Matamata-Piako District,2018,serious_injury,50,TRUE,straight,,fine,,daylight,giveway_sign,1,0,1,0,1,0,0,0,0,0,0,0,0,0,1,0,0,0,0,0
-41.28908587,174.8332863,Wellington City,2018,serious_injury,40,FALSE,curved_view_open,,fine,,daylight,,1,0,1,0,1,0,0,0,0,0,0,0,0,0,1,0,0,0,0,0
-39.48121533,176.8978097,Napier City,2018,serious_injury,50,TRUE,straight,,fine,,daylight,giveway_sign,1,0,1,0,1,0,0,0,0,0,0,0,0,0,1,0,0,0,0,0
-41.51529146,173.9549083,Marlborough District,2018,serious_injury,50,TRUE,straight,,fine,,daylight,giveway_sign,1,0,1,0,1,0,0,0,0,0,0,0,0,0,1,0,0,0,0,0
-43.50974477,172.6060192,Christchurch City,2018,serious_injury,50,TRUE,straight,,fine,,daylight,traffic_lights,1,0,1,0,1,0,0,0,0,0,0,0,0,0,1,0,0,0,0,0
-43.47727998,172.6795906,Christchurch City,2018,serious_injury,50,TRUE,straight,,fine,,daylight,giveway_sign,1,0,1,0,1,0,0,0,0,0,0,0,0,0,1,0,0,0,0,0
-41.30129921,174.7694404,Wellington City,2018,serious_injury,50,TRUE,straight,,fine,,darkness_not_lit,giveway_sign,1,0,1,0,1,0,0,0,0,0,0,0,0,0,1,0,0,0,0,0
-43.56296383,172.657604,Christchurch City,2018,serious_injury,50,TRUE,straight,,fine,,daylight,giveway_sign,1,0,1,0,1,0,0,0,0,0,0,0,0,0,1,0,0,0,0,0
-43.52148298,172.5377879,Christchurch City,2018,serious_injury,60,TRUE,straight,,fine,,darkness_not_lit,stop_sign,1,0,1,0,1,0,0,0,0,0,0,0,0,0,1,0,0,0,0,0
-43.52148298,172.5377879,Christchurch City,2018,serious_injury,60,TRUE,straight,,fine,,darkness_not_lit,stop_sign,1,0,1,0,1,0,0,0,0,0,0,0,0,0,1,0,0,0,0,0
-36.91554554,174.7924311,Auckland,2018,serious_injury,50,TRUE,straight,,fine,,daylight,giveway_sign,1,0,1,0,1,0,0,0,0,0,0,0,0,0,1,0,0,0,0,0
-37.66368543,176.2094505,Tauranga City,2018,serious_injury,50,TRUE,straight,,fine,,daylight,stop_sign,1,0,1,0,1,0,0,0,0,0,0,0,0,0,1,0,0,0,0,0
-36.84835907,174.749544,Auckland,2018,serious_injury,50,TRUE,straight,,fine,,daylight,stop_sign,1,0,1,0,1,0,0,0,0,0,0,0,0,0,1,0,0,0,0,0
-40.94922788,175.647323,Masterton District,2018,serious_injury,50,TRUE,curved_view_open,,rain,,darkness_not_lit,giveway_sign,1,0,1,0,1,0,0,0,0,0,0,0,0,0,1,0,0,0,0,0
-43.54382467,172.6905151,Christchurch City,2018,serious_injury,60,TRUE,straight,,fine,,daylight,stop_sign,1,0,1,0,1,0,0,0,0,0,0,0,0,0,1,0,0,0,0,0
-43.54382467,172.6905151,Christchurch City,2018,serious_injury,60,TRUE,straight,,fine,,daylight,stop_sign,1,0,1,0,1,0,0,0,0,0,0,0,0,0,1,0,0,0,0,0
-40.92062958,174.9870015,Kapiti Coast District,2018,serious_injury,50,TRUE,curved_view_open,,fine,,daylight,giveway_sign,1,0,1,0,1,0,0,0,0,0,0,0,0,0,1,0,0,0,0,0
-36.91011464,174.7801705,Auckland,2018,serious_injury,50,TRUE,straight,,fine,,daylight,stop_sign,1,0,1,0,1,0,0,0,0,0,0,0,0,0,1,0,0,0,0,0
-37.89337679,175.4685368,Waipa District,2018,serious_injury,50,TRUE,straight,,fine,,daylight,giveway_sign,1,0,1,0,1,0,0,0,0,0,0,0,0,0,1,0,0,0,0,0
-41.3201062,174.7752898,Wellington City,2018,serious_injury,30,FALSE,straight,,fine,,daylight,traffic_lights,1,0,1,0,1,0,0,0,0,0,0,0,0,0,1,0,0,0,0,0
-40.90815418,174.9994981,Kapiti Coast District,2018,serious_injury,50,FALSE,straight,,fine,,daylight,traffic_lights,1,0,1,0,1,0,0,0,0,0,0,0,0,0,1,0,0,0,0,0
-37.97644353,177.0758264,Whakatane District,2018,serious_injury,50,TRUE,straight,,fine,,daylight,giveway_sign,1,0,1,0,1,0,0,0,0,0,0,0,0,0,1,0,0,0,0,0
-35.94949869,173.8626605,Kaipara District,2018,serious_injury,50,TRUE,straight,,fine,,daylight,,1,0,1,0,1,0,0,0,0,0,0,0,0,0,1,0,0,0,0,0
-43.51164157,172.5630396,Christchurch City,2018,serious_injury,50,FALSE,straight,,fine,,daylight,,1,0,1,0,1,0,0,0,0,0,0,0,0,0,1,0,0,0,0,0
-37.68881585,176.2514288,Tauranga City,2018,serious_injury,50,TRUE,straight,,fine,,daylight,giveway_sign,1,0,1,0,1,0,0,0,0,0,0,0,0,0,1,0,0,0,0,0
-43.48017885,172.5649481,Christchurch City,2018,serious_injury,70,TRUE,straight,,fine,,dawn_dusk,,1,0,1,0,1,0,0,0,0,0,0,0,0,0,1,0,0,0,0,0
-41.29154804,174.7890132,Wellington City,2018,serious_injury,40,FALSE,curved_view_open,,fine,,darkness_not_lit,,1,0,1,0,1,0,0,0,0,0,0,0,0,0,1,0,0,0,0,0
-41.10995235,173.0117792,Tasman District,2018,serious_injury,50,FALSE,straight,,fine,,daylight,,1,0,1,0,1,0,0,0,0,0,0,0,0,0,1,0,0,0,0,0
-43.5409476,172.6543,Christchurch City,2018,serious_injury,50,TRUE,straight,,fine,,daylight,,1,0,1,0,1,0,0,0,0,0,0,0,0,0,1,0,0,0,0,0
-36.91844126,174.6646958,Auckland,2018,serious_injury,50,FALSE,straight,,fine,,daylight,,1,0,1,0,1,0,0,0,0,0,0,0,0,0,1,0,0,0,0,0
-41.25589445,174.7711504,Wellington City,2018,serious_injury,50,TRUE,curved_view_open,,fine,,daylight,stop_sign,1,0,1,0,1,0,0,0,0,0,0,0,0,0,1,0,0,0,0,0
-37.79107362,175.3269568,Hamilton City,2018,serious_injury,50,FALSE,straight,,fine,,daylight,,1,0,1,0,1,0,0,0,0,0,0,0,0,0,1,0,0,0,0,0
-36.93677692,174.858927,Auckland,2018,serious_injury,50,TRUE,straight,,fine,,daylight,,1,0,1,0,1,0,0,0,0,0,0,0,0,0,1,0,0,0,0,0
-41.19870573,172.8103484,Tasman District,2018,serious_injury,50,FALSE,curved_view_open,,fine,,daylight,,1,0,1,0,1,0,0,0,0,0,0,0,0,0,1,0,0,0,0,0
-36.78356742,174.7539975,Auckland,2018,serious_injury,50,FALSE,straight,,fine,,daylight,,1,0,1,0,1,0,0,0,0,0,0,0,0,0,1,0,0,0,0,0
-36.96013553,174.8237113,Auckland,2018,serious_injury,50,FALSE,straight,,fine,,daylight,,1,0,1,0,1,0,0,0,0,0,0,0,0,0,1,0,0,0,0,0
-36.85172483,174.722759,Auckland,2018,serious_injury,50,FALSE,straight,,fine,,daylight,,1,0,1,0,1,0,0,0,0,0,0,0,0,0,1,0,0,0,0,0
-36.85026526,174.8694244,Auckland,2018,serious_injury,50,TRUE,straight,,fine,,daylight,giveway_sign,1,0,1,0,1,0,0,0,0,0,0,0,0,0,1,0,0,0,0,0
-43.54773032,172.6492229,Christchurch City,2018,serious_injury,60,FALSE,straight,,rain,,darkness_not_lit,,1,0,1,0,1,0,0,0,0,0,0,0,0,0,1,0,0,0,0,0
-43.47525278,172.6149727,Christchurch City,2018,serious_injury,50,TRUE,straight,,fine,,daylight,,1,0,1,0,1,0,0,0,0,0,0,0,0,0,1,0,0,0,0,0
-36.95822836,174.9128188,Auckland,2018,serious_injury,60,FALSE,straight,,rain,,daylight,,1,0,1,0,1,0,0,0,0,0,0,0,0,0,1,0,0,0,0,0
-37.79219753,175.2958665,Hamilton City,2018,serious_injury,40,FALSE,straight,,fine,,daylight,,1,0,1,0,1,0,0,0,0,0,0,0,0,0,1,0,0,0,0,0
-37.80853316,174.8598533,Waikato District,2018,serious_injury,50,TRUE,straight,,fine,,daylight,,1,0,1,0,1,0,0,0,0,0,0,0,0,0,1,0,0,0,0,0
-38.64740793,176.0891574,Taupo District,2018,serious_injury,80,FALSE,curved_view_open,,fine,,daylight,,1,0,1,0,1,0,0,0,0,0,0,0,0,0,1,0,0,0,0,0
-41.28001293,174.7678264,Wellington City,2018,serious_injury,50,TRUE,straight,,fine,,daylight,,1,0,1,0,1,0,0,0,0,0,0,0,0,0,1,0,0,0,0,0
-36.92712028,174.7785339,Auckland,2018,serious_injury,50,FALSE,straight,,fine,,daylight,,1,0,1,0,1,0,0,0,0,0,0,0,0,0,1,0,0,0,0,0
-41.27968756,174.774337,Wellington City,2018,serious_injury,50,FALSE,straight,,fine,,darkness_not_lit,,1,0,1,0,1,0,0,0,0,0,0,0,0,0,1,0,0,0,0,0
-37.78591811,175.2514456,Hamilton City,2018,serious_injury,50,FALSE,straight,,fine,,daylight,,1,0,1,0,1,0,0,0,0,0,0,0,0,0,1,0,0,0,0,0
-41.3073386,173.1249199,Tasman District,2018,serious_injury,100,FALSE,straight,,fine,,daylight,,1,0,1,0,1,0,0,0,0,0,0,0,0,0,1,0,0,0,0,0
-43.53891236,172.57902,Christchurch City,2018,minor_injury,50,TRUE,straight,,fine,,dawn_dusk,stop_sign,2,0,0,2,1,0,0,0,0,0,0,0,0,0,1,0,0,0,0,0
-36.88513757,174.7480716,Auckland,2018,minor_injury,50,TRUE,straight,,fine,,daylight,stop_sign,2,0,0,2,1,0,0,0,0,0,0,0,0,0,1,0,0,0,0,0
-37.06257511,174.9458693,Auckland,2018,minor_injury,50,TRUE,straight,,fine,,daylight,giveway_sign,2,0,0,2,1,0,0,0,0,0,0,0,0,0,1,0,0,0,0,0
-36.74559161,174.7051281,Auckland,2018,minor_injury,50,TRUE,straight,,fine,,daylight,giveway_sign,2,0,0,2,1,0,0,0,0,0,0,0,0,0,1,0,0,0,0,0
-36.74559161,174.7051281,Auckland,2018,minor_injury,50,TRUE,straight,,fine,,daylight,giveway_sign,2,0,0,2,1,0,0,0,0,0,0,0,0,0,1,0,0,0,0,0
-41.31509868,174.8133833,Wellington City,2018,minor_injury,50,TRUE,curved_view_open,,,,daylight,giveway_sign,2,0,0,2,1,0,0,0,0,0,0,0,0,0,1,0,0,0,0,0
-36.88927857,174.7751643,Auckland,2018,minor_injury,50,TRUE,straight,,rain,,daylight,giveway_sign,2,0,0,2,1,0,0,0,0,0,0,0,0,0,1,0,0,0,0,0
-41.5227857,173.9483546,Marlborough District,2018,minor_injury,50,TRUE,straight,,fine,,daylight,giveway_sign,2,0,0,2,1,0,0,0,0,0,0,0,0,0,1,0,0,0,0,0
-41.22093768,174.8757471,Hutt City,2018,minor_injury,50,TRUE,curved_view_open,,rain,,darkness_not_lit,giveway_sign,2,0,0,2,1,0,0,0,0,0,0,0,0,0,1,0,0,0,0,0
-36.87608796,174.6321258,Auckland,2018,minor_injury,50,FALSE,straight,,rain,,daylight,,2,0,0,2,1,0,0,0,0,0,0,0,0,0,1,0,0,0,0,0
-45.87696729,170.5045951,Dunedin City,2018,minor_injury,50,TRUE,straight,,fine,,daylight,,2,0,0,2,1,0,0,0,0,0,0,0,0,0,1,0,0,0,0,0
-36.92214449,174.7875675,Auckland,2018,minor_injury,50,FALSE,straight,,fine,,daylight,,2,0,0,2,1,0,0,0,0,0,0,0,0,0,1,0,0,0,0,0
-36.78369982,174.7736331,Auckland,2018,serious_injury,50,TRUE,straight,,fine,,daylight,stop_sign,2,0,1,1,1,0,0,0,0,0,0,0,0,0,1,0,0,0,0,0
-37.78444332,175.2831139,Hamilton City,2018,serious_injury,50,FALSE,straight,,fine,,daylight,,2,0,1,1,1,0,0,0,0,0,0,0,0,0,1,0,0,0,0,0
-36.71868363,174.7121802,Auckland,2018,fatality,60,TRUE,straight,,fine,,darkness_not_lit,traffic_lights,1,1,0,0,1,0,0,0,0,0,0,0,0,0,1,0,0,0,0,0
-41.29477515,174.7748892,Wellington City,2018,property_damage,50,TRUE,straight,,rain,,daylight,traffic_lights,0,0,0,0,0,0,0,0,0,0,0,0,0,0,0,0,1,0,0,0
-41.29477515,174.7748892,Wellington City,2018,property_damage,50,TRUE,straight,,rain,,daylight,traffic_lights,0,0,0,0,0,0,0,0,0,0,0,0,0,0,0,0,1,0,0,0
-36.78569514,174.7691742,Auckland,2018,property_damage,50,FALSE,straight,,fine,,daylight,,0,0,0,0,0,0,0,0,0,0,0,0,0,0,0,0,1,0,0,0
-39.49929245,176.9039475,Napier City,2018,property_damage,50,TRUE,straight,,fine,,daylight,giveway_sign,0,0,0,0,0,0,0,0,0,0,0,0,0,0,0,0,1,0,0,0
-36.86344736,174.6145704,Auckland,2018,property_damage,50,TRUE,straight,,rain,,daylight,traffic_lights,0,0,0,0,0,0,0,0,0,0,0,0,0,0,0,0,1,0,0,0
-36.96394267,174.8069765,Auckland,2018,property_damage,50,FALSE,straight,,fine,,daylight,,0,0,0,0,0,0,0,0,0,0,0,0,0,0,0,0,1,0,0,0
-41.5047411,173.9299744,Marlborough District,2018,property_damage,50,FALSE,straight,,fine,,daylight,,0,0,0,0,0,0,0,0,0,0,0,0,0,0,0,0,1,0,0,0
-36.94550708,174.7881583,Auckland,2018,property_damage,50,FALSE,straight,,fine,,daylight,,0,0,0,0,0,0,0,0,0,0,0,0,0,0,0,0,1,0,0,0
-39.49326945,176.9169782,Napier City,2018,property_damage,50,FALSE,straight,,rain,,daylight,,0,0,0,0,0,0,0,0,0,0,0,0,0,0,0,0,1,0,0,0
-43.53364632,172.5308137,Christchurch City,2018,property_damage,50,FALSE,straight,,fine,,daylight,,0,0,0,0,0,0,0,0,0,0,0,0,0,0,0,0,1,0,0,0
-36.99240098,174.8809886,Auckland,2018,property_damage,50,FALSE,straight,,rain,,daylight,,0,0,0,0,0,0,0,0,0,0,0,0,0,0,0,0,1,0,0,0
-36.9680165,174.8444889,Auckland,2018,property_damage,10,FALSE,straight,,fine,,daylight,,0,0,0,0,0,0,0,0,0,0,0,0,0,0,0,0,1,0,0,0
-36.95678552,174.8040557,Auckland,2018,minor_injury,50,TRUE,straight,,fine,,daylight,stop_sign,1,0,0,1,0,0,0,0,0,0,0,0,0,0,0,0,1,0,0,0
-36.95678552,174.8040557,Auckland,2018,minor_injury,50,TRUE,straight,,fine,,daylight,stop_sign,1,0,0,1,0,0,0,0,0,0,0,0,0,0,0,0,1,0,0,0
-36.91320915,174.6797245,Auckland,2018,minor_injury,50,TRUE,straight,,fine,,darkness_not_lit,stop_sign,1,0,0,1,0,0,0,0,0,0,0,0,0,0,0,0,1,0,0,0
-41.2313819,174.8119025,Wellington City,2018,minor_injury,50,TRUE,straight,,fine,,darkness_not_lit,giveway_sign,1,0,0,1,0,0,0,0,0,0,0,0,0,0,0,0,1,0,0,0
-41.2313819,174.8119025,Wellington City,2018,minor_injury,50,TRUE,straight,,fine,,darkness_not_lit,giveway_sign,1,0,0,1,0,0,0,0,0,0,0,0,0,0,0,0,1,0,0,0
-41.27076367,173.2840258,Nelson City,2018,minor_injury,50,TRUE,straight,,fine,,daylight,traffic_lights,1,0,0,1,0,0,0,0,0,0,0,0,0,0,0,0,1,0,0,0
-41.31332208,174.7823929,Wellington City,2018,minor_injury,50,TRUE,straight,,fine,,daylight,traffic_lights,1,0,0,1,0,0,0,0,0,0,0,0,0,0,0,0,1,0,0,0
-40.5812431,175.2808522,Horowhenua District,2018,minor_injury,100,TRUE,straight,,fine,,darkness_not_lit,stop_sign,1,0,0,1,0,0,0,0,0,0,0,0,0,0,0,0,1,0,0,0
-36.85383023,174.768422,Auckland,2018,minor_injury,50,TRUE,straight,,fine,,daylight,traffic_lights,1,0,0,1,0,0,0,0,0,0,0,0,0,0,0,0,1,0,0,0
-37.75786378,175.2458615,Hamilton City,2018,minor_injury,50,TRUE,curved_view_open,,rain,,darkness_not_lit,giveway_sign,1,0,0,1,0,0,0,0,0,0,0,0,0,0,0,0,1,0,0,0
-39.49451447,176.9110383,Napier City,2018,minor_injury,50,FALSE,straight,,fine,,daylight,,1,0,0,1,0,0,0,0,0,0,0,0,0,0,0,0,1,0,0,0
-37.55780356,175.9165154,Western Bay Of Plenty District,2018,minor_injury,50,TRUE,straight,,fine,,daylight,giveway_sign,1,0,0,1,0,0,0,0,0,0,0,0,0,0,0,0,1,0,0,0
-37.8036319,175.1260281,Waikato District,2018,minor_injury,100,TRUE,straight,,mist,,daylight,giveway_sign,1,0,0,1,0,0,0,0,0,0,0,0,0,0,0,0,1,0,0,0
-45.0167892,168.7319684,Queenstown-Lakes District,2018,minor_injury,50,FALSE,straight,,rain,,darkness_not_lit,,1,0,0,1,0,0,0,0,0,0,0,0,0,0,0,0,1,0,0,0
-36.96151587,174.8847884,Auckland,2018,minor_injury,50,FALSE,straight,,fine,,daylight,,1,0,0,1,0,0,0,0,0,0,0,0,0,0,0,0,1,0,0,0
-41.19797076,174.948324,Hutt City,2018,minor_injury,50,TRUE,curved_view_open,,rain,,darkness_not_lit,giveway_sign,1,0,0,1,0,0,0,0,0,0,0,0,0,0,0,0,1,0,0,0