latitude,longitude,local_government_area,year,severity,speed_limit,intersection,road_position_horizontal,road_wet,weather,crash_type,lighting,traffic_controls,casualties,fatalities,serious_injuries,minor_injuries,car_sedan,car_utility,car_van,car_4x4,car_station_wagon,motor_cycle,truck_small,truck_large,bus,taxi,bicycle,scooter,pedestrian,inanimate,train,tram
-43.54801535,172.6366934,Christchurch City,2018,minor_injury,50,TRUE,straight,,fine,,daylight,traffic_lights,1,0,0,1,0,0,0,0,0,0,0,0,0,0,0,0,1,0,0,0
-38.147556,176.2247628,Rotorua District,2018,minor_injury,50,FALSE,straight,,fine,,daylight,,1,0,0,1,0,0,0,0,0,0,0,0,0,0,0,0,1,0,0,0
-43.54339697,172.5240539,Christchurch City,2018,minor_injury,50,FALSE,straight,,fine,,daylight,,1,0,0,1,0,0,0,0,0,0,0,0,0,0,0,0,1,0,0,0
-37.63976724,178.3407552,Gisborne District,2018,minor_injury,100,FALSE,straight,,fine,,dawn_dusk,,1,0,0,1,0,0,0,0,0,0,0,0,0,0,0,0,1,0,0,0
-36.73434773,174.74702,Auckland,2018,minor_injury,50,FALSE,straight,,fine,,daylight,,1,0,0,1,0,0,0,0,0,0,0,0,0,0,0,0,1,0,0,0
-46.41450306,168.3517827,Invercargill City,2018,minor_injury,50,FALSE,straight,,fine,,dawn_dusk,,1,0,0,1,0,0,0,0,0,0,0,0,0,0,0,0,1,0,0,0
-40.28587599,175.3710956,Manawatu District,2018,minor_injury,50,FALSE,curved_view_open,,,,daylight,,1,0,0,1,0,0,0,0,0,0,0,0,0,0,0,0,1,0,0,0
-37.04453485,174.9202113,Auckland,2018,minor_injury,10,FALSE,straight,,,,daylight,,1,0,0,1,0,0,0,0,0,0,0,0,0,0,0,0,1,0,0,0
-39.64088956,176.8458111,Hastings District,2018,minor_injury,50,FALSE,straight,,fine,,daylight,,1,0,0,1,0,0,0,0,0,0,0,0,0,0,0,0,1,0,0,0
-39.42960098,175.2918045,Ruapehu District,2018,minor_injury,50,FALSE,curved_view_open,,fine,,daylight,,1,0,0,1,0,0,0,0,0,0,0,0,0,0,0,0,1,0,0,0
-39.5155722,176.9040693,Napier City,2018,minor_injury,50,FALSE,straight,,fine,,darkness_not_lit,,1,0,0,1,0,0,0,0,0,0,0,0,0,0,0,0,1,0,0,0
-39.49623961,176.8910588,Napier City,2018,minor_injury,50,FALSE,curved_view_open,,fine,,daylight,,1,0,0,1,0,0,0,0,0,0,0,0,0,0,0,0,1,0,0,0
-37.21278455,175.8755339,Thames-Coromandel District,2018,minor_injury,50,FALSE,straight,,fine,,daylight,,1,0,0,1,0,0,0,0,0,0,0,0,0,0,0,0,1,0,0,0
-41.15705589,174.9744628,Hutt City,2018,minor_injury,100,FALSE,straight,,fine,,darkness_not_lit,,1,0,0,1,0,0,0,0,0,0,0,0,0,0,0,0,1,0,0,0
-36.89849056,174.6552953,Auckland,2018,minor_injury,50,FALSE,straight,,fine,,daylight,,1,0,0,1,0,0,0,0,0,0,0,0,0,0,0,0,1,0,0,0
-40.30242095,176.6119021,Central Hawkes Bay District,2018,minor_injury,50,TRUE,straight,,fine,,darkness_not_lit,,1,0,0,1,0,0,0,0,0,0,0,0,0,0,0,0,1,0,0,0
-36.78544418,174.7403689,Auckland,2018,minor_injury,50,TRUE,straight,,fine,,daylight,giveway_sign,1,0,0,1,0,0,0,0,0,0,0,0,0,0,0,0,1,0,0,0
-45.25209546,169.3876466,Central Otago District,2018,minor_injury,50,FALSE,straight,,fine,,daylight,,1,0,0,1,0,0,0,0,0,0,0,0,0,0,0,0,1,0,0,0
-38.64036432,178.0080429,Gisborne District,2018,minor_injury,50,FALSE,straight,,fine,,daylight,,1,0,0,1,0,0,0,0,0,0,0,0,0,0,0,0,1,0,0,0
-36.85858334,174.7159585,Auckland,2018,minor_injury,50,FALSE,straight,,fine,,daylight,,1,0,0,1,0,0,0,0,0,0,0,0,0,0,0,0,1,0,0,0
-39.50791247,176.8907806,Napier City,2018,minor_injury,50,FALSE,straight,,fine,,daylight,,1,0,0,1,0,0,0,0,0,0,0,0,0,0,0,0,1,0,0,0
-40.94661596,175.6378936,Masterton District,2018,minor_injury,50,FALSE,straight,,fine,,daylight,,1,0,0,1,0,0,0,0,0,0,0,0,0,0,0,0,1,0,0,0
-40.36436207,175.6110403,Palmerston North City,2018,serious_injury,50,TRUE,straight,,fine,,daylight,school_crossing,2,0,2,0,0,0,0,0,0,0,0,0,0,0,0,0,1,0,0,0
-36.77246755,174.5464081,Auckland,2018,serious_injury,60,TRUE,straight,,fine,,darkness_not_lit,stop_sign,1,0,1,0,0,0,0,0,0,0,0,0,0,0,0,0,1,0,0,0
-36.91054073,174.7757917,Auckland,2018,serious_injury,50,TRUE,straight,,fine,,dawn_dusk,giveway_sign,1,0,1,0,0,0,0,0,0,0,0,0,0,0,0,0,1,0,0,0
-36.85421017,174.7457742,Auckland,2018,serious_injury,50,TRUE,straight,,fine,,dawn_dusk,giveway_sign,1,0,1,0,0,0,0,0,0,0,0,0,0,0,0,0,1,0,0,0
-38.04869372,175.780475,South Waikato District,2018,serious_injury,50,FALSE,straight,,fine,,darkness_not_lit,,1,0,1,0,0,0,0,0,0,0,0,0,0,0,0,0,1,0,0,0
-45.89377952,170.4996008,Dunedin City,2018,serious_injury,50,FALSE,straight,,fine,,daylight,,1,0,1,0,0,0,0,0,0,0,0,0,0,0,0,0,1,0,0,0
-36.63279178,174.7616117,Auckland,2018,serious_injury,50,FALSE,straight,,fine,,darkness_not_lit,,1,0,1,0,0,0,0,0,0,0,0,0,0,0,0,0,1,0,0,0
-39.65117075,176.84757,Hastings District,2018,serious_injury,50,FALSE,straight,,fine,,daylight,,1,0,1,0,0,0,0,0,0,0,0,0,0,0,0,0,1,0,0,0
-37.80528226,175.3279821,Hamilton City,2018,serious_injury,60,FALSE,straight,,,,daylight,,1,0,1,0,0,0,0,0,0,0,0,0,0,0,0,0,1,0,0,0
-41.22326771,174.8714951,Hutt City,2018,serious_injury,50,FALSE,straight,,rain,,darkness_not_lit,,1,0,1,0,0,0,0,0,0,0,0,0,0,0,0,0,1,0,0,0
-35.04200164,173.2962114,Far North District,2018,serious_injury,100,FALSE,curved_view_open,,fine,,daylight,,1,0,1,0,0,0,0,0,0,0,0,0,0,0,0,0,1,0,0,0
-36.82796887,174.7967876,Auckland,2018,serious_injury,50,FALSE,straight,,fine,,daylight,,1,0,1,0,0,0,0,0,0,0,0,0,0,0,0,0,1,0,0,0
-37.06272051,174.9413969,Auckland,2018,serious_injury,50,FALSE,straight,,fine,,daylight,,1,0,1,0,0,0,0,0,0,0,0,0,0,0,0,0,1,0,0,0
-36.90182642,174.9410153,Auckland,2018,serious_injury,50,TRUE,straight,,fine,,darkness_not_lit,giveway_sign,1,0,1,0,0,0,0,0,0,0,0,0,0,0,0,0,1,0,0,0
-36.86240291,174.6342688,Auckland,2018,serious_injury,50,FALSE,straight,,rain,,daylight,,1,0,1,0,0,0,0,0,0,0,0,0,0,0,0,0,1,0,0,0
-38.66914515,177.9645698,Gisborne District,2018,serious_injury,100,FALSE,straight,,rain,,darkness_not_lit,,1,0,1,0,0,0,0,0,0,0,0,0,0,0,0,0,1,0,0,0
-35.77517378,174.3109881,Whangarei District,2018,serious_injury,100,FALSE,curved_view_open,,fine,,darkness_not_lit,,1,0,1,0,0,0,0,0,0,0,0,0,0,0,0,0,1,0,0,0
-37.01417636,174.8889434,Auckland,2018,serious_injury,50,FALSE,straight,,fine,,daylight,,1,0,1,0,0,0,0,0,0,0,0,0,0,0,0,0,1,0,0,0
-36.68736908,174.7166226,Auckland,2018,serious_injury,80,FALSE,curved_view_open,,fine,,darkness_not_lit,,1,0,1,0,0,0,0,0,0,0,0,0,0,0,0,0,1,0,0,0
-36.7845995,174.7135002,Auckland,2018,minor_injury,50,TRUE,straight,,fine,,darkness_not_lit,giveway_sign,2,0,0,2,0,0,0,0,0,0,0,0,0,0,0,0,1,0,0,0
-37.2509278,174.7499159,Auckland,2018,minor_injury,100,FALSE,straight,,rain,,daylight,,2,0,0,2,0,0,0,0,0,0,0,0,0,0,0,0,1,0,0,0
-35.38901803,174.010744,Far North District,2018,minor_injury,50,FALSE,straight,,fine,,darkness_not_lit,,2,0,0,2,0,0,0,0,0,0,0,0,0,0,0,0,1,0,0,0
-37.65610205,175.6640254,Matamata-Piako District,2018,serious_injury,100,FALSE,straight,,fine,,darkness_not_lit,,2,0,1,1,0,0,0,0,0,0,0,0,0,0,0,0,1,0,0,0
-39.50792667,176.8871306,Napier City,2018,fatality,50,FALSE,straight,,fine,,daylight,,1,1,0,0,0,0,0,0,0,0,0,0,0,0,0,0,1,0,0,0
-36.96605388,174.7925702,Auckland,2018,fatality,50,FALSE,curved_view_open,,fine,,daylight,,1,1,0,0,0,0,0,0,0,0,0,0,0,0,0,0,1,0,0,0
-40.64160454,175.2671082,Horowhenua District,2018,fatality,80,FALSE,straight,,fine,,darkness_not_lit,,1,1,0,0,0,0,0,0,0,0,0,0,0,0,0,0,1,0,0,0
-41.10296946,175.096636,Upper Hutt City,2018,fatality,50,FALSE,straight,,fine,,daylight,,1,1,0,0,0,0,0,0,0,0,0,0,0,0,0,0,1,0,0,0
-37.7472628,175.2275304,Hamilton City,2018,fatality,80,FALSE,straight,,fine,,darkness_not_lit,,1,1,0,0,0,0,0,0,0,0,0,0,0,0,0,0,1,0,0,0
-40.18186493,175.3699234,Rangitikei District,2018,fatality,100,TRUE,straight,,fine,,darkness_not_lit,giveway_sign,1,1,0,0,0,0,0,0,0,0,0,0,0,0,0,0,1,0,0,0
-39.50401879,176.8965042,Napier City,2018,property_damage,50,TRUE,straight,,fine,,daylight,traffic_lights,0,0,0,0,1,0,0,0,0,1,0,0,0,0,0,0,0,0,0,0
-36.90850932,174.8388009,Auckland,2018,property_damage,50,TRUE,straight,,,,daylight,traffic_lights,0,0,0,0,1,0,0,0,0,1,0,0,0,0,0,0,0,0,0,0
-37.80219083,175.3055683,Hamilton City,2018,property_damage,80,TRUE,curved_view_open,,fine,,daylight,giveway_sign,0,0,0,0,1,0,0,0,0,1,0,0,0,0,0,0,0,0,0,0
-36.90888115,174.6663961,Auckland,2018,property_damage,50,TRUE,straight,,,,darkness_not_lit,giveway_sign,0,0,0,0,1,0,0,0,0,1,0,0,0,0,0,0,0,0,0,0
-36.90888115,174.6663961,Auckland,2018,property_damage,50,TRUE,straight,,,,darkness_not_lit,giveway_sign,0,0,0,0,1,0,0,0,0,1,0,0,0,0,0,0,0,0,0,0
-37.28644204,175.3124921,Waikato District,2018,property_damage,90,TRUE,straight,,fine,,daylight,stop_sign,0,0,0,0,1,0,0,0,0,1,0,0,0,0,0,0,0,0,0,0
-35.7102461,174.3132401,Whangarei District,2018,property_damage,50,TRUE,straight,,fine,,daylight,giveway_sign,0,0,0,0,1,0,0,0,0,1,0,0,0,0,0,0,0,0,0,0
-43.49630397,172.6541342,Christchurch City,2018,property_damage,50,TRUE,straight,,fine,,daylight,stop_sign,0,0,0,0,1,0,0,0,0,1,0,0,0,0,0,0,0,0,0,0
-36.85779662,174.7574538,Auckland,2018,property_damage,50,FALSE,straight,,fine,,darkness_not_lit,,0,0,0,0,1,0,0,0,0,1,0,0,0,0,0,0,0,0,0,0
-36.95363828,174.7958393,Auckland,2018,property_damage,60,TRUE,straight,,fine,,darkness_not_lit,traffic_lights,0,0,0,0,1,0,0,0,0,1,0,0,0,0,0,0,0,0,0,0
-36.40572325,174.657692,Auckland,2018,property_damage,50,TRUE,curved_view_open,,fine,,daylight,traffic_lights,0,0,0,0,1,0,0,0,0,1,0,0,0,0,0,0,0,0,0,0
-36.85439034,174.779808,Auckland,2018,property_damage,50,TRUE,straight,,rain,,daylight,,0,0,0,0,1,0,0,0,0,1,0,0,0,0,0,0,0,0,0,0
-39.05817315,174.0701112,New Plymouth District,2018,property_damage,30,TRUE,straight,,fine,,daylight,stop_sign,0,0,0,0,1,0,0,0,0,1,0,0,0,0,0,0,0,0,0,0
-39.08202389,174.0643324,New Plymouth District,2018,property_damage,50,TRUE,straight,,fine,,daylight,giveway_sign,0,0,0,0,1,0,0,0,0,1,0,0,0,0,0,0,0,0,0,0
-41.31179149,174.7904746,Wellington City,2018,property_damage,50,TRUE,curved_view_open,,fine,,daylight,giveway_sign,0,0,0,0,1,0,0,0,0,1,0,0,0,0,0,0,0,0,0,0
-41.2934261,174.7811704,Wellington City,2018,property_damage,30,TRUE,straight,,fine,,daylight,traffic_lights,0,0,0,0,1,0,0,0,0,1,0,0,0,0,0,0,0,0,0,0
-41.2934261,174.7811704,Wellington City,2018,property_damage,30,TRUE,straight,,fine,,daylight,traffic_lights,0,0,0,0,1,0,0,0,0,1,0,0,0,0,0,0,0,0,0,0
-41.29715599,174.7822751,Wellington City,2018,property_damage,50,TRUE,straight,,fine,,daylight,traffic_lights,0,0,0,0,1,0,0,0,0,1,0,0,0,0,0,0,0,0,0,0
-41.29715599,174.7822751,Wellington City,2018,property_damage,50,TRUE,straight,,fine,,daylight,traffic_lights,0,0,0,0,1,0,0,0,0,1,0,0,0,0,0,0,0,0,0,0
-45.8608987,170.5127477,Dunedin City,2018,property_damage,50,TRUE,straight,,rain,,darkness_not_lit,traffic_lights,0,0,0,0,1,0,0,0,0,1,0,0,0,0,0,0,0,0,0,0
-43.52724464,172.6021434,Christchurch City,2018,property_damage,50,TRUE,straight,,fine,,daylight,traffic_lights,0,0,0,0,1,0,0,0,0,1,0,0,0,0,0,0,0,0,0,0
-43.52724464,172.6021434,Christchurch City,2018,property_damage,50,TRUE,straight,,fine,,daylight,traffic_lights,0,0,0,0,1,0,0,0,0,1,0,0,0,0,0,0,0,0,0,0
-45.88076113,170.4998631,Dunedin City,2018,property_damage,50,TRUE,straight,,fine,,daylight,,0,0,0,0,1,0,0,0,0,1,0,0,0,0,0,0,0,0,0,0
-41.30708645,174.7767402,Wellington City,2018,property_damage,50,TRUE,curved_view_open,,fine,,daylight,traffic_lights,0,0,0,0,1,0,0,0,0,1,0,0,0,0,0,0,0,0,0,0
-41.30708645,174.7767402,Wellington City,2018,property_damage,50,TRUE,curved_view_open,,fine,,daylight,traffic_lights,0,0,0,0,1,0,0,0,0,1,0,0,0,0,0,0,0,0,0,0
-41.28496769,174.7777161,Wellington City,2018,property_damage,50,TRUE,straight,,,,daylight,traffic_lights,0,0,0,0,1,0,0,0,0,1,0,0,0,0,0,0,0,0,0,0
-39.99454714,176.5570484,Central Hawkes Bay District,2018,property_damage,50,TRUE,straight,,fine,,darkness_not_lit,giveway_sign,0,0,0,0,1,0,0,0,0,1,0,0,0,0,0,0,0,0,0,0
-36.95165927,174.794389,Auckland,2018,property_damage,100,FALSE,straight,,fine,,darkness_not_lit,,0,0,0,0,1,0,0,0,0,1,0,0,0,0,0,0,0,0,0,0
-43.54494087,172.6468995,Christchurch City,2018,property_damage,50,TRUE,straight,,fine,,daylight,traffic_lights,0,0,0,0,1,0,0,0,0,1,0,0,0,0,0,0,0,0,0,0
-39.53764044,176.897572,Napier City,2018,property_damage,100,TRUE,straight,,fine,,daylight,stop_sign,0,0,0,0,1,0,0,0,0,1,0,0,0,0,0,0,0,0,0,0
-37.81150125,175.282357,Hamilton City,2018,property_damage,60,TRUE,straight,,rain,,darkness_not_lit,giveway_sign,0,0,0,0,1,0,0,0,0,1,0,0,0,0,0,0,0,0,0,0
-37.02127718,174.8633898,Auckland,2018,property_damage,60,TRUE,straight,,fine,,darkness_not_lit,,0,0,0,0,1,0,0,0,0,1,0,0,0,0,0,0,0,0,0,0
-36.89637686,174.7444226,Auckland,2018,property_damage,50,TRUE,straight,,fine,,daylight,,0,0,0,0,1,0,0,0,0,1,0,0,0,0,0,0,0,0,0,0
-41.20422806,174.9043463,Hutt City,2018,property_damage,50,TRUE,curved_view_open,,rain,,darkness_not_lit,giveway_sign,0,0,0,0,1,0,0,0,0,1,0,0,0,0,0,0,0,0,0,0
-36.90313788,174.8040934,Auckland,2018,property_damage,50,TRUE,straight,,fine,,daylight,giveway_sign,0,0,0,0,1,0,0,0,0,1,0,0,0,0,0,0,0,0,0,0
-37.7901268,175.2598968,Hamilton City,2018,property_damage,60,FALSE,straight,,fine,,daylight,,0,0,0,0,1,0,0,0,0,1,0,0,0,0,0,0,0,0,0,0
-36.95844698,174.7835753,Auckland,2018,property_damage,70,TRUE,curved_view_open,,fine,,daylight,giveway_sign,0,0,0,0,1,0,0,0,0,1,0,0,0,0,0,0,0,0,0,0
-40.38731248,175.6408232,Palmerston North City,2018,property_damage,60,TRUE,straight,,,,daylight,stop_sign,0,0,0,0,1,0,0,0,0,1,0,0,0,0,0,0,0,0,0,0
-37.78327707,175.2981337,Hamilton City,2018,property_damage,50,TRUE,straight,,fine,,daylight,giveway_sign,0,0,0,0,1,0,0,0,0,1,0,0,0,0,0,0,0,0,0,0
-41.13830029,174.8408516,Porirua City,2018,property_damage,50,TRUE,curved_view_open,,fine,,daylight,giveway_sign,0,0,0,0,1,0,0,0,0,1,0,0,0,0,0,0,0,0,0,0
-46.43412395,168.3614765,Invercargill City,2018,property_damage,50,TRUE,straight,,rain,,darkness_not_lit,giveway_sign,0,0,0,0,1,0,0,0,0,1,0,0,0,0,0,0,0,0,0,0
-41.29197063,174.7791841,Wellington City,2018,property_damage,40,TRUE,straight,,fine,,daylight,,0,0,0,0,1,0,0,0,0,1,0,0,0,0,0,0,0,0,0,0
-41.29197063,174.7791841,Wellington City,2018,property_damage,40,TRUE,straight,,fine,,daylight,,0,0,0,0,1,0,0,0,0,1,0,0,0,0,0,0,0,0,0,0
-36.99354889,174.8428694,Auckland,2018,property_damage,50,TRUE,straight,,,,daylight,giveway_sign,0,0,0,0,1,0,0,0,0,1,0,0,0,0,0,0,0,0,0,0
-37.65828115,175.5316145,Matamata-Piako District,2018,property_damage,50,TRUE,straight,,fine,,daylight,giveway_sign,0,0,0,0,1,0,0,0,0,1,0,0,0,0,0,0,0,0,0,0
-41.26141915,174.9508777,Hutt City,2018,property_damage,50,TRUE,straight,,fine,,daylight,giveway_sign,0,0,0,0,1,0,0,0,0,1,0,0,0,0,0,0,0,0,0,0
-36.86425502,174.5981645,Auckland,2018,property_damage,50,TRUE,straight,,rain,,darkness_not_lit,manual_control,0,0,0,0,1,0,0,0,0,1,0,0,0,0,0,0,0,0,0,0
-36.83130768,174.6321717,Auckland,2018,property_damage,50,TRUE,straight,,fine,,dawn_dusk,stop_sign,0,0,0,0,1,0,0,0,0,1,0,0,0,0,0,0,0,0,0,0
-37.76197867,175.2341922,Hamilton City,2018,property_damage,80,TRUE,straight,,fine,,daylight,traffic_lights,0,0,0,0,1,0,0,0,0,1,0,0,0,0,0,0,0,0,0,0
-36.98525539,174.8842843,Auckland,2018,property_damage,100,FALSE,straight,,fine,,daylight,,0,0,0,0,1,0,0,0,0,1,0,0,0,0,0,0,0,0,0,0
-36.9637786,174.9022762,Auckland,2018,property_damage,80,FALSE,straight,,fine,,daylight,traffic_lights,0,0,0,0,1,0,0,0,0,1,0,0,0,0,0,0,0,0,0,0
-38.70512727,176.0878361,Taupo District,2018,property_damage,50,TRUE,straight,,fine,,daylight,giveway_sign,0,0,0,0,1,0,0,0,0,1,0,0,0,0,0,0,0,0,0,0
-41.30114822,174.7798158,Wellington City,2018,property_damage,50,TRUE,curved_view_open,,,,daylight,traffic_lights,0,0,0,0,1,0,0,0,0,1,0,0,0,0,0,0,0,0,0,0
-37.66861502,176.202783,Tauranga City,2018,property_damage,50,TRUE,straight,,fine,,daylight,,0,0,0,0,1,0,0,0,0,1,0,0,0,0,0,0,0,0,0,0
-43.53961777,172.5537154,Christchurch City,2018,property_damage,50,TRUE,straight,,fine,,daylight,giveway_sign,0,0,0,0,1,0,0,0,0,1,0,0,0,0,0,0,0,0,0,0
-36.92177884,174.6606484,Auckland,2018,property_damage,50,TRUE,straight,,fine,,daylight,giveway_sign,0,0,0,0,1,0,0,0,0,1,0,0,0,0,0,0,0,0,0,0
-36.81008777,174.7254909,Auckland,2018,property_damage,50,TRUE,straight,,fine,,daylight,traffic_lights,0,0,0,0,1,0,0,0,0,1,0,0,0,0,0,0,0,0,0,0
-37.05741358,174.9407444,Auckland,2018,property_damage,50,TRUE,straight,,fine,,daylight,giveway_sign,0,0,0,0,1,0,0,0,0,1,0,0,0,0,0,0,0,0,0,0
-36.8572738,174.764755,Auckland,2018,property_damage,50,TRUE,straight,,fine,,daylight,giveway_sign,0,0,0,0,1,0,0,0,0,1,0,0,0,0,0,0,0,0,0,0
-38.13087569,176.2130898,Rotorua District,2018,property_damage,50,TRUE,straight,,fine,,darkness_not_lit,stop_sign,0,0,0,0,1,0,0,0,0,1,0,0,0,0,0,0,0,0,0,0
-36.86560875,174.6662858,Auckland,2018,property_damage,100,FALSE,straight,,fine,,daylight,,0,0,0,0,1,0,0,0,0,1,0,0,0,0,0,0,0,0,0,0
-36.88042419,174.8141615,Auckland,2018,property_damage,50,TRUE,straight,,fine,,daylight,stop_sign,0,0,0,0,1,0,0,0,0,1,0,0,0,0,0,0,0,0,0,0
-36.88042419,174.8141615,Auckland,2018,property_damage,50,TRUE,straight,,fine,,daylight,stop_sign,0,0,0,0,1,0,0,0,0,1,0,0,0,0,0,0,0,0,0,0
-36.93734152,174.6447161,Auckland,2018,property_damage,50,TRUE,straight,,fine,,daylight,stop_sign,0,0,0,0,1,0,0,0,0,1,0,0,0,0,0,0,0,0,0,0
-36.92746384,174.8978256,Auckland,2018,property_damage,60,FALSE,straight,,fine,,daylight,,0,0,0,0,1,0,0,0,0,1,0,0,0,0,0,0,0,0,0,0
-40.29750708,175.750481,Palmerston North City,2018,property_damage,50,TRUE,straight,,fine,,daylight,,0,0,0,0,1,0,0,0,0,1,0,0,0,0,0,0,0,0,0,0
-36.97655015,174.8601976,Auckland,2018,property_damage,50,TRUE,straight,,fine,,darkness_not_lit,giveway_sign,0,0,0,0,1,0,0,0,0,1,0,0,0,0,0,0,0,0,0,0
-36.95420027,174.9049241,Auckland,2018,property_damage,80,TRUE,straight,,fine,,daylight,traffic_lights,0,0,0,0,1,0,0,0,0,1,0,0,0,0,0,0,0,0,0,0
-36.85429815,174.7630154,Auckland,2018,property_damage,50,FALSE,straight,,fine,,daylight,traffic_lights,0,0,0,0,1,0,0,0,0,1,0,0,0,0,0,0,0,0,0,0
-37.78462397,176.3275185,Western Bay Of Plenty District,2018,property_damage,50,FALSE,straight,,fine,,daylight,,0,0,0,0,1,0,0,0,0,1,0,0,0,0,0,0,0,0,0,0
-37.67748943,175.6353702,Matamata-Piako District,2018,property_damage,100,TRUE,straight,,fine,,daylight,stop_sign,0,0,0,0,1,0,0,0,0,1,0,0,0,0,0,0,0,0,0,0
-36.92013637,174.912978,Auckland,2018,property_damage,60,FALSE,straight,,fine,,dawn_dusk,,0,0,0,0,1,0,0,0,0,1,0,0,0,0,0,0,0,0,0,0
-36.81043907,174.7434232,Auckland,2018,property_damage,50,FALSE,straight,,fine,,daylight,,0,0,0,0,1,0,0,0,0,1,0,0,0,0,0,0,0,0,0,0
-36.86596279,174.7586729,Auckland,2018,property_damage,60,TRUE,straight,,,,daylight,traffic_lights,0,0,0,0,1,0,0,0,0,1,0,0,0,0,0,0,0,0,0,0
-36.90120936,174.8099961,Auckland,2018,property_damage,100,FALSE,straight,,fine,,daylight,,0,0,0,0,1,0,0,0,0,1,0,0,0,0,0,0,0,0,0,0
-36.6929402,174.6970921,Auckland,2018,property_damage,70,FALSE,curved_view_open,,mist,,darkness_not_lit,,0,0,0,0,1,0,0,0,0,1,0,0,0,0,0,0,0,0,0,0
-37.79539185,175.2451693,Hamilton City,2018,property_damage,50,FALSE,straight,,fine,,darkness_not_lit,,0,0,0,0,1,0,0,0,0,1,0,0,0,0,0,0,0,0,0,0
-36.75756024,174.7332974,Auckland,2018,property_damage,100,FALSE,straight,,fine,,daylight,,0,0,0,0,1,0,0,0,0,1,0,0,0,0,0,0,0,0,0,0
-38.13981583,176.217258,Rotorua District,2018,property_damage,50,TRUE,straight,,fine,,daylight,giveway_sign,0,0,0,0,1,0,0,0,0,1,0,0,0,0,0,0,0,0,0,0
-36.79733054,174.5966606,Auckland,2018,property_damage,50,TRUE,straight,,fine,,daylight,giveway_sign,0,0,0,0,1,0,0,0,0,1,0,0,0,0,0,0,0,0,0,0
-39.64352992,176.8395152,Hastings District,2018,property_damage,50,FALSE,straight,,fine,,daylight,,0,0,0,0,1,0,0,0,0,1,0,0,0,0,0,0,0,0,0,0
-38.13989967,176.2456201,Rotorua District,2018,property_damage,60,FALSE,straight,,fine,,daylight,,0,0,0,0,1,0,0,0,0,1,0,0,0,0,0,0,0,0,0,0
-36.85411578,174.7479031,Auckland,2018,property_damage,50,TRUE,straight,,fine,,daylight,,0,0,0,0,1,0,0,0,0,1,0,0,0,0,0,0,0,0,0,0
-41.20522691,174.9016798,Hutt City,2018,property_damage,100,FALSE,straight,,fine,,daylight,,0,0,0,0,1,0,0,0,0,1,0,0,0,0,0,0,0,0,0,0
-43.54742922,172.6364246,Christchurch City,2018,property_damage,60,FALSE,straight,,fine,,daylight,traffic_lights,0,0,0,0,1,0,0,0,0,1,0,0,0,0,0,0,0,0,0,0
-41.21635295,174.9248573,Hutt City,2018,property_damage,50,FALSE,straight,,fine,,daylight,,0,0,0,0,1,0,0,0,0,1,0,0,0,0,0,0,0,0,0,0
-36.39358218,174.6550147,Auckland,2018,property_damage,60,FALSE,straight,,rain,,daylight,,0,0,0,0,1,0,0,0,0,1,0,0,0,0,0,0,0,0,0,0
-36.887653,174.6850217,Auckland,2018,property_damage,50,FALSE,straight,,fine,,daylight,,0,0,0,0,1,0,0,0,0,1,0,0,0,0,0,0,0,0,0,0
-37.15454221,175.6932615,Thames-Coromandel District,2018,property_damage,100,FALSE,curved_view_open,,fine,,daylight,,0,0,0,0,1,0,0,0,0,1,0,0,0,0,0,0,0,0,0,0
-38.17816536,174.9358257,Otorohanga District,2018,property_damage,100,FALSE,curved_view_open,,fine,,daylight,,0,0,0,0,1,0,0,0,0,1,0,0,0,0,0,0,0,0,0,0
-36.77210144,174.738084,Auckland,2018,property_damage,50,FALSE,straight,,fine,,daylight,,0,0,0,0,1,0,0,0,0,1,0,0,0,0,0,0,0,0,0,0
-36.9234149,174.699819,Auckland,2018,property_damage,50,FALSE,straight,,fine,,daylight,,0,0,0,0,1,0,0,0,0,1,0,0,0,0,0,0,0,0,0,0
-37.06201178,174.9483404,Auckland,2018,property_damage,50,FALSE,straight,,fine,,daylight,,0,0,0,0,1,0,0,0,0,1,0,0,0,0,0,0,0,0,0,0
-35.72556589,174.3261841,Whangarei District,2018,property_damage,50,TRUE,curved_view_open,,fine,,daylight,giveway_sign,0,0,0,0,1,0,0,0,0,1,0,0,0,0,0,0,0,0,0,0
-36.85849684,174.7637288,Auckland,2018,property_damage,30,FALSE,straight,,fine,,darkness_not_lit,traffic_lights,0,0,0,0,1,0,0,0,0,1,0,0,0,0,0,0,0,0,0,0
-41.28322651,174.0206819,Marlborough District,2018,property_damage,50,FALSE,straight,,,,daylight,,0,0,0,0,1,0,0,0,0,1,0,0,0,0,0,0,0,0,0,0
-36.89316682,174.7791483,Auckland,2018,property_damage,50,FALSE,straight,,fine,,daylight,,0,0,0,0,1,0,0,0,0,1,0,0,0,0,0,0,0,0,0,0
-44.76469321,167.9875224,Southland District,2018,property_damage,50,FALSE,straight,,fine,,daylight,,0,0,0,0,1,0,0,0,0,1,0,0,0,0,0,0,0,0,0,0
-37.03995565,174.910202,Auckland,2018,property_damage,100,FALSE,straight,,fine,,darkness_not_lit,,0,0,0,0,1,0,0,0,0,1,0,0,0,0,0,0,0,0,0,0
-36.71691047,174.7163842,Auckland,2018,property_damage,50,FALSE,straight,,fine,,daylight,,0,0,0,0,1,0,0,0,0,1,0,0,0,0,0,0,0,0,0,0