latitude,longitude,local_government_area,year,severity,speed_limit,intersection,road_position_horizontal,road_wet,weather,crash_type,lighting,traffic_controls,casualties,fatalities,serious_injuries,minor_injuries,car_sedan,car_utility,car_van,car_4x4,car_station_wagon,motor_cycle,truck_small,truck_large,bus,taxi,bicycle,scooter,pedestrian,inanimate,train,tram
-36.98642983,174.8965597,Auckland,2018,property_damage,50,FALSE,straight,,fine,,darkness_not_lit,,0,0,0,0,1,0,0,0,0,1,0,0,0,0,0,0,0,0,0,0
-38.25958212,175.03074,Waitomo District,2018,property_damage,100,FALSE,curved_view_open,,fine,,daylight,,0,0,0,0,1,0,0,0,0,1,0,0,0,0,0,0,0,0,0,0
-35.68057237,174.3052506,Whangarei District,2018,property_damage,80,FALSE,straight,,fine,,daylight,,0,0,0,0,1,0,0,0,0,1,0,0,0,0,0,0,0,0,0,0
-38.22812467,175.1909819,Otorohanga District,2018,property_damage,100,FALSE,straight,,fine,,daylight,,0,0,0,0,1,0,0,0,0,1,0,0,0,0,0,0,0,0,0,0
-37.01922196,174.8856513,Auckland,2018,property_damage,50,FALSE,straight,,fine,,daylight,,0,0,0,0,1,0,0,0,0,1,0,0,0,0,0,0,0,0,0,0
-39.59221363,174.2865063,South Taranaki District,2018,property_damage,50,TRUE,straight,,fine,,daylight,stop_sign,0,0,0,0,1,0,0,0,0,1,0,0,0,0,0,0,0,0,0,0
-37.66591377,176.1431623,Tauranga City,2018,property_damage,50,FALSE,straight,,fine,,daylight,,0,0,0,0,1,0,0,0,0,1,0,0,0,0,0,0,0,0,0,0
-36.86668231,174.7678881,Auckland,2018,property_damage,80,FALSE,straight,,fine,,darkness_not_lit,,0,0,0,0,1,0,0,0,0,1,0,0,0,0,0,0,0,0,0,0
-36.83316387,174.6196972,Auckland,2018,property_damage,100,FALSE,straight,,fine,,daylight,,0,0,0,0,1,0,0,0,0,1,0,0,0,0,0,0,0,0,0,0
-36.86743529,174.7190283,Auckland,2018,property_damage,50,FALSE,straight,,fine,,daylight,,0,0,0,0,1,0,0,0,0,1,0,0,0,0,0,0,0,0,0,0
-36.88484708,174.7815808,Auckland,2018,property_damage,50,FALSE,straight,,fine,,daylight,,0,0,0,0,1,0,0,0,0,1,0,0,0,0,0,0,0,0,0,0
-36.8603476,174.7519486,Auckland,2018,property_damage,50,FALSE,straight,,fine,,darkness_not_lit,,0,0,0,0,1,0,0,0,0,1,0,0,0,0,0,0,0,0,0,0
-37.69238077,176.1385884,Tauranga City,2018,property_damage,50,FALSE,straight,,fine,,daylight,,0,0,0,0,1,0,0,0,0,1,0,0,0,0,0,0,0,0,0,0
-45.87982704,170.4991318,Dunedin City,2018,property_damage,50,FALSE,straight,,fine,,daylight,,0,0,0,0,1,0,0,0,0,1,0,0,0,0,0,0,0,0,0,0
-37.68740464,176.1689785,Tauranga City,2018,property_damage,50,FALSE,straight,,fine,,darkness_not_lit,traffic_lights,0,0,0,0,1,0,0,0,0,1,0,0,0,0,0,0,0,0,0,0
-36.93307657,174.5797721,Auckland,2018,property_damage,100,FALSE,curved_view_open,,fine,,darkness_not_lit,,0,0,0,0,1,0,0,0,0,1,0,0,0,0,0,0,0,0,0,0
-41.25089143,174.8084792,Wellington City,2018,property_damage,100,FALSE,straight,,fine,,dawn_dusk,,0,0,0,0,1,0,0,0,0,1,0,0,0,0,0,0,0,0,0,0
-36.85870252,174.6075272,Auckland,2018,property_damage,50,FALSE,straight,,rain,,darkness_not_lit,,0,0,0,0,1,0,0,0,0,1,0,0,0,0,0,0,0,0,0,0
-39.63270666,176.8279901,Hastings District,2018,property_damage,50,FALSE,straight,,fine,,daylight,,0,0,0,0,1,0,0,0,0,1,0,0,0,0,0,0,0,0,0,0
-36.74273933,174.7291336,Auckland,2018,property_damage,50,FALSE,straight,,fine,,dawn_dusk,,0,0,0,0,1,0,0,0,0,1,0,0,0,0,0,0,0,0,0,0
-36.84881252,174.6328018,Auckland,2018,property_damage,100,FALSE,straight,,fine,,darkness_not_lit,,0,0,0,0,1,0,0,0,0,1,0,0,0,0,0,0,0,0,0,0
-41.15287758,174.9833109,Hutt City,2018,property_damage,100,FALSE,straight,,rain,,darkness_not_lit,,0,0,0,0,1,0,0,0,0,1,0,0,0,0,0,0,0,0,0,0
-39.64996876,176.8520355,Hastings District,2018,property_damage,50,FALSE,straight,,fine,,daylight,,0,0,0,0,1,0,0,0,0,1,0,0,0,0,0,0,0,0,0,0
-40.5518219,175.4117147,Horowhenua District,2018,property_damage,50,FALSE,straight,,fine,,daylight,,0,0,0,0,1,0,0,0,0,1,0,0,0,0,0,0,0,0,0,0
-41.3044208,174.8016204,Wellington City,2018,property_damage,50,FALSE,curved_view_open,,fine,,daylight,,0,0,0,0,1,0,0,0,0,1,0,0,0,0,0,0,0,0,0,0
-37.76442518,175.3068921,Hamilton City,2018,property_damage,50,TRUE,straight,,fine,,daylight,,0,0,0,0,1,0,0,0,0,1,0,0,0,0,0,0,0,0,0,0
-36.79472717,174.7106213,Auckland,2018,property_damage,50,FALSE,straight,,fine,,dawn_dusk,,0,0,0,0,1,0,0,0,0,1,0,0,0,0,0,0,0,0,0,0
-41.2734178,174.7755521,Wellington City,2018,property_damage,50,FALSE,straight,,fine,,darkness_not_lit,,0,0,0,0,1,0,0,0,0,1,0,0,0,0,0,0,0,0,0,0
-36.94666474,174.7926772,Auckland,2018,property_damage,100,FALSE,straight,,fine,,daylight,,0,0,0,0,1,0,0,0,0,1,0,0,0,0,0,0,0,0,0,0
-36.87130153,174.7109478,Auckland,2018,property_damage,80,FALSE,curved_view_open,,fine,,daylight,,0,0,0,0,1,0,0,0,0,1,0,0,0,0,0,0,0,0,0,0
-36.75904499,174.5969644,Auckland,2018,property_damage,50,FALSE,straight,,fine,,daylight,,0,0,0,0,1,0,0,0,0,1,0,0,0,0,0,0,0,0,0,0
-36.83964921,174.743604,Auckland,2018,property_damage,80,FALSE,straight,,fine,,daylight,,0,0,0,0,1,0,0,0,0,1,0,0,0,0,0,0,0,0,0,0
-38.67171641,174.6195206,Waitomo District,2018,property_damage,100,FALSE,straight,,fine,,daylight,,0,0,0,0,1,0,0,0,0,1,0,0,0,0,0,0,0,0,0,0
-35.20760199,173.9159994,Far North District,2018,property_damage,70,FALSE,straight,,fine,,darkness_not_lit,,0,0,0,0,1,0,0,0,0,1,0,0,0,0,0,0,0,0,0,0
-40.62183507,175.2866189,Horowhenua District,2018,minor_injury,50,TRUE,straight,,fine,,daylight,traffic_lights,1,0,0,1,1,0,0,0,0,1,0,0,0,0,0,0,0,0,0,0
-36.79717348,174.7414188,Auckland,2018,minor_injury,50,TRUE,straight,,fine,,daylight,giveway_sign,1,0,0,1,1,0,0,0,0,1,0,0,0,0,0,0,0,0,0,0
-36.89314826,174.7977424,Auckland,2018,minor_injury,50,TRUE,straight,,fine,,daylight,,1,0,0,1,1,0,0,0,0,1,0,0,0,0,0,0,0,0,0,0
-36.9120671,174.7761863,Auckland,2018,minor_injury,50,TRUE,curved_view_open,,fine,,daylight,giveway_sign,1,0,0,1,1,0,0,0,0,1,0,0,0,0,0,0,0,0,0,0
-36.8985512,174.6969891,Auckland,2018,minor_injury,50,TRUE,curved_view_open,,fine,,daylight,giveway_sign,1,0,0,1,1,0,0,0,0,1,0,0,0,0,0,0,0,0,0,0
-36.9118373,174.6606236,Auckland,2018,minor_injury,50,TRUE,straight,,fine,,darkness_not_lit,,1,0,0,1,1,0,0,0,0,1,0,0,0,0,0,0,0,0,0,0
-44.38284309,171.2383359,Timaru District,2018,minor_injury,50,TRUE,straight,,fine,,darkness_not_lit,traffic_lights,1,0,0,1,1,0,0,0,0,1,0,0,0,0,0,0,0,0,0,0
-36.97573313,174.8559651,Auckland,2018,minor_injury,50,TRUE,straight,,fine,,darkness_not_lit,giveway_sign,1,0,0,1,1,0,0,0,0,1,0,0,0,0,0,0,0,0,0,0
-36.97573313,174.8559651,Auckland,2018,minor_injury,50,TRUE,straight,,fine,,darkness_not_lit,giveway_sign,1,0,0,1,1,0,0,0,0,1,0,0,0,0,0,0,0,0,0,0
-37.79544827,175.2941388,Hamilton City,2018,minor_injury,40,TRUE,straight,,fine,,daylight,stop_sign,1,0,0,1,1,0,0,0,0,1,0,0,0,0,0,0,0,0,0,0
-37.79544827,175.2941388,Hamilton City,2018,minor_injury,40,TRUE,straight,,fine,,daylight,stop_sign,1,0,0,1,1,0,0,0,0,1,0,0,0,0,0,0,0,0,0,0
-36.90567494,174.8103261,Auckland,2018,minor_injury,50,TRUE,straight,,fine,,darkness_not_lit,stop_sign,1,0,0,1,1,0,0,0,0,1,0,0,0,0,0,0,0,0,0,0
-35.73207642,174.3096068,Whangarei District,2018,minor_injury,50,TRUE,straight,,fine,,darkness_not_lit,traffic_lights,1,0,0,1,1,0,0,0,0,1,0,0,0,0,0,0,0,0,0,0
-36.92253314,174.7898892,Auckland,2018,minor_injury,50,TRUE,straight,,fine,,daylight,stop_sign,1,0,0,1,1,0,0,0,0,1,0,0,0,0,0,0,0,0,0,0
-36.90161677,174.7667748,Auckland,2018,minor_injury,50,TRUE,straight,,fine,,daylight,stop_sign,1,0,0,1,1,0,0,0,0,1,0,0,0,0,0,0,0,0,0,0
-37.69635448,176.146682,Tauranga City,2018,minor_injury,50,TRUE,curved_view_open,,fine,,daylight,stop_sign,1,0,0,1,1,0,0,0,0,1,0,0,0,0,0,0,0,0,0,0
-36.87159136,174.7102251,Auckland,2018,minor_injury,80,TRUE,straight,,fine,,daylight,,1,0,0,1,1,0,0,0,0,1,0,0,0,0,0,0,0,0,0,0
-36.87159136,174.7102251,Auckland,2018,minor_injury,80,TRUE,straight,,fine,,daylight,,1,0,0,1,1,0,0,0,0,1,0,0,0,0,0,0,0,0,0,0
-35.76936454,174.2363876,Whangarei District,2018,minor_injury,100,FALSE,curved_view_open,,fine,,daylight,,1,0,0,1,1,0,0,0,0,1,0,0,0,0,0,0,0,0,0,0
-45.09585211,170.9685003,Waitaki District,2018,minor_injury,50,TRUE,straight,,fine,,daylight,stop_sign,1,0,0,1,1,0,0,0,0,1,0,0,0,0,0,0,0,0,0,0
-44.70726577,169.1361722,Queenstown-Lakes District,2018,minor_injury,50,TRUE,straight,,rain,,daylight,giveway_sign,1,0,0,1,1,0,0,0,0,1,0,0,0,0,0,0,0,0,0,0
-43.53074996,172.5681366,Christchurch City,2018,minor_injury,50,TRUE,straight,,fine,,daylight,traffic_lights,1,0,0,1,1,0,0,0,0,1,0,0,0,0,0,0,0,0,0,0
-43.53074996,172.5681366,Christchurch City,2018,minor_injury,50,TRUE,straight,,fine,,daylight,traffic_lights,1,0,0,1,1,0,0,0,0,1,0,0,0,0,0,0,0,0,0,0
-41.28580506,174.7548472,Wellington City,2018,minor_injury,50,TRUE,curved_view_open,,fine,,daylight,stop_sign,1,0,0,1,1,0,0,0,0,1,0,0,0,0,0,0,0,0,0,0
-37.7889747,175.2827197,Hamilton City,2018,minor_injury,50,TRUE,curved_view_open,,fine,,daylight,giveway_sign,1,0,0,1,1,0,0,0,0,1,0,0,0,0,0,0,0,0,0,0
-41.51442224,173.9543683,Marlborough District,2018,minor_injury,50,TRUE,straight,,fine,,daylight,giveway_sign,1,0,0,1,1,0,0,0,0,1,0,0,0,0,0,0,0,0,0,0
-41.51442224,173.9543683,Marlborough District,2018,minor_injury,50,TRUE,straight,,fine,,daylight,giveway_sign,1,0,0,1,1,0,0,0,0,1,0,0,0,0,0,0,0,0,0,0
-37.73782131,176.1221851,Tauranga City,2018,minor_injury,60,TRUE,straight,,fine,,darkness_not_lit,stop_sign,1,0,0,1,1,0,0,0,0,1,0,0,0,0,0,0,0,0,0,0
-37.79306535,175.2961886,Hamilton City,2018,minor_injury,50,TRUE,straight,,fine,,daylight,giveway_sign,1,0,0,1,1,0,0,0,0,1,0,0,0,0,0,0,0,0,0,0
-45.89462082,170.5051446,Dunedin City,2018,minor_injury,50,TRUE,straight,,rain,,darkness_not_lit,traffic_lights,1,0,0,1,1,0,0,0,0,1,0,0,0,0,0,0,0,0,0,0
-36.90955658,174.8381077,Auckland,2018,minor_injury,50,TRUE,straight,,rain,,daylight,stop_sign,1,0,0,1,1,0,0,0,0,1,0,0,0,0,0,0,0,0,0,0
-36.85138974,174.7542901,Auckland,2018,minor_injury,80,FALSE,straight,,fine,,daylight,,1,0,0,1,1,0,0,0,0,1,0,0,0,0,0,0,0,0,0,0
-37.87087532,175.8815283,Matamata-Piako District,2018,minor_injury,100,TRUE,curved_view_open,,fine,,daylight,stop_sign,1,0,0,1,1,0,0,0,0,1,0,0,0,0,0,0,0,0,0,0
-36.92209574,174.7107128,Auckland,2018,minor_injury,50,TRUE,straight,,fine,,daylight,giveway_sign,1,0,0,1,1,0,0,0,0,1,0,0,0,0,0,0,0,0,0,0
-41.29521296,174.7762865,Wellington City,2018,minor_injury,50,TRUE,straight,,fine,,darkness_not_lit,giveway_sign,1,0,0,1,1,0,0,0,0,1,0,0,0,0,0,0,0,0,0,0
-41.29521296,174.7762865,Wellington City,2018,minor_injury,50,TRUE,straight,,fine,,darkness_not_lit,giveway_sign,1,0,0,1,1,0,0,0,0,1,0,0,0,0,0,0,0,0,0,0
-41.29161664,174.7705998,Wellington City,2018,minor_injury,50,TRUE,curved_view_open,,rain,,darkness_not_lit,stop_sign,1,0,0,1,1,0,0,0,0,1,0,0,0,0,0,0,0,0,0,0
-36.85941281,174.7320958,Auckland,2018,minor_injury,50,TRUE,straight,,fine,,daylight,giveway_sign,1,0,0,1,1,0,0,0,0,1,0,0,0,0,0,0,0,0,0,0
-36.85941281,174.7320958,Auckland,2018,minor_injury,50,TRUE,straight,,fine,,daylight,giveway_sign,1,0,0,1,1,0,0,0,0,1,0,0,0,0,0,0,0,0,0,0
-41.24196364,174.7924571,Wellington City,2018,minor_injury,50,TRUE,straight,,fine,,daylight,stop_sign,1,0,0,1,1,0,0,0,0,1,0,0,0,0,0,0,0,0,0,0
-43.20350054,172.7415769,Hurunui District,2018,minor_injury,100,TRUE,straight,,fine,,daylight,giveway_sign,1,0,0,1,1,0,0,0,0,1,0,0,0,0,0,0,0,0,0,0
-43.55762336,172.6368586,Christchurch City,2018,minor_injury,50,FALSE,straight,,fine,,daylight,,1,0,0,1,1,0,0,0,0,1,0,0,0,0,0,0,0,0,0,0
-43.55762336,172.6368586,Christchurch City,2018,minor_injury,50,FALSE,straight,,fine,,daylight,,1,0,0,1,1,0,0,0,0,1,0,0,0,0,0,0,0,0,0,0
-36.82268601,174.7974488,Auckland,2018,minor_injury,50,TRUE,straight,,fine,,daylight,giveway_sign,1,0,0,1,1,0,0,0,0,1,0,0,0,0,0,0,0,0,0,0
-46.38864928,168.3404674,Invercargill City,2018,minor_injury,50,TRUE,straight,,fine,,darkness_not_lit,giveway_sign,1,0,0,1,1,0,0,0,0,1,0,0,0,0,0,0,0,0,0,0
-37.65322459,176.2018492,Tauranga City,2018,minor_injury,50,TRUE,straight,,fine,,daylight,giveway_sign,1,0,0,1,1,0,0,0,0,1,0,0,0,0,0,0,0,0,0,0
-37.65322459,176.2018492,Tauranga City,2018,minor_injury,50,TRUE,straight,,fine,,daylight,giveway_sign,1,0,0,1,1,0,0,0,0,1,0,0,0,0,0,0,0,0,0,0
-36.81130712,174.719095,Auckland,2018,minor_injury,50,TRUE,straight,,fine,,darkness_not_lit,stop_sign,1,0,0,1,1,0,0,0,0,1,0,0,0,0,0,0,0,0,0,0
-36.86898602,174.7504856,Auckland,2018,minor_injury,50,TRUE,straight,,rain,,darkness_not_lit,,1,0,0,1,1,0,0,0,0,1,0,0,0,0,0,0,0,0,0,0
-36.93002214,174.744538,Auckland,2018,minor_injury,50,TRUE,straight,,fine,,darkness_not_lit,stop_sign,1,0,0,1,1,0,0,0,0,1,0,0,0,0,0,0,0,0,0,0
-40.3305357,175.6302152,Palmerston North City,2018,minor_injury,50,TRUE,straight,,fine,,daylight,traffic_lights,1,0,0,1,1,0,0,0,0,1,0,0,0,0,0,0,0,0,0,0
-37.75208868,175.2401142,Hamilton City,2018,minor_injury,60,TRUE,straight,,fine,,daylight,traffic_lights,1,0,0,1,1,0,0,0,0,1,0,0,0,0,0,0,0,0,0,0
-36.92917825,174.8497272,Auckland,2018,minor_injury,100,FALSE,straight,,fine,,daylight,,1,0,0,1,1,0,0,0,0,1,0,0,0,0,0,0,0,0,0,0
-36.8628155,174.78117,Auckland,2018,minor_injury,50,TRUE,straight,,fine,,daylight,giveway_sign,1,0,0,1,1,0,0,0,0,1,0,0,0,0,0,0,0,0,0,0
-36.89249972,174.8066259,Auckland,2018,minor_injury,50,TRUE,straight,,fine,,daylight,,1,0,0,1,1,0,0,0,0,1,0,0,0,0,0,0,0,0,0,0
-36.89249972,174.8066259,Auckland,2018,minor_injury,50,TRUE,straight,,fine,,daylight,,1,0,0,1,1,0,0,0,0,1,0,0,0,0,0,0,0,0,0,0
-36.88338795,174.628915,Auckland,2018,minor_injury,50,FALSE,straight,,fine,,daylight,,1,0,0,1,1,0,0,0,0,1,0,0,0,0,0,0,0,0,0,0
-36.88372477,174.7884889,Auckland,2018,minor_injury,100,FALSE,straight,,fine,,daylight,,1,0,0,1,1,0,0,0,0,1,0,0,0,0,0,0,0,0,0,0
-37.67609206,176.2223186,Tauranga City,2018,minor_injury,50,TRUE,curved_view_open,,fine,,daylight,giveway_sign,1,0,0,1,1,0,0,0,0,1,0,0,0,0,0,0,0,0,0,0
-40.46021901,175.5161743,Horowhenua District,2018,minor_injury,100,TRUE,curved_view_open,,fine,,dawn_dusk,giveway_sign,1,0,0,1,1,0,0,0,0,1,0,0,0,0,0,0,0,0,0,0
-43.48303033,172.5761683,Christchurch City,2018,minor_injury,50,TRUE,straight,,rain,,daylight,stop_sign,1,0,0,1,1,0,0,0,0,1,0,0,0,0,0,0,0,0,0,0
-37.80490329,176.4227203,Western Bay Of Plenty District,2018,minor_injury,100,TRUE,straight,,fine,,daylight,,1,0,0,1,1,0,0,0,0,1,0,0,0,0,0,0,0,0,0,0
-37.7817512,175.3157646,Hamilton City,2018,minor_injury,50,TRUE,curved_view_open,,fine,,daylight,giveway_sign,1,0,0,1,1,0,0,0,0,1,0,0,0,0,0,0,0,0,0,0
-36.85838394,174.7555268,Auckland,2018,minor_injury,50,TRUE,straight,,fine,,daylight,stop_sign,1,0,0,1,1,0,0,0,0,1,0,0,0,0,0,0,0,0,0,0
-36.91700027,174.914067,Auckland,2018,minor_injury,60,TRUE,straight,,fine,,daylight,,1,0,0,1,1,0,0,0,0,1,0,0,0,0,0,0,0,0,0,0
-40.9049215,175.0015139,Kapiti Coast District,2018,minor_injury,50,FALSE,straight,,fine,,daylight,,1,0,0,1,1,0,0,0,0,1,0,0,0,0,0,0,0,0,0,0
-41.20143424,174.9405795,Hutt City,2018,minor_injury,50,TRUE,straight,,fine,,darkness_not_lit,giveway_sign,1,0,0,1,1,0,0,0,0,1,0,0,0,0,0,0,0,0,0,0
-45.88205336,170.495578,Dunedin City,2018,minor_injury,50,TRUE,straight,,fine,,daylight,giveway_sign,1,0,0,1,1,0,0,0,0,1,0,0,0,0,0,0,0,0,0,0
-37.67282026,176.2332173,Tauranga City,2018,minor_injury,50,TRUE,straight,,fine,,daylight,,1,0,0,1,1,0,0,0,0,1,0,0,0,0,0,0,0,0,0,0
-41.27622089,173.2846346,Nelson City,2018,minor_injury,50,TRUE,straight,,fine,,daylight,giveway_sign,1,0,0,1,1,0,0,0,0,1,0,0,0,0,0,0,0,0,0,0
-42.45969058,171.2050619,Grey District,2018,minor_injury,50,TRUE,straight,,fine,,daylight,giveway_sign,1,0,0,1,1,0,0,0,0,1,0,0,0,0,0,0,0,0,0,0
-39.0565108,174.0715654,New Plymouth District,2018,minor_injury,50,FALSE,straight,,fine,,daylight,,1,0,0,1,1,0,0,0,0,1,0,0,0,0,0,0,0,0,0,0
-36.84830932,174.8318063,Auckland,2018,minor_injury,50,TRUE,curved_view_open,,fine,,darkness_not_lit,traffic_lights,1,0,0,1,1,0,0,0,0,1,0,0,0,0,0,0,0,0,0,0
-36.84943221,174.651231,Auckland,2018,minor_injury,50,TRUE,curved_view_open,,fine,,daylight,giveway_sign,1,0,0,1,1,0,0,0,0,1,0,0,0,0,0,0,0,0,0,0
-40.32813198,175.6277797,Palmerston North City,2018,minor_injury,50,TRUE,straight,,fine,,daylight,giveway_sign,1,0,0,1,1,0,0,0,0,1,0,0,0,0,0,0,0,0,0,0
-36.79686845,174.7651611,Auckland,2018,minor_injury,60,TRUE,straight,,rain,,darkness_not_lit,traffic_lights,1,0,0,1,1,0,0,0,0,1,0,0,0,0,0,0,0,0,0,0
-44.4033882,171.2372169,Timaru District,2018,minor_injury,50,TRUE,straight,,fine,,darkness_not_lit,giveway_sign,1,0,0,1,1,0,0,0,0,1,0,0,0,0,0,0,0,0,0,0
-36.81002482,174.7267226,Auckland,2018,minor_injury,50,FALSE,straight,,fine,,daylight,,1,0,0,1,1,0,0,0,0,1,0,0,0,0,0,0,0,0,0,0
-36.9715412,174.8140421,Auckland,2018,minor_injury,100,FALSE,straight,,fine,,daylight,,1,0,0,1,1,0,0,0,0,1,0,0,0,0,0,0,0,0,0,0
-36.60187249,174.6946363,Auckland,2018,minor_injury,50,FALSE,straight,,fine,,darkness_not_lit,,1,0,0,1,1,0,0,0,0,1,0,0,0,0,0,0,0,0,0,0
-37.66143955,175.1521408,Waikato District,2018,minor_injury,50,TRUE,straight,,fine,,daylight,giveway_sign,1,0,0,1,1,0,0,0,0,1,0,0,0,0,0,0,0,0,0,0
-37.03513355,174.8984227,Auckland,2018,minor_injury,50,TRUE,straight,,rain,,daylight,stop_sign,1,0,0,1,1,0,0,0,0,1,0,0,0,0,0,0,0,0,0,0
-36.88754803,174.7606268,Auckland,2018,minor_injury,50,FALSE,straight,,rain,,darkness_not_lit,,1,0,0,1,1,0,0,0,0,1,0,0,0,0,0,0,0,0,0,0
-36.86068619,174.753437,Auckland,2018,minor_injury,50,TRUE,straight,,fine,,darkness_not_lit,,1,0,0,1,1,0,0,0,0,1,0,0,0,0,0,0,0,0,0,0
-39.49223347,176.9103058,Napier City,2018,minor_injury,50,FALSE,straight,,rain,,dawn_dusk,,1,0,0,1,1,0,0,0,0,1,0,0,0,0,0,0,0,0,0,0
-40.95963826,175.6466104,Masterton District,2018,minor_injury,50,TRUE,straight,,fine,,daylight,giveway_sign,1,0,0,1,1,0,0,0,0,1,0,0,0,0,0,0,0,0,0,0
-41.22759534,174.8751142,Hutt City,2018,minor_injury,50,TRUE,straight,,fine,,daylight,giveway_sign,1,0,0,1,1,0,0,0,0,1,0,0,0,0,0,0,0,0,0,0
-43.52657656,172.6396312,Christchurch City,2018,minor_injury,50,TRUE,straight,,fine,,daylight,traffic_lights,1,0,0,1,1,0,0,0,0,1,0,0,0,0,0,0,0,0,0,0
-43.52657656,172.6396312,Christchurch City,2018,minor_injury,50,TRUE,straight,,fine,,daylight,traffic_lights,1,0,0,1,1,0,0,0,0,1,0,0,0,0,0,0,0,0,0,0
-36.86233538,174.6332802,Auckland,2018,minor_injury,50,TRUE,straight,,fine,,daylight,giveway_sign,1,0,0,1,1,0,0,0,0,1,0,0,0,0,0,0,0,0,0,0
-37.9976168,176.1952954,Rotorua District,2018,minor_injury,100,FALSE,straight,,fine,,daylight,,1,0,0,1,1,0,0,0,0,1,0,0,0,0,0,0,0,0,0,0
-38.14782595,176.2247747,Rotorua District,2018,minor_injury,50,TRUE,straight,,fine,,daylight,giveway_sign,1,0,0,1,1,0,0,0,0,1,0,0,0,0,0,0,0,0,0,0
-36.92021654,174.7364789,Auckland,2018,minor_injury,50,FALSE,straight,,,,daylight,,1,0,0,1,1,0,0,0,0,1,0,0,0,0,0,0,0,0,0,0
-36.85819081,174.8098557,Auckland,2018,minor_injury,50,TRUE,curved_view_open,,fine,,darkness_not_lit,stop_sign,1,0,0,1,1,0,0,0,0,1,0,0,0,0,0,0,0,0,0,0
-36.92630948,174.8933513,Auckland,2018,minor_injury,60,FALSE,straight,,fine,,daylight,,1,0,0,1,1,0,0,0,0,1,0,0,0,0,0,0,0,0,0,0
-41.3372331,173.1808025,Tasman District,2018,minor_injury,50,FALSE,straight,,fine,,daylight,,1,0,0,1,1,0,0,0,0,1,0,0,0,0,0,0,0,0,0,0
-41.32082908,174.7803872,Wellington City,2018,minor_injury,50,TRUE,straight,,fine,,darkness_not_lit,stop_sign,1,0,0,1,1,0,0,0,0,1,0,0,0,0,0,0,0,0,0,0
-36.88066938,174.7619386,Auckland,2018,minor_injury,50,TRUE,straight,,fine,,daylight,giveway_sign,1,0,0,1,1,0,0,0,0,1,0,0,0,0,0,0,0,0,0,0
-43.53929066,172.6396669,Christchurch City,2018,minor_injury,50,FALSE,straight,,fine,,daylight,stop_sign,1,0,0,1,1,0,0,0,0,1,0,0,0,0,0,0,0,0,0,0
-36.84512212,174.6258485,Auckland,2018,minor_injury,50,FALSE,straight,,fine,,daylight,,1,0,0,1,1,0,0,0,0,1,0,0,0,0,0,0,0,0,0,0
-36.79688463,174.5969764,Auckland,2018,minor_injury,100,TRUE,straight,,fine,,daylight,,1,0,0,1,1,0,0,0,0,1,0,0,0,0,0,0,0,0,0,0
-36.97485835,174.8987326,Auckland,2018,minor_injury,60,FALSE,straight,,fine,,daylight,,1,0,0,1,1,0,0,0,0,1,0,0,0,0,0,0,0,0,0,0
-36.89810491,174.9075797,Auckland,2018,minor_injury,60,FALSE,straight,,fine,,daylight,,1,0,0,1,1,0,0,0,0,1,0,0,0,0,0,0,0,0,0,0
-36.8866775,174.7128955,Auckland,2018,minor_injury,50,FALSE,straight,,fine,,daylight,,1,0,0,1,1,0,0,0,0,1,0,0,0,0,0,0,0,0,0,0
-41.22182795,174.8031209,Wellington City,2018,minor_injury,50,TRUE,straight,,fine,,daylight,giveway_sign,1,0,0,1,1,0,0,0,0,1,0,0,0,0,0,0,0,0,0,0
-36.90748164,174.8393935,Auckland,2018,minor_injury,50,TRUE,straight,,fine,,dawn_dusk,giveway_sign,1,0,0,1,1,0,0,0,0,1,0,0,0,0,0,0,0,0,0,0
-41.30482742,173.2335602,Nelson City,2018,minor_injury,50,FALSE,straight,,rain,,darkness_not_lit,,1,0,0,1,1,0,0,0,0,1,0,0,0,0,0,0,0,0,0,0
-41.13835374,174.8408888,Porirua City,2018,minor_injury,50,TRUE,curved_view_open,,fine,,daylight,giveway_sign,1,0,0,1,1,0,0,0,0,1,0,0,0,0,0,0,0,0,0,0
-36.99832022,174.7872595,Auckland,2018,minor_injury,50,TRUE,straight,,fine,,daylight,giveway_sign,1,0,0,1,1,0,0,0,0,1,0,0,0,0,0,0,0,0,0,0
-41.23386065,174.9044188,Hutt City,2018,minor_injury,50,TRUE,curved_view_open,,fine,,daylight,giveway_sign,1,0,0,1,1,0,0,0,0,1,0,0,0,0,0,0,0,0,0,0
-43.55076385,172.5996118,Christchurch City,2018,minor_injury,50,FALSE,straight,,fine,,daylight,,1,0,0,1,1,0,0,0,0,1,0,0,0,0,0,0,0,0,0,0
-43.50926233,172.589185,Christchurch City,2018,minor_injury,50,TRUE,straight,,fine,,daylight,giveway_sign,1,0,0,1,1,0,0,0,0,1,0,0,0,0,0,0,0,0,0,0
-37.99397562,176.9750877,Whakatane District,2018,minor_injury,100,TRUE,straight,,fine,,daylight,giveway_sign,1,0,0,1,1,0,0,0,0,1,0,0,0,0,0,0,0,0,0,0
-37.71440363,176.2848593,Tauranga City,2018,minor_injury,80,TRUE,curved_view_open,,rain,,daylight,giveway_sign,1,0,0,1,1,0,0,0,0,1,0,0,0,0,0,0,0,0,0,0
-37.71440363,176.2848593,Tauranga City,2018,minor_injury,70,TRUE,curved_view_open,,fine,,daylight,giveway_sign,1,0,0,1,1,0,0,0,0,1,0,0,0,0,0,0,0,0,0,0
-37.79539185,175.2451693,Hamilton City,2018,minor_injury,50,FALSE,straight,,fine,,daylight,,1,0,0,1,1,0,0,0,0,1,0,0,0,0,0,0,0,0,0,0
-36.88352939,174.7011447,Auckland,2018,minor_injury,50,FALSE,straight,,fine,,daylight,,1,0,0,1,1,0,0,0,0,1,0,0,0,0,0,0,0,0,0,0
-35.75453837,174.3683507,Whangarei District,2018,minor_injury,50,FALSE,straight,,rain,,daylight,,1,0,0,1,1,0,0,0,0,1,0,0,0,0,0,0,0,0,0,0
-41.22695623,173.4300433,Nelson City,2018,minor_injury,100,FALSE,curved_view_open,,rain,,daylight,,1,0,0,1,1,0,0,0,0,1,0,0,0,0,0,0,0,0,0,0