latitude,longitude,local_government_area,year,severity,speed_limit,intersection,road_position_horizontal,road_wet,weather,crash_type,lighting,traffic_controls,casualties,fatalities,serious_injuries,minor_injuries,car_sedan,car_utility,car_van,car_4x4,car_station_wagon,motor_cycle,truck_small,truck_large,bus,taxi,bicycle,scooter,pedestrian,inanimate,train,tram
-36.8760962,174.7358383,Auckland,2018,minor_injury,50,FALSE,straight,,fine,,daylight,giveway_sign,1,0,0,1,1,0,0,0,0,1,0,0,0,0,0,0,0,0,0,0
-43.06399895,170.6316823,Westland District,2018,minor_injury,100,FALSE,curved_view_open,,fine,,daylight,,1,0,0,1,1,0,0,0,0,1,0,0,0,0,0,0,0,0,0,0
-43.54946774,172.6101801,Christchurch City,2018,minor_injury,50,FALSE,curved_view_open,,fine,,daylight,,1,0,0,1,1,0,0,0,0,1,0,0,0,0,0,0,0,0,0,0
-40.40872852,175.8713328,Tararua District,2018,minor_injury,100,FALSE,curved_view_open,,fine,,daylight,,1,0,0,1,1,0,0,0,0,1,0,0,0,0,0,0,0,0,0,0
-36.79026179,174.765144,Auckland,2018,minor_injury,50,FALSE,straight,,fine,,daylight,,1,0,0,1,1,0,0,0,0,1,0,0,0,0,0,0,0,0,0,0
-43.48060191,172.5555473,Christchurch City,2018,minor_injury,80,FALSE,straight,,fine,,daylight,,1,0,0,1,1,0,0,0,0,1,0,0,0,0,0,0,0,0,0,0
-36.99687784,174.9277653,Auckland,2018,minor_injury,50,TRUE,straight,,fine,,daylight,,1,0,0,1,1,0,0,0,0,1,0,0,0,0,0,0,0,0,0,0
-45.05672389,168.5992196,Queenstown-Lakes District,2018,minor_injury,100,FALSE,curved_view_open,,fine,,daylight,,1,0,0,1,1,0,0,0,0,1,0,0,0,0,0,0,0,0,0,0
-36.54913696,174.4904872,Auckland,2018,minor_injury,100,FALSE,curved_view_open,,fine,,daylight,,1,0,0,1,1,0,0,0,0,1,0,0,0,0,0,0,0,0,0,0
-37.74987425,175.237142,Hamilton City,2018,minor_injury,80,FALSE,straight,,fine,,daylight,traffic_lights,1,0,0,1,1,0,0,0,0,1,0,0,0,0,0,0,0,0,0,0
-41.10831088,175.2549062,South Wairarapa District,2018,minor_injury,100,FALSE,curved_view_open,,fine,,daylight,,1,0,0,1,1,0,0,0,0,1,0,0,0,0,0,0,0,0,0,0
-36.84829361,174.8334096,Auckland,2018,minor_injury,50,FALSE,straight,,fine,,daylight,,1,0,0,1,1,0,0,0,0,1,0,0,0,0,0,0,0,0,0,0
-36.97973435,174.9004266,Auckland,2018,minor_injury,50,FALSE,straight,,fine,,daylight,,1,0,0,1,1,0,0,0,0,1,0,0,0,0,0,0,0,0,0,0
-36.92173287,174.8398931,Auckland,2018,minor_injury,50,FALSE,straight,,fine,,daylight,,1,0,0,1,1,0,0,0,0,1,0,0,0,0,0,0,0,0,0,0
-41.27551278,173.7670385,Marlborough District,2018,minor_injury,50,FALSE,straight,,fine,,daylight,,1,0,0,1,1,0,0,0,0,1,0,0,0,0,0,0,0,0,0,0
-41.27514574,173.2785882,Nelson City,2018,minor_injury,50,TRUE,straight,,fine,,daylight,,1,0,0,1,1,0,0,0,0,1,0,0,0,0,0,0,0,0,0,0
-37.01774719,174.9202786,Auckland,2018,minor_injury,60,FALSE,straight,,fine,,daylight,giveway_sign,1,0,0,1,1,0,0,0,0,1,0,0,0,0,0,0,0,0,0,0
-35.71640772,174.3268504,Whangarei District,2018,minor_injury,50,FALSE,curved_view_open,,fine,,daylight,,1,0,0,1,1,0,0,0,0,1,0,0,0,0,0,0,0,0,0,0
-41.45027413,173.9638431,Marlborough District,2018,minor_injury,100,FALSE,straight,,rain,,darkness_not_lit,,1,0,0,1,1,0,0,0,0,1,0,0,0,0,0,0,0,0,0,0
-41.53582338,173.9412685,Marlborough District,2018,minor_injury,50,FALSE,straight,,rain,,daylight,,1,0,0,1,1,0,0,0,0,1,0,0,0,0,0,0,0,0,0,0
-36.91620854,174.8310946,Auckland,2018,minor_injury,100,FALSE,straight,,fine,,daylight,,1,0,0,1,1,0,0,0,0,1,0,0,0,0,0,0,0,0,0,0
-43.51357871,172.6740662,Christchurch City,2018,minor_injury,50,TRUE,straight,,fine,,daylight,giveway_sign,1,0,0,1,1,0,0,0,0,1,0,0,0,0,0,0,0,0,0,0
-37.03763899,174.9102226,Auckland,2018,minor_injury,100,FALSE,curved_view_open,,fine,,daylight,,1,0,0,1,1,0,0,0,0,1,0,0,0,0,0,0,0,0,0,0
-36.79053244,174.7651278,Auckland,2018,minor_injury,50,FALSE,straight,,fine,,daylight,,1,0,0,1,1,0,0,0,0,1,0,0,0,0,0,0,0,0,0,0
-36.87097973,174.7269608,Auckland,2018,minor_injury,50,FALSE,straight,,fine,,daylight,,1,0,0,1,1,0,0,0,0,1,0,0,0,0,0,0,0,0,0,0
-36.90744646,174.8188532,Auckland,2018,minor_injury,100,FALSE,curved_view_open,,fine,,daylight,,1,0,0,1,1,0,0,0,0,1,0,0,0,0,0,0,0,0,0,0
-41.14874962,174.8328978,Porirua City,2018,minor_injury,50,FALSE,curved_view_open,,fine,,dawn_dusk,,1,0,0,1,1,0,0,0,0,1,0,0,0,0,0,0,0,0,0,0
-36.96154706,174.7991362,Auckland,2018,minor_injury,100,FALSE,straight,,fine,,daylight,,1,0,0,1,1,0,0,0,0,1,0,0,0,0,0,0,0,0,0,0
-36.92134366,174.8452272,Auckland,2018,minor_injury,100,FALSE,curved_view_open,,fine,,daylight,,1,0,0,1,1,0,0,0,0,1,0,0,0,0,0,0,0,0,0,0
-37.6947562,176.1400606,Tauranga City,2018,minor_injury,50,FALSE,straight,,fine,,daylight,,1,0,0,1,1,0,0,0,0,1,0,0,0,0,0,0,0,0,0,0
-37.99701143,176.2003241,Rotorua District,2018,minor_injury,100,FALSE,curved_view_open,,fine,,dawn_dusk,,1,0,0,1,1,0,0,0,0,1,0,0,0,0,0,0,0,0,0,0
-38.15186209,176.2538176,Rotorua District,2018,minor_injury,50,FALSE,straight,,fine,,daylight,,1,0,0,1,1,0,0,0,0,1,0,0,0,0,0,0,0,0,0,0
-40.18300666,175.3862532,Rangitikei District,2018,minor_injury,70,TRUE,straight,,fine,,daylight,,1,0,0,1,1,0,0,0,0,1,0,0,0,0,0,0,0,0,0,0
-36.81083489,174.7118429,Auckland,2018,minor_injury,50,FALSE,straight,,fine,,daylight,,1,0,0,1,1,0,0,0,0,1,0,0,0,0,0,0,0,0,0,0
-37.80883201,175.2945076,Hamilton City,2018,minor_injury,50,FALSE,straight,,fine,,daylight,,1,0,0,1,1,0,0,0,0,1,0,0,0,0,0,0,0,0,0,0
-41.18890564,174.9314456,Hutt City,2018,minor_injury,100,FALSE,straight,,fine,,daylight,,1,0,0,1,1,0,0,0,0,1,0,0,0,0,0,0,0,0,0,0
-42.50802068,173.1528319,Hurunui District,2018,minor_injury,100,FALSE,straight,,fine,,daylight,,1,0,0,1,1,0,0,0,0,1,0,0,0,0,0,0,0,0,0,0
-37.04197761,174.89766,Auckland,2018,minor_injury,50,FALSE,straight,,fine,,daylight,,1,0,0,1,1,0,0,0,0,1,0,0,0,0,0,0,0,0,0,0
-41.31773602,174.8140657,Wellington City,2018,minor_injury,50,FALSE,straight,,rain,,daylight,,1,0,0,1,1,0,0,0,0,1,0,0,0,0,0,0,0,0,0,0
-43.55182519,172.6096945,Christchurch City,2018,minor_injury,50,FALSE,straight,,fine,,dawn_dusk,,1,0,0,1,1,0,0,0,0,1,0,0,0,0,0,0,0,0,0,0
-41.15323147,174.9784475,Hutt City,2018,minor_injury,100,FALSE,curved_view_open,,fine,,daylight,,1,0,0,1,1,0,0,0,0,1,0,0,0,0,0,0,0,0,0,0
-41.30731433,174.7759819,Wellington City,2018,minor_injury,50,FALSE,straight,,fine,,daylight,,1,0,0,1,1,0,0,0,0,1,0,0,0,0,0,0,0,0,0,0
-43.53637009,172.4837977,Christchurch City,2018,minor_injury,80,FALSE,straight,,fine,,daylight,,1,0,0,1,1,0,0,0,0,1,0,0,0,0,0,0,0,0,0,0
-37.06988501,174.9276327,Auckland,2018,minor_injury,100,FALSE,straight,,fine,,daylight,,1,0,0,1,1,0,0,0,0,1,0,0,0,0,0,0,0,0,0,0
-36.85474119,174.4953128,Auckland,2018,minor_injury,80,FALSE,straight,,fine,,daylight,,1,0,0,1,1,0,0,0,0,1,0,0,0,0,0,0,0,0,0,0
-39.47867074,174.0828977,South Taranaki District,2018,minor_injury,100,FALSE,straight,,fine,,darkness_not_lit,,1,0,0,1,1,0,0,0,0,1,0,0,0,0,0,0,0,0,0,0
-36.84902993,174.7535632,Auckland,2018,minor_injury,50,FALSE,straight,,fine,,daylight,,1,0,0,1,1,0,0,0,0,1,0,0,0,0,0,0,0,0,0,0
-36.92571196,174.8326242,Auckland,2018,minor_injury,50,FALSE,curved_view_open,,fine,,darkness_not_lit,,1,0,0,1,1,0,0,0,0,1,0,0,0,0,0,0,0,0,0,0
-36.82534288,174.7492552,Auckland,2018,minor_injury,80,FALSE,straight,,fine,,daylight,,1,0,0,1,1,0,0,0,0,1,0,0,0,0,0,0,0,0,0,0
-41.24463514,174.9500321,Hutt City,2018,minor_injury,50,TRUE,straight,,fine,,daylight,giveway_sign,1,0,0,1,1,0,0,0,0,1,0,0,0,0,0,0,0,0,0,0
-41.11170812,175.2758875,South Wairarapa District,2018,minor_injury,100,FALSE,curved_view_open,,fine,,daylight,,1,0,0,1,1,0,0,0,0,1,0,0,0,0,0,0,0,0,0,0
-40.35554939,175.5883522,Palmerston North City,2018,minor_injury,50,FALSE,straight,,fine,,daylight,,1,0,0,1,1,0,0,0,0,1,0,0,0,0,0,0,0,0,0,0
-41.22847736,174.8779193,Hutt City,2018,minor_injury,50,TRUE,straight,,fine,,daylight,giveway_sign,1,0,0,1,1,0,0,0,0,1,0,0,0,0,0,0,0,0,0,0
-41.29936863,174.7801496,Wellington City,2018,minor_injury,50,FALSE,straight,,fine,,daylight,,1,0,0,1,1,0,0,0,0,1,0,0,0,0,0,0,0,0,0,0
-38.13687155,176.2148929,Rotorua District,2018,minor_injury,50,FALSE,straight,,rain,,daylight,,1,0,0,1,1,0,0,0,0,1,0,0,0,0,0,0,0,0,0,0
-41.2244534,174.8572366,Hutt City,2018,minor_injury,100,FALSE,straight,,fine,,dawn_dusk,,1,0,0,1,1,0,0,0,0,1,0,0,0,0,0,0,0,0,0,0
-36.86866339,174.7151295,Auckland,2018,minor_injury,50,FALSE,straight,,rain,,daylight,,1,0,0,1,1,0,0,0,0,1,0,0,0,0,0,0,0,0,0,0
-41.16899708,174.8521051,Wellington City,2018,minor_injury,60,FALSE,straight,,fine,,dawn_dusk,,1,0,0,1,1,0,0,0,0,1,0,0,0,0,0,0,0,0,0,0
-36.91632062,174.8724615,Auckland,2018,minor_injury,60,FALSE,straight,,fine,,daylight,,1,0,0,1,1,0,0,0,0,1,0,0,0,0,0,0,0,0,0,0
-36.76827787,174.7014291,Auckland,2018,minor_injury,70,FALSE,curved_view_open,,fine,,daylight,,1,0,0,1,1,0,0,0,0,1,0,0,0,0,0,0,0,0,0,0
-37.8083128,175.287847,Hamilton City,2018,minor_injury,50,FALSE,straight,,fine,,darkness_not_lit,giveway_sign,1,0,0,1,1,0,0,0,0,1,0,0,0,0,0,0,0,0,0,0
-37.56557039,175.1581185,Waikato District,2018,minor_injury,50,FALSE,straight,,rain,,dawn_dusk,,1,0,0,1,1,0,0,0,0,1,0,0,0,0,0,0,0,0,0,0
-41.28747369,174.7564683,Wellington City,2018,minor_injury,50,FALSE,curved_view_open,,fine,,daylight,,1,0,0,1,1,0,0,0,0,1,0,0,0,0,0,0,0,0,0,0
-41.28991619,174.7757367,Wellington City,2018,minor_injury,30,FALSE,straight,,fine,,daylight,,1,0,0,1,1,0,0,0,0,1,0,0,0,0,0,0,0,0,0,0
-37.77524701,175.2721704,Hamilton City,2018,minor_injury,50,FALSE,straight,,fine,,darkness_not_lit,,1,0,0,1,1,0,0,0,0,1,0,0,0,0,0,0,0,0,0,0
-36.89081309,174.687818,Auckland,2018,minor_injury,50,FALSE,straight,,fine,,daylight,,1,0,0,1,1,0,0,0,0,1,0,0,0,0,0,0,0,0,0,0
-39.61788996,176.8497882,Hastings District,2018,minor_injury,50,FALSE,curved_view_open,,fine,,daylight,giveway_sign,1,0,0,1,1,0,0,0,0,1,0,0,0,0,0,0,0,0,0,0
-36.70872058,174.7273521,Auckland,2018,minor_injury,50,FALSE,straight,,rain,,dawn_dusk,,1,0,0,1,1,0,0,0,0,1,0,0,0,0,0,0,0,0,0,0
-36.87980399,174.8514412,Auckland,2018,minor_injury,50,FALSE,straight,,fine,,daylight,,1,0,0,1,1,0,0,0,0,1,0,0,0,0,0,0,0,0,0,0
-37.71752401,176.3072837,Tauranga City,2018,minor_injury,70,FALSE,straight,,fine,,daylight,,1,0,0,1,1,0,0,0,0,1,0,0,0,0,0,0,0,0,0,0
-41.32219794,174.7751554,Wellington City,2018,minor_injury,50,TRUE,straight,,fine,,darkness_not_lit,giveway_sign,1,0,0,1,1,0,0,0,0,1,0,0,0,0,0,0,0,0,0,0
-44.09274172,171.243775,Timaru District,2018,minor_injury,50,FALSE,straight,,fine,,darkness_not_lit,,1,0,0,1,1,0,0,0,0,1,0,0,0,0,0,0,0,0,0,0
-36.95222518,174.8016571,Auckland,2018,minor_injury,50,FALSE,straight,,rain,,daylight,,1,0,0,1,1,0,0,0,0,1,0,0,0,0,0,0,0,0,0,0
-36.85537166,174.769624,Auckland,2018,minor_injury,80,TRUE,straight,,fine,,daylight,,1,0,0,1,1,0,0,0,0,1,0,0,0,0,0,0,0,0,0,0
-36.91288797,174.6596137,Auckland,2018,minor_injury,50,FALSE,curved_view_open,,fine,,daylight,,1,0,0,1,1,0,0,0,0,1,0,0,0,0,0,0,0,0,0,0
-38.8857469,175.9641297,Taupo District,2018,minor_injury,100,FALSE,straight,,fine,,daylight,,1,0,0,1,1,0,0,0,0,1,0,0,0,0,0,0,0,0,0,0
-36.71370392,174.748422,Auckland,2018,minor_injury,50,FALSE,straight,,fine,,darkness_not_lit,,1,0,0,1,1,0,0,0,0,1,0,0,0,0,0,0,0,0,0,0
-37.99724884,175.3442658,Waipa District,2018,minor_injury,70,TRUE,curved_view_open,,fine,,daylight,,1,0,0,1,1,0,0,0,0,1,0,0,0,0,0,0,0,0,0,0
-41.28214207,174.7629046,Wellington City,2018,minor_injury,50,FALSE,curved_view_open,,fine,,daylight,,1,0,0,1,1,0,0,0,0,1,0,0,0,0,0,0,0,0,0,0
-36.86152844,174.6349345,Auckland,2018,minor_injury,50,FALSE,straight,,fine,,daylight,,1,0,0,1,1,0,0,0,0,1,0,0,0,0,0,0,0,0,0,0
-37.7131396,176.3001025,Tauranga City,2018,minor_injury,50,FALSE,straight,,fine,,darkness_not_lit,,1,0,0,1,1,0,0,0,0,1,0,0,0,0,0,0,0,0,0,0
-43.54829646,172.6099648,Christchurch City,2018,minor_injury,50,FALSE,straight,,fine,,daylight,traffic_lights,1,0,0,1,1,0,0,0,0,1,0,0,0,0,0,0,0,0,0,0
-37.56668675,175.1576865,Waikato District,2018,minor_injury,50,TRUE,curved_view_open,,fine,,daylight,giveway_sign,1,0,0,1,1,0,0,0,0,1,0,0,0,0,0,0,0,0,0,0
-41.24901797,174.8119124,Wellington City,2018,minor_injury,100,FALSE,straight,,fine,,daylight,,1,0,0,1,1,0,0,0,0,1,0,0,0,0,0,0,0,0,0,0
-36.98931277,174.8382167,Auckland,2018,minor_injury,100,FALSE,straight,,fine,,dawn_dusk,,1,0,0,1,1,0,0,0,0,1,0,0,0,0,0,0,0,0,0,0
-36.88219241,174.7680213,Auckland,2018,minor_injury,50,FALSE,curved_view_open,,fine,,daylight,,1,0,0,1,1,0,0,0,0,1,0,0,0,0,0,0,0,0,0,0
-36.77726784,174.7751992,Auckland,2018,minor_injury,50,FALSE,straight,,fine,,daylight,,1,0,0,1,1,0,0,0,0,1,0,0,0,0,0,0,0,0,0,0
-38.11911315,176.2280605,Rotorua District,2018,minor_injury,60,FALSE,straight,,fine,,daylight,,1,0,0,1,1,0,0,0,0,1,0,0,0,0,0,0,0,0,0,0
-36.70512459,174.7440073,Auckland,2018,minor_injury,50,FALSE,straight,,fine,,daylight,,1,0,0,1,1,0,0,0,0,1,0,0,0,0,0,0,0,0,0,0
-36.84518332,174.7380774,Auckland,2018,serious_injury,50,TRUE,straight,,fine,,darkness_not_lit,giveway_sign,2,0,2,0,1,0,0,0,0,1,0,0,0,0,0,0,0,0,0,0
-41.27808318,174.7825679,Wellington City,2018,serious_injury,50,FALSE,straight,,fine,,daylight,,1,0,1,0,1,0,0,0,0,1,0,0,0,0,0,0,0,0,0,0
-37.10651541,174.9484561,Auckland,2018,serious_injury,70,TRUE,straight,,fine,,daylight,stop_sign,1,0,1,0,1,0,0,0,0,1,0,0,0,0,0,0,0,0,0,0
-37.80319487,175.300307,Hamilton City,2018,serious_injury,80,TRUE,straight,,fine,,darkness_not_lit,giveway_sign,1,0,1,0,1,0,0,0,0,1,0,0,0,0,0,0,0,0,0,0
-36.86797625,174.719018,Auckland,2018,serious_injury,50,TRUE,straight,,fine,,daylight,traffic_lights,1,0,1,0,1,0,0,0,0,1,0,0,0,0,0,0,0,0,0,0
-37.79437735,176.3929655,Western Bay Of Plenty District,2018,serious_injury,100,TRUE,straight,,fine,,daylight,stop_sign,1,0,1,0,1,0,0,0,0,1,0,0,0,0,0,0,0,0,0,0
-36.91660877,174.6674623,Auckland,2018,serious_injury,50,TRUE,straight,,fine,,daylight,,1,0,1,0,1,0,0,0,0,1,0,0,0,0,0,0,0,0,0,0
-36.74227644,174.6999588,Auckland,2018,serious_injury,50,TRUE,straight,,fine,,daylight,giveway_sign,1,0,1,0,1,0,0,0,0,1,0,0,0,0,0,0,0,0,0,0
-36.74227644,174.6999588,Auckland,2018,serious_injury,50,TRUE,straight,,fine,,daylight,giveway_sign,1,0,1,0,1,0,0,0,0,1,0,0,0,0,0,0,0,0,0,0
-37.70101731,176.1566087,Tauranga City,2018,serious_injury,50,TRUE,straight,,fine,,daylight,traffic_lights,1,0,1,0,1,0,0,0,0,1,0,0,0,0,0,0,0,0,0,0
-43.54939219,172.6598473,Christchurch City,2018,serious_injury,60,TRUE,straight,,fine,,darkness_not_lit,traffic_lights,1,0,1,0,1,0,0,0,0,1,0,0,0,0,0,0,0,0,0,0
-36.90083446,174.8056104,Auckland,2018,serious_injury,50,TRUE,straight,,fine,,daylight,,1,0,1,0,1,0,0,0,0,1,0,0,0,0,0,0,0,0,0,0
-37.7862872,175.2786401,Hamilton City,2018,serious_injury,50,TRUE,straight,,fine,,daylight,traffic_lights,1,0,1,0,1,0,0,0,0,1,0,0,0,0,0,0,0,0,0,0
-39.66693879,176.8787338,Hastings District,2018,serious_injury,50,TRUE,straight,,fine,,darkness_not_lit,giveway_sign,1,0,1,0,1,0,0,0,0,1,0,0,0,0,0,0,0,0,0,0
-39.66693879,176.8787338,Hastings District,2018,serious_injury,50,TRUE,straight,,fine,,darkness_not_lit,giveway_sign,1,0,1,0,1,0,0,0,0,1,0,0,0,0,0,0,0,0,0,0
-39.0589811,174.0733826,New Plymouth District,2018,serious_injury,50,TRUE,straight,,fine,,daylight,traffic_lights,1,0,1,0,1,0,0,0,0,1,0,0,0,0,0,0,0,0,0,0
-40.29562201,175.5733574,Manawatu District,2018,serious_injury,100,TRUE,straight,,fine,,daylight,giveway_sign,1,0,1,0,1,0,0,0,0,1,0,0,0,0,0,0,0,0,0,0
-45.85719047,170.5148197,Dunedin City,2018,serious_injury,50,TRUE,straight,,rain,,darkness_not_lit,traffic_lights,1,0,1,0,1,0,0,0,0,1,0,0,0,0,0,0,0,0,0,0
-45.8718136,170.5134331,Dunedin City,2018,serious_injury,50,TRUE,straight,,fine,,daylight,giveway_sign,1,0,1,0,1,0,0,0,0,1,0,0,0,0,0,0,0,0,0,0
-36.86677437,174.7774254,Auckland,2018,serious_injury,50,FALSE,straight,,fine,,darkness_not_lit,,1,0,1,0,1,0,0,0,0,1,0,0,0,0,0,0,0,0,0,0
-39.1241624,175.3917183,Ruapehu District,2018,serious_injury,100,TRUE,straight,,fine,,daylight,stop_sign,1,0,1,0,1,0,0,0,0,1,0,0,0,0,0,0,0,0,0,0
-37.7149197,176.1404246,Tauranga City,2018,serious_injury,50,TRUE,straight,,fine,,daylight,traffic_lights,1,0,1,0,1,0,0,0,0,1,0,0,0,0,0,0,0,0,0,0
-36.86244435,174.7546213,Auckland,2018,serious_injury,50,TRUE,straight,,fine,,daylight,giveway_sign,1,0,1,0,1,0,0,0,0,1,0,0,0,0,0,0,0,0,0,0
-36.90933533,174.6897526,Auckland,2018,serious_injury,50,TRUE,straight,,rain,,daylight,giveway_sign,1,0,1,0,1,0,0,0,0,1,0,0,0,0,0,0,0,0,0,0
-36.83616477,174.606461,Auckland,2018,serious_injury,50,TRUE,straight,,fine,,darkness_not_lit,stop_sign,1,0,1,0,1,0,0,0,0,1,0,0,0,0,0,0,0,0,0,0
-44.69763049,169.1347567,Queenstown-Lakes District,2018,serious_injury,50,TRUE,straight,,fine,,daylight,stop_sign,1,0,1,0,1,0,0,0,0,1,0,0,0,0,0,0,0,0,0,0
-37.76065839,175.249113,Hamilton City,2018,serious_injury,60,TRUE,straight,,fine,,darkness_not_lit,giveway_sign,1,0,1,0,1,0,0,0,0,1,0,0,0,0,0,0,0,0,0,0
-36.76799983,174.7201329,Auckland,2018,serious_injury,50,FALSE,straight,,fine,,daylight,,1,0,1,0,1,0,0,0,0,1,0,0,0,0,0,0,0,0,0,0
-41.27284774,174.7551687,Wellington City,2018,serious_injury,50,FALSE,curved_view_open,,fine,,daylight,,1,0,1,0,1,0,0,0,0,1,0,0,0,0,0,0,0,0,0,0
-41.27775242,174.7777471,Wellington City,2018,serious_injury,50,TRUE,curved_view_open,,fine,,daylight,giveway_sign,1,0,1,0,1,0,0,0,0,1,0,0,0,0,0,0,0,0,0,0
-41.37382429,173.1072173,Tasman District,2018,serious_injury,50,TRUE,straight,,fine,,daylight,stop_sign,1,0,1,0,1,0,0,0,0,1,0,0,0,0,0,0,0,0,0,0
-36.64185963,174.6463188,Auckland,2018,serious_injury,100,TRUE,straight,,fine,,daylight,giveway_sign,1,0,1,0,1,0,0,0,0,1,0,0,0,0,0,0,0,0,0,0
-41.31694818,174.8034469,Wellington City,2018,serious_injury,70,TRUE,curved_view_open,,fine,,daylight,giveway_sign,1,0,1,0,1,0,0,0,0,1,0,0,0,0,0,0,0,0,0,0
-36.83045769,174.7459069,Auckland,2018,serious_injury,80,FALSE,straight,,fine,,daylight,,1,0,1,0,1,0,0,0,0,1,0,0,0,0,0,0,0,0,0,0
-36.83045769,174.7459069,Auckland,2018,serious_injury,80,FALSE,straight,,fine,,daylight,,1,0,1,0,1,0,0,0,0,1,0,0,0,0,0,0,0,0,0,0
-36.63103648,174.7638867,Auckland,2018,serious_injury,50,TRUE,curved_view_open,,fine,,daylight,giveway_sign,1,0,1,0,1,0,0,0,0,1,0,0,0,0,0,0,0,0,0,0
-36.89874093,174.7436347,Auckland,2018,serious_injury,50,TRUE,straight,,rain,,darkness_not_lit,stop_sign,1,0,1,0,1,0,0,0,0,1,0,0,0,0,0,0,0,0,0,0
-41.32214377,174.7931715,Wellington City,2018,serious_injury,50,TRUE,straight,,fine,,daylight,,1,0,1,0,1,0,0,0,0,1,0,0,0,0,0,0,0,0,0,0
-41.32214377,174.7931715,Wellington City,2018,serious_injury,50,TRUE,straight,,fine,,daylight,,1,0,1,0,1,0,0,0,0,1,0,0,0,0,0,0,0,0,0,0
-43.54015578,172.6123567,Christchurch City,2018,serious_injury,50,TRUE,straight,,fine,,darkness_not_lit,giveway_sign,1,0,1,0,1,0,0,0,0,1,0,0,0,0,0,0,0,0,0,0
-36.97567731,174.8560761,Auckland,2018,serious_injury,50,TRUE,straight,,fine,,daylight,giveway_sign,1,0,1,0,1,0,0,0,0,1,0,0,0,0,0,0,0,0,0,0
-39.07092333,174.0711245,New Plymouth District,2018,serious_injury,50,TRUE,straight,,fine,,daylight,giveway_sign,1,0,1,0,1,0,0,0,0,1,0,0,0,0,0,0,0,0,0,0
-37.20328246,174.8503129,Auckland,2018,serious_injury,100,TRUE,straight,,fine,,daylight,stop_sign,1,0,1,0,1,0,0,0,0,1,0,0,0,0,0,0,0,0,0,0
-36.94873345,174.8922668,Auckland,2018,serious_injury,60,TRUE,straight,,fine,,daylight,traffic_lights,1,0,1,0,1,0,0,0,0,1,0,0,0,0,0,0,0,0,0,0
-36.7341991,174.6232259,Auckland,2018,serious_injury,80,TRUE,straight,,fine,,dawn_dusk,stop_sign,1,0,1,0,1,0,0,0,0,1,0,0,0,0,0,0,0,0,0,0
-41.24468338,174.8137617,Wellington City,2018,serious_injury,80,TRUE,straight,,fine,,daylight,,1,0,1,0,1,0,0,0,0,1,0,0,0,0,0,0,0,0,0,0
-36.78001739,174.744717,Auckland,2018,serious_injury,50,TRUE,straight,,fine,,daylight,giveway_sign,1,0,1,0,1,0,0,0,0,1,0,0,0,0,0,0,0,0,0,0
-36.72076239,174.7086546,Auckland,2018,serious_injury,60,TRUE,curved_view_open,,fine,,daylight,giveway_sign,1,0,1,0,1,0,0,0,0,1,0,0,0,0,0,0,0,0,0,0
-36.85841677,174.7841862,Auckland,2018,serious_injury,50,TRUE,straight,,fine,,daylight,giveway_sign,1,0,1,0,1,0,0,0,0,1,0,0,0,0,0,0,0,0,0,0
-41.2031383,174.9059724,Hutt City,2018,serious_injury,100,TRUE,straight,,fine,,daylight,traffic_lights,1,0,1,0,1,0,0,0,0,1,0,0,0,0,0,0,0,0,0,0
-39.54377428,176.8919247,Napier City,2018,serious_injury,50,TRUE,straight,,rain,,dawn_dusk,giveway_sign,1,0,1,0,1,0,0,0,0,1,0,0,0,0,0,0,0,0,0,0
-45.88181076,170.4886296,Dunedin City,2018,serious_injury,50,TRUE,straight,,fine,,daylight,giveway_sign,1,0,1,0,1,0,0,0,0,1,0,0,0,0,0,0,0,0,0,0
-43.54255053,172.642643,Christchurch City,2018,serious_injury,50,TRUE,straight,,fine,,daylight,stop_sign,1,0,1,0,1,0,0,0,0,1,0,0,0,0,0,0,0,0,0,0
-36.91276435,174.7765729,Auckland,2018,serious_injury,50,FALSE,straight,,fine,,dawn_dusk,,1,0,1,0,1,0,0,0,0,1,0,0,0,0,0,0,0,0,0,0
-43.51953373,172.6012042,Christchurch City,2018,serious_injury,50,TRUE,straight,,fine,,dawn_dusk,traffic_lights,1,0,1,0,1,0,0,0,0,1,0,0,0,0,0,0,0,0,0,0
-37.61230275,175.9468137,Western Bay Of Plenty District,2018,serious_injury,100,TRUE,straight,,fine,,daylight,stop_sign,1,0,1,0,1,0,0,0,0,1,0,0,0,0,0,0,0,0,0,0
-35.77234641,174.451935,Whangarei District,2018,serious_injury,70,TRUE,curved_view_open,,fine,,daylight,stop_sign,1,0,1,0,1,0,0,0,0,1,0,0,0,0,0,0,0,0,0,0
-37.78083019,175.2728409,Hamilton City,2018,serious_injury,50,FALSE,straight,,rain,,daylight,,1,0,1,0,1,0,0,0,0,1,0,0,0,0,0,0,0,0,0,0
-38.13613783,176.2284917,Rotorua District,2018,serious_injury,50,TRUE,straight,,fine,,darkness_not_lit,,1,0,1,0,1,0,0,0,0,1,0,0,0,0,0,0,0,0,0,0
-41.1519625,174.8319386,Wellington City,2018,serious_injury,50,TRUE,straight,,fine,,daylight,giveway_sign,1,0,1,0,1,0,0,0,0,1,0,0,0,0,0,0,0,0,0,0
-36.86752364,174.6064332,Auckland,2018,serious_injury,50,TRUE,straight,,fine,,daylight,giveway_sign,1,0,1,0,1,0,0,0,0,1,0,0,0,0,0,0,0,0,0,0
-41.32910118,173.1675513,Tasman District,2018,serious_injury,100,FALSE,straight,,fine,,daylight,,1,0,1,0,1,0,0,0,0,1,0,0,0,0,0,0,0,0,0,0
-39.0629622,174.0458071,New Plymouth District,2018,serious_injury,50,FALSE,straight,,fine,,daylight,,1,0,1,0,1,0,0,0,0,1,0,0,0,0,0,0,0,0,0,0
-37.00822902,175.0259829,Auckland,2018,serious_injury,100,FALSE,straight,,fine,,daylight,,1,0,1,0,1,0,0,0,0,1,0,0,0,0,0,0,0,0,0,0
-36.84782889,174.7512703,Auckland,2018,serious_injury,50,FALSE,straight,,fine,,daylight,,1,0,1,0,1,0,0,0,0,1,0,0,0,0,0,0,0,0,0,0