latitude,longitude,local_government_area,year,severity,speed_limit,intersection,road_position_horizontal,road_wet,weather,crash_type,lighting,traffic_controls,casualties,fatalities,serious_injuries,minor_injuries,car_sedan,car_utility,car_van,car_4x4,car_station_wagon,motor_cycle,truck_small,truck_large,bus,taxi,bicycle,scooter,pedestrian,inanimate,train,tram
-36.90713215,174.6963486,Auckland,2018,serious_injury,50,FALSE,straight,,fine,,darkness_not_lit,,1,0,1,0,1,0,0,0,0,1,0,0,0,0,0,0,0,0,0,0
-38.46201212,175.2814609,Waitomo District,2018,serious_injury,100,FALSE,curved_view_open,,fine,,daylight,,1,0,1,0,1,0,0,0,0,1,0,0,0,0,0,0,0,0,0,0
-37.66560317,176.2005566,Tauranga City,2018,serious_injury,70,FALSE,straight,,fine,,dawn_dusk,,1,0,1,0,1,0,0,0,0,1,0,0,0,0,0,0,0,0,0,0
-36.76615652,174.7556062,Auckland,2018,serious_injury,50,FALSE,straight,,fine,,daylight,,1,0,1,0,1,0,0,0,0,1,0,0,0,0,0,0,0,0,0,0
-39.66810448,176.8966179,Hastings District,2018,serious_injury,50,TRUE,straight,,fine,,daylight,giveway_sign,1,0,1,0,1,0,0,0,0,1,0,0,0,0,0,0,0,0,0,0
-43.76201649,172.9102789,Christchurch City,2018,serious_injury,100,TRUE,curved_view_open,,fine,,daylight,stop_sign,1,0,1,0,1,0,0,0,0,1,0,0,0,0,0,0,0,0,0,0
-43.23247385,172.3795481,Waimakariri District,2018,serious_injury,100,FALSE,straight,,rain,,daylight,,1,0,1,0,1,0,0,0,0,1,0,0,0,0,0,0,0,0,0,0
-36.88796955,174.7950962,Auckland,2018,serious_injury,100,FALSE,straight,,fine,,daylight,,1,0,1,0,1,0,0,0,0,1,0,0,0,0,0,0,0,0,0,0
-36.86523029,174.6462312,Auckland,2018,serious_injury,50,FALSE,straight,,fine,,daylight,,1,0,1,0,1,0,0,0,0,1,0,0,0,0,0,0,0,0,0,0
-40.28220117,175.6305628,Palmerston North City,2018,serious_injury,50,FALSE,straight,,fine,,daylight,,1,0,1,0,1,0,0,0,0,1,0,0,0,0,0,0,0,0,0,0
-37.26322353,175.5264176,Hauraki District,2018,serious_injury,100,FALSE,straight,,fine,,daylight,,1,0,1,0,1,0,0,0,0,1,0,0,0,0,0,0,0,0,0,0
-36.85812807,174.7563734,Auckland,2018,serious_injury,50,FALSE,straight,,fine,,daylight,,1,0,1,0,1,0,0,0,0,1,0,0,0,0,0,0,0,0,0,0
-43.50809763,172.6505288,Christchurch City,2018,serious_injury,50,FALSE,straight,,fine,,daylight,,1,0,1,0,1,0,0,0,0,1,0,0,0,0,0,0,0,0,0,0
-41.12804353,175.054776,Upper Hutt City,2018,serious_injury,50,FALSE,straight,,fine,,daylight,,1,0,1,0,1,0,0,0,0,1,0,0,0,0,0,0,0,0,0,0
-37.45512045,175.061178,Waikato District,2018,serious_injury,100,FALSE,curved_view_open,,fine,,daylight,,1,0,1,0,1,0,0,0,0,1,0,0,0,0,0,0,0,0,0,0
-37.96450704,177.0309869,Whakatane District,2018,serious_injury,80,TRUE,straight,,fine,,daylight,stop_sign,1,0,1,0,1,0,0,0,0,1,0,0,0,0,0,0,0,0,0,0
-36.76934442,174.7667593,Auckland,2018,serious_injury,50,TRUE,straight,,fine,,daylight,giveway_sign,1,0,1,0,1,0,0,0,0,1,0,0,0,0,0,0,0,0,0,0
-36.87235061,174.7770274,Auckland,2018,serious_injury,50,FALSE,straight,,fine,,daylight,,1,0,1,0,1,0,0,0,0,1,0,0,0,0,0,0,0,0,0,0
-42.82455871,173.2543189,Hurunui District,2018,serious_injury,100,TRUE,straight,,fine,,daylight,,1,0,1,0,1,0,0,0,0,1,0,0,0,0,0,0,0,0,0,0
-36.87570821,174.7041126,Auckland,2018,serious_injury,50,FALSE,straight,,fine,,daylight,,1,0,1,0,1,0,0,0,0,1,0,0,0,0,0,0,0,0,0,0
-36.0498226,174.4166614,Whangarei District,2018,serious_injury,80,FALSE,curved_view_open,,fine,,daylight,,1,0,1,0,1,0,0,0,0,1,0,0,0,0,0,0,0,0,0,0
-39.5834978,174.2704159,South Taranaki District,2018,serious_injury,50,FALSE,straight,,fine,,daylight,giveway_sign,1,0,1,0,1,0,0,0,0,1,0,0,0,0,0,0,0,0,0,0
-41.29643583,174.7746715,Wellington City,2018,serious_injury,50,TRUE,straight,,fine,,daylight,,1,0,1,0,1,0,0,0,0,1,0,0,0,0,0,0,0,0,0,0
-37.81138946,175.3326605,Waikato District,2018,serious_injury,80,FALSE,straight,,fine,,daylight,,1,0,1,0,1,0,0,0,0,1,0,0,0,0,0,0,0,0,0,0
-41.02938236,174.9369804,Porirua City,2018,serious_injury,60,FALSE,curved_view_open,,fine,,darkness_not_lit,,1,0,1,0,1,0,0,0,0,1,0,0,0,0,0,0,0,0,0,0
-39.05345981,174.0818972,New Plymouth District,2018,minor_injury,50,TRUE,straight,,fine,,dawn_dusk,giveway_sign,2,0,0,2,1,0,0,0,0,1,0,0,0,0,0,0,0,0,0,0
-37.80319487,175.300307,Hamilton City,2018,minor_injury,80,TRUE,straight,,fine,,daylight,stop_sign,2,0,0,2,1,0,0,0,0,1,0,0,0,0,0,0,0,0,0,0
-36.94212246,174.9083063,Auckland,2018,minor_injury,60,TRUE,straight,,fine,,daylight,giveway_sign,2,0,0,2,1,0,0,0,0,1,0,0,0,0,0,0,0,0,0,0
-41.30405909,174.7942167,Wellington City,2018,minor_injury,30,TRUE,straight,,fine,,daylight,giveway_sign,2,0,0,2,1,0,0,0,0,1,0,0,0,0,0,0,0,0,0,0
-36.84754563,174.7318504,Auckland,2018,minor_injury,50,TRUE,straight,,fine,,daylight,giveway_sign,2,0,0,2,1,0,0,0,0,1,0,0,0,0,0,0,0,0,0,0
-37.96095465,176.9710629,Whakatane District,2018,minor_injury,50,FALSE,straight,,fine,,darkness_not_lit,,2,0,0,2,1,0,0,0,0,1,0,0,0,0,0,0,0,0,0,0
-41.09868013,174.8697153,Porirua City,2018,minor_injury,50,FALSE,straight,,fine,,daylight,,2,0,0,2,1,0,0,0,0,1,0,0,0,0,0,0,0,0,0,0
-36.90656033,174.7016672,Auckland,2018,minor_injury,50,FALSE,straight,,fine,,darkness_not_lit,,2,0,0,2,1,0,0,0,0,1,0,0,0,0,0,0,0,0,0,0
-36.80746143,174.7897396,Auckland,2018,serious_injury,50,TRUE,straight,,fine,,dawn_dusk,,2,0,1,1,1,0,0,0,0,1,0,0,0,0,0,0,0,0,0,0
-36.95743925,174.7894481,Auckland,2018,serious_injury,60,TRUE,straight,,fine,,darkness_not_lit,giveway_sign,2,0,1,1,1,0,0,0,0,1,0,0,0,0,0,0,0,0,0,0
-36.99405656,174.8800294,Auckland,2018,serious_injury,60,TRUE,straight,,fine,,daylight,traffic_lights,2,0,1,1,1,0,0,0,0,1,0,0,0,0,0,0,0,0,0,0
-36.99671132,175.0079121,Auckland,2018,serious_injury,100,FALSE,curved_view_open,,fine,,daylight,,2,0,1,1,1,0,0,0,0,1,0,0,0,0,0,0,0,0,0,0
-36.83470622,174.6029992,Auckland,2018,serious_injury,50,FALSE,curved_view_open,,fine,,daylight,,2,0,1,1,1,0,0,0,0,1,0,0,0,0,0,0,0,0,0,0
-40.30315499,175.8255476,Tararua District,2018,serious_injury,100,FALSE,curved_view_open,,fine,,daylight,,2,0,1,1,1,0,0,0,0,1,0,0,0,0,0,0,0,0,0,0
-44.80437329,168.0265267,Southland District,2018,serious_injury,100,FALSE,curved_view_open,,fine,,daylight,,2,0,1,1,1,0,0,0,0,1,0,0,0,0,0,0,0,0,0,0
-45.31178316,168.7542778,Queenstown-Lakes District,2018,serious_injury,100,FALSE,straight,,fine,,daylight,,2,0,1,1,1,0,0,0,0,1,0,0,0,0,0,0,0,0,0,0
-40.36652608,175.6244665,Palmerston North City,2018,serious_injury,50,FALSE,straight,,fine,,daylight,,2,0,1,1,1,0,0,0,0,1,0,0,0,0,0,0,0,0,0,0
-41.17971605,175.435426,South Wairarapa District,2018,serious_injury,100,FALSE,straight,,fine,,daylight,,2,0,1,1,1,0,0,0,0,1,0,0,0,0,0,0,0,0,0,0
-43.53074996,172.5681366,Christchurch City,2018,fatality,50,TRUE,straight,,fine,,darkness_not_lit,traffic_lights,1,1,0,0,1,0,0,0,0,1,0,0,0,0,0,0,0,0,0,0
-43.53074996,172.5681366,Christchurch City,2018,fatality,50,TRUE,straight,,fine,,darkness_not_lit,traffic_lights,1,1,0,0,1,0,0,0,0,1,0,0,0,0,0,0,0,0,0,0
-34.5017365,172.7997525,Far North District,2018,fatality,100,FALSE,curved_view_open,,fine,,daylight,,1,1,0,0,1,0,0,0,0,1,0,0,0,0,0,0,0,0,0,0
-38.61018768,174.7653338,Waitomo District,2018,fatality,100,FALSE,straight,,fine,,daylight,,1,1,0,0,1,0,0,0,0,1,0,0,0,0,0,0,0,0,0,0
-36.3846121,174.6400529,Auckland,2018,serious_injury,100,TRUE,straight,,fine,,daylight,giveway_sign,3,0,1,2,1,0,0,0,0,1,0,0,0,0,0,0,0,0,0,0
-43.48974387,172.6676397,Christchurch City,2018,fatality,80,FALSE,straight,,fine,,dawn_dusk,,2,1,0,1,1,0,0,0,0,1,0,0,0,0,0,0,0,0,0,0
-37.87018526,175.9360365,Matamata-Piako District,2018,fatality,100,FALSE,curved_view_open,,fine,,daylight,,2,1,0,1,1,0,0,0,0,1,0,0,0,0,0,0,0,0,0,0
-39.6800449,176.8427051,Hastings District,2018,property_damage,100,TRUE,curved_view_open,,rain,,darkness_not_lit,giveway_sign,0,0,0,0,0,0,0,1,0,0,0,0,0,0,0,0,0,2,0,0
-36.97312476,174.8171689,Auckland,2018,property_damage,50,TRUE,curved_view_open,,fine,,darkness_not_lit,traffic_lights,0,0,0,0,0,0,0,1,0,0,0,0,0,0,0,0,0,2,0,0
-36.97312476,174.8171689,Auckland,2018,property_damage,50,TRUE,curved_view_open,,fine,,darkness_not_lit,traffic_lights,0,0,0,0,0,0,0,1,0,0,0,0,0,0,0,0,0,2,0,0
-40.35684371,175.5715285,Palmerston North City,2018,property_damage,50,TRUE,straight,,fine,,darkness_not_lit,giveway_sign,0,0,0,0,0,0,0,1,0,0,0,0,0,0,0,0,0,2,0,0
-46.10318589,168.9346609,Gore District,2018,property_damage,50,TRUE,straight,,fine,,daylight,giveway_sign,0,0,0,0,0,0,0,1,0,0,0,0,0,0,0,0,0,2,0,0
-43.89829091,171.7407361,Ashburton District,2018,property_damage,50,TRUE,straight,,fine,,daylight,stop_sign,0,0,0,0,0,0,0,1,0,0,0,0,0,0,0,0,0,2,0,0
-37.20080513,174.9087284,Auckland,2018,property_damage,50,TRUE,straight,,fine,,darkness_not_lit,giveway_sign,0,0,0,0,0,0,0,1,0,0,0,0,0,0,0,0,0,2,0,0
-37.20080513,174.9087284,Auckland,2018,property_damage,50,TRUE,straight,,fine,,darkness_not_lit,giveway_sign,0,0,0,0,0,0,0,1,0,0,0,0,0,0,0,0,0,2,0,0
-41.24384141,174.9516912,Hutt City,2018,property_damage,50,TRUE,curved_view_open,,fine,,darkness_not_lit,,0,0,0,0,0,0,0,1,0,0,0,0,0,0,0,0,0,2,0,0
-38.65527182,177.9345795,Gisborne District,2018,property_damage,100,TRUE,curved_view_open,,rain,,darkness_not_lit,giveway_sign,0,0,0,0,0,0,0,1,0,0,0,0,0,0,0,0,0,2,0,0
-38.98938261,175.8096108,Taupo District,2018,property_damage,50,TRUE,straight,,rain,,darkness_not_lit,giveway_sign,0,0,0,0,0,0,0,1,0,0,0,0,0,0,0,0,0,2,0,0
-43.4862636,172.7233952,Christchurch City,2018,property_damage,50,TRUE,curved_view_open,,mist,,darkness_not_lit,,0,0,0,0,0,0,0,1,0,0,0,0,0,0,0,0,0,2,0,0
-43.4862636,172.7233952,Christchurch City,2018,property_damage,50,TRUE,curved_view_open,,mist,,darkness_not_lit,,0,0,0,0,0,0,0,1,0,0,0,0,0,0,0,0,0,2,0,0
-36.84900839,174.6512443,Auckland,2018,property_damage,50,FALSE,straight,,rain,,darkness_not_lit,,0,0,0,0,0,0,0,1,0,0,0,0,0,0,0,0,0,2,0,0
-36.90898438,174.9243048,Auckland,2018,property_damage,50,TRUE,straight,,fine,,daylight,giveway_sign,0,0,0,0,0,0,0,1,0,0,0,0,0,0,0,0,0,2,0,0
-37.20002404,174.6839196,Auckland,2018,property_damage,100,FALSE,curved_view_open,,rain,,daylight,,0,0,0,0,0,0,0,1,0,0,0,0,0,0,0,0,0,2,0,0
-36.86125891,174.7701299,Auckland,2018,property_damage,50,FALSE,curved_view_open,,fine,,daylight,,0,0,0,0,0,0,0,1,0,0,0,0,0,0,0,0,0,2,0,0
-37.01761152,174.8660878,Auckland,2018,property_damage,50,TRUE,straight,,fine,,daylight,giveway_sign,0,0,0,0,0,0,0,1,0,0,0,0,0,0,0,0,0,2,0,0
-37.70395197,176.0701171,Western Bay Of Plenty District,2018,property_damage,80,FALSE,curved_view_open,,rain,,darkness_not_lit,,0,0,0,0,0,0,0,1,0,0,0,0,0,0,0,0,0,2,0,0
-36.71086051,174.6773123,Auckland,2018,property_damage,80,FALSE,curved_view_open,,fine,,darkness_not_lit,,0,0,0,0,0,0,0,1,0,0,0,0,0,0,0,0,0,2,0,0
-43.48076897,172.5686041,Christchurch City,2018,property_damage,50,TRUE,straight,,fine,,daylight,giveway_sign,0,0,0,0,0,0,0,1,0,0,0,0,0,0,0,0,0,2,0,0
-36.88969288,174.8139657,Auckland,2018,property_damage,50,FALSE,curved_view_open,,fine,,darkness_not_lit,,0,0,0,0,0,0,0,1,0,0,0,0,0,0,0,0,0,2,0,0
-37.74626084,175.2752441,Hamilton City,2018,property_damage,50,TRUE,straight,,fine,,darkness_not_lit,giveway_sign,0,0,0,0,0,0,0,1,0,0,0,0,0,0,0,0,0,2,0,0
-41.3003988,174.7787683,Wellington City,2018,property_damage,50,TRUE,curved_view_open,,rain,,daylight,giveway_sign,0,0,0,0,0,0,0,1,0,0,0,0,0,0,0,0,0,2,0,0
-35.77160917,174.1853787,Whangarei District,2018,property_damage,100,TRUE,straight,,fine,,daylight,stop_sign,0,0,0,0,0,0,0,1,0,0,0,0,0,0,0,0,0,2,0,0
-36.63678309,174.6041675,Auckland,2018,property_damage,100,FALSE,straight,,fine,,daylight,,0,0,0,0,0,0,0,1,0,0,0,0,0,0,0,0,0,2,0,0
-45.55454095,168.1224708,Southland District,2018,property_damage,100,FALSE,curved_view_open,,fine,,daylight,,0,0,0,0,0,0,0,1,0,0,0,0,0,0,0,0,0,2,0,0
-39.58531597,174.2787982,South Taranaki District,2018,property_damage,50,FALSE,straight,,rain,,darkness_not_lit,stop_sign,0,0,0,0,0,0,0,1,0,0,0,0,0,0,0,0,0,2,0,0
-35.62995694,174.4481295,Whangarei District,2018,property_damage,100,FALSE,curved_view_open,,mist,,daylight,,0,0,0,0,0,0,0,1,0,0,0,0,0,0,0,0,0,2,0,0
-37.78721553,176.1393862,Western Bay Of Plenty District,2018,property_damage,100,FALSE,curved_view_open,,rain,,daylight,,0,0,0,0,0,0,0,1,0,0,0,0,0,0,0,0,0,2,0,0
-37.99623133,175.8609941,South Waikato District,2018,property_damage,100,FALSE,curved_view_open,,fine,,darkness_not_lit,,0,0,0,0,0,0,0,1,0,0,0,0,0,0,0,0,0,2,0,0
-36.11962491,174.3097802,Kaipara District,2018,property_damage,100,FALSE,curved_view_open,,rain,,dawn_dusk,,0,0,0,0,0,0,0,1,0,0,0,0,0,0,0,0,0,2,0,0
-43.77543642,169.1337781,Westland District,2018,property_damage,100,FALSE,curved_view_open,,fine,,daylight,,0,0,0,0,0,0,0,1,0,0,0,0,0,0,0,0,0,2,0,0
-36.09567118,174.5892524,Kaipara District,2018,property_damage,50,FALSE,straight,,fine,,daylight,,0,0,0,0,0,0,0,1,0,0,0,0,0,0,0,0,0,2,0,0
-40.35465887,175.594323,Palmerston North City,2018,property_damage,50,FALSE,straight,,fine,,darkness_not_lit,,0,0,0,0,0,0,0,1,0,0,0,0,0,0,0,0,0,2,0,0
-37.80263656,175.3122488,Hamilton City,2018,property_damage,60,FALSE,curved_view_open,,fine,,daylight,,0,0,0,0,0,0,0,1,0,0,0,0,0,0,0,0,0,2,0,0
-36.93610938,174.6445212,Auckland,2018,property_damage,50,FALSE,curved_view_open,,rain,,daylight,,0,0,0,0,0,0,0,1,0,0,0,0,0,0,0,0,0,2,0,0
-43.27451282,172.1940819,Waimakariri District,2018,property_damage,100,FALSE,curved_view_open,,fine,,daylight,,0,0,0,0,0,0,0,1,0,0,0,0,0,0,0,0,0,2,0,0
-40.74117248,175.116968,Kapiti Coast District,2018,property_damage,50,FALSE,curved_view_open,,fine,,darkness_not_lit,,0,0,0,0,0,0,0,1,0,0,0,0,0,0,0,0,0,2,0,0
-36.80766711,174.6989264,Auckland,2018,property_damage,50,FALSE,straight,,rain,,darkness_not_lit,,0,0,0,0,0,0,0,1,0,0,0,0,0,0,0,0,0,2,0,0
-46.24526058,169.6846572,Clutha District,2018,property_damage,100,FALSE,straight,,fine,,daylight,,0,0,0,0,0,0,0,1,0,0,0,0,0,0,0,0,0,2,0,0
-39.51429031,176.9103114,Napier City,2018,property_damage,50,FALSE,curved_view_open,,fine,,daylight,,0,0,0,0,0,0,0,1,0,0,0,0,0,0,0,0,0,2,0,0
-36.71808132,174.7480286,Auckland,2018,property_damage,50,FALSE,curved_view_open,,rain,,daylight,,0,0,0,0,0,0,0,1,0,0,0,0,0,0,0,0,0,2,0,0
-44.88014729,168.4003333,Queenstown-Lakes District,2018,property_damage,100,FALSE,straight,,fine,,daylight,,0,0,0,0,0,0,0,1,0,0,0,0,0,0,0,0,0,2,0,0
-43.54052985,172.6874747,Christchurch City,2018,property_damage,50,FALSE,curved_view_open,,rain,,daylight,,0,0,0,0,0,0,0,1,0,0,0,0,0,0,0,0,0,2,0,0
-39.70878392,176.8277546,Hastings District,2018,property_damage,100,FALSE,curved_view_open,,fine,,dawn_dusk,,0,0,0,0,0,0,0,1,0,0,0,0,0,0,0,0,0,2,0,0
-42.40046233,173.6714623,Kaikoura District,2018,property_damage,50,FALSE,curved_view_open,,fine,,darkness_not_lit,,0,0,0,0,0,0,0,1,0,0,0,0,0,0,0,0,0,2,0,0
-36.69186034,174.3489044,Auckland,2018,property_damage,50,FALSE,curved_view_open,,fine,,daylight,,0,0,0,0,0,0,0,1,0,0,0,0,0,0,0,0,0,2,0,0
-36.25373429,175.4766794,Auckland,2018,property_damage,100,FALSE,curved_view_open,,fine,,daylight,,0,0,0,0,0,0,0,1,0,0,0,0,0,0,0,0,0,2,0,0
-36.62716835,174.658565,Auckland,2018,property_damage,80,FALSE,straight,,fine,,daylight,,0,0,0,0,0,0,0,1,0,0,0,0,0,0,0,0,0,2,0,0
-39.65930014,176.8650107,Hastings District,2018,property_damage,100,FALSE,straight,,fine,,daylight,,0,0,0,0,0,0,0,1,0,0,0,0,0,0,0,0,0,2,0,0
-37.21838607,175.0470196,Waikato District,2018,property_damage,90,FALSE,curved_view_open,,rain,,daylight,,0,0,0,0,0,0,0,1,0,0,0,0,0,0,0,0,0,2,0,0
-42.38672824,173.4483179,Kaikoura District,2018,property_damage,80,FALSE,straight,,fine,,darkness_not_lit,,0,0,0,0,0,0,0,1,0,0,0,0,0,0,0,0,0,2,0,0
-43.57188384,172.7586577,Christchurch City,2018,property_damage,50,FALSE,straight,,fine,,daylight,,0,0,0,0,0,0,0,1,0,0,0,0,0,0,0,0,0,2,0,0
-38.12404969,175.3275907,Otorohanga District,2018,property_damage,100,FALSE,straight,,fine,,darkness_not_lit,,0,0,0,0,0,0,0,1,0,0,0,0,0,0,0,0,0,2,0,0
-44.27935514,171.2313565,Timaru District,2018,property_damage,100,FALSE,straight,,fine,,darkness_not_lit,,0,0,0,0,0,0,0,1,0,0,0,0,0,0,0,0,0,2,0,0
-35.18664005,173.467223,Far North District,2018,property_damage,100,FALSE,curved_view_open,,fine,,daylight,,0,0,0,0,0,0,0,1,0,0,0,0,0,0,0,0,0,2,0,0
-44.72850013,169.284021,Queenstown-Lakes District,2018,property_damage,100,FALSE,curved_view_open,,fine,,daylight,,0,0,0,0,0,0,0,1,0,0,0,0,0,0,0,0,0,2,0,0
-37.87001252,175.474054,Waipa District,2018,property_damage,110,FALSE,curved_view_open,,fine,,daylight,,0,0,0,0,0,0,0,1,0,0,0,0,0,0,0,0,0,2,0,0
-43.50388096,171.6673106,Selwyn District,2018,property_damage,100,FALSE,curved_view_open,,rain,,daylight,,0,0,0,0,0,0,0,1,0,0,0,0,0,0,0,0,0,2,0,0
-37.03048128,174.8667175,Auckland,2018,property_damage,50,FALSE,straight,,fine,,daylight,,0,0,0,0,0,0,0,1,0,0,0,0,0,0,0,0,0,2,0,0
-39.93089384,175.050991,Wanganui District,2018,property_damage,50,FALSE,straight,,fine,,darkness_not_lit,,0,0,0,0,0,0,0,1,0,0,0,0,0,0,0,0,0,2,0,0
-38.39767478,175.1263494,Waitomo District,2018,property_damage,100,FALSE,curved_view_open,,rain,,darkness_not_lit,,0,0,0,0,0,0,0,1,0,0,0,0,0,0,0,0,0,2,0,0
-36.92654432,174.7964383,Auckland,2018,property_damage,50,FALSE,straight,,rain,,darkness_not_lit,,0,0,0,0,0,0,0,1,0,0,0,0,0,0,0,0,0,2,0,0
-41.15742353,174.9860818,Hutt City,2018,property_damage,50,FALSE,curved_view_open,,fine,,darkness_not_lit,,0,0,0,0,0,0,0,1,0,0,0,0,0,0,0,0,0,2,0,0
-38.62365437,176.0995867,Taupo District,2018,property_damage,100,TRUE,straight,,rain,,daylight,giveway_sign,0,0,0,0,0,0,0,1,0,0,0,0,0,0,0,0,0,2,0,0
-42.45811324,171.1912303,Grey District,2018,property_damage,50,FALSE,straight,,fine,,daylight,,0,0,0,0,0,0,0,1,0,0,0,0,0,0,0,0,0,2,0,0
-42.40273868,171.2475022,Grey District,2018,property_damage,50,FALSE,straight,,fine,,daylight,,0,0,0,0,0,0,0,1,0,0,0,0,0,0,0,0,0,2,0,0
-41.21892214,174.8700828,Hutt City,2018,property_damage,50,FALSE,curved_view_open,,fine,,darkness_not_lit,,0,0,0,0,0,0,0,1,0,0,0,0,0,0,0,0,0,2,0,0
-37.14413174,175.5546444,Thames-Coromandel District,2018,property_damage,50,FALSE,straight,,fine,,darkness_not_lit,,0,0,0,0,0,0,0,1,0,0,0,0,0,0,0,0,0,2,0,0
-43.56719819,172.5515553,Christchurch City,2018,property_damage,70,FALSE,straight,,fine,,darkness_not_lit,,0,0,0,0,0,0,0,1,0,0,0,0,0,0,0,0,0,2,0,0
-44.96762912,168.7384501,Queenstown-Lakes District,2018,property_damage,80,FALSE,curved_view_open,,fine,,darkness_not_lit,,0,0,0,0,0,0,0,1,0,0,0,0,0,0,0,0,0,2,0,0
-43.30708482,172.3995291,Waimakariri District,2018,property_damage,100,FALSE,curved_view_open,,fine,,daylight,,0,0,0,0,0,0,0,1,0,0,0,0,0,0,0,0,0,2,0,0
-46.36925344,168.0212989,Southland District,2018,property_damage,50,TRUE,curved_view_open,,fine,,daylight,giveway_sign,0,0,0,0,0,0,0,1,0,0,0,0,0,0,0,0,0,2,0,0
-36.96890851,174.9852892,Auckland,2018,property_damage,100,FALSE,curved_view_open,,rain,,daylight,,0,0,0,0,0,0,0,1,0,0,0,0,0,0,0,0,0,2,0,0
-41.11135922,175.0187773,Upper Hutt City,2018,property_damage,60,FALSE,curved_view_open,,fine,,darkness_not_lit,,0,0,0,0,0,0,0,1,0,0,0,0,0,0,0,0,0,2,0,0
-36.94146046,174.8774671,Auckland,2018,property_damage,50,FALSE,straight,,fine,,daylight,,0,0,0,0,0,0,0,1,0,0,0,0,0,0,0,0,0,2,0,0
-45.18592651,170.7782807,Waitaki District,2018,property_damage,70,FALSE,curved_view_open,,fine,,darkness_not_lit,,0,0,0,0,0,0,0,1,0,0,0,0,0,0,0,0,0,2,0,0
-39.60268852,176.8716604,Hastings District,2018,property_damage,80,FALSE,straight,,fine,,darkness_not_lit,,0,0,0,0,0,0,0,1,0,0,0,0,0,0,0,0,0,2,0,0
-41.26798759,174.9502137,Hutt City,2018,property_damage,50,FALSE,straight,,fine,,darkness_not_lit,,0,0,0,0,0,0,0,1,0,0,0,0,0,0,0,0,0,2,0,0
-43.40990087,170.1023415,Westland District,2018,property_damage,100,FALSE,curved_view_open,,rain,,daylight,,0,0,0,0,0,0,0,1,0,0,0,0,0,0,0,0,0,2,0,0
-40.63398435,175.2514439,Horowhenua District,2018,property_damage,100,FALSE,straight,,fine,,daylight,,0,0,0,0,0,0,0,1,0,0,0,0,0,0,0,0,0,2,0,0
-45.88441494,170.5601827,Dunedin City,2018,property_damage,80,FALSE,curved_view_open,,fine,,daylight,,0,0,0,0,0,0,0,1,0,0,0,0,0,0,0,0,0,2,0,0
-37.9447097,175.5860428,Waipa District,2018,property_damage,100,FALSE,curved_view_open,,rain,,darkness_not_lit,,0,0,0,0,0,0,0,1,0,0,0,0,0,0,0,0,0,2,0,0
-38.40788037,176.3519016,Rotorua District,2018,property_damage,100,FALSE,curved_view_open,,fine,,daylight,,0,0,0,0,0,0,0,1,0,0,0,0,0,0,0,0,0,2,0,0
-36.88306965,174.6046157,Auckland,2018,property_damage,50,TRUE,curved_view_open,,fine,,darkness_not_lit,giveway_sign,0,0,0,0,0,0,0,1,0,0,0,0,0,0,0,0,0,2,0,0
-40.08122591,175.2483453,Rangitikei District,2018,property_damage,100,FALSE,straight,,fine,,daylight,,0,0,0,0,0,0,0,1,0,0,0,0,0,0,0,0,0,2,0,0
-36.77202164,174.7423062,Auckland,2018,minor_injury,50,TRUE,straight,,fine,,darkness_not_lit,traffic_lights,1,0,0,1,0,0,0,1,0,0,0,0,0,0,0,0,0,2,0,0
-43.54753809,172.6366839,Christchurch City,2018,minor_injury,60,TRUE,straight,,rain,,darkness_not_lit,traffic_lights,1,0,0,1,0,0,0,1,0,0,0,0,0,0,0,0,0,2,0,0
-38.72856612,176.0746075,Taupo District,2018,minor_injury,100,TRUE,curved_view_open,,rain,,daylight,giveway_sign,1,0,0,1,0,0,0,1,0,0,0,0,0,0,0,0,0,2,0,0
-46.32055605,168.6291556,Southland District,2018,minor_injury,100,FALSE,straight,,snow,,daylight,,1,0,0,1,0,0,0,1,0,0,0,0,0,0,0,0,0,2,0,0
-37.68681063,176.0386505,Western Bay Of Plenty District,2018,minor_injury,90,TRUE,straight,,fine,,dawn_dusk,stop_sign,1,0,0,1,0,0,0,1,0,0,0,0,0,0,0,0,0,2,0,0
-37.68681063,176.0386505,Western Bay Of Plenty District,2018,minor_injury,90,TRUE,straight,,fine,,dawn_dusk,stop_sign,1,0,0,1,0,0,0,1,0,0,0,0,0,0,0,0,0,2,0,0
-37.95733951,175.3187773,Waipa District,2018,minor_injury,100,FALSE,curved_view_open,,fine,,daylight,,1,0,0,1,0,0,0,1,0,0,0,0,0,0,0,0,0,2,0,0
-36.9265669,174.7955407,Auckland,2018,minor_injury,50,FALSE,curved_view_open,,rain,,daylight,,1,0,0,1,0,0,0,1,0,0,0,0,0,0,0,0,0,2,0,0
-36.71374626,174.6540318,Auckland,2018,minor_injury,80,FALSE,curved_view_open,,rain,,daylight,,1,0,0,1,0,0,0,1,0,0,0,0,0,0,0,0,0,2,0,0
-35.73655845,174.3526727,Whangarei District,2018,minor_injury,80,FALSE,straight,,fine,,darkness_not_lit,,1,0,0,1,0,0,0,1,0,0,0,0,0,0,0,0,0,2,0,0
-39.60081772,175.8603883,Rangitikei District,2018,minor_injury,100,FALSE,curved_view_obscure,,rain,,darkness_not_lit,,1,0,0,1,0,0,0,1,0,0,0,0,0,0,0,0,0,2,0,0