latitude,longitude,local_government_area,year,severity,speed_limit,intersection,road_position_horizontal,road_wet,weather,crash_type,lighting,traffic_controls,casualties,fatalities,serious_injuries,minor_injuries,car_sedan,car_utility,car_van,car_4x4,car_station_wagon,motor_cycle,truck_small,truck_large,bus,taxi,bicycle,scooter,pedestrian,inanimate,train,tram
-36.3970438,174.6801759,Auckland,2018,minor_injury,100,FALSE,curved_view_open,,fine,,darkness_not_lit,,1,0,0,1,0,0,0,1,0,0,0,0,0,0,0,0,0,2,0,0
-41.17425987,172.9825941,Tasman District,2018,minor_injury,100,FALSE,straight,,fine,,daylight,,1,0,0,1,0,0,0,1,0,0,0,0,0,0,0,0,0,2,0,0
-36.95803033,174.8692372,Auckland,2018,minor_injury,50,FALSE,straight,,fine,,daylight,,1,0,0,1,0,0,0,1,0,0,0,0,0,0,0,0,0,2,0,0
-37.26501939,174.7312292,Waikato District,2018,minor_injury,70,FALSE,curved_view_open,,fine,,daylight,,1,0,0,1,0,0,0,1,0,0,0,0,0,0,0,0,0,2,0,0
-43.12915556,172.7705976,Hurunui District,2018,minor_injury,100,FALSE,straight,,fine,,darkness_not_lit,,1,0,0,1,0,0,0,1,0,0,0,0,0,0,0,0,0,2,0,0
-36.85180114,174.7733326,Auckland,2018,minor_injury,50,FALSE,curved_view_open,,rain,,daylight,,1,0,0,1,0,0,0,1,0,0,0,0,0,0,0,0,0,2,0,0
-39.88784148,174.967224,Wanganui District,2018,minor_injury,100,FALSE,straight,,fine,,daylight,,1,0,0,1,0,0,0,1,0,0,0,0,0,0,0,0,0,2,0,0
-39.94618753,175.058295,Wanganui District,2018,minor_injury,50,FALSE,curved_view_open,,fine,,daylight,,1,0,0,1,0,0,0,1,0,0,0,0,0,0,0,0,0,2,0,0
-46.24197334,168.8583352,Southland District,2018,minor_injury,100,TRUE,curved_view_open,,rain,,daylight,,1,0,0,1,0,0,0,1,0,0,0,0,0,0,0,0,0,2,0,0
-36.85015893,174.8211285,Auckland,2018,minor_injury,50,FALSE,curved_view_open,,fine,,darkness_not_lit,,1,0,0,1,0,0,0,1,0,0,0,0,0,0,0,0,0,2,0,0
-40.56050873,175.4042079,Horowhenua District,2018,minor_injury,100,FALSE,curved_view_open,,rain,,darkness_not_lit,,1,0,0,1,0,0,0,1,0,0,0,0,0,0,0,0,0,2,0,0
-37.94604373,175.6718614,South Waikato District,2018,minor_injury,100,FALSE,straight,,rain,,darkness_not_lit,,1,0,0,1,0,0,0,1,0,0,0,0,0,0,0,0,0,2,0,0
-38.00344941,176.9947928,Whakatane District,2018,minor_injury,100,FALSE,straight,,rain,,daylight,,1,0,0,1,0,0,0,1,0,0,0,0,0,0,0,0,0,2,0,0
-37.10716421,174.8888878,Auckland,2018,minor_injury,100,FALSE,curved_view_open,,fine,,daylight,,1,0,0,1,0,0,0,1,0,0,0,0,0,0,0,0,0,2,0,0
-38.58255905,176.0632015,Taupo District,2018,minor_injury,100,FALSE,curved_view_open,,fine,,darkness_not_lit,,1,0,0,1,0,0,0,1,0,0,0,0,0,0,0,0,0,2,0,0
-37.64737829,175.5466457,Matamata-Piako District,2018,minor_injury,50,FALSE,straight,,fine,,darkness_not_lit,,1,0,0,1,0,0,0,1,0,0,0,0,0,0,0,0,0,2,0,0
-39.00281775,176.5533733,Hastings District,2018,minor_injury,100,FALSE,curved_view_open,,fine,,darkness_not_lit,,1,0,0,1,0,0,0,1,0,0,0,0,0,0,0,0,0,2,0,0
-40.61812329,175.712947,Tararua District,2018,minor_injury,100,FALSE,curved_view_open,,fine,,dawn_dusk,,1,0,0,1,0,0,0,1,0,0,0,0,0,0,0,0,0,2,0,0
-45.32372777,167.7772734,Southland District,2018,minor_injury,100,FALSE,curved_view_open,,fine,,daylight,,1,0,0,1,0,0,0,1,0,0,0,0,0,0,0,0,0,2,0,0
-35.05353101,173.258421,Far North District,2018,minor_injury,50,FALSE,straight,,fine,,daylight,,1,0,0,1,0,0,0,1,0,0,0,0,0,0,0,0,0,2,0,0
-38.34563029,175.1893586,Waitomo District,2018,minor_injury,100,FALSE,curved_view_open,,fine,,daylight,,1,0,0,1,0,0,0,1,0,0,0,0,0,0,0,0,0,2,0,0
-40.25084947,175.6036956,Manawatu District,2018,serious_injury,100,FALSE,straight,,rain,,darkness_not_lit,,1,0,1,0,0,0,0,1,0,0,0,0,0,0,0,0,0,2,0,0
-41.35450751,173.1020929,Tasman District,2018,serious_injury,100,FALSE,straight,,mist,,darkness_not_lit,,1,0,1,0,0,0,0,1,0,0,0,0,0,0,0,0,0,2,0,0
-39.57232429,176.535335,Hastings District,2018,serious_injury,100,FALSE,straight,,fine,,daylight,,1,0,1,0,0,0,0,1,0,0,0,0,0,0,0,0,0,2,0,0
-37.94676774,175.6502227,Waipa District,2018,serious_injury,100,FALSE,curved_view_open,,fine,,daylight,,1,0,1,0,0,0,0,1,0,0,0,0,0,0,0,0,0,2,0,0
-36.77041916,174.5692907,Auckland,2018,serious_injury,80,FALSE,curved_view_open,,fine,,daylight,,1,0,1,0,0,0,0,1,0,0,0,0,0,0,0,0,0,2,0,0
-37.93827007,177.5055505,Opotiki District,2018,minor_injury,100,FALSE,curved_view_open,,fine,,daylight,,2,0,0,2,0,0,0,1,0,0,0,0,0,0,0,0,0,2,0,0
-36.92844884,174.929543,Auckland,2018,minor_injury,50,FALSE,curved_view_open,,fine,,darkness_not_lit,,2,0,0,2,0,0,0,1,0,0,0,0,0,0,0,0,0,2,0,0
-39.39973343,173.817881,South Taranaki District,2018,minor_injury,100,FALSE,straight,,fine,,daylight,,2,0,0,2,0,0,0,1,0,0,0,0,0,0,0,0,0,2,0,0
-40.67977022,175.6898081,Tararua District,2018,serious_injury,100,FALSE,straight,,fine,,daylight,,2,0,1,1,0,0,0,1,0,0,0,0,0,0,0,0,0,2,0,0
-38.49366926,174.9534717,Waitomo District,2018,serious_injury,100,FALSE,curved_view_open,,fine,,daylight,,2,0,1,1,0,0,0,1,0,0,0,0,0,0,0,0,0,2,0,0
-45.00458064,168.0082892,Southland District,2018,fatality,100,FALSE,curved_view_open,,fine,,darkness_not_lit,,1,1,0,0,0,0,0,1,0,0,0,0,0,0,0,0,0,2,0,0
-45.7376097,170.0698492,Dunedin City,2018,fatality,100,FALSE,curved_view_open,,fine,,daylight,,1,1,0,0,0,0,0,1,0,0,0,0,0,0,0,0,0,2,0,0
-38.03534721,176.9965845,Whakatane District,2018,fatality,100,FALSE,straight,,fine,,daylight,,1,1,0,0,0,0,0,1,0,0,0,0,0,0,0,0,0,2,0,0
-36.62945223,174.5155634,Auckland,2018,serious_injury,100,FALSE,straight,,rain,,darkness_not_lit,,4,0,3,1,0,0,0,1,0,0,0,0,0,0,0,0,0,2,0,0
-41.29385519,174.7720458,Wellington City,2018,property_damage,50,TRUE,straight,,fine,,dawn_dusk,traffic_lights,0,0,0,0,1,0,0,0,0,0,0,0,0,0,0,0,1,0,0,0
-41.27953827,174.7770076,Wellington City,2018,property_damage,50,TRUE,straight,,rain,,darkness_not_lit,traffic_lights,0,0,0,0,1,0,0,0,0,0,0,0,0,0,0,0,1,0,0,0
-41.29414789,174.7729255,Wellington City,2018,property_damage,50,TRUE,straight,,,,daylight,traffic_lights,0,0,0,0,1,0,0,0,0,0,0,0,0,0,0,0,1,0,0,0
-41.29414789,174.7729255,Wellington City,2018,property_damage,50,TRUE,straight,,,,daylight,traffic_lights,0,0,0,0,1,0,0,0,0,0,0,0,0,0,0,0,1,0,0,0
-36.94058456,174.8436363,Auckland,2018,property_damage,50,TRUE,curved_view_open,,fine,,dawn_dusk,giveway_sign,0,0,0,0,1,0,0,0,0,0,0,0,0,0,0,0,1,0,0,0
-36.94058456,174.8436363,Auckland,2018,property_damage,50,TRUE,curved_view_open,,fine,,dawn_dusk,giveway_sign,0,0,0,0,1,0,0,0,0,0,0,0,0,0,0,0,1,0,0,0
-36.85126469,174.7584819,Auckland,2018,property_damage,50,TRUE,straight,,fine,,daylight,traffic_lights,0,0,0,0,1,0,0,0,0,0,0,0,0,0,0,0,1,0,0,0
-36.8920529,174.7362558,Auckland,2018,property_damage,50,TRUE,curved_view_open,,fine,,daylight,giveway_sign,0,0,0,0,1,0,0,0,0,0,0,0,0,0,0,0,1,0,0,0
-38.33266044,175.1623476,Waitomo District,2018,property_damage,50,TRUE,straight,,fine,,daylight,giveway_sign,0,0,0,0,1,0,0,0,0,0,0,0,0,0,0,0,1,0,0,0
-36.89779835,174.8090739,Auckland,2018,property_damage,50,TRUE,straight,,fine,,daylight,giveway_sign,0,0,0,0,1,0,0,0,0,0,0,0,0,0,0,0,1,0,0,0
-40.36222803,175.6157859,Palmerston North City,2018,property_damage,50,TRUE,straight,,fine,,darkness_not_lit,traffic_lights,0,0,0,0,1,0,0,0,0,0,0,0,0,0,0,0,1,0,0,0
-43.51657757,172.6871158,Christchurch City,2018,property_damage,50,TRUE,straight,,fine,,daylight,giveway_sign,0,0,0,0,1,0,0,0,0,0,0,0,0,0,0,0,1,0,0,0
-43.53545442,172.6570914,Christchurch City,2018,property_damage,50,TRUE,straight,,fine,,daylight,giveway_sign,0,0,0,0,1,0,0,0,0,0,0,0,0,0,0,0,1,0,0,0
-38.66563549,178.0248868,Gisborne District,2018,property_damage,50,TRUE,straight,,fine,,daylight,giveway_sign,0,0,0,0,1,0,0,0,0,0,0,0,0,0,0,0,1,0,0,0
-41.29145186,174.7801135,Wellington City,2018,property_damage,50,FALSE,straight,,,,daylight,,0,0,0,0,1,0,0,0,0,0,0,0,0,0,0,0,1,0,0,0
-41.29145186,174.7801135,Wellington City,2018,property_damage,50,FALSE,straight,,,,daylight,,0,0,0,0,1,0,0,0,0,0,0,0,0,0,0,0,1,0,0,0
-41.3178995,174.7950264,Wellington City,2018,property_damage,30,TRUE,straight,,fine,,daylight,traffic_lights,0,0,0,0,1,0,0,0,0,0,0,0,0,0,0,0,1,0,0,0
-37.78017983,175.2984579,Hamilton City,2018,property_damage,50,TRUE,straight,,fine,,dawn_dusk,traffic_lights,0,0,0,0,1,0,0,0,0,0,0,0,0,0,0,0,1,0,0,0
-39.4888611,176.9163004,Napier City,2018,property_damage,50,TRUE,curved_view_open,,fine,,daylight,,0,0,0,0,1,0,0,0,0,0,0,0,0,0,0,0,1,0,0,0
-41.1475218,175.0116645,Upper Hutt City,2018,property_damage,50,FALSE,straight,,fine,,daylight,,0,0,0,0,1,0,0,0,0,0,0,0,0,0,0,0,1,0,0,0
-39.52468492,176.8737499,Napier City,2018,property_damage,100,FALSE,straight,,fine,,darkness_not_lit,,0,0,0,0,1,0,0,0,0,0,0,0,0,0,0,0,1,0,0,0
-39.64853291,176.8402001,Hastings District,2018,property_damage,50,TRUE,straight,,fine,,daylight,giveway_sign,0,0,0,0,1,0,0,0,0,0,0,0,0,0,0,0,1,0,0,0
-41.22524062,174.8072113,Wellington City,2018,property_damage,50,TRUE,straight,,fine,,darkness_not_lit,giveway_sign,0,0,0,0,1,0,0,0,0,0,0,0,0,0,0,0,1,0,0,0
-35.72744233,174.3195149,Whangarei District,2018,property_damage,50,TRUE,straight,,fine,,daylight,giveway_sign,0,0,0,0,1,0,0,0,0,0,0,0,0,0,0,0,1,0,0,0
-38.66631569,178.0258188,Gisborne District,2018,property_damage,50,FALSE,straight,,fine,,daylight,traffic_lights,0,0,0,0,1,0,0,0,0,0,0,0,0,0,0,0,1,0,0,0
-37.6946183,176.1394879,Tauranga City,2018,property_damage,50,FALSE,curved_view_open,,fine,,daylight,,0,0,0,0,1,0,0,0,0,0,0,0,0,0,0,0,1,0,0,0
-36.87840779,174.866363,Auckland,2018,property_damage,50,TRUE,straight,,fine,,daylight,giveway_sign,0,0,0,0,1,0,0,0,0,0,0,0,0,0,0,0,1,0,0,0
-35.71602129,174.3226431,Whangarei District,2018,property_damage,50,TRUE,straight,,fine,,daylight,stop_sign,0,0,0,0,1,0,0,0,0,0,0,0,0,0,0,0,1,0,0,0
-36.90112236,174.7428921,Auckland,2018,property_damage,50,TRUE,straight,,rain,,darkness_not_lit,stop_sign,0,0,0,0,1,0,0,0,0,0,0,0,0,0,0,0,1,0,0,0
-36.86078967,174.7610669,Auckland,2018,property_damage,50,TRUE,straight,,fine,,daylight,giveway_sign,0,0,0,0,1,0,0,0,0,0,0,0,0,0,0,0,1,0,0,0
-39.49428125,176.9027136,Napier City,2018,property_damage,50,TRUE,curved_view_open,,fine,,daylight,,0,0,0,0,1,0,0,0,0,0,0,0,0,0,0,0,1,0,0,0
-39.49428125,176.9027136,Napier City,2018,property_damage,50,TRUE,straight,,fine,,daylight,,0,0,0,0,1,0,0,0,0,0,0,0,0,0,0,0,1,0,0,0
-41.27546315,174.7778402,Wellington City,2018,property_damage,50,TRUE,straight,,fine,,daylight,traffic_lights,0,0,0,0,1,0,0,0,0,0,0,0,0,0,0,0,1,0,0,0
-41.12132913,175.0655724,Upper Hutt City,2018,property_damage,50,TRUE,straight,,fine,,daylight,stop_sign,0,0,0,0,1,0,0,0,0,0,0,0,0,0,0,0,1,0,0,0
-41.28152831,174.7500042,Wellington City,2018,property_damage,50,FALSE,curved_view_open,,rain,,darkness_not_lit,,0,0,0,0,1,0,0,0,0,0,0,0,0,0,0,0,1,0,0,0
-37.01344575,174.8781918,Auckland,2018,property_damage,50,FALSE,straight,,fine,,daylight,,0,0,0,0,1,0,0,0,0,0,0,0,0,0,0,0,1,0,0,0
-36.80097828,174.7444192,Auckland,2018,property_damage,50,FALSE,straight,,fine,,daylight,,0,0,0,0,1,0,0,0,0,0,0,0,0,0,0,0,1,0,0,0
-39.62797916,176.8339604,Hastings District,2018,property_damage,50,TRUE,curved_view_open,,rain,,daylight,giveway_sign,0,0,0,0,1,0,0,0,0,0,0,0,0,0,0,0,1,0,0,0
-37.69800983,176.1595653,Tauranga City,2018,property_damage,50,FALSE,straight,,fine,,daylight,,0,0,0,0,1,0,0,0,0,0,0,0,0,0,0,0,1,0,0,0
-41.28680068,174.7692396,Wellington City,2018,property_damage,50,TRUE,straight,,fine,,daylight,giveway_sign,0,0,0,0,1,0,0,0,0,0,0,0,0,0,0,0,1,0,0,0
-43.53074238,172.5956107,Christchurch City,2018,property_damage,50,FALSE,straight,,fine,,daylight,,0,0,0,0,1,0,0,0,0,0,0,0,0,0,0,0,1,0,0,0
-36.87691418,174.7507339,Auckland,2018,property_damage,50,FALSE,straight,,fine,,daylight,,0,0,0,0,1,0,0,0,0,0,0,0,0,0,0,0,1,0,0,0
-35.2265118,173.9497051,Far North District,2018,property_damage,30,FALSE,straight,,rain,,daylight,,0,0,0,0,1,0,0,0,0,0,0,0,0,0,0,0,1,0,0,0
-37.80837676,175.2873379,Hamilton City,2018,property_damage,50,FALSE,straight,,fine,,daylight,,0,0,0,0,1,0,0,0,0,0,0,0,0,0,0,0,1,0,0,0
-36.95970563,174.8892363,Auckland,2018,property_damage,60,FALSE,straight,,fine,,daylight,,0,0,0,0,1,0,0,0,0,0,0,0,0,0,0,0,1,0,0,0
-36.88176763,174.8235508,Auckland,2018,property_damage,50,FALSE,straight,,fine,,darkness_not_lit,,0,0,0,0,1,0,0,0,0,0,0,0,0,0,0,0,1,0,0,0
-37.63177474,176.1777827,Tauranga City,2018,property_damage,30,FALSE,straight,,fine,,daylight,,0,0,0,0,1,0,0,0,0,0,0,0,0,0,0,0,1,0,0,0
-40.35082691,175.592881,Palmerston North City,2018,property_damage,50,FALSE,straight,,fine,,daylight,,0,0,0,0,1,0,0,0,0,0,0,0,0,0,0,0,1,0,0,0
-36.84456421,174.7720663,Auckland,2018,property_damage,50,FALSE,straight,,fine,,daylight,,0,0,0,0,1,0,0,0,0,0,0,0,0,0,0,0,1,0,0,0
-40.35299722,175.6144988,Palmerston North City,2018,property_damage,50,FALSE,straight,,fine,,daylight,,0,0,0,0,1,0,0,0,0,0,0,0,0,0,0,0,1,0,0,0
-43.51972718,172.5725088,Christchurch City,2018,property_damage,50,FALSE,straight,,fine,,daylight,,0,0,0,0,1,0,0,0,0,0,0,0,0,0,0,0,1,0,0,0
-37.78319995,175.2854259,Hamilton City,2018,property_damage,50,FALSE,curved_view_open,,fine,,darkness_not_lit,,0,0,0,0,1,0,0,0,0,0,0,0,0,0,0,0,1,0,0,0
-37.36990764,175.6668945,Hauraki District,2018,property_damage,50,TRUE,straight,,fine,,daylight,giveway_sign,0,0,0,0,1,0,0,0,0,0,0,0,0,0,0,0,1,0,0,0
-40.21804604,175.5846718,Manawatu District,2018,property_damage,50,FALSE,straight,,fine,,daylight,,0,0,0,0,1,0,0,0,0,0,0,0,0,0,0,0,1,0,0,0
-43.50692815,172.73081,Christchurch City,2018,property_damage,50,FALSE,straight,,fine,,daylight,,0,0,0,0,1,0,0,0,0,0,0,0,0,0,0,0,1,0,0,0
-38.00896374,175.3256422,Waipa District,2018,property_damage,50,FALSE,straight,,,,daylight,,0,0,0,0,1,0,0,0,0,0,0,0,0,0,0,0,1,0,0,0
-36.90888637,174.9286796,Auckland,2018,property_damage,50,FALSE,straight,,fine,,daylight,,0,0,0,0,1,0,0,0,0,0,0,0,0,0,0,0,1,0,0,0
-36.94506727,174.7880357,Auckland,2018,property_damage,50,FALSE,straight,,fine,,darkness_not_lit,,0,0,0,0,1,0,0,0,0,0,0,0,0,0,0,0,1,0,0,0
-38.14854912,176.2744566,Rotorua District,2018,property_damage,70,FALSE,straight,,fine,,daylight,,0,0,0,0,1,0,0,0,0,0,0,0,0,0,0,0,1,0,0,0
-36.87397488,174.9076861,Auckland,2018,property_damage,50,FALSE,straight,,fine,,daylight,,0,0,0,0,1,0,0,0,0,0,0,0,0,0,0,0,1,0,0,0
-37.0310529,174.8687663,Auckland,2018,property_damage,50,TRUE,straight,,fine,,daylight,,0,0,0,0,1,0,0,0,0,0,0,0,0,0,0,0,1,0,0,0
-41.29249729,174.7829842,Wellington City,2018,property_damage,50,FALSE,straight,,rain,,darkness_not_lit,giveway_sign,0,0,0,0,1,0,0,0,0,0,0,0,0,0,0,0,1,0,0,0
-37.77780129,175.2470666,Hamilton City,2018,property_damage,50,FALSE,straight,,fine,,darkness_not_lit,,0,0,0,0,1,0,0,0,0,0,0,0,0,0,0,0,1,0,0,0
-36.8740403,174.6230283,Auckland,2018,property_damage,50,FALSE,straight,,fine,,daylight,,0,0,0,0,1,0,0,0,0,0,0,0,0,0,0,0,1,0,0,0
-38.66842204,178.0275055,Gisborne District,2018,property_damage,50,FALSE,straight,,fine,,daylight,,0,0,0,0,1,0,0,0,0,0,0,0,0,0,0,0,1,0,0,0
-41.22050441,174.8829758,Hutt City,2018,property_damage,50,FALSE,straight,,fine,,darkness_not_lit,,0,0,0,0,1,0,0,0,0,0,0,0,0,0,0,0,1,0,0,0
-36.7434355,174.6970612,Auckland,2018,property_damage,50,FALSE,straight,,fine,,darkness_not_lit,,0,0,0,0,1,0,0,0,0,0,0,0,0,0,0,0,1,0,0,0
-37.66200345,175.5315823,Matamata-Piako District,2018,property_damage,50,FALSE,straight,,fine,,darkness_not_lit,,0,0,0,0,1,0,0,0,0,0,0,0,0,0,0,0,1,0,0,0
-41.2919867,174.7717205,Wellington City,2018,property_damage,50,FALSE,straight,,fine,,dawn_dusk,,0,0,0,0,1,0,0,0,0,0,0,0,0,0,0,0,1,0,0,0
-37.68989976,176.1316016,Tauranga City,2018,property_damage,50,FALSE,straight,,fine,,daylight,,0,0,0,0,1,0,0,0,0,0,0,0,0,0,0,0,1,0,0,0
-43.53386826,172.675108,Christchurch City,2018,property_damage,50,FALSE,straight,,fine,,daylight,,0,0,0,0,1,0,0,0,0,0,0,0,0,0,0,0,1,0,0,0
-38.13885502,176.2475586,Rotorua District,2018,property_damage,50,FALSE,straight,,fine,,daylight,,0,0,0,0,1,0,0,0,0,0,0,0,0,0,0,0,1,0,0,0
-37.78458155,176.3274258,Western Bay Of Plenty District,2018,property_damage,50,FALSE,straight,,fine,,dawn_dusk,,0,0,0,0,1,0,0,0,0,0,0,0,0,0,0,0,1,0,0,0
-43.55368765,172.6337623,Christchurch City,2018,property_damage,50,FALSE,straight,,fine,,daylight,,0,0,0,0,1,0,0,0,0,0,0,0,0,0,0,0,1,0,0,0
-46.23818564,169.7387196,Clutha District,2018,property_damage,50,FALSE,straight,,fine,,daylight,,0,0,0,0,1,0,0,0,0,0,0,0,0,0,0,0,1,0,0,0
-40.62174903,175.286415,Horowhenua District,2018,property_damage,50,FALSE,straight,,fine,,daylight,traffic_lights,0,0,0,0,1,0,0,0,0,0,0,0,0,0,0,0,1,0,0,0
-39.93411573,175.0537203,Wanganui District,2018,property_damage,50,FALSE,straight,,fine,,daylight,giveway_sign,0,0,0,0,1,0,0,0,0,0,0,0,0,0,0,0,1,0,0,0
-43.30513329,172.5971957,Waimakariri District,2018,property_damage,50,FALSE,straight,,fine,,daylight,,0,0,0,0,1,0,0,0,0,0,0,0,0,0,0,0,1,0,0,0
-39.0714941,174.06192,New Plymouth District,2018,property_damage,50,FALSE,straight,,fine,,daylight,,0,0,0,0,1,0,0,0,0,0,0,0,0,0,0,0,1,0,0,0
-37.19915645,174.9030873,Auckland,2018,property_damage,50,TRUE,straight,,rain,,daylight,,0,0,0,0,1,0,0,0,0,0,0,0,0,0,0,0,1,0,0,0
-36.93256523,174.6698422,Auckland,2018,property_damage,50,FALSE,straight,,fine,,darkness_not_lit,,0,0,0,0,1,0,0,0,0,0,0,0,0,0,0,0,1,0,0,0
-37.01859167,174.8708101,Auckland,2018,property_damage,50,FALSE,straight,,fine,,daylight,giveway_sign,0,0,0,0,1,0,0,0,0,0,0,0,0,0,0,0,1,0,0,0
-37.80821079,175.2889229,Hamilton City,2018,property_damage,50,FALSE,curved_view_open,,fine,,dawn_dusk,,0,0,0,0,1,0,0,0,0,0,0,0,0,0,0,0,1,0,0,0
-35.68344943,174.3009878,Whangarei District,2018,property_damage,50,TRUE,straight,,fine,,daylight,,0,0,0,0,1,0,0,0,0,0,0,0,0,0,0,0,1,0,0,0
-39.93988444,175.0341372,Wanganui District,2018,property_damage,50,TRUE,straight,,fine,,daylight,,0,0,0,0,1,0,0,0,0,0,0,0,0,0,0,0,1,0,0,0
-38.65878128,178.002932,Gisborne District,2018,minor_injury,50,TRUE,straight,,fine,,daylight,giveway_sign,1,0,0,1,1,0,0,0,0,0,0,0,0,0,0,0,1,0,0,0
-38.65878128,178.002932,Gisborne District,2018,minor_injury,50,TRUE,straight,,fine,,daylight,giveway_sign,1,0,0,1,1,0,0,0,0,0,0,0,0,0,0,0,1,0,0,0
-41.29269997,174.7739492,Wellington City,2018,minor_injury,50,TRUE,straight,,rain,,daylight,traffic_lights,1,0,0,1,1,0,0,0,0,0,0,0,0,0,0,0,1,0,0,0
-41.3198619,174.7939453,Wellington City,2018,minor_injury,50,TRUE,curved_view_open,,fine,,daylight,giveway_sign,1,0,0,1,1,0,0,0,0,0,0,0,0,0,0,0,1,0,0,0
-41.3198619,174.7939453,Wellington City,2018,minor_injury,50,TRUE,curved_view_open,,fine,,daylight,giveway_sign,1,0,0,1,1,0,0,0,0,0,0,0,0,0,0,0,1,0,0,0
-41.29400714,174.7779616,Wellington City,2018,minor_injury,50,TRUE,straight,,fine,,darkness_not_lit,traffic_lights,1,0,0,1,1,0,0,0,0,0,0,0,0,0,0,0,1,0,0,0
-41.29400714,174.7779616,Wellington City,2018,minor_injury,50,TRUE,straight,,fine,,darkness_not_lit,traffic_lights,1,0,0,1,1,0,0,0,0,0,0,0,0,0,0,0,1,0,0,0
-39.06040215,174.0687694,New Plymouth District,2018,minor_injury,50,TRUE,straight,,fine,,daylight,traffic_lights,1,0,0,1,1,0,0,0,0,0,0,0,0,0,0,0,1,0,0,0
-36.91537444,174.7592683,Auckland,2018,minor_injury,50,TRUE,straight,,rain,,darkness_not_lit,traffic_lights,1,0,0,1,1,0,0,0,0,0,0,0,0,0,0,0,1,0,0,0
-36.8853656,174.6450029,Auckland,2018,minor_injury,50,TRUE,straight,,rain,,daylight,,1,0,0,1,1,0,0,0,0,0,0,0,0,0,0,0,1,0,0,0
-37.02537879,174.8935149,Auckland,2018,minor_injury,50,TRUE,straight,,fine,,daylight,traffic_lights,1,0,0,1,1,0,0,0,0,0,0,0,0,0,0,0,1,0,0,0
-37.95363484,176.9866515,Whakatane District,2018,minor_injury,50,TRUE,straight,,fine,,daylight,stop_sign,1,0,0,1,1,0,0,0,0,0,0,0,0,0,0,0,1,0,0,0
-36.89454644,174.6965525,Auckland,2018,minor_injury,50,TRUE,straight,,fine,,darkness_not_lit,traffic_lights,1,0,0,1,1,0,0,0,0,0,0,0,0,0,0,0,1,0,0,0
-36.89726047,174.8440523,Auckland,2018,minor_injury,50,TRUE,straight,,fine,,daylight,giveway_sign,1,0,0,1,1,0,0,0,0,0,0,0,0,0,0,0,1,0,0,0
-36.84260824,174.7641936,Auckland,2018,minor_injury,50,TRUE,straight,,fine,,darkness_not_lit,traffic_lights,1,0,0,1,1,0,0,0,0,0,0,0,0,0,0,0,1,0,0,0
-38.15349296,176.2538103,Rotorua District,2018,minor_injury,50,TRUE,straight,,fine,,daylight,giveway_sign,1,0,0,1,1,0,0,0,0,0,0,0,0,0,0,0,1,0,0,0
-38.15349296,176.2538103,Rotorua District,2018,minor_injury,50,TRUE,straight,,fine,,daylight,giveway_sign,1,0,0,1,1,0,0,0,0,0,0,0,0,0,0,0,1,0,0,0
-36.88071102,174.7976639,Auckland,2018,minor_injury,50,TRUE,straight,,mist,,daylight,traffic_lights,1,0,0,1,1,0,0,0,0,0,0,0,0,0,0,0,1,0,0,0
-35.72727026,174.3204077,Whangarei District,2018,minor_injury,50,TRUE,straight,,fine,,darkness_not_lit,giveway_sign,1,0,0,1,1,0,0,0,0,0,0,0,0,0,0,0,1,0,0,0
-36.91852687,174.7847889,Auckland,2018,minor_injury,50,TRUE,straight,,fine,,daylight,stop_sign,1,0,0,1,1,0,0,0,0,0,0,0,0,0,0,0,1,0,0,0
-36.92621905,174.9130514,Auckland,2018,minor_injury,50,TRUE,straight,,fine,,daylight,giveway_sign,1,0,0,1,1,0,0,0,0,0,0,0,0,0,0,0,1,0,0,0
-35.11169407,173.2618965,Far North District,2018,minor_injury,50,TRUE,straight,,fine,,daylight,,1,0,0,1,1,0,0,0,0,0,0,0,0,0,0,0,1,0,0,0
-35.11169407,173.2618965,Far North District,2018,minor_injury,50,TRUE,straight,,fine,,daylight,,1,0,0,1,1,0,0,0,0,0,0,0,0,0,0,0,1,0,0,0
-36.84848816,174.7438272,Auckland,2018,minor_injury,40,TRUE,straight,,fine,,darkness_not_lit,giveway_sign,1,0,0,1,1,0,0,0,0,0,0,0,0,0,0,0,1,0,0,0
-36.98690542,174.8814038,Auckland,2018,minor_injury,60,TRUE,straight,,fine,,daylight,traffic_lights,1,0,0,1,1,0,0,0,0,0,0,0,0,0,0,0,1,0,0,0
-37.01005276,174.8909317,Auckland,2018,minor_injury,50,FALSE,straight,,fine,,darkness_not_lit,,1,0,0,1,1,0,0,0,0,0,0,0,0,0,0,0,1,0,0,0
-36.85088645,174.7645408,Auckland,2018,minor_injury,30,TRUE,straight,,rain,,darkness_not_lit,traffic_lights,1,0,0,1,1,0,0,0,0,0,0,0,0,0,0,0,1,0,0,0
-36.85088645,174.7645408,Auckland,2018,minor_injury,30,TRUE,straight,,rain,,darkness_not_lit,traffic_lights,1,0,0,1,1,0,0,0,0,0,0,0,0,0,0,0,1,0,0,0
-36.94020249,174.8456034,Auckland,2018,minor_injury,50,TRUE,straight,,mist,,darkness_not_lit,traffic_lights,1,0,0,1,1,0,0,0,0,0,0,0,0,0,0,0,1,0,0,0
-36.77041569,174.747939,Auckland,2018,minor_injury,50,TRUE,straight,,fine,,daylight,giveway_sign,1,0,0,1,1,0,0,0,0,0,0,0,0,0,0,0,1,0,0,0