latitude,longitude,local_government_area,year,severity,speed_limit,intersection,road_position_horizontal,road_wet,weather,crash_type,lighting,traffic_controls,casualties,fatalities,serious_injuries,minor_injuries,car_sedan,car_utility,car_van,car_4x4,car_station_wagon,motor_cycle,truck_small,truck_large,bus,taxi,bicycle,scooter,pedestrian,inanimate,train,tram
-39.06196396,174.0635225,New Plymouth District,2018,minor_injury,50,TRUE,straight,,fine,,darkness_not_lit,giveway_sign,1,0,0,1,1,0,0,0,0,0,0,0,0,0,0,0,1,0,0,0
-45.89949273,170.5036114,Dunedin City,2018,minor_injury,50,TRUE,straight,,rain,,darkness_not_lit,traffic_lights,1,0,0,1,1,0,0,0,0,0,0,0,0,0,0,0,1,0,0,0
-38.14775738,176.2387129,Rotorua District,2018,minor_injury,50,TRUE,straight,,fine,,daylight,stop_sign,1,0,0,1,1,0,0,0,0,0,0,0,0,0,0,0,1,0,0,0
-36.90425764,174.7281821,Auckland,2018,minor_injury,50,TRUE,straight,,fine,,darkness_not_lit,traffic_lights,1,0,0,1,1,0,0,0,0,0,0,0,0,0,0,0,1,0,0,0
-36.96170107,174.8907121,Auckland,2018,minor_injury,60,TRUE,straight,,fine,,daylight,giveway_sign,1,0,0,1,1,0,0,0,0,0,0,0,0,0,0,0,1,0,0,0
-36.88388493,174.7159076,Auckland,2018,minor_injury,50,FALSE,straight,,fine,,darkness_not_lit,,1,0,0,1,1,0,0,0,0,0,0,0,0,0,0,0,1,0,0,0
-35.68463249,174.3016369,Whangarei District,2018,minor_injury,50,TRUE,straight,,fine,,daylight,stop_sign,1,0,0,1,1,0,0,0,0,0,0,0,0,0,0,0,1,0,0,0
-35.68463249,174.3016369,Whangarei District,2018,minor_injury,50,TRUE,straight,,fine,,daylight,stop_sign,1,0,0,1,1,0,0,0,0,0,0,0,0,0,0,0,1,0,0,0
-35.71054663,174.322022,Whangarei District,2018,minor_injury,50,TRUE,straight,,rain,,darkness_not_lit,stop_sign,1,0,0,1,1,0,0,0,0,0,0,0,0,0,0,0,1,0,0,0
-35.71054663,174.322022,Whangarei District,2018,minor_injury,50,TRUE,straight,,rain,,darkness_not_lit,stop_sign,1,0,0,1,1,0,0,0,0,0,0,0,0,0,0,0,1,0,0,0
-41.13150059,174.8402326,Porirua City,2018,minor_injury,50,TRUE,straight,,fine,,daylight,giveway_sign,1,0,0,1,1,0,0,0,0,0,0,0,0,0,0,0,1,0,0,0
-43.53310228,172.650471,Christchurch City,2018,minor_injury,50,TRUE,straight,,fine,,darkness_not_lit,traffic_lights,1,0,0,1,1,0,0,0,0,0,0,0,0,0,0,0,1,0,0,0
-43.48018567,172.7018948,Christchurch City,2018,minor_injury,50,TRUE,curved_view_open,,fine,,daylight,giveway_sign,1,0,0,1,1,0,0,0,0,0,0,0,0,0,0,0,1,0,0,0
-43.48018567,172.7018948,Christchurch City,2018,minor_injury,50,TRUE,curved_view_open,,fine,,daylight,giveway_sign,1,0,0,1,1,0,0,0,0,0,0,0,0,0,0,0,1,0,0,0
-43.53742686,172.5965562,Christchurch City,2018,minor_injury,60,TRUE,straight,,fine,,daylight,traffic_lights,1,0,0,1,1,0,0,0,0,0,0,0,0,0,0,0,1,0,0,0
-43.53742686,172.5965562,Christchurch City,2018,minor_injury,60,TRUE,straight,,fine,,daylight,traffic_lights,1,0,0,1,1,0,0,0,0,0,0,0,0,0,0,0,1,0,0,0
-43.53936836,172.5684959,Christchurch City,2018,minor_injury,60,TRUE,straight,,fine,,daylight,traffic_lights,1,0,0,1,1,0,0,0,0,0,0,0,0,0,0,0,1,0,0,0
-43.52927521,172.6060778,Christchurch City,2018,minor_injury,50,TRUE,straight,,fine,,daylight,,1,0,0,1,1,0,0,0,0,0,0,0,0,0,0,0,1,0,0,0
-43.52927521,172.6060778,Christchurch City,2018,minor_injury,50,TRUE,straight,,fine,,daylight,,1,0,0,1,1,0,0,0,0,0,0,0,0,0,0,0,1,0,0,0
-41.28657768,173.2743973,Nelson City,2018,minor_injury,50,TRUE,straight,,fine,,daylight,giveway_sign,1,0,0,1,1,0,0,0,0,0,0,0,0,0,0,0,1,0,0,0
-46.41296663,168.3600341,Invercargill City,2018,minor_injury,50,TRUE,straight,,fine,,daylight,giveway_sign,1,0,0,1,1,0,0,0,0,0,0,0,0,0,0,0,1,0,0,0
-37.794943,175.2606228,Hamilton City,2018,minor_injury,60,TRUE,straight,,rain,,darkness_not_lit,traffic_lights,1,0,0,1,1,0,0,0,0,0,0,0,0,0,0,0,1,0,0,0
-36.79774729,174.649336,Auckland,2018,minor_injury,50,TRUE,straight,,rain,,darkness_not_lit,traffic_lights,1,0,0,1,1,0,0,0,0,0,0,0,0,0,0,0,1,0,0,0
-40.6291524,175.279633,Horowhenua District,2018,minor_injury,50,TRUE,straight,,fine,,daylight,giveway_sign,1,0,0,1,1,0,0,0,0,0,0,0,0,0,0,0,1,0,0,0
-36.91054073,174.7757917,Auckland,2018,minor_injury,50,TRUE,straight,,fine,,daylight,traffic_lights,1,0,0,1,1,0,0,0,0,0,0,0,0,0,0,0,1,0,0,0
-36.86570235,174.7689312,Auckland,2018,minor_injury,50,TRUE,straight,,fine,,daylight,giveway_sign,1,0,0,1,1,0,0,0,0,0,0,0,0,0,0,0,1,0,0,0
-36.89319492,174.7784757,Auckland,2018,minor_injury,50,FALSE,straight,,fine,,daylight,traffic_lights,1,0,0,1,1,0,0,0,0,0,0,0,0,0,0,0,1,0,0,0
-36.85347934,174.7792485,Auckland,2018,minor_injury,50,TRUE,straight,,fine,,daylight,giveway_sign,1,0,0,1,1,0,0,0,0,0,0,0,0,0,0,0,1,0,0,0
-36.86929323,174.777753,Auckland,2018,minor_injury,50,TRUE,straight,,rain,,darkness_not_lit,giveway_sign,1,0,0,1,1,0,0,0,0,0,0,0,0,0,0,0,1,0,0,0
-41.31332208,174.7823929,Wellington City,2018,minor_injury,50,TRUE,straight,,fine,,daylight,traffic_lights,1,0,0,1,1,0,0,0,0,0,0,0,0,0,0,0,1,0,0,0
-41.28940794,174.7759857,Wellington City,2018,minor_injury,30,TRUE,straight,,rain,,daylight,giveway_sign,1,0,0,1,1,0,0,0,0,0,0,0,0,0,0,0,1,0,0,0
-41.28940794,174.7759857,Wellington City,2018,minor_injury,30,TRUE,straight,,rain,,daylight,giveway_sign,1,0,0,1,1,0,0,0,0,0,0,0,0,0,0,0,1,0,0,0
-40.35818859,175.6163597,Palmerston North City,2018,minor_injury,50,TRUE,straight,,fine,,daylight,traffic_lights,1,0,0,1,1,0,0,0,0,0,0,0,0,0,0,0,1,0,0,0
-45.03107249,168.662734,Queenstown-Lakes District,2018,minor_injury,50,TRUE,straight,,mist,,darkness_not_lit,traffic_lights,1,0,0,1,1,0,0,0,0,0,0,0,0,0,0,0,1,0,0,0
-45.03107249,168.662734,Queenstown-Lakes District,2018,minor_injury,50,TRUE,straight,,mist,,darkness_not_lit,traffic_lights,1,0,0,1,1,0,0,0,0,0,0,0,0,0,0,0,1,0,0,0
-43.3828484,172.6570268,Waimakariri District,2018,minor_injury,50,TRUE,straight,,fine,,daylight,stop_sign,1,0,0,1,1,0,0,0,0,0,0,0,0,0,0,0,1,0,0,0
-43.55354412,172.6147469,Christchurch City,2018,minor_injury,50,TRUE,straight,,fine,,daylight,giveway_sign,1,0,0,1,1,0,0,0,0,0,0,0,0,0,0,0,1,0,0,0
-43.55354412,172.6147469,Christchurch City,2018,minor_injury,50,TRUE,straight,,fine,,daylight,giveway_sign,1,0,0,1,1,0,0,0,0,0,0,0,0,0,0,0,1,0,0,0
-43.54455291,172.5162834,Christchurch City,2018,minor_injury,50,TRUE,straight,,fine,,dawn_dusk,traffic_lights,1,0,0,1,1,0,0,0,0,0,0,0,0,0,0,0,1,0,0,0
-38.97888358,175.7747653,Taupo District,2018,minor_injury,100,FALSE,straight,,fine,,daylight,,1,0,0,1,1,0,0,0,0,0,0,0,0,0,0,0,1,0,0,0
-36.84717406,174.762033,Auckland,2018,minor_injury,50,TRUE,straight,,fine,,daylight,giveway_sign,1,0,0,1,1,0,0,0,0,0,0,0,0,0,0,0,1,0,0,0
-39.55033714,176.8574828,Napier City,2018,minor_injury,100,FALSE,straight,,fine,,daylight,,1,0,0,1,1,0,0,0,0,0,0,0,0,0,0,0,1,0,0,0
-36.94474773,174.8367184,Auckland,2018,minor_injury,50,TRUE,straight,,fine,,daylight,,1,0,0,1,1,0,0,0,0,0,0,0,0,0,0,0,1,0,0,0
-36.87586205,174.8271912,Auckland,2018,minor_injury,50,TRUE,straight,,fine,,daylight,giveway_sign,1,0,0,1,1,0,0,0,0,0,0,0,0,0,0,0,1,0,0,0
-36.87586205,174.8271912,Auckland,2018,minor_injury,50,TRUE,straight,,fine,,daylight,giveway_sign,1,0,0,1,1,0,0,0,0,0,0,0,0,0,0,0,1,0,0,0
-35.75437458,174.3093638,Whangarei District,2018,minor_injury,50,FALSE,straight,,fine,,daylight,giveway_sign,1,0,0,1,1,0,0,0,0,0,0,0,0,0,0,0,1,0,0,0
-35.74228927,174.3081153,Whangarei District,2018,minor_injury,50,TRUE,straight,,fine,,daylight,giveway_sign,1,0,0,1,1,0,0,0,0,0,0,0,0,0,0,0,1,0,0,0
-36.86759997,174.7752571,Auckland,2018,minor_injury,50,FALSE,straight,,rain,,daylight,,1,0,0,1,1,0,0,0,0,0,0,0,0,0,0,0,1,0,0,0
-40.91448018,175.0055664,Kapiti Coast District,2018,minor_injury,50,TRUE,straight,,fine,,darkness_not_lit,traffic_lights,1,0,0,1,1,0,0,0,0,0,0,0,0,0,0,0,1,0,0,0
-43.49490782,172.6092573,Christchurch City,2018,minor_injury,50,TRUE,straight,,rain,,daylight,traffic_lights,1,0,0,1,1,0,0,0,0,0,0,0,0,0,0,0,1,0,0,0
-43.49490782,172.6092573,Christchurch City,2018,minor_injury,50,TRUE,straight,,rain,,daylight,traffic_lights,1,0,0,1,1,0,0,0,0,0,0,0,0,0,0,0,1,0,0,0
-37.78999973,175.2856241,Hamilton City,2018,minor_injury,40,TRUE,straight,,fine,,darkness_not_lit,traffic_lights,1,0,0,1,1,0,0,0,0,0,0,0,0,0,0,0,1,0,0,0
-36.86678496,174.778525,Auckland,2018,minor_injury,50,FALSE,straight,,fine,,darkness_not_lit,,1,0,0,1,1,0,0,0,0,0,0,0,0,0,0,0,1,0,0,0
-41.222216,174.805947,Wellington City,2018,minor_injury,50,TRUE,curved_view_open,,rain,,darkness_not_lit,giveway_sign,1,0,0,1,1,0,0,0,0,0,0,0,0,0,0,0,1,0,0,0
-37.77258775,175.2936022,Hamilton City,2018,minor_injury,50,TRUE,straight,,fine,,darkness_not_lit,giveway_sign,1,0,0,1,1,0,0,0,0,0,0,0,0,0,0,0,1,0,0,0
-41.3095398,173.2373162,Nelson City,2018,minor_injury,50,TRUE,straight,,fine,,daylight,giveway_sign,1,0,0,1,1,0,0,0,0,0,0,0,0,0,0,0,1,0,0,0
-39.91886026,175.0493331,Wanganui District,2018,minor_injury,50,TRUE,straight,,fine,,daylight,giveway_sign,1,0,0,1,1,0,0,0,0,0,0,0,0,0,0,0,1,0,0,0
-36.85732674,174.7483688,Auckland,2018,minor_injury,40,TRUE,straight,,fine,,darkness_not_lit,,1,0,0,1,1,0,0,0,0,0,0,0,0,0,0,0,1,0,0,0
-36.85732674,174.7483688,Auckland,2018,minor_injury,40,TRUE,straight,,fine,,darkness_not_lit,,1,0,0,1,1,0,0,0,0,0,0,0,0,0,0,0,1,0,0,0
-41.2134254,174.8179315,Wellington City,2018,minor_injury,50,TRUE,straight,,rain,,daylight,,1,0,0,1,1,0,0,0,0,0,0,0,0,0,0,0,1,0,0,0
-38.68704132,176.0695635,Taupo District,2018,minor_injury,50,FALSE,straight,,fine,,daylight,,1,0,0,1,1,0,0,0,0,0,0,0,0,0,0,0,1,0,0,0
-45.87326683,170.5074281,Dunedin City,2018,minor_injury,50,FALSE,straight,,fine,,darkness_not_lit,,1,0,0,1,1,0,0,0,0,0,0,0,0,0,0,0,1,0,0,0
-37.0778625,174.9369687,Auckland,2018,minor_injury,50,FALSE,straight,,fine,,daylight,,1,0,0,1,1,0,0,0,0,0,0,0,0,0,0,0,1,0,0,0
-45.81781301,170.6187947,Dunedin City,2018,minor_injury,50,TRUE,straight,,fine,,daylight,,1,0,0,1,1,0,0,0,0,0,0,0,0,0,0,0,1,0,0,0
-36.90120209,174.7368335,Auckland,2018,minor_injury,50,TRUE,straight,,fine,,daylight,giveway_sign,1,0,0,1,1,0,0,0,0,0,0,0,0,0,0,0,1,0,0,0
-36.90120209,174.7368335,Auckland,2018,minor_injury,50,TRUE,straight,,fine,,daylight,giveway_sign,1,0,0,1,1,0,0,0,0,0,0,0,0,0,0,0,1,0,0,0
-36.77957731,174.7285603,Auckland,2018,minor_injury,50,FALSE,straight,,rain,,daylight,,1,0,0,1,1,0,0,0,0,0,0,0,0,0,0,0,1,0,0,0
-41.27435384,173.2856175,Nelson City,2018,minor_injury,50,TRUE,straight,,fine,,daylight,giveway_sign,1,0,0,1,1,0,0,0,0,0,0,0,0,0,0,0,1,0,0,0
-40.75298084,175.1404405,Kapiti Coast District,2018,minor_injury,50,TRUE,straight,,fine,,daylight,giveway_sign,1,0,0,1,1,0,0,0,0,0,0,0,0,0,0,0,1,0,0,0
-45.02456108,168.6619446,Queenstown-Lakes District,2018,minor_injury,50,TRUE,straight,,fine,,darkness_not_lit,,1,0,0,1,1,0,0,0,0,0,0,0,0,0,0,0,1,0,0,0
-41.22577351,174.8071186,Wellington City,2018,minor_injury,50,FALSE,straight,,fine,,daylight,,1,0,0,1,1,0,0,0,0,0,0,0,0,0,0,0,1,0,0,0
-36.87623726,174.6467817,Auckland,2018,minor_injury,50,TRUE,straight,,rain,,darkness_not_lit,traffic_lights,1,0,0,1,1,0,0,0,0,0,0,0,0,0,0,0,1,0,0,0
-36.95691781,174.863179,Auckland,2018,minor_injury,50,TRUE,curved_view_open,,fine,,daylight,,1,0,0,1,1,0,0,0,0,0,0,0,0,0,0,0,1,0,0,0
-41.22375129,174.8228344,Wellington City,2018,minor_injury,50,FALSE,straight,,fine,,daylight,,1,0,0,1,1,0,0,0,0,0,0,0,0,0,0,0,1,0,0,0
-41.28321365,174.7781461,Wellington City,2018,minor_injury,50,TRUE,straight,,rain,,darkness_not_lit,traffic_lights,1,0,0,1,1,0,0,0,0,0,0,0,0,0,0,0,1,0,0,0
-36.78570816,174.7731415,Auckland,2018,minor_injury,50,TRUE,curved_view_open,,fine,,darkness_not_lit,giveway_sign,1,0,0,1,1,0,0,0,0,0,0,0,0,0,0,0,1,0,0,0
-41.20683624,174.9256994,Hutt City,2018,minor_injury,50,TRUE,curved_view_open,,rain,,darkness_not_lit,stop_sign,1,0,0,1,1,0,0,0,0,0,0,0,0,0,0,0,1,0,0,0
-41.29327894,174.7784554,Wellington City,2018,minor_injury,30,TRUE,straight,,fine,,daylight,,1,0,0,1,1,0,0,0,0,0,0,0,0,0,0,0,1,0,0,0
-35.38774344,174.0143615,Far North District,2018,minor_injury,50,FALSE,straight,,fine,,daylight,,1,0,0,1,1,0,0,0,0,0,0,0,0,0,0,0,1,0,0,0
-40.95945713,175.6427299,Masterton District,2018,minor_injury,50,FALSE,straight,,fine,,daylight,,1,0,0,1,1,0,0,0,0,0,0,0,0,0,0,0,1,0,0,0
-35.7001814,174.3135392,Whangarei District,2018,minor_injury,50,FALSE,straight,,fine,,daylight,,1,0,0,1,1,0,0,0,0,0,0,0,0,0,0,0,1,0,0,0
-41.11785447,174.8754049,Porirua City,2018,minor_injury,50,TRUE,straight,,fine,,daylight,giveway_sign,1,0,0,1,1,0,0,0,0,0,0,0,0,0,0,0,1,0,0,0
-41.28486965,174.7369462,Wellington City,2018,minor_injury,50,TRUE,straight,,fine,,daylight,giveway_sign,1,0,0,1,1,0,0,0,0,0,0,0,0,0,0,0,1,0,0,0
-43.5151634,172.6586168,Christchurch City,2018,minor_injury,50,TRUE,straight,,fine,,daylight,stop_sign,1,0,0,1,1,0,0,0,0,0,0,0,0,0,0,0,1,0,0,0
-37.66497814,176.1339762,Tauranga City,2018,minor_injury,50,TRUE,straight,,fine,,daylight,giveway_sign,1,0,0,1,1,0,0,0,0,0,0,0,0,0,0,0,1,0,0,0
-36.86225425,174.6293412,Auckland,2018,minor_injury,50,FALSE,straight,,fine,,darkness_not_lit,traffic_lights,1,0,0,1,1,0,0,0,0,0,0,0,0,0,0,0,1,0,0,0
-36.85969563,174.7527637,Auckland,2018,minor_injury,50,TRUE,straight,,fine,,darkness_not_lit,traffic_lights,1,0,0,1,1,0,0,0,0,0,0,0,0,0,0,0,1,0,0,0
-36.88552033,174.644894,Auckland,2018,minor_injury,50,FALSE,straight,,fine,,daylight,,1,0,0,1,1,0,0,0,0,0,0,0,0,0,0,0,1,0,0,0
-36.88552033,174.644894,Auckland,2018,minor_injury,50,FALSE,straight,,fine,,daylight,,1,0,0,1,1,0,0,0,0,0,0,0,0,0,0,0,1,0,0,0
-43.52239129,172.5893929,Christchurch City,2018,minor_injury,50,TRUE,straight,,fine,,daylight,traffic_lights,1,0,0,1,1,0,0,0,0,0,0,0,0,0,0,0,1,0,0,0
-43.52239129,172.5893929,Christchurch City,2018,minor_injury,50,TRUE,straight,,fine,,daylight,traffic_lights,1,0,0,1,1,0,0,0,0,0,0,0,0,0,0,0,1,0,0,0
-41.29248826,174.7789116,Wellington City,2018,minor_injury,30,TRUE,straight,,rain,,daylight,traffic_lights,1,0,0,1,1,0,0,0,0,0,0,0,0,0,0,0,1,0,0,0
-43.52657656,172.6396312,Christchurch City,2018,minor_injury,50,TRUE,straight,,fine,,daylight,traffic_lights,1,0,0,1,1,0,0,0,0,0,0,0,0,0,0,0,1,0,0,0
-43.52657656,172.6396312,Christchurch City,2018,minor_injury,50,TRUE,straight,,fine,,daylight,traffic_lights,1,0,0,1,1,0,0,0,0,0,0,0,0,0,0,0,1,0,0,0
-36.7820053,174.7208718,Auckland,2018,minor_injury,50,TRUE,straight,,fine,,darkness_not_lit,traffic_lights,1,0,0,1,1,0,0,0,0,0,0,0,0,0,0,0,1,0,0,0
-36.89864854,174.8515823,Auckland,2018,minor_injury,50,TRUE,straight,,fine,,daylight,giveway_sign,1,0,0,1,1,0,0,0,0,0,0,0,0,0,0,0,1,0,0,0
-36.84817228,174.7512108,Auckland,2018,minor_injury,50,TRUE,straight,,fine,,daylight,traffic_lights,1,0,0,1,1,0,0,0,0,0,0,0,0,0,0,0,1,0,0,0
-36.97090858,174.86188,Auckland,2018,minor_injury,50,TRUE,straight,,rain,,darkness_not_lit,traffic_lights,1,0,0,1,1,0,0,0,0,0,0,0,0,0,0,0,1,0,0,0
-36.86688953,174.7745451,Auckland,2018,minor_injury,50,TRUE,straight,,fine,,darkness_not_lit,giveway_sign,1,0,0,1,1,0,0,0,0,0,0,0,0,0,0,0,1,0,0,0
-37.74877148,175.2782263,Hamilton City,2018,minor_injury,50,FALSE,straight,,fine,,daylight,,1,0,0,1,1,0,0,0,0,0,0,0,0,0,0,0,1,0,0,0
-37.78222316,176.319056,Western Bay Of Plenty District,2018,minor_injury,50,FALSE,straight,,fine,,daylight,,1,0,0,1,1,0,0,0,0,0,0,0,0,0,0,0,1,0,0,0
-41.27460115,174.7741634,Wellington City,2018,minor_injury,50,FALSE,straight,,rain,,darkness_not_lit,giveway_sign,1,0,0,1,1,0,0,0,0,0,0,0,0,0,0,0,1,0,0,0
-45.90124453,170.5051056,Dunedin City,2018,minor_injury,50,TRUE,straight,,fine,,darkness_not_lit,traffic_lights,1,0,0,1,1,0,0,0,0,0,0,0,0,0,0,0,1,0,0,0
-36.92756782,174.9009043,Auckland,2018,minor_injury,60,FALSE,straight,,fine,,daylight,,1,0,0,1,1,0,0,0,0,0,0,0,0,0,0,0,1,0,0,0
-45.03253576,168.6628645,Queenstown-Lakes District,2018,minor_injury,50,FALSE,straight,,fine,,daylight,,1,0,0,1,1,0,0,0,0,0,0,0,0,0,0,0,1,0,0,0
-37.02120451,174.8958504,Auckland,2018,minor_injury,50,TRUE,straight,,fine,,daylight,,1,0,0,1,1,0,0,0,0,0,0,0,0,0,0,0,1,0,0,0
-36.87678819,174.7768273,Auckland,2018,minor_injury,50,FALSE,straight,,rain,,daylight,,1,0,0,1,1,0,0,0,0,0,0,0,0,0,0,0,1,0,0,0
-36.85764087,174.7643148,Auckland,2018,minor_injury,50,TRUE,straight,,fine,,daylight,,1,0,0,1,1,0,0,0,0,0,0,0,0,0,0,0,1,0,0,0
-40.34993629,175.6239641,Palmerston North City,2018,minor_injury,50,FALSE,straight,,fine,,daylight,,1,0,0,1,1,0,0,0,0,0,0,0,0,0,0,0,1,0,0,0
-41.3074807,173.2310849,Nelson City,2018,minor_injury,50,FALSE,straight,,fine,,darkness_not_lit,,1,0,0,1,1,0,0,0,0,0,0,0,0,0,0,0,1,0,0,0
-41.52832707,173.9546565,Marlborough District,2018,minor_injury,50,TRUE,straight,,rain,,daylight,giveway_sign,1,0,0,1,1,0,0,0,0,0,0,0,0,0,0,0,1,0,0,0
-41.52832707,173.9546565,Marlborough District,2018,minor_injury,50,TRUE,curved_view_open,,fine,,daylight,giveway_sign,1,0,0,1,1,0,0,0,0,0,0,0,0,0,0,0,1,0,0,0
-36.960763,174.9266295,Auckland,2018,minor_injury,50,TRUE,straight,,fine,,daylight,giveway_sign,1,0,0,1,1,0,0,0,0,0,0,0,0,0,0,0,1,0,0,0
-36.89909411,174.812763,Auckland,2018,minor_injury,50,TRUE,curved_view_open,,rain,,darkness_not_lit,giveway_sign,1,0,0,1,1,0,0,0,0,0,0,0,0,0,0,0,1,0,0,0
-36.87177303,174.8526048,Auckland,2018,minor_injury,50,TRUE,straight,,fine,,daylight,,1,0,0,1,1,0,0,0,0,0,0,0,0,0,0,0,1,0,0,0
-37.78522418,175.2711588,Hamilton City,2018,minor_injury,50,TRUE,straight,,fine,,daylight,giveway_sign,1,0,0,1,1,0,0,0,0,0,0,0,0,0,0,0,1,0,0,0
-40.34247244,175.6242044,Palmerston North City,2018,minor_injury,50,FALSE,straight,,fine,,daylight,,1,0,0,1,1,0,0,0,0,0,0,0,0,0,0,0,1,0,0,0
-39.08080583,174.0860028,New Plymouth District,2018,minor_injury,50,TRUE,straight,,rain,,daylight,giveway_sign,1,0,0,1,1,0,0,0,0,0,0,0,0,0,0,0,1,0,0,0
-37.95194537,176.9944888,Whakatane District,2018,minor_injury,50,TRUE,straight,,fine,,daylight,giveway_sign,1,0,0,1,1,0,0,0,0,0,0,0,0,0,0,0,1,0,0,0
-36.94546737,174.8437877,Auckland,2018,minor_injury,50,FALSE,straight,,fine,,daylight,,1,0,0,1,1,0,0,0,0,0,0,0,0,0,0,0,1,0,0,0
-45.8823728,170.5023554,Dunedin City,2018,minor_injury,60,TRUE,straight,,fine,,daylight,giveway_sign,1,0,0,1,1,0,0,0,0,0,0,0,0,0,0,0,1,0,0,0
-41.22233758,174.8228071,Wellington City,2018,minor_injury,50,FALSE,straight,,fine,,darkness_not_lit,,1,0,0,1,1,0,0,0,0,0,0,0,0,0,0,0,1,0,0,0
-37.02273999,174.8979006,Auckland,2018,minor_injury,50,FALSE,straight,,fine,,daylight,,1,0,0,1,1,0,0,0,0,0,0,0,0,0,0,0,1,0,0,0
-41.28396513,174.7743932,Wellington City,2018,minor_injury,50,FALSE,straight,,fine,,darkness_not_lit,,1,0,0,1,1,0,0,0,0,0,0,0,0,0,0,0,1,0,0,0
-37.95168082,176.9956462,Whakatane District,2018,minor_injury,50,FALSE,straight,,fine,,daylight,,1,0,0,1,1,0,0,0,0,0,0,0,0,0,0,0,1,0,0,0
-37.38015054,175.6702159,Hauraki District,2018,minor_injury,50,FALSE,curved_view_open,,fine,,daylight,,1,0,0,1,1,0,0,0,0,0,0,0,0,0,0,0,1,0,0,0
-41.13252739,175.0406915,Upper Hutt City,2018,minor_injury,50,FALSE,straight,,fine,,daylight,giveway_sign,1,0,0,1,1,0,0,0,0,0,0,0,0,0,0,0,1,0,0,0
-39.91198046,175.0669218,Wanganui District,2018,minor_injury,50,TRUE,straight,,fine,,darkness_not_lit,giveway_sign,1,0,0,1,1,0,0,0,0,0,0,0,0,0,0,0,1,0,0,0
-37.78968658,175.2598266,Hamilton City,2018,minor_injury,60,FALSE,straight,,fine,,daylight,,1,0,0,1,1,0,0,0,0,0,0,0,0,0,0,0,1,0,0,0
-37.02433393,174.8821469,Auckland,2018,minor_injury,50,FALSE,straight,,fine,,daylight,,1,0,0,1,1,0,0,0,0,0,0,0,0,0,0,0,1,0,0,0
-38.00680535,175.3376915,Waipa District,2018,minor_injury,50,FALSE,straight,,fine,,darkness_not_lit,,1,0,0,1,1,0,0,0,0,0,0,0,0,0,0,0,1,0,0,0
-44.83625881,169.0547255,Queenstown-Lakes District,2018,minor_injury,100,FALSE,straight,,fine,,darkness_not_lit,,1,0,0,1,1,0,0,0,0,0,0,0,0,0,0,0,1,0,0,0
-43.50931915,172.589964,Christchurch City,2018,minor_injury,50,FALSE,straight,,fine,,daylight,,1,0,0,1,1,0,0,0,0,0,0,0,0,0,0,0,1,0,0,0
-40.76026803,175.1573658,Kapiti Coast District,2018,minor_injury,50,FALSE,straight,,fine,,daylight,,1,0,0,1,1,0,0,0,0,0,0,0,0,0,0,0,1,0,0,0
-40.59394031,175.1822475,Horowhenua District,2018,minor_injury,30,FALSE,straight,,fine,,daylight,,1,0,0,1,1,0,0,0,0,0,0,0,0,0,0,0,1,0,0,0
-35.72498023,174.3204141,Whangarei District,2018,minor_injury,50,FALSE,straight,,rain,,daylight,,1,0,0,1,1,0,0,0,0,0,0,0,0,0,0,0,1,0,0,0
-45.87404752,170.3486673,Dunedin City,2018,minor_injury,10,FALSE,curved_view_open,,fine,,daylight,,1,0,0,1,1,0,0,0,0,0,0,0,0,0,0,0,1,0,0,0
-37.81930208,174.8374934,Waikato District,2018,minor_injury,100,FALSE,straight,,fine,,darkness_not_lit,,1,0,0,1,1,0,0,0,0,0,0,0,0,0,0,0,1,0,0,0
-37.02244961,174.8957689,Auckland,2018,minor_injury,20,FALSE,straight,,rain,,daylight,giveway_sign,1,0,0,1,1,0,0,0,0,0,0,0,0,0,0,0,1,0,0,0
-37.775019,175.2671681,Hamilton City,2018,minor_injury,50,FALSE,straight,,rain,,daylight,,1,0,0,1,1,0,0,0,0,0,0,0,0,0,0,0,1,0,0,0
-40.35151364,175.6076009,Palmerston North City,2018,minor_injury,50,FALSE,straight,,fine,,daylight,,1,0,0,1,1,0,0,0,0,0,0,0,0,0,0,0,1,0,0,0
-41.75779088,171.5990094,Buller District,2018,minor_injury,50,FALSE,straight,,fine,,daylight,,1,0,0,1,1,0,0,0,0,0,0,0,0,0,0,0,1,0,0,0
-36.83715461,174.6145669,Auckland,2018,minor_injury,50,FALSE,straight,,fine,,darkness_not_lit,,1,0,0,1,1,0,0,0,0,0,0,0,0,0,0,0,1,0,0,0
-36.87361856,174.8556335,Auckland,2018,minor_injury,50,FALSE,straight,,fine,,daylight,,1,0,0,1,1,0,0,0,0,0,0,0,0,0,0,0,1,0,0,0
-41.3446933,174.776615,Wellington City,2018,minor_injury,50,FALSE,straight,,fine,,daylight,,1,0,0,1,1,0,0,0,0,0,0,0,0,0,0,0,1,0,0,0
-41.29487057,174.7803737,Wellington City,2018,minor_injury,50,FALSE,straight,,fine,,daylight,,1,0,0,1,1,0,0,0,0,0,0,0,0,0,0,0,1,0,0,0
-37.69542888,176.1428784,Tauranga City,2018,minor_injury,50,FALSE,straight,,fine,,daylight,,1,0,0,1,1,0,0,0,0,0,0,0,0,0,0,0,1,0,0,0
-36.72188561,174.7057571,Auckland,2018,minor_injury,50,FALSE,straight,,fine,,darkness_not_lit,,1,0,0,1,1,0,0,0,0,0,0,0,0,0,0,0,1,0,0,0
-35.72546236,174.3150819,Whangarei District,2018,minor_injury,50,FALSE,straight,,fine,,daylight,,1,0,0,1,1,0,0,0,0,0,0,0,0,0,0,0,1,0,0,0
-37.74705615,175.2332099,Hamilton City,2018,minor_injury,60,FALSE,straight,,fine,,daylight,,1,0,0,1,1,0,0,0,0,0,0,0,0,0,0,0,1,0,0,0
-37.78279378,175.2891717,Hamilton City,2018,minor_injury,50,FALSE,straight,,fine,,daylight,giveway_sign,1,0,0,1,1,0,0,0,0,0,0,0,0,0,0,0,1,0,0,0