latitude,longitude,local_government_area,year,severity,speed_limit,intersection,road_position_horizontal,road_wet,weather,crash_type,lighting,traffic_controls,casualties,fatalities,serious_injuries,minor_injuries,car_sedan,car_utility,car_van,car_4x4,car_station_wagon,motor_cycle,truck_small,truck_large,bus,taxi,bicycle,scooter,pedestrian,inanimate,train,tram
-40.36689577,175.6236565,Palmerston North City,2018,minor_injury,50,FALSE,straight,,fine,,daylight,,1,0,0,1,1,0,0,0,0,0,0,0,0,0,0,0,1,0,0,0
-36.97837368,174.8374479,Auckland,2018,minor_injury,50,FALSE,straight,,fine,,darkness_not_lit,,1,0,0,1,1,0,0,0,0,0,0,0,0,0,0,0,1,0,0,0
-36.87533089,174.8088915,Auckland,2018,minor_injury,50,FALSE,straight,,fine,,daylight,,1,0,0,1,1,0,0,0,0,0,0,0,0,0,0,0,1,0,0,0
-41.24957377,174.9354637,Hutt City,2018,minor_injury,50,FALSE,straight,,fine,,daylight,,1,0,0,1,1,0,0,0,0,0,0,0,0,0,0,0,1,0,0,0
-37.70406077,176.1164124,Tauranga City,2018,minor_injury,50,FALSE,straight,,fine,,daylight,,1,0,0,1,1,0,0,0,0,0,0,0,0,0,0,0,1,0,0,0
-45.03141559,168.6596867,Queenstown-Lakes District,2018,minor_injury,50,FALSE,straight,,rain,,darkness_not_lit,,1,0,0,1,1,0,0,0,0,0,0,0,0,0,0,0,1,0,0,0
-37.74748106,175.2750545,Hamilton City,2018,minor_injury,50,FALSE,straight,,fine,,daylight,,1,0,0,1,1,0,0,0,0,0,0,0,0,0,0,0,1,0,0,0
-36.88072739,174.6744123,Auckland,2018,minor_injury,10,FALSE,straight,,,,daylight,,1,0,0,1,1,0,0,0,0,0,0,0,0,0,0,0,1,0,0,0
-37.89388076,175.4689971,Waipa District,2018,minor_injury,50,TRUE,straight,,fine,,daylight,,1,0,0,1,1,0,0,0,0,0,0,0,0,0,0,0,1,0,0,0
-36.99272403,174.8799404,Auckland,2018,minor_injury,50,FALSE,straight,,fine,,daylight,giveway_sign,1,0,0,1,1,0,0,0,0,0,0,0,0,0,0,0,1,0,0,0
-37.65798931,175.5296777,Matamata-Piako District,2018,minor_injury,50,FALSE,straight,,fine,,daylight,,1,0,0,1,1,0,0,0,0,0,0,0,0,0,0,0,1,0,0,0
-36.87852172,174.8230361,Auckland,2018,minor_injury,50,FALSE,straight,,rain,,darkness_not_lit,,1,0,0,1,1,0,0,0,0,0,0,0,0,0,0,0,1,0,0,0
-36.88425614,174.7157924,Auckland,2018,minor_injury,50,FALSE,straight,,fine,,daylight,,1,0,0,1,1,0,0,0,0,0,0,0,0,0,0,0,1,0,0,0
-37.77055053,175.2355174,Hamilton City,2018,minor_injury,50,FALSE,straight,,fine,,daylight,,1,0,0,1,1,0,0,0,0,0,0,0,0,0,0,0,1,0,0,0
-36.88182308,174.6319449,Auckland,2018,minor_injury,50,FALSE,straight,,fine,,daylight,,1,0,0,1,1,0,0,0,0,0,0,0,0,0,0,0,1,0,0,0
-45.89797466,170.5215208,Dunedin City,2018,minor_injury,50,FALSE,straight,,rain,,daylight,,1,0,0,1,1,0,0,0,0,0,0,0,0,0,0,0,1,0,0,0
-36.97458175,174.8917834,Auckland,2018,minor_injury,50,FALSE,curved_view_open,,fine,,daylight,,1,0,0,1,1,0,0,0,0,0,0,0,0,0,0,0,1,0,0,0
-36.88791667,174.6987846,Auckland,2018,minor_injury,50,FALSE,straight,,rain,,darkness_not_lit,,1,0,0,1,1,0,0,0,0,0,0,0,0,0,0,0,1,0,0,0
-36.98199186,174.8366137,Auckland,2018,minor_injury,50,FALSE,straight,,fine,,daylight,,1,0,0,1,1,0,0,0,0,0,0,0,0,0,0,0,1,0,0,0
-36.88963998,174.7751054,Auckland,2018,minor_injury,50,FALSE,straight,,fine,,daylight,,1,0,0,1,1,0,0,0,0,0,0,0,0,0,0,0,1,0,0,0
-36.90289537,174.8404618,Auckland,2018,minor_injury,50,FALSE,straight,,fine,,darkness_not_lit,,1,0,0,1,1,0,0,0,0,0,0,0,0,0,0,0,1,0,0,0
-37.7949748,175.2462469,Hamilton City,2018,minor_injury,50,FALSE,straight,,,,daylight,,1,0,0,1,1,0,0,0,0,0,0,0,0,0,0,0,1,0,0,0
-37.39095265,175.8485866,Hauraki District,2018,minor_injury,50,FALSE,straight,,fine,,daylight,,1,0,0,1,1,0,0,0,0,0,0,0,0,0,0,0,1,0,0,0
-36.9020585,174.9189683,Auckland,2018,minor_injury,50,FALSE,curved_view_open,,fine,,daylight,,1,0,0,1,1,0,0,0,0,0,0,0,0,0,0,0,1,0,0,0
-36.84534306,174.7363988,Auckland,2018,minor_injury,50,FALSE,straight,,fine,,daylight,traffic_lights,1,0,0,1,1,0,0,0,0,0,0,0,0,0,0,0,1,0,0,0
-36.90267185,174.9250665,Auckland,2018,minor_injury,50,FALSE,straight,,fine,,daylight,giveway_sign,1,0,0,1,1,0,0,0,0,0,0,0,0,0,0,0,1,0,0,0
-39.53685758,176.8462551,Napier City,2018,minor_injury,50,FALSE,straight,,fine,,daylight,,1,0,0,1,1,0,0,0,0,0,0,0,0,0,0,0,1,0,0,0
-38.65303016,178.0213169,Gisborne District,2018,minor_injury,50,FALSE,straight,,fine,,darkness_not_lit,,1,0,0,1,1,0,0,0,0,0,0,0,0,0,0,0,1,0,0,0
-35.81084783,174.5042339,Whangarei District,2018,minor_injury,50,FALSE,curved_view_open,,fine,,daylight,,1,0,0,1,1,0,0,0,0,0,0,0,0,0,0,0,1,0,0,0
-41.26866135,173.278083,Nelson City,2018,minor_injury,50,FALSE,curved_view_open,,fine,,daylight,,1,0,0,1,1,0,0,0,0,0,0,0,0,0,0,0,1,0,0,0
-36.93184496,174.912945,Auckland,2018,minor_injury,10,FALSE,straight,,fine,,daylight,,1,0,0,1,1,0,0,0,0,0,0,0,0,0,0,0,1,0,0,0
-36.87817884,174.7308591,Auckland,2018,minor_injury,50,FALSE,straight,,fine,,daylight,,1,0,0,1,1,0,0,0,0,0,0,0,0,0,0,0,1,0,0,0
-36.58651647,174.6918414,Auckland,2018,minor_injury,50,FALSE,straight,,fine,,daylight,,1,0,0,1,1,0,0,0,0,0,0,0,0,0,0,0,1,0,0,0
-37.80175264,175.3223631,Hamilton City,2018,minor_injury,20,FALSE,straight,,,,daylight,,1,0,0,1,1,0,0,0,0,0,0,0,0,0,0,0,1,0,0,0
-35.68807369,174.3035604,Whangarei District,2018,minor_injury,50,FALSE,straight,,fine,,daylight,,1,0,0,1,1,0,0,0,0,0,0,0,0,0,0,0,1,0,0,0
-37.55959089,175.1588629,Waikato District,2018,minor_injury,50,FALSE,straight,,fine,,daylight,,1,0,0,1,1,0,0,0,0,0,0,0,0,0,0,0,1,0,0,0
-43.45995351,172.6228079,Christchurch City,2018,minor_injury,60,FALSE,straight,,rain,,daylight,,1,0,0,1,1,0,0,0,0,0,0,0,0,0,0,0,1,0,0,0
-37.02537435,174.8943578,Auckland,2018,minor_injury,50,FALSE,straight,,fine,,daylight,,1,0,0,1,1,0,0,0,0,0,0,0,0,0,0,0,1,0,0,0
-39.09041473,174.0341062,New Plymouth District,2018,minor_injury,50,FALSE,straight,,fine,,daylight,,1,0,0,1,1,0,0,0,0,0,0,0,0,0,0,0,1,0,0,0
-46.31042675,168.7785186,Southland District,2018,minor_injury,50,FALSE,straight,,,,daylight,,1,0,0,1,1,0,0,0,0,0,0,0,0,0,0,0,1,0,0,0
-43.46045615,172.6223227,Christchurch City,2018,minor_injury,60,FALSE,straight,,fine,,daylight,,1,0,0,1,1,0,0,0,0,0,0,0,0,0,0,0,1,0,0,0
-43.53117081,172.597093,Christchurch City,2018,minor_injury,10,FALSE,straight,,,,daylight,,1,0,0,1,1,0,0,0,0,0,0,0,0,0,0,0,1,0,0,0
-43.50688379,172.5887929,Christchurch City,2018,minor_injury,50,FALSE,straight,,fine,,daylight,,1,0,0,1,1,0,0,0,0,0,0,0,0,0,0,0,1,0,0,0
-36.75440749,174.694368,Auckland,2018,minor_injury,50,FALSE,straight,,fine,,darkness_not_lit,,1,0,0,1,1,0,0,0,0,0,0,0,0,0,0,0,1,0,0,0
-36.89583619,174.8596727,Auckland,2018,minor_injury,50,FALSE,curved_view_open,,fine,,darkness_not_lit,,1,0,0,1,1,0,0,0,0,0,0,0,0,0,0,0,1,0,0,0
-41.2933155,174.7784205,Wellington City,2018,minor_injury,50,TRUE,straight,,fine,,daylight,,1,0,0,1,1,0,0,0,0,0,0,0,0,0,0,0,1,0,0,0
-36.89472284,174.77997,Auckland,2018,minor_injury,20,FALSE,straight,,,,daylight,,1,0,0,1,1,0,0,0,0,0,0,0,0,0,0,0,1,0,0,0
-36.85375994,174.618382,Auckland,2018,minor_injury,50,FALSE,straight,,fine,,daylight,,1,0,0,1,1,0,0,0,0,0,0,0,0,0,0,0,1,0,0,0
-37.68794948,176.1658045,Tauranga City,2018,minor_injury,50,FALSE,straight,,fine,,daylight,,1,0,0,1,1,0,0,0,0,0,0,0,0,0,0,0,1,0,0,0
-36.84951626,174.8597162,Auckland,2018,minor_injury,50,FALSE,straight,,fine,,darkness_not_lit,,1,0,0,1,1,0,0,0,0,0,0,0,0,0,0,0,1,0,0,0
-41.29906527,174.7840351,Wellington City,2018,minor_injury,50,FALSE,straight,,fine,,daylight,,1,0,0,1,1,0,0,0,0,0,0,0,0,0,0,0,1,0,0,0
-35.68883318,174.2941682,Whangarei District,2018,minor_injury,50,FALSE,straight,,fine,,daylight,,1,0,0,1,1,0,0,0,0,0,0,0,0,0,0,0,1,0,0,0
-37.20744418,174.9083773,Auckland,2018,minor_injury,50,FALSE,straight,,fine,,daylight,,1,0,0,1,1,0,0,0,0,0,0,0,0,0,0,0,1,0,0,0
-43.52949219,172.6782872,Christchurch City,2018,minor_injury,60,FALSE,straight,,fine,,daylight,,1,0,0,1,1,0,0,0,0,0,0,0,0,0,0,0,1,0,0,0
-36.99213386,174.8469253,Auckland,2018,minor_injury,50,FALSE,straight,,fine,,daylight,,1,0,0,1,1,0,0,0,0,0,0,0,0,0,0,0,1,0,0,0
-38.0094282,175.3235727,Waipa District,2018,minor_injury,50,FALSE,straight,,fine,,daylight,,1,0,0,1,1,0,0,0,0,0,0,0,0,0,0,0,1,0,0,0
-38.13570877,176.229351,Rotorua District,2018,minor_injury,50,FALSE,straight,,fine,,darkness_not_lit,,1,0,0,1,1,0,0,0,0,0,0,0,0,0,0,0,1,0,0,0
-39.4887383,176.9178046,Napier City,2018,minor_injury,50,FALSE,straight,,rain,,darkness_not_lit,,1,0,0,1,1,0,0,0,0,0,0,0,0,0,0,0,1,0,0,0
-34.88855906,173.366302,Far North District,2018,minor_injury,50,FALSE,straight,,fine,,daylight,,1,0,0,1,1,0,0,0,0,0,0,0,0,0,0,0,1,0,0,0
-36.9752237,174.8927879,Auckland,2018,minor_injury,50,FALSE,straight,,fine,,daylight,,1,0,0,1,1,0,0,0,0,0,0,0,0,0,0,0,1,0,0,0
-38.68495046,176.0702787,Taupo District,2018,minor_injury,50,FALSE,straight,,fine,,daylight,,1,0,0,1,1,0,0,0,0,0,0,0,0,0,0,0,1,0,0,0
-36.90606011,174.7460685,Auckland,2018,minor_injury,50,FALSE,straight,,fine,,daylight,,1,0,0,1,1,0,0,0,0,0,0,0,0,0,0,0,1,0,0,0
-41.20334265,174.9240108,Hutt City,2018,minor_injury,50,FALSE,straight,,fine,,daylight,,1,0,0,1,1,0,0,0,0,0,0,0,0,0,0,0,1,0,0,0
-43.49307631,172.6029738,Christchurch City,2018,minor_injury,50,FALSE,straight,,fine,,daylight,,1,0,0,1,1,0,0,0,0,0,0,0,0,0,0,0,1,0,0,0
-41.29459473,174.774323,Wellington City,2018,minor_injury,50,FALSE,straight,,fine,,daylight,,1,0,0,1,1,0,0,0,0,0,0,0,0,0,0,0,1,0,0,0
-43.55978781,172.7367161,Christchurch City,2018,minor_injury,10,FALSE,straight,,fine,,daylight,,1,0,0,1,1,0,0,0,0,0,0,0,0,0,0,0,1,0,0,0
-44.6951036,169.1345717,Queenstown-Lakes District,2018,minor_injury,50,FALSE,straight,,fine,,daylight,,1,0,0,1,1,0,0,0,0,0,0,0,0,0,0,0,1,0,0,0
-37.79022236,175.2987236,Hamilton City,2018,minor_injury,50,FALSE,straight,,fine,,darkness_not_lit,,1,0,0,1,1,0,0,0,0,0,0,0,0,0,0,0,1,0,0,0
-36.97255636,174.8637063,Auckland,2018,minor_injury,50,FALSE,straight,,fine,,daylight,,1,0,0,1,1,0,0,0,0,0,0,0,0,0,0,0,1,0,0,0
-36.98987953,174.8602639,Auckland,2018,minor_injury,50,FALSE,straight,,rain,,daylight,,1,0,0,1,1,0,0,0,0,0,0,0,0,0,0,0,1,0,0,0
-36.88402833,175.056546,Auckland,2018,minor_injury,80,FALSE,straight,,fine,,daylight,,1,0,0,1,1,0,0,0,0,0,0,0,0,0,0,0,1,0,0,0
-36.90892108,174.632365,Auckland,2018,minor_injury,50,FALSE,straight,,rain,,daylight,,1,0,0,1,1,0,0,0,0,0,0,0,0,0,0,0,1,0,0,0
-37.75074287,175.2549186,Hamilton City,2018,minor_injury,50,FALSE,straight,,fine,,daylight,,1,0,0,1,1,0,0,0,0,0,0,0,0,0,0,0,1,0,0,0
-39.63653089,176.8368212,Hastings District,2018,minor_injury,20,FALSE,straight,,fine,,darkness_not_lit,,1,0,0,1,1,0,0,0,0,0,0,0,0,0,0,0,1,0,0,0
-40.22556344,175.5646269,Manawatu District,2018,minor_injury,50,FALSE,straight,,fine,,daylight,,1,0,0,1,1,0,0,0,0,0,0,0,0,0,0,0,1,0,0,0
-43.53681447,172.6396569,Christchurch City,2018,minor_injury,50,FALSE,straight,,fine,,darkness_not_lit,,1,0,0,1,1,0,0,0,0,0,0,0,0,0,0,0,1,0,0,0
-45.86717436,170.4560483,Dunedin City,2018,minor_injury,50,FALSE,straight,,fine,,dawn_dusk,,1,0,0,1,1,0,0,0,0,0,0,0,0,0,0,0,1,0,0,0
-43.53096473,172.5749912,Christchurch City,2018,minor_injury,10,FALSE,straight,,fine,,daylight,,1,0,0,1,1,0,0,0,0,0,0,0,0,0,0,0,1,0,0,0
-41.13434672,175.0371381,Upper Hutt City,2018,minor_injury,50,FALSE,straight,,fine,,darkness_not_lit,,1,0,0,1,1,0,0,0,0,0,0,0,0,0,0,0,1,0,0,0
-36.85230983,174.745058,Auckland,2018,minor_injury,40,FALSE,straight,,fine,,dawn_dusk,,1,0,0,1,1,0,0,0,0,0,0,0,0,0,0,0,1,0,0,0
-36.91366673,174.8404288,Auckland,2018,minor_injury,30,FALSE,straight,,rain,,daylight,,1,0,0,1,1,0,0,0,0,0,0,0,0,0,0,0,1,0,0,0
-43.54704065,172.6623982,Christchurch City,2018,minor_injury,50,FALSE,straight,,fine,,daylight,,1,0,0,1,1,0,0,0,0,0,0,0,0,0,0,0,1,0,0,0
-45.8813773,170.4808008,Dunedin City,2018,minor_injury,50,FALSE,straight,,fine,,daylight,,1,0,0,1,1,0,0,0,0,0,0,0,0,0,0,0,1,0,0,0
-39.92771514,175.0437699,Wanganui District,2018,minor_injury,50,FALSE,straight,,fine,,daylight,,1,0,0,1,1,0,0,0,0,0,0,0,0,0,0,0,1,0,0,0
-41.22252163,174.9146714,Hutt City,2018,minor_injury,50,FALSE,straight,,fine,,daylight,,1,0,0,1,1,0,0,0,0,0,0,0,0,0,0,0,1,0,0,0
-41.2918465,174.777891,Wellington City,2018,minor_injury,50,FALSE,straight,,fine,,daylight,,1,0,0,1,1,0,0,0,0,0,0,0,0,0,0,0,1,0,0,0
-36.29736119,174.5236674,Auckland,2018,minor_injury,50,FALSE,straight,,fine,,daylight,,1,0,0,1,1,0,0,0,0,0,0,0,0,0,0,0,1,0,0,0
-38.6715307,178.0301699,Gisborne District,2018,minor_injury,50,FALSE,straight,,fine,,daylight,,1,0,0,1,1,0,0,0,0,0,0,0,0,0,0,0,1,0,0,0
-37.39006626,175.8449844,Hauraki District,2018,minor_injury,50,FALSE,straight,,fine,,darkness_not_lit,,1,0,0,1,1,0,0,0,0,0,0,0,0,0,0,0,1,0,0,0
-36.8465823,174.7636456,Auckland,2018,minor_injury,10,FALSE,straight,,fine,,daylight,,1,0,0,1,1,0,0,0,0,0,0,0,0,0,0,0,1,0,0,0
-39.93466039,175.0550121,Wanganui District,2018,minor_injury,50,FALSE,straight,,fine,,daylight,,1,0,0,1,1,0,0,0,0,0,0,0,0,0,0,0,1,0,0,0
-41.20882147,174.9076283,Hutt City,2018,minor_injury,20,FALSE,straight,,fine,,daylight,,1,0,0,1,1,0,0,0,0,0,0,0,0,0,0,0,1,0,0,0
-38.14365923,176.2213285,Rotorua District,2018,minor_injury,50,TRUE,curved_view_open,,rain,,daylight,,1,0,0,1,1,0,0,0,0,0,0,0,0,0,0,0,1,0,0,0
-41.22289308,174.8235622,Wellington City,2018,minor_injury,50,TRUE,straight,,rain,,daylight,,1,0,0,1,1,0,0,0,0,0,0,0,0,0,0,0,1,0,0,0
-40.87306284,175.066793,Kapiti Coast District,2018,minor_injury,50,TRUE,straight,,rain,,darkness_not_lit,giveway_sign,1,0,0,1,1,0,0,0,0,0,0,0,0,0,0,0,1,0,0,0
-36.93404548,174.9150996,Auckland,2018,minor_injury,60,FALSE,straight,,rain,,daylight,,1,0,0,1,1,0,0,0,0,0,0,0,0,0,0,0,1,0,0,0
-36.58459153,174.6883792,Auckland,2018,minor_injury,50,FALSE,curved_view_open,,fine,,daylight,,1,0,0,1,1,0,0,0,0,0,0,0,0,0,0,0,1,0,0,0
-41.29028446,174.7740509,Wellington City,2018,minor_injury,30,FALSE,straight,,fine,,daylight,,1,0,0,1,1,0,0,0,0,0,0,0,0,0,0,0,1,0,0,0
-40.34019326,175.6404317,Palmerston North City,2018,minor_injury,50,TRUE,straight,,fine,,daylight,,1,0,0,1,1,0,0,0,0,0,0,0,0,0,0,0,1,0,0,0
-37.69428653,176.1589763,Tauranga City,2018,minor_injury,50,TRUE,straight,,fine,,daylight,giveway_sign,1,0,0,1,1,0,0,0,0,0,0,0,0,0,0,0,1,0,0,0
-41.12205691,174.8376578,Porirua City,2018,minor_injury,70,FALSE,straight,,fine,,daylight,,1,0,0,1,1,0,0,0,0,0,0,0,0,0,0,0,1,0,0,0
-41.12268998,175.0574796,Upper Hutt City,2018,minor_injury,50,FALSE,straight,,fine,,daylight,,1,0,0,1,1,0,0,0,0,0,0,0,0,0,0,0,1,0,0,0
-37.39214541,175.8409634,Hauraki District,2018,minor_injury,50,FALSE,straight,,fine,,darkness_not_lit,,1,0,0,1,1,0,0,0,0,0,0,0,0,0,0,0,1,0,0,0
-36.78147384,174.7208487,Auckland,2018,minor_injury,50,FALSE,straight,,fine,,daylight,,1,0,0,1,1,0,0,0,0,0,0,0,0,0,0,0,1,0,0,0
-36.87350883,174.8620704,Auckland,2018,minor_injury,20,FALSE,straight,,,,daylight,,1,0,0,1,1,0,0,0,0,0,0,0,0,0,0,0,1,0,0,0
-43.537904,172.6396628,Christchurch City,2018,minor_injury,50,TRUE,straight,,fine,,daylight,,1,0,0,1,1,0,0,0,0,0,0,0,0,0,0,0,1,0,0,0
-39.55144441,174.1295015,South Taranaki District,2018,minor_injury,50,FALSE,straight,,rain,,darkness_not_lit,,1,0,0,1,1,0,0,0,0,0,0,0,0,0,0,0,1,0,0,0
-45.87046496,170.5056593,Dunedin City,2018,minor_injury,30,TRUE,straight,,rain,,darkness_not_lit,,1,0,0,1,1,0,0,0,0,0,0,0,0,0,0,0,1,0,0,0
-36.85902008,174.7733872,Auckland,2018,minor_injury,50,FALSE,curved_view_open,,fine,,daylight,,1,0,0,1,1,0,0,0,0,0,0,0,0,0,0,0,1,0,0,0
-41.19758603,174.9374965,Hutt City,2018,minor_injury,50,FALSE,straight,,fine,,daylight,,1,0,0,1,1,0,0,0,0,0,0,0,0,0,0,0,1,0,0,0
-41.21052278,174.9066042,Hutt City,2018,minor_injury,50,FALSE,straight,,,,daylight,,1,0,0,1,1,0,0,0,0,0,0,0,0,0,0,0,1,0,0,0
-40.88432697,174.9959795,Kapiti Coast District,2018,minor_injury,50,FALSE,straight,,fine,,daylight,,1,0,0,1,1,0,0,0,0,0,0,0,0,0,0,0,1,0,0,0
-37.04907655,174.9324698,Auckland,2018,minor_injury,50,FALSE,straight,,fine,,daylight,,1,0,0,1,1,0,0,0,0,0,0,0,0,0,0,0,1,0,0,0
-39.48438664,176.9063555,Napier City,2018,minor_injury,50,FALSE,straight,,fine,,daylight,,1,0,0,1,1,0,0,0,0,0,0,0,0,0,0,0,1,0,0,0
-36.95959071,174.7884315,Auckland,2018,minor_injury,60,FALSE,straight,,fine,,daylight,,1,0,0,1,1,0,0,0,0,0,0,0,0,0,0,0,1,0,0,0
-36.88254718,174.8049664,Auckland,2018,minor_injury,50,FALSE,straight,,fine,,daylight,,1,0,0,1,1,0,0,0,0,0,0,0,0,0,0,0,1,0,0,0
-36.72925381,174.7086188,Auckland,2018,minor_injury,20,FALSE,straight,,fine,,daylight,,1,0,0,1,1,0,0,0,0,0,0,0,0,0,0,0,1,0,0,0
-36.40660791,174.6666655,Auckland,2018,minor_injury,50,FALSE,straight,,fine,,daylight,,1,0,0,1,1,0,0,0,0,0,0,0,0,0,0,0,1,0,0,0
-36.90182093,174.7505509,Auckland,2018,minor_injury,50,FALSE,straight,,fine,,daylight,,1,0,0,1,1,0,0,0,0,0,0,0,0,0,0,0,1,0,0,0
-43.50599247,172.5716532,Christchurch City,2018,minor_injury,50,FALSE,straight,,fine,,daylight,,1,0,0,1,1,0,0,0,0,0,0,0,0,0,0,0,1,0,0,0
-37.69065578,176.1312933,Tauranga City,2018,minor_injury,50,FALSE,straight,,fine,,daylight,,1,0,0,1,1,0,0,0,0,0,0,0,0,0,0,0,1,0,0,0
-36.87768626,174.7521651,Auckland,2018,minor_injury,20,FALSE,straight,,,,daylight,,1,0,0,1,1,0,0,0,0,0,0,0,0,0,0,0,1,0,0,0
-36.8689742,174.6058129,Auckland,2018,minor_injury,50,FALSE,curved_view_open,,fine,,daylight,,1,0,0,1,1,0,0,0,0,0,0,0,0,0,0,0,1,0,0,0
-37.69560483,176.1612206,Tauranga City,2018,minor_injury,50,FALSE,straight,,fine,,daylight,,1,0,0,1,1,0,0,0,0,0,0,0,0,0,0,0,1,0,0,0
-36.97962393,174.8341189,Auckland,2018,minor_injury,50,FALSE,straight,,fine,,dawn_dusk,,1,0,0,1,1,0,0,0,0,0,0,0,0,0,0,0,1,0,0,0
-45.02589461,168.7361776,Queenstown-Lakes District,2018,minor_injury,50,FALSE,straight,,fine,,dawn_dusk,,1,0,0,1,1,0,0,0,0,0,0,0,0,0,0,0,1,0,0,0
-36.73085948,174.707277,Auckland,2018,minor_injury,50,FALSE,curved_view_open,,fine,,daylight,,1,0,0,1,1,0,0,0,0,0,0,0,0,0,0,0,1,0,0,0
-39.53176893,176.8625248,Napier City,2018,minor_injury,50,FALSE,straight,,fine,,daylight,,1,0,0,1,1,0,0,0,0,0,0,0,0,0,0,0,1,0,0,0
-41.13007615,174.8386202,Porirua City,2018,minor_injury,50,FALSE,straight,,fine,,daylight,giveway_sign,1,0,0,1,1,0,0,0,0,0,0,0,0,0,0,0,1,0,0,0
-36.88182684,174.6401807,Auckland,2018,minor_injury,50,FALSE,straight,,rain,,daylight,,1,0,0,1,1,0,0,0,0,0,0,0,0,0,0,0,1,0,0,0
-39.92616083,175.0389261,Wanganui District,2018,minor_injury,50,FALSE,straight,,fine,,darkness_not_lit,,1,0,0,1,1,0,0,0,0,0,0,0,0,0,0,0,1,0,0,0
-36.91049053,174.7432849,Auckland,2018,minor_injury,50,FALSE,straight,,fine,,daylight,,1,0,0,1,1,0,0,0,0,0,0,0,0,0,0,0,1,0,0,0
-36.75823427,174.738992,Auckland,2018,minor_injury,50,FALSE,straight,,fine,,daylight,,1,0,0,1,1,0,0,0,0,0,0,0,0,0,0,0,1,0,0,0
-36.92057105,174.6490033,Auckland,2018,minor_injury,50,FALSE,curved_view_open,,fine,,daylight,,1,0,0,1,1,0,0,0,0,0,0,0,0,0,0,0,1,0,0,0
-36.98296451,174.873566,Auckland,2018,minor_injury,50,FALSE,straight,,fine,,daylight,,1,0,0,1,1,0,0,0,0,0,0,0,0,0,0,0,1,0,0,0
-36.89357072,174.9299324,Auckland,2018,minor_injury,50,FALSE,straight,,fine,,daylight,,1,0,0,1,1,0,0,0,0,0,0,0,0,0,0,0,1,0,0,0
-37.20174707,174.8938457,Auckland,2018,minor_injury,50,FALSE,straight,,fine,,daylight,stop_sign,1,0,0,1,1,0,0,0,0,0,0,0,0,0,0,0,1,0,0,0
-41.28747607,174.7756825,Wellington City,2018,minor_injury,30,FALSE,straight,,fine,,daylight,,1,0,0,1,1,0,0,0,0,0,0,0,0,0,0,0,1,0,0,0
-36.96030668,174.883175,Auckland,2018,minor_injury,50,FALSE,straight,,rain,,darkness_not_lit,,1,0,0,1,1,0,0,0,0,0,0,0,0,0,0,0,1,0,0,0
-37.68804452,176.1689717,Tauranga City,2018,minor_injury,50,FALSE,straight,,fine,,daylight,,1,0,0,1,1,0,0,0,0,0,0,0,0,0,0,0,1,0,0,0
-37.5448463,175.1643342,Waikato District,2018,minor_injury,50,FALSE,curved_view_open,,fine,,darkness_not_lit,,1,0,0,1,1,0,0,0,0,0,0,0,0,0,0,0,1,0,0,0
-37.64327085,176.1871448,Tauranga City,2018,minor_injury,50,FALSE,straight,,fine,,daylight,,1,0,0,1,1,0,0,0,0,0,0,0,0,0,0,0,1,0,0,0
-37.67148747,176.2200336,Tauranga City,2018,minor_injury,50,FALSE,straight,,fine,,daylight,,1,0,0,1,1,0,0,0,0,0,0,0,0,0,0,0,1,0,0,0
-36.87245947,174.7539305,Auckland,2018,minor_injury,50,TRUE,straight,,fine,,darkness_not_lit,stop_sign,1,0,0,1,1,0,0,0,0,0,0,0,0,0,0,0,1,0,0,0
-41.51109463,173.9351103,Marlborough District,2018,minor_injury,50,FALSE,straight,,fine,,daylight,,1,0,0,1,1,0,0,0,0,0,0,0,0,0,0,0,1,0,0,0
-45.89966975,170.4573741,Dunedin City,2018,minor_injury,100,FALSE,curved_view_open,,fine,,darkness_not_lit,,1,0,0,1,1,0,0,0,0,0,0,0,0,0,0,0,1,0,0,0
-36.78500101,174.7703909,Auckland,2018,minor_injury,50,FALSE,straight,,fine,,daylight,,1,0,0,1,1,0,0,0,0,0,0,0,0,0,0,0,1,0,0,0
-36.87403548,174.7527997,Auckland,2018,minor_injury,50,TRUE,straight,,fine,,daylight,stop_sign,1,0,0,1,1,0,0,0,0,0,0,0,0,0,0,0,1,0,0,0
-36.8698583,174.627618,Auckland,2018,minor_injury,50,FALSE,straight,,fine,,daylight,,1,0,0,1,1,0,0,0,0,0,0,0,0,0,0,0,1,0,0,0
-37.66667927,176.1279385,Tauranga City,2018,minor_injury,50,FALSE,straight,,fine,,daylight,,1,0,0,1,1,0,0,0,0,0,0,0,0,0,0,0,1,0,0,0
-39.49348721,176.9057031,Napier City,2018,minor_injury,50,TRUE,straight,,fine,,darkness_not_lit,stop_sign,1,0,0,1,1,0,0,0,0,0,0,0,0,0,0,0,1,0,0,0
-36.97012512,174.8624114,Auckland,2018,minor_injury,50,FALSE,straight,,fine,,darkness_not_lit,,1,0,0,1,1,0,0,0,0,0,0,0,0,0,0,0,1,0,0,0
-36.84318381,174.7667076,Auckland,2018,minor_injury,50,FALSE,straight,,fine,,darkness_not_lit,,1,0,0,1,1,0,0,0,0,0,0,0,0,0,0,0,1,0,0,0
-41.22037279,174.807459,Wellington City,2018,minor_injury,50,FALSE,curved_view_open,,rain,,darkness_not_lit,giveway_sign,1,0,0,1,1,0,0,0,0,0,0,0,0,0,0,0,1,0,0,0
-43.47227314,172.599475,Christchurch City,2018,minor_injury,50,FALSE,straight,,fine,,daylight,,1,0,0,1,1,0,0,0,0,0,0,0,0,0,0,0,1,0,0,0
-41.31886035,174.779557,Wellington City,2018,minor_injury,50,FALSE,straight,,fine,,daylight,,1,0,0,1,1,0,0,0,0,0,0,0,0,0,0,0,1,0,0,0
-36.8995829,174.6629168,Auckland,2018,minor_injury,50,FALSE,straight,,rain,,daylight,,1,0,0,1,1,0,0,0,0,0,0,0,0,0,0,0,1,0,0,0
-42.71650103,170.9728021,Westland District,2018,minor_injury,50,FALSE,straight,,fine,,daylight,,1,0,0,1,1,0,0,0,0,0,0,0,0,0,0,0,1,0,0,0
-36.91542545,174.7914292,Auckland,2018,minor_injury,50,FALSE,straight,,rain,,darkness_not_lit,,1,0,0,1,1,0,0,0,0,0,0,0,0,0,0,0,1,0,0,0
-36.7294246,174.7023629,Auckland,2018,minor_injury,20,FALSE,straight,,fine,,darkness_not_lit,,1,0,0,1,1,0,0,0,0,0,0,0,0,0,0,0,1,0,0,0
-38.07076582,176.2084615,Rotorua District,2018,minor_injury,50,FALSE,straight,,fine,,daylight,,1,0,0,1,1,0,0,0,0,0,0,0,0,0,0,0,1,0,0,0