latitude,longitude,local_government_area,year,severity,speed_limit,intersection,road_position_horizontal,road_wet,weather,crash_type,lighting,traffic_controls,casualties,fatalities,serious_injuries,minor_injuries,car_sedan,car_utility,car_van,car_4x4,car_station_wagon,motor_cycle,truck_small,truck_large,bus,taxi,bicycle,scooter,pedestrian,inanimate,train,tram
-36.8654743,174.5858725,Auckland,2018,minor_injury,50,FALSE,straight,,fine,,daylight,,1,0,0,1,1,0,0,0,0,0,0,0,0,0,0,0,1,0,0,0
-39.05979702,174.0699045,New Plymouth District,2018,minor_injury,50,FALSE,curved_view_open,,,,daylight,,1,0,0,1,1,0,0,0,0,0,0,0,0,0,0,0,1,0,0,0
-36.89682283,174.6980955,Auckland,2018,minor_injury,50,FALSE,straight,,fine,,daylight,,1,0,0,1,1,0,0,0,0,0,0,0,0,0,0,0,1,0,0,0
-39.49355611,176.9111472,Napier City,2018,minor_injury,50,FALSE,straight,,fine,,daylight,,1,0,0,1,1,0,0,0,0,0,0,0,0,0,0,0,1,0,0,0
-36.93110247,174.9114782,Auckland,2018,minor_injury,60,FALSE,straight,,fine,,daylight,,1,0,0,1,1,0,0,0,0,0,0,0,0,0,0,0,1,0,0,0
-37.77694961,175.2693955,Hamilton City,2018,minor_injury,10,FALSE,straight,,,,dawn_dusk,,1,0,0,1,1,0,0,0,0,0,0,0,0,0,0,0,1,0,0,0
-41.2922188,174.7840993,Wellington City,2018,minor_injury,50,FALSE,straight,,,,daylight,,1,0,0,1,1,0,0,0,0,0,0,0,0,0,0,0,1,0,0,0
-43.53295109,172.6366354,Christchurch City,2018,minor_injury,30,FALSE,straight,,fine,,daylight,,1,0,0,1,1,0,0,0,0,0,0,0,0,0,0,0,1,0,0,0
-43.56058414,172.6307365,Christchurch City,2018,minor_injury,50,TRUE,straight,,fine,,daylight,,1,0,0,1,1,0,0,0,0,0,0,0,0,0,0,0,1,0,0,0
-44.24415668,171.2769101,Timaru District,2018,minor_injury,20,FALSE,straight,,,,daylight,,1,0,0,1,1,0,0,0,0,0,0,0,0,0,0,0,1,0,0,0
-36.90932227,174.9423052,Auckland,2018,minor_injury,50,FALSE,straight,,fine,,daylight,,1,0,0,1,1,0,0,0,0,0,0,0,0,0,0,0,1,0,0,0
-43.90446039,171.7441924,Ashburton District,2018,minor_injury,10,FALSE,curved_view_open,,fine,,daylight,,1,0,0,1,1,0,0,0,0,0,0,0,0,0,0,0,1,0,0,0
-39.67719154,176.5707203,Hastings District,2018,minor_injury,100,FALSE,straight,,fine,,darkness_not_lit,,1,0,0,1,1,0,0,0,0,0,0,0,0,0,0,0,1,0,0,0
-40.752285,175.1371608,Kapiti Coast District,2018,minor_injury,50,FALSE,straight,,,,darkness_not_lit,,1,0,0,1,1,0,0,0,0,0,0,0,0,0,0,0,1,0,0,0
-37.76543592,175.2528107,Hamilton City,2018,minor_injury,10,FALSE,straight,,fine,,daylight,,1,0,0,1,1,0,0,0,0,0,0,0,0,0,0,0,1,0,0,0
-37.25712054,174.951597,Waikato District,2018,minor_injury,50,TRUE,straight,,fine,,daylight,,1,0,0,1,1,0,0,0,0,0,0,0,0,0,0,0,1,0,0,0
-36.8623818,174.6344927,Auckland,2018,minor_injury,50,FALSE,straight,,fine,,darkness_not_lit,,1,0,0,1,1,0,0,0,0,0,0,0,0,0,0,0,1,0,0,0
-36.91062704,174.6511014,Auckland,2018,minor_injury,50,FALSE,straight,,fine,,daylight,,1,0,0,1,1,0,0,0,0,0,0,0,0,0,0,0,1,0,0,0
-37.02298476,174.887644,Auckland,2018,minor_injury,50,FALSE,straight,,fine,,darkness_not_lit,,1,0,0,1,1,0,0,0,0,0,0,0,0,0,0,0,1,0,0,0
-37.19739796,174.8930272,Auckland,2018,minor_injury,50,FALSE,straight,,fine,,daylight,,1,0,0,1,1,0,0,0,0,0,0,0,0,0,0,0,1,0,0,0
-36.91129484,174.685059,Auckland,2018,minor_injury,50,FALSE,curved_view_open,,fine,,daylight,,1,0,0,1,1,0,0,0,0,0,0,0,0,0,0,0,1,0,0,0
-43.49330027,172.5824289,Christchurch City,2018,minor_injury,50,FALSE,straight,,fine,,daylight,,1,0,0,1,1,0,0,0,0,0,0,0,0,0,0,0,1,0,0,0
-36.9614241,174.8717912,Auckland,2018,minor_injury,20,FALSE,straight,,,,daylight,,1,0,0,1,1,0,0,0,0,0,0,0,0,0,0,0,1,0,0,0
-36.94018885,174.8516889,Auckland,2018,minor_injury,50,FALSE,straight,,fine,,daylight,,1,0,0,1,1,0,0,0,0,0,0,0,0,0,0,0,1,0,0,0
-40.35970019,175.5856143,Palmerston North City,2018,minor_injury,50,FALSE,straight,,fine,,daylight,,1,0,0,1,1,0,0,0,0,0,0,0,0,0,0,0,1,0,0,0
-35.7225524,174.3198323,Whangarei District,2018,minor_injury,50,FALSE,straight,,fine,,daylight,,1,0,0,1,1,0,0,0,0,0,0,0,0,0,0,0,1,0,0,0
-37.77187194,175.2831358,Hamilton City,2018,serious_injury,50,FALSE,straight,,fine,,daylight,,2,0,2,0,1,0,0,0,0,0,0,0,0,0,0,0,1,0,0,0
-45.87533133,170.5079929,Dunedin City,2018,serious_injury,50,TRUE,straight,,fine,,darkness_not_lit,traffic_lights,2,0,2,0,1,0,0,0,0,0,0,0,0,0,0,0,1,0,0,0
-37.1431598,175.5570882,Thames-Coromandel District,2018,serious_injury,50,FALSE,straight,,fine,,daylight,,2,0,2,0,1,0,0,0,0,0,0,0,0,0,0,0,1,0,0,0
-39.33968488,174.284881,Stratford District,2018,serious_injury,50,FALSE,straight,,mist,,daylight,,2,0,2,0,1,0,0,0,0,0,0,0,0,0,0,0,1,0,0,0
-40.89832032,174.9972787,Kapiti Coast District,2018,serious_injury,50,FALSE,straight,,,,daylight,,2,0,2,0,1,0,0,0,0,0,0,0,0,0,0,0,1,0,0,0
-41.12906637,174.8799652,Porirua City,2018,serious_injury,50,FALSE,straight,,fine,,daylight,,2,0,2,0,1,0,0,0,0,0,0,0,0,0,0,0,1,0,0,0
-38.21389022,175.860115,South Waikato District,2018,serious_injury,50,FALSE,straight,,rain,,daylight,,2,0,2,0,1,0,0,0,0,0,0,0,0,0,0,0,1,0,0,0
-43.31076386,172.5383397,Waimakariri District,2018,serious_injury,100,FALSE,straight,,fine,,darkness_not_lit,,2,0,2,0,1,0,0,0,0,0,0,0,0,0,0,0,1,0,0,0
-39.49437142,176.9107396,Napier City,2018,serious_injury,50,TRUE,straight,,fine,,daylight,traffic_lights,1,0,1,0,1,0,0,0,0,0,0,0,0,0,0,0,1,0,0,0
-36.90850932,174.8388009,Auckland,2018,serious_injury,50,TRUE,straight,,fine,,daylight,traffic_lights,1,0,1,0,1,0,0,0,0,0,0,0,0,0,0,0,1,0,0,0
-36.86726902,174.7762927,Auckland,2018,serious_injury,60,TRUE,straight,,fine,,darkness_not_lit,stop_sign,1,0,1,0,1,0,0,0,0,0,0,0,0,0,0,0,1,0,0,0
-36.88408851,174.7155418,Auckland,2018,serious_injury,50,TRUE,straight,,fine,,daylight,traffic_lights,1,0,1,0,1,0,0,0,0,0,0,0,0,0,0,0,1,0,0,0
-41.29548835,174.777118,Wellington City,2018,serious_injury,50,TRUE,straight,,fine,,daylight,traffic_lights,1,0,1,0,1,0,0,0,0,0,0,0,0,0,0,0,1,0,0,0
-41.29548835,174.777118,Wellington City,2018,serious_injury,50,TRUE,straight,,fine,,daylight,traffic_lights,1,0,1,0,1,0,0,0,0,0,0,0,0,0,0,0,1,0,0,0
-36.87054319,174.7773445,Auckland,2018,serious_injury,50,TRUE,straight,,fine,,daylight,,1,0,1,0,1,0,0,0,0,0,0,0,0,0,0,0,1,0,0,0
-36.86396077,174.7799291,Auckland,2018,serious_injury,50,TRUE,straight,,rain,,darkness_not_lit,stop_sign,1,0,1,0,1,0,0,0,0,0,0,0,0,0,0,0,1,0,0,0
-36.9220629,174.7129909,Auckland,2018,serious_injury,50,FALSE,straight,,fine,,daylight,giveway_sign,1,0,1,0,1,0,0,0,0,0,0,0,0,0,0,0,1,0,0,0
-36.9220629,174.7129909,Auckland,2018,serious_injury,50,FALSE,straight,,fine,,daylight,giveway_sign,1,0,1,0,1,0,0,0,0,0,0,0,0,0,0,0,1,0,0,0
-45.88118004,170.4763507,Dunedin City,2018,serious_injury,50,TRUE,straight,,rain,,darkness_not_lit,giveway_sign,1,0,1,0,1,0,0,0,0,0,0,0,0,0,0,0,1,0,0,0
-45.06913599,170.992999,Waitaki District,2018,serious_injury,50,TRUE,straight,,fine,,dawn_dusk,giveway_sign,1,0,1,0,1,0,0,0,0,0,0,0,0,0,0,0,1,0,0,0
-43.54245592,172.6056454,Christchurch City,2018,serious_injury,50,TRUE,straight,,fine,,daylight,giveway_sign,1,0,1,0,1,0,0,0,0,0,0,0,0,0,0,0,1,0,0,0
-45.87393309,170.3476162,Dunedin City,2018,serious_injury,50,TRUE,straight,,fine,,darkness_not_lit,traffic_lights,1,0,1,0,1,0,0,0,0,0,0,0,0,0,0,0,1,0,0,0
-45.87393309,170.3476162,Dunedin City,2018,serious_injury,50,TRUE,straight,,fine,,darkness_not_lit,traffic_lights,1,0,1,0,1,0,0,0,0,0,0,0,0,0,0,0,1,0,0,0
-45.87547063,170.5028323,Dunedin City,2018,serious_injury,50,TRUE,straight,,fine,,daylight,traffic_lights,1,0,1,0,1,0,0,0,0,0,0,0,0,0,0,0,1,0,0,0
-36.7888054,174.7520885,Auckland,2018,serious_injury,50,TRUE,curved_view_open,,fine,,daylight,traffic_lights,1,0,1,0,1,0,0,0,0,0,0,0,0,0,0,0,1,0,0,0
-37.02256394,174.8976377,Auckland,2018,serious_injury,50,FALSE,straight,,fine,,daylight,,1,0,1,0,1,0,0,0,0,0,0,0,0,0,0,0,1,0,0,0
-40.35648566,175.6127968,Palmerston North City,2018,serious_injury,50,FALSE,straight,,fine,,daylight,,1,0,1,0,1,0,0,0,0,0,0,0,0,0,0,0,1,0,0,0
-45.89678744,170.5013221,Dunedin City,2018,serious_injury,50,FALSE,straight,,fine,,daylight,,1,0,1,0,1,0,0,0,0,0,0,0,0,0,0,0,1,0,0,0
-36.92223305,174.8798917,Auckland,2018,serious_injury,60,TRUE,straight,,fine,,daylight,giveway_sign,1,0,1,0,1,0,0,0,0,0,0,0,0,0,0,0,1,0,0,0
-40.94864012,175.6657837,Masterton District,2018,serious_injury,50,FALSE,straight,,fine,,daylight,,1,0,1,0,1,0,0,0,0,0,0,0,0,0,0,0,1,0,0,0
-43.5074833,172.6679754,Christchurch City,2018,serious_injury,50,FALSE,curved_view_open,,fine,,daylight,,1,0,1,0,1,0,0,0,0,0,0,0,0,0,0,0,1,0,0,0
-41.18603687,174.9284878,Hutt City,2018,serious_injury,50,FALSE,curved_view_open,,fine,,daylight,,1,0,1,0,1,0,0,0,0,0,0,0,0,0,0,0,1,0,0,0
-36.85009825,174.7617749,Auckland,2018,serious_injury,30,TRUE,straight,,fine,,daylight,giveway_sign,1,0,1,0,1,0,0,0,0,0,0,0,0,0,0,0,1,0,0,0
-36.84366021,174.7686138,Auckland,2018,serious_injury,50,TRUE,straight,,fine,,daylight,traffic_lights,1,0,1,0,1,0,0,0,0,0,0,0,0,0,0,0,1,0,0,0
-36.85969563,174.7527637,Auckland,2018,serious_injury,40,TRUE,straight,,fine,,darkness_not_lit,traffic_lights,1,0,1,0,1,0,0,0,0,0,0,0,0,0,0,0,1,0,0,0
-36.85339909,174.7791906,Auckland,2018,serious_injury,50,TRUE,straight,,fine,,darkness_not_lit,stop_sign,1,0,1,0,1,0,0,0,0,0,0,0,0,0,0,0,1,0,0,0
-41.33340136,174.7734998,Wellington City,2018,serious_injury,30,TRUE,curved_view_open,,rain,,daylight,stop_sign,1,0,1,0,1,0,0,0,0,0,0,0,0,0,0,0,1,0,0,0
-36.93168468,174.9111447,Auckland,2018,serious_injury,80,TRUE,straight,,fine,,darkness_not_lit,traffic_lights,1,0,1,0,1,0,0,0,0,0,0,0,0,0,0,0,1,0,0,0
-43.53700353,172.6068567,Christchurch City,2018,serious_injury,60,TRUE,curved_view_open,,fine,,daylight,traffic_lights,1,0,1,0,1,0,0,0,0,0,0,0,0,0,0,0,1,0,0,0
-36.85315958,174.7589515,Auckland,2018,serious_injury,50,FALSE,straight,,fine,,daylight,,1,0,1,0,1,0,0,0,0,0,0,0,0,0,0,0,1,0,0,0
-41.13109036,175.0435061,Upper Hutt City,2018,serious_injury,50,FALSE,straight,,rain,,daylight,,1,0,1,0,1,0,0,0,0,0,0,0,0,0,0,0,1,0,0,0
-36.8671588,174.7564231,Auckland,2018,serious_injury,50,FALSE,straight,,rain,,daylight,,1,0,1,0,1,0,0,0,0,0,0,0,0,0,0,0,1,0,0,0
-36.92133086,174.8020411,Auckland,2018,serious_injury,50,FALSE,straight,,rain,,daylight,,1,0,1,0,1,0,0,0,0,0,0,0,0,0,0,0,1,0,0,0
-41.2086559,174.9062041,Hutt City,2018,serious_injury,50,TRUE,straight,,rain,,daylight,giveway_sign,1,0,1,0,1,0,0,0,0,0,0,0,0,0,0,0,1,0,0,0
-36.98670803,174.8819158,Auckland,2018,serious_injury,50,FALSE,straight,,fine,,daylight,,1,0,1,0,1,0,0,0,0,0,0,0,0,0,0,0,1,0,0,0
-36.89798715,174.8518019,Auckland,2018,serious_injury,50,FALSE,straight,,fine,,daylight,,1,0,1,0,1,0,0,0,0,0,0,0,0,0,0,0,1,0,0,0
-37.70703176,176.2868696,Tauranga City,2018,serious_injury,50,FALSE,straight,,fine,,daylight,,1,0,1,0,1,0,0,0,0,0,0,0,0,0,0,0,1,0,0,0
-36.88076619,174.8112412,Auckland,2018,serious_injury,50,FALSE,straight,,fine,,daylight,,1,0,1,0,1,0,0,0,0,0,0,0,0,0,0,0,1,0,0,0
-37.02477269,174.8749298,Auckland,2018,serious_injury,50,FALSE,straight,,fine,,darkness_not_lit,,1,0,1,0,1,0,0,0,0,0,0,0,0,0,0,0,1,0,0,0
-36.89838114,174.9083385,Auckland,2018,serious_injury,60,FALSE,straight,,fine,,daylight,,1,0,1,0,1,0,0,0,0,0,0,0,0,0,0,0,1,0,0,0
-43.15240712,172.7298129,Hurunui District,2018,serious_injury,50,FALSE,straight,,rain,,daylight,,1,0,1,0,1,0,0,0,0,0,0,0,0,0,0,0,1,0,0,0
-40.62234045,175.286116,Horowhenua District,2018,serious_injury,50,FALSE,straight,,fine,,daylight,,1,0,1,0,1,0,0,0,0,0,0,0,0,0,0,0,1,0,0,0
-36.77118771,174.7215823,Auckland,2018,serious_injury,50,FALSE,straight,,fine,,daylight,,1,0,1,0,1,0,0,0,0,0,0,0,0,0,0,0,1,0,0,0
-40.94954352,175.659821,Masterton District,2018,serious_injury,50,TRUE,straight,,rain,,darkness_not_lit,giveway_sign,1,0,1,0,1,0,0,0,0,0,0,0,0,0,0,0,1,0,0,0
-37.19231496,174.8924496,Auckland,2018,serious_injury,50,FALSE,straight,,fine,,daylight,,1,0,1,0,1,0,0,0,0,0,0,0,0,0,0,0,1,0,0,0
-40.04522674,176.3816355,Central Hawkes Bay District,2018,serious_injury,10,FALSE,straight,,fine,,daylight,,1,0,1,0,1,0,0,0,0,0,0,0,0,0,0,0,1,0,0,0
-36.87812624,174.6548444,Auckland,2018,serious_injury,50,FALSE,straight,,fine,,daylight,,1,0,1,0,1,0,0,0,0,0,0,0,0,0,0,0,1,0,0,0
-45.42061119,167.7240704,Southland District,2018,serious_injury,50,FALSE,curved_view_open,,fine,,darkness_not_lit,,1,0,1,0,1,0,0,0,0,0,0,0,0,0,0,0,1,0,0,0
-36.84649728,174.8289032,Auckland,2018,serious_injury,50,FALSE,curved_view_open,,fine,,daylight,,1,0,1,0,1,0,0,0,0,0,0,0,0,0,0,0,1,0,0,0
-37.26594546,174.9388905,Waikato District,2018,serious_injury,50,FALSE,straight,,rain,,daylight,,1,0,1,0,1,0,0,0,0,0,0,0,0,0,0,0,1,0,0,0
-36.6127069,174.6838488,Auckland,2018,serious_injury,50,FALSE,straight,,fine,,daylight,,1,0,1,0,1,0,0,0,0,0,0,0,0,0,0,0,1,0,0,0
-46.44387211,168.3672361,Invercargill City,2018,serious_injury,50,FALSE,straight,,rain,,daylight,,1,0,1,0,1,0,0,0,0,0,0,0,0,0,0,0,1,0,0,0
-41.21350351,174.9039235,Hutt City,2018,serious_injury,50,TRUE,straight,,fine,,daylight,giveway_sign,1,0,1,0,1,0,0,0,0,0,0,0,0,0,0,0,1,0,0,0
-43.38362284,172.6394791,Waimakariri District,2018,serious_injury,50,TRUE,straight,,fine,,daylight,,1,0,1,0,1,0,0,0,0,0,0,0,0,0,0,0,1,0,0,0
-39.07993588,174.0855617,New Plymouth District,2018,serious_injury,50,FALSE,straight,,fine,,daylight,,1,0,1,0,1,0,0,0,0,0,0,0,0,0,0,0,1,0,0,0
-39.67706205,176.9109102,Hastings District,2018,serious_injury,80,FALSE,straight,,fine,,daylight,,1,0,1,0,1,0,0,0,0,0,0,0,0,0,0,0,1,0,0,0
-37.03346287,174.8605173,Auckland,2018,serious_injury,50,FALSE,straight,,fine,,daylight,,1,0,1,0,1,0,0,0,0,0,0,0,0,0,0,0,1,0,0,0
-41.33798307,174.7637287,Wellington City,2018,serious_injury,50,FALSE,curved_view_open,,fine,,darkness_not_lit,,1,0,1,0,1,0,0,0,0,0,0,0,0,0,0,0,1,0,0,0
-36.92456744,174.7348039,Auckland,2018,serious_injury,50,TRUE,straight,,fine,,darkness_not_lit,,1,0,1,0,1,0,0,0,0,0,0,0,0,0,0,0,1,0,0,0
-36.86454894,174.7634528,Auckland,2018,serious_injury,10,TRUE,straight,,fine,,darkness_not_lit,,1,0,1,0,1,0,0,0,0,0,0,0,0,0,0,0,1,0,0,0
-37.56331709,175.1457815,Waikato District,2018,serious_injury,50,FALSE,straight,,fine,,daylight,,1,0,1,0,1,0,0,0,0,0,0,0,0,0,0,0,1,0,0,0
-39.63684545,176.8373861,Hastings District,2018,serious_injury,50,FALSE,curved_view_open,,fine,,daylight,,1,0,1,0,1,0,0,0,0,0,0,0,0,0,0,0,1,0,0,0
-36.96279635,174.9011398,Auckland,2018,serious_injury,50,FALSE,straight,,fine,,daylight,,1,0,1,0,1,0,0,0,0,0,0,0,0,0,0,0,1,0,0,0
-45.86270473,170.5192246,Dunedin City,2018,serious_injury,50,FALSE,straight,,fine,,darkness_not_lit,,1,0,1,0,1,0,0,0,0,0,0,0,0,0,0,0,1,0,0,0
-36.87299694,174.9057209,Auckland,2018,serious_injury,50,FALSE,straight,,fine,,darkness_not_lit,,1,0,1,0,1,0,0,0,0,0,0,0,0,0,0,0,1,0,0,0
-37.8713597,175.4909228,Waipa District,2018,serious_injury,10,FALSE,curved_view_open,,,,daylight,,1,0,1,0,1,0,0,0,0,0,0,0,0,0,0,0,1,0,0,0
-44.39676712,170.9977966,Waimate District,2018,serious_injury,100,TRUE,straight,,fine,,darkness_not_lit,,1,0,1,0,1,0,0,0,0,0,0,0,0,0,0,0,1,0,0,0
-38.65357135,177.996965,Gisborne District,2018,serious_injury,50,FALSE,straight,,,,daylight,,1,0,1,0,1,0,0,0,0,0,0,0,0,0,0,0,1,0,0,0
-43.53763823,172.5952181,Christchurch City,2018,serious_injury,60,FALSE,straight,,fine,,dawn_dusk,,1,0,1,0,1,0,0,0,0,0,0,0,0,0,0,0,1,0,0,0
-39.07527875,174.033839,New Plymouth District,2018,serious_injury,50,FALSE,straight,,fine,,daylight,,1,0,1,0,1,0,0,0,0,0,0,0,0,0,0,0,1,0,0,0
-36.96644181,174.9025671,Auckland,2018,serious_injury,50,TRUE,straight,,fine,,daylight,giveway_sign,1,0,1,0,1,0,0,0,0,0,0,0,0,0,0,0,1,0,0,0
-36.9216658,174.7458294,Auckland,2018,serious_injury,50,FALSE,straight,,fine,,daylight,,1,0,1,0,1,0,0,0,0,0,0,0,0,0,0,0,1,0,0,0
-35.29808105,174.0992795,Far North District,2018,serious_injury,100,FALSE,straight,,fine,,daylight,,1,0,1,0,1,0,0,0,0,0,0,0,0,0,0,0,1,0,0,0
-45.87828872,170.3499088,Dunedin City,2018,serious_injury,50,FALSE,straight,,fine,,darkness_not_lit,,1,0,1,0,1,0,0,0,0,0,0,0,0,0,0,0,1,0,0,0
-36.91413591,174.6522098,Auckland,2018,serious_injury,50,FALSE,straight,,fine,,daylight,,1,0,1,0,1,0,0,0,0,0,0,0,0,0,0,0,1,0,0,0
-41.1653295,174.8239912,Wellington City,2018,serious_injury,50,FALSE,straight,,fine,,daylight,,1,0,1,0,1,0,0,0,0,0,0,0,0,0,0,0,1,0,0,0
-36.91949871,174.6450848,Auckland,2018,serious_injury,50,FALSE,straight,,fine,,daylight,,1,0,1,0,1,0,0,0,0,0,0,0,0,0,0,0,1,0,0,0
-34.99191452,173.4478038,Far North District,2018,serious_injury,100,FALSE,straight,,fine,,daylight,,1,0,1,0,1,0,0,0,0,0,0,0,0,0,0,0,1,0,0,0
-36.97332382,174.8653426,Auckland,2018,serious_injury,50,FALSE,straight,,fine,,darkness_not_lit,,1,0,1,0,1,0,0,0,0,0,0,0,0,0,0,0,1,0,0,0
-40.95207352,175.6567387,Masterton District,2018,serious_injury,50,FALSE,straight,,rain,,daylight,,1,0,1,0,1,0,0,0,0,0,0,0,0,0,0,0,1,0,0,0
-38.66021829,178.0046974,Gisborne District,2018,serious_injury,50,FALSE,straight,,fine,,daylight,,1,0,1,0,1,0,0,0,0,0,0,0,0,0,0,0,1,0,0,0
-37.78680717,175.3042498,Hamilton City,2018,serious_injury,60,FALSE,straight,,rain,,daylight,traffic_lights,1,0,1,0,1,0,0,0,0,0,0,0,0,0,0,0,1,0,0,0
-40.7703231,175.1451558,Kapiti Coast District,2018,serious_injury,70,FALSE,straight,,fine,,darkness_not_lit,,1,0,1,0,1,0,0,0,0,0,0,0,0,0,0,0,1,0,0,0
-36.84407974,174.7634311,Auckland,2018,serious_injury,50,FALSE,straight,,fine,,darkness_not_lit,,1,0,1,0,1,0,0,0,0,0,0,0,0,0,0,0,1,0,0,0
-35.40568426,173.8037557,Far North District,2018,serious_injury,50,FALSE,straight,,fine,,daylight,,1,0,1,0,1,0,0,0,0,0,0,0,0,0,0,0,1,0,0,0
-36.79677174,175.0545461,Auckland,2018,serious_injury,10,FALSE,straight,,fine,,daylight,,1,0,1,0,1,0,0,0,0,0,0,0,0,0,0,0,1,0,0,0
-37.39214541,175.8409634,Hauraki District,2018,serious_injury,50,FALSE,straight,,fine,,daylight,,1,0,1,0,1,0,0,0,0,0,0,0,0,0,0,0,1,0,0,0
-43.55794246,172.6438397,Christchurch City,2018,serious_injury,50,FALSE,straight,,fine,,daylight,,1,0,1,0,1,0,0,0,0,0,0,0,0,0,0,0,1,0,0,0
-37.41164362,175.9426109,Western Bay Of Plenty District,2018,serious_injury,50,FALSE,straight,,fine,,darkness_not_lit,,1,0,1,0,1,0,0,0,0,0,0,0,0,0,0,0,1,0,0,0
-45.85584684,170.5167731,Dunedin City,2018,serious_injury,50,FALSE,curved_view_open,,mist,,darkness_not_lit,stop_sign,1,0,1,0,1,0,0,0,0,0,0,0,0,0,0,0,1,0,0,0
-46.05123194,170.202123,Clutha District,2018,serious_injury,100,FALSE,straight,,fine,,dawn_dusk,,1,0,1,0,1,0,0,0,0,0,0,0,0,0,0,0,1,0,0,0
-36.86269558,174.7789462,Auckland,2018,serious_injury,30,FALSE,straight,,fine,,daylight,,1,0,1,0,1,0,0,0,0,0,0,0,0,0,0,0,1,0,0,0
-37.64524483,176.1897787,Tauranga City,2018,serious_injury,50,FALSE,straight,,fine,,daylight,,1,0,1,0,1,0,0,0,0,0,0,0,0,0,0,0,1,0,0,0
-41.21663546,174.8909644,Hutt City,2018,serious_injury,50,FALSE,straight,,fine,,darkness_not_lit,traffic_lights,1,0,1,0,1,0,0,0,0,0,0,0,0,0,0,0,1,0,0,0
-41.12285249,174.8804429,Porirua City,2018,serious_injury,50,FALSE,straight,,fine,,daylight,,1,0,1,0,1,0,0,0,0,0,0,0,0,0,0,0,1,0,0,0
-43.49972851,172.5998255,Christchurch City,2018,serious_injury,50,TRUE,straight,,fine,,daylight,,1,0,1,0,1,0,0,0,0,0,0,0,0,0,0,0,1,0,0,0
-36.78834216,174.6995417,Auckland,2018,serious_injury,50,FALSE,straight,,fine,,daylight,giveway_sign,1,0,1,0,1,0,0,0,0,0,0,0,0,0,0,0,1,0,0,0
-36.90276967,174.690023,Auckland,2018,serious_injury,50,FALSE,curved_view_open,,fine,,daylight,,1,0,1,0,1,0,0,0,0,0,0,0,0,0,0,0,1,0,0,0
-37.00201709,174.8529742,Auckland,2018,serious_injury,60,FALSE,straight,,rain,,darkness_not_lit,,1,0,1,0,1,0,0,0,0,0,0,0,0,0,0,0,1,0,0,0
-43.48596245,172.6708881,Christchurch City,2018,serious_injury,70,FALSE,curved_view_open,,fine,,daylight,,1,0,1,0,1,0,0,0,0,0,0,0,0,0,0,0,1,0,0,0
-45.07936692,170.9835691,Waitaki District,2018,serious_injury,50,FALSE,straight,,fine,,darkness_not_lit,,1,0,1,0,1,0,0,0,0,0,0,0,0,0,0,0,1,0,0,0
-41.02315507,175.528322,Carterton District,2018,serious_injury,50,FALSE,straight,,fine,,darkness_not_lit,,1,0,1,0,1,0,0,0,0,0,0,0,0,0,0,0,1,0,0,0
-36.91322828,174.8742267,Auckland,2018,serious_injury,50,FALSE,straight,,fine,,dawn_dusk,,1,0,1,0,1,0,0,0,0,0,0,0,0,0,0,0,1,0,0,0
-37.05891946,174.9340802,Auckland,2018,serious_injury,50,FALSE,straight,,rain,,daylight,,1,0,1,0,1,0,0,0,0,0,0,0,0,0,0,0,1,0,0,0
-40.61623741,175.2881774,Horowhenua District,2018,serious_injury,50,FALSE,straight,,fine,,daylight,,1,0,1,0,1,0,0,0,0,0,0,0,0,0,0,0,1,0,0,0
-41.1196001,173.0106135,Tasman District,2018,serious_injury,10,FALSE,straight,,,,daylight,,1,0,1,0,1,0,0,0,0,0,0,0,0,0,0,0,1,0,0,0
-36.84830724,174.7628105,Auckland,2018,serious_injury,50,FALSE,straight,,fine,,daylight,traffic_lights,1,0,1,0,1,0,0,0,0,0,0,0,0,0,0,0,1,0,0,0
-37.69651198,176.0727922,Western Bay Of Plenty District,2018,serious_injury,50,FALSE,straight,,fine,,darkness_not_lit,,1,0,1,0,1,0,0,0,0,0,0,0,0,0,0,0,1,0,0,0
-36.90967782,174.7347696,Auckland,2018,serious_injury,100,FALSE,straight,,rain,,darkness_not_lit,,1,0,1,0,1,0,0,0,0,0,0,0,0,0,0,0,1,0,0,0
-37.02395472,174.8730774,Auckland,2018,serious_injury,50,FALSE,straight,,fine,,daylight,,1,0,1,0,1,0,0,0,0,0,0,0,0,0,0,0,1,0,0,0
-43.53800117,172.5761053,Christchurch City,2018,serious_injury,50,FALSE,straight,,fine,,daylight,,1,0,1,0,1,0,0,0,0,0,0,0,0,0,0,0,1,0,0,0
-39.50811423,176.9016747,Napier City,2018,serious_injury,50,FALSE,straight,,fine,,daylight,,1,0,1,0,1,0,0,0,0,0,0,0,0,0,0,0,1,0,0,0
-40.35534385,175.616285,Palmerston North City,2018,minor_injury,50,TRUE,straight,,fine,,daylight,traffic_lights,2,0,0,2,1,0,0,0,0,0,0,0,0,0,0,0,1,0,0,0
-36.88302433,174.7853197,Auckland,2018,minor_injury,50,FALSE,straight,,fine,,daylight,,2,0,0,2,1,0,0,0,0,0,0,0,0,0,0,0,1,0,0,0
-36.89629914,174.8086794,Auckland,2018,minor_injury,50,TRUE,curved_view_open,,fine,,darkness_not_lit,giveway_sign,2,0,0,2,1,0,0,0,0,0,0,0,0,0,0,0,1,0,0,0
-39.59333979,174.2783518,South Taranaki District,2018,minor_injury,50,TRUE,straight,,fine,,daylight,stop_sign,2,0,0,2,1,0,0,0,0,0,0,0,0,0,0,0,1,0,0,0
-38.88426919,175.2629898,Ruapehu District,2018,minor_injury,50,TRUE,straight,,fine,,daylight,giveway_sign,2,0,0,2,1,0,0,0,0,0,0,0,0,0,0,0,1,0,0,0
-43.3204008,172.66574,Waimakariri District,2018,minor_injury,50,TRUE,curved_view_open,,fine,,daylight,giveway_sign,2,0,0,2,1,0,0,0,0,0,0,0,0,0,0,0,1,0,0,0