latitude,longitude,local_government_area,year,severity,speed_limit,intersection,road_position_horizontal,road_wet,weather,crash_type,lighting,traffic_controls,casualties,fatalities,serious_injuries,minor_injuries,car_sedan,car_utility,car_van,car_4x4,car_station_wagon,motor_cycle,truck_small,truck_large,bus,taxi,bicycle,scooter,pedestrian,inanimate,train,tram
-36.97886199,174.8489523,Auckland,2018,minor_injury,50,FALSE,straight,,fine,,daylight,,2,0,0,2,1,0,0,0,0,0,0,0,0,0,0,0,1,0,0,0
-36.7820053,174.7208718,Auckland,2018,minor_injury,50,TRUE,curved_view_open,,fine,,daylight,giveway_sign,2,0,0,2,1,0,0,0,0,0,0,0,0,0,0,0,1,0,0,0
-36.96440828,174.8371234,Auckland,2018,minor_injury,50,FALSE,straight,,fine,,daylight,,2,0,0,2,1,0,0,0,0,0,0,0,0,0,0,0,1,0,0,0
-36.85186706,174.7640587,Auckland,2018,minor_injury,30,FALSE,straight,,fine,,daylight,,2,0,0,2,1,0,0,0,0,0,0,0,0,0,0,0,1,0,0,0
-41.2213813,174.8844325,Hutt City,2018,minor_injury,10,FALSE,straight,,fine,,daylight,,2,0,0,2,1,0,0,0,0,0,0,0,0,0,0,0,1,0,0,0
-35.0969628,173.2688054,Far North District,2018,minor_injury,50,FALSE,straight,,fine,,daylight,,2,0,0,2,1,0,0,0,0,0,0,0,0,0,0,0,1,0,0,0
-36.35907983,174.4677963,Auckland,2018,minor_injury,100,FALSE,curved_view_open,,rain,,daylight,,2,0,0,2,1,0,0,0,0,0,0,0,0,0,0,0,1,0,0,0
-36.80177566,174.7330382,Auckland,2018,minor_injury,50,FALSE,straight,,fine,,darkness_not_lit,,2,0,0,2,1,0,0,0,0,0,0,0,0,0,0,0,1,0,0,0
-37.78777781,175.3195295,Hamilton City,2018,minor_injury,50,FALSE,straight,,fine,,daylight,,2,0,0,2,1,0,0,0,0,0,0,0,0,0,0,0,1,0,0,0
-38.12997045,176.2511907,Rotorua District,2018,minor_injury,20,FALSE,straight,,fine,,daylight,,2,0,0,2,1,0,0,0,0,0,0,0,0,0,0,0,1,0,0,0
-41.27174831,173.2865374,Nelson City,2018,minor_injury,50,FALSE,straight,,fine,,daylight,,2,0,0,2,1,0,0,0,0,0,0,0,0,0,0,0,1,0,0,0
-38.67517506,178.0444044,Gisborne District,2018,minor_injury,50,FALSE,straight,,fine,,darkness_not_lit,,2,0,0,2,1,0,0,0,0,0,0,0,0,0,0,0,1,0,0,0
-37.13588849,175.5385974,Thames-Coromandel District,2018,minor_injury,50,TRUE,straight,,fine,,daylight,giveway_sign,2,0,0,2,1,0,0,0,0,0,0,0,0,0,0,0,1,0,0,0
-43.54433274,172.5195902,Christchurch City,2018,minor_injury,50,FALSE,straight,,fine,,daylight,,2,0,0,2,1,0,0,0,0,0,0,0,0,0,0,0,1,0,0,0
-43.51965851,172.7045959,Christchurch City,2018,minor_injury,50,FALSE,straight,,fine,,darkness_not_lit,,2,0,0,2,1,0,0,0,0,0,0,0,0,0,0,0,1,0,0,0
-37.03381069,174.8960402,Auckland,2018,minor_injury,50,TRUE,curved_view_open,,fine,,daylight,,2,0,0,2,1,0,0,0,0,0,0,0,0,0,0,0,1,0,0,0
-41.1537818,174.8223005,Porirua City,2018,minor_injury,50,FALSE,straight,,fine,,daylight,,2,0,0,2,1,0,0,0,0,0,0,0,0,0,0,0,1,0,0,0
-43.52983413,172.6506013,Christchurch City,2018,serious_injury,50,TRUE,straight,,fine,,daylight,traffic_lights,2,0,1,1,1,0,0,0,0,0,0,0,0,0,0,0,1,0,0,0
-35.72408594,174.3213944,Whangarei District,2018,serious_injury,50,TRUE,straight,,fine,,daylight,traffic_lights,2,0,1,1,1,0,0,0,0,0,0,0,0,0,0,0,1,0,0,0
-43.52985283,172.5986982,Christchurch City,2018,serious_injury,50,TRUE,straight,,fine,,daylight,traffic_lights,2,0,1,1,1,0,0,0,0,0,0,0,0,0,0,0,1,0,0,0
-36.85010453,174.7607432,Auckland,2018,serious_injury,50,FALSE,straight,,fine,,daylight,,2,0,1,1,1,0,0,0,0,0,0,0,0,0,0,0,1,0,0,0
-37.24963842,174.7315649,Auckland,2018,serious_injury,50,TRUE,curved_view_open,,fine,,daylight,,2,0,1,1,1,0,0,0,0,0,0,0,0,0,0,0,1,0,0,0
-43.53791338,172.591565,Christchurch City,2018,serious_injury,60,FALSE,straight,,fine,,daylight,,2,0,1,1,1,0,0,0,0,0,0,0,0,0,0,0,1,0,0,0
-36.91905746,174.7848687,Auckland,2018,serious_injury,50,FALSE,straight,,rain,,darkness_not_lit,,2,0,1,1,1,0,0,0,0,0,0,0,0,0,0,0,1,0,0,0
-39.49255969,176.9166593,Napier City,2018,serious_injury,50,TRUE,straight,,fine,,daylight,giveway_sign,2,0,1,1,1,0,0,0,0,0,0,0,0,0,0,0,1,0,0,0
-43.55720692,172.6088797,Christchurch City,2018,serious_injury,50,FALSE,straight,,fine,,daylight,,2,0,1,1,1,0,0,0,0,0,0,0,0,0,0,0,1,0,0,0
-43.52138165,172.6727497,Christchurch City,2018,fatality,50,TRUE,straight,,fine,,darkness_not_lit,,1,1,0,0,1,0,0,0,0,0,0,0,0,0,0,0,1,0,0,0
-37.7798303,175.2379996,Hamilton City,2018,fatality,50,TRUE,straight,,fine,,darkness_not_lit,giveway_sign,1,1,0,0,1,0,0,0,0,0,0,0,0,0,0,0,1,0,0,0
-39.92948421,175.0532658,Wanganui District,2018,fatality,50,TRUE,straight,,fine,,daylight,stop_sign,1,1,0,0,1,0,0,0,0,0,0,0,0,0,0,0,1,0,0,0
-37.69527094,176.1612404,Tauranga City,2018,fatality,50,TRUE,straight,,fine,,daylight,giveway_sign,1,1,0,0,1,0,0,0,0,0,0,0,0,0,0,0,1,0,0,0
-37.68875228,176.1687865,Tauranga City,2018,fatality,50,FALSE,straight,,fine,,daylight,,1,1,0,0,1,0,0,0,0,0,0,0,0,0,0,0,1,0,0,0
-36.71031256,174.7251039,Auckland,2018,fatality,50,FALSE,straight,,fine,,daylight,,1,1,0,0,1,0,0,0,0,0,0,0,0,0,0,0,1,0,0,0
-36.76130624,174.7489421,Auckland,2018,fatality,50,FALSE,straight,,fine,,darkness_not_lit,,1,1,0,0,1,0,0,0,0,0,0,0,0,0,0,0,1,0,0,0
-37.66427617,176.2211498,Tauranga City,2018,fatality,50,FALSE,straight,,rain,,darkness_not_lit,,1,1,0,0,1,0,0,0,0,0,0,0,0,0,0,0,1,0,0,0
-36.90434432,174.6876784,Auckland,2018,fatality,50,FALSE,straight,,fine,,darkness_not_lit,stop_sign,1,1,0,0,1,0,0,0,0,0,0,0,0,0,0,0,1,0,0,0
-36.88267756,174.6457979,Auckland,2018,fatality,50,TRUE,straight,,fine,,darkness_not_lit,giveway_sign,1,1,0,0,1,0,0,0,0,0,0,0,0,0,0,0,1,0,0,0
-37.80948177,175.2777515,Hamilton City,2018,fatality,50,FALSE,straight,,,,daylight,,1,1,0,0,1,0,0,0,0,0,0,0,0,0,0,0,1,0,0,0
-37.02734429,174.9353587,Auckland,2018,fatality,60,FALSE,straight,,fine,,darkness_not_lit,,1,1,0,0,1,0,0,0,0,0,0,0,0,0,0,0,1,0,0,0
-38.68448953,176.09458,Taupo District,2018,fatality,50,FALSE,straight,,fine,,darkness_not_lit,,1,1,0,0,1,0,0,0,0,0,0,0,0,0,0,0,1,0,0,0
-40.34805105,175.6197115,Palmerston North City,2018,fatality,50,TRUE,straight,,fine,,daylight,,1,1,0,0,1,0,0,0,0,0,0,0,0,0,0,0,1,0,0,0
-36.91327363,174.6661886,Auckland,2018,serious_injury,10,FALSE,straight,,,,darkness_not_lit,,3,0,1,2,1,0,0,0,0,0,0,0,0,0,0,0,1,0,0,0
-36.96403179,174.8141335,Auckland,2018,serious_injury,40,FALSE,straight,,mist,,daylight,,3,0,1,2,1,0,0,0,0,0,0,0,0,0,0,0,1,0,0,0
-36.89332009,174.9063833,Auckland,2018,fatality,50,FALSE,straight,,fine,,darkness_not_lit,,2,1,0,1,1,0,0,0,0,0,0,0,0,0,0,0,1,0,0,0
-37.69789189,175.2115461,Waikato District,2018,fatality,100,FALSE,straight,,fine,,darkness_not_lit,,2,1,0,1,1,0,0,0,0,0,0,0,0,0,0,0,1,0,0,0
-45.03330093,168.656954,Queenstown-Lakes District,2018,serious_injury,50,FALSE,straight,,,,daylight,,4,0,3,1,1,0,0,0,0,0,0,0,0,0,0,0,1,0,0,0
-41.29117995,174.7796403,Wellington City,2018,property_damage,50,TRUE,straight,,fine,,daylight,traffic_lights,0,0,0,0,0,0,0,0,0,0,0,0,0,0,1,0,0,0,0,0
-41.29117995,174.7796403,Wellington City,2018,property_damage,50,TRUE,straight,,fine,,daylight,traffic_lights,0,0,0,0,0,0,0,0,0,0,0,0,0,0,1,0,0,0,0,0
-36.88516199,174.7384224,Auckland,2018,property_damage,50,TRUE,straight,,rain,,daylight,traffic_lights,0,0,0,0,0,0,0,0,0,0,0,0,0,0,1,0,0,0,0,0
-36.88516199,174.7384224,Auckland,2018,property_damage,50,TRUE,straight,,rain,,daylight,traffic_lights,0,0,0,0,0,0,0,0,0,0,0,0,0,0,1,0,0,0,0,0
-37.7832192,175.2793179,Hamilton City,2018,property_damage,50,TRUE,straight,,fine,,daylight,traffic_lights,0,0,0,0,0,0,0,0,0,0,0,0,0,0,1,0,0,0,0,0
-37.03034085,174.8971568,Auckland,2018,property_damage,50,TRUE,straight,,fine,,daylight,traffic_lights,0,0,0,0,0,0,0,0,0,0,0,0,0,0,1,0,0,0,0,0
-37.03034085,174.8971568,Auckland,2018,property_damage,50,TRUE,straight,,fine,,daylight,traffic_lights,0,0,0,0,0,0,0,0,0,0,0,0,0,0,1,0,0,0,0,0
-43.54326906,172.5257754,Christchurch City,2018,property_damage,50,TRUE,straight,,fine,,daylight,traffic_lights,0,0,0,0,0,0,0,0,0,0,0,0,0,0,1,0,0,0,0,0
-35.73927042,174.3096472,Whangarei District,2018,property_damage,50,TRUE,straight,,fine,,daylight,,0,0,0,0,0,0,0,0,0,0,0,0,0,0,1,0,0,0,0,0
-43.52366206,172.6864357,Christchurch City,2018,property_damage,60,TRUE,straight,,fine,,daylight,giveway_sign,0,0,0,0,0,0,0,0,0,0,0,0,0,0,1,0,0,0,0,0
-43.5476721,172.6279558,Christchurch City,2018,property_damage,50,TRUE,straight,,rain,,darkness_not_lit,traffic_lights,0,0,0,0,0,0,0,0,0,0,0,0,0,0,1,0,0,0,0,0
-46.42224754,168.3600521,Invercargill City,2018,property_damage,50,TRUE,straight,,fine,,daylight,giveway_sign,0,0,0,0,0,0,0,0,0,0,0,0,0,0,1,0,0,0,0,0
-43.52550389,172.6335988,Christchurch City,2018,property_damage,50,TRUE,straight,,fine,,daylight,traffic_lights,0,0,0,0,0,0,0,0,0,0,0,0,0,0,1,0,0,0,0,0
-41.28644039,173.2475387,Nelson City,2018,property_damage,50,TRUE,straight,,fine,,daylight,giveway_sign,0,0,0,0,0,0,0,0,0,0,0,0,0,0,1,0,0,0,0,0
-36.86467532,174.7791604,Auckland,2018,property_damage,50,TRUE,straight,,rain,,darkness_not_lit,stop_sign,0,0,0,0,0,0,0,0,0,0,0,0,0,0,1,0,0,0,0,0
-38.66077855,178.0314484,Gisborne District,2018,property_damage,50,TRUE,straight,,fine,,daylight,giveway_sign,0,0,0,0,0,0,0,0,0,0,0,0,0,0,1,0,0,0,0,0
-41.28263226,174.7784647,Wellington City,2018,property_damage,50,TRUE,straight,,fine,,daylight,traffic_lights,0,0,0,0,0,0,0,0,0,0,0,0,0,0,1,0,0,0,0,0
-41.25585992,174.7960478,Wellington City,2018,property_damage,60,FALSE,straight,,fine,,,,0,0,0,0,0,0,0,0,0,0,0,0,0,0,1,0,0,0,0,0
-36.78184682,174.737968,Auckland,2018,property_damage,50,FALSE,straight,,rain,,daylight,,0,0,0,0,0,0,0,0,0,0,0,0,0,0,1,0,0,0,0,0
-41.22921385,174.880255,Hutt City,2018,property_damage,50,TRUE,straight,,fine,,daylight,giveway_sign,0,0,0,0,0,0,0,0,0,0,0,0,0,0,1,0,0,0,0,0
-36.84341276,174.7676773,Auckland,2018,property_damage,50,FALSE,straight,,fine,,daylight,,0,0,0,0,0,0,0,0,0,0,0,0,0,0,1,0,0,0,0,0
-36.9079727,174.8391135,Auckland,2018,property_damage,50,FALSE,straight,,fine,,daylight,,0,0,0,0,0,0,0,0,0,0,0,0,0,0,1,0,0,0,0,0
-41.31861205,174.79323,Wellington City,2018,property_damage,50,TRUE,curved_view_open,,fine,,daylight,,0,0,0,0,0,0,0,0,0,0,0,0,0,0,1,0,0,0,0,0
-41.2878506,173.2732084,Nelson City,2018,property_damage,50,FALSE,straight,,fine,,daylight,,0,0,0,0,0,0,0,0,0,0,0,0,0,0,1,0,0,0,0,0
-37.03170057,174.8853641,Auckland,2018,property_damage,50,FALSE,straight,,rain,,daylight,,0,0,0,0,0,0,0,0,0,0,0,0,0,0,1,0,0,0,0,0
-35.73080146,174.3190286,Whangarei District,2018,property_damage,50,FALSE,straight,,rain,,darkness_not_lit,,0,0,0,0,0,0,0,0,0,0,0,0,0,0,1,0,0,0,0,0
-40.62411437,175.2856918,Horowhenua District,2018,minor_injury,50,TRUE,straight,,rain,,daylight,giveway_sign,1,0,0,1,0,0,0,0,0,0,0,0,0,0,1,0,0,0,0,0
-36.89879754,174.7011918,Auckland,2018,minor_injury,50,TRUE,straight,,rain,,dawn_dusk,giveway_sign,1,0,0,1,0,0,0,0,0,0,0,0,0,0,1,0,0,0,0,0
-37.7901266,175.3054657,Hamilton City,2018,minor_injury,60,TRUE,straight,,rain,,darkness_not_lit,giveway_sign,1,0,0,1,0,0,0,0,0,0,0,0,0,0,1,0,0,0,0,0
-38.66373424,178.0196889,Gisborne District,2018,minor_injury,50,TRUE,straight,,fine,,daylight,stop_sign,1,0,0,1,0,0,0,0,0,0,0,0,0,0,1,0,0,0,0,0
-39.32315146,174.2289176,Stratford District,2018,minor_injury,100,TRUE,straight,,fine,,daylight,stop_sign,1,0,0,1,0,0,0,0,0,0,0,0,0,0,1,0,0,0,0,0
-41.52818408,173.9577709,Marlborough District,2018,minor_injury,50,TRUE,straight,,fine,,daylight,giveway_sign,1,0,0,1,0,0,0,0,0,0,0,0,0,0,1,0,0,0,0,0
-39.93245463,175.0488258,Wanganui District,2018,minor_injury,50,TRUE,straight,,fine,,daylight,traffic_lights,1,0,0,1,0,0,0,0,0,0,0,0,0,0,1,0,0,0,0,0
-40.36676979,175.6192825,Palmerston North City,2018,minor_injury,50,TRUE,straight,,fine,,daylight,giveway_sign,1,0,0,1,0,0,0,0,0,0,0,0,0,0,1,0,0,0,0,0
-45.8729886,170.5099403,Dunedin City,2018,minor_injury,50,FALSE,straight,,fine,,daylight,,1,0,0,1,0,0,0,0,0,0,0,0,0,0,1,0,0,0,0,0
-36.85150271,174.6311879,Auckland,2018,minor_injury,50,FALSE,straight,,fine,,dawn_dusk,,1,0,0,1,0,0,0,0,0,0,0,0,0,0,1,0,0,0,0,0
-37.66999955,176.1497503,Tauranga City,2018,minor_injury,50,TRUE,curved_view_open,,fine,,daylight,giveway_sign,1,0,0,1,0,0,0,0,0,0,0,0,0,0,1,0,0,0,0,0
-41.5391229,173.9398178,Marlborough District,2018,minor_injury,50,TRUE,straight,,fine,,daylight,giveway_sign,1,0,0,1,0,0,0,0,0,0,0,0,0,0,1,0,0,0,0,0
-42.71949324,170.9754892,Westland District,2018,minor_injury,50,TRUE,straight,,rain,,daylight,giveway_sign,1,0,0,1,0,0,0,0,0,0,0,0,0,0,1,0,0,0,0,0
-41.34236256,173.1839123,Tasman District,2018,minor_injury,50,TRUE,straight,,fine,,daylight,giveway_sign,1,0,0,1,0,0,0,0,0,0,0,0,0,0,1,0,0,0,0,0
-45.86330076,170.5213882,Dunedin City,2018,minor_injury,50,TRUE,straight,,fine,,daylight,giveway_sign,1,0,0,1,0,0,0,0,0,0,0,0,0,0,1,0,0,0,0,0
-43.54000946,172.627941,Christchurch City,2018,minor_injury,50,TRUE,straight,,fine,,daylight,traffic_lights,1,0,0,1,0,0,0,0,0,0,0,0,0,0,1,0,0,0,0,0
-41.27627882,173.2867005,Nelson City,2018,minor_injury,50,TRUE,straight,,fine,,daylight,giveway_sign,1,0,0,1,0,0,0,0,0,0,0,0,0,0,1,0,0,0,0,0
-41.34209868,173.185573,Tasman District,2018,minor_injury,50,TRUE,straight,,fine,,daylight,giveway_sign,1,0,0,1,0,0,0,0,0,0,0,0,0,0,1,0,0,0,0,0
-37.79756054,175.310546,Hamilton City,2018,minor_injury,50,FALSE,straight,,rain,,daylight,,1,0,0,1,0,0,0,0,0,0,0,0,0,0,1,0,0,0,0,0
-45.09619893,170.9718051,Waitaki District,2018,minor_injury,50,FALSE,straight,,rain,,daylight,,1,0,0,1,0,0,0,0,0,0,0,0,0,0,1,0,0,0,0,0
-36.84387329,174.7694374,Auckland,2018,minor_injury,50,TRUE,straight,,fine,,daylight,traffic_lights,1,0,0,1,0,0,0,0,0,0,0,0,0,0,1,0,0,0,0,0
-37.96053166,176.9909841,Whakatane District,2018,minor_injury,50,TRUE,straight,,fine,,daylight,giveway_sign,1,0,0,1,0,0,0,0,0,0,0,0,0,0,1,0,0,0,0,0
-41.2788882,174.7765243,Wellington City,2018,minor_injury,50,FALSE,curved_view_open,,fine,,daylight,,1,0,0,1,0,0,0,0,0,0,0,0,0,0,1,0,0,0,0,0
-39.63729152,176.8326115,Hastings District,2018,minor_injury,50,TRUE,straight,,fine,,daylight,giveway_sign,1,0,0,1,0,0,0,0,0,0,0,0,0,0,1,0,0,0,0,0
-37.733272,176.1411322,Tauranga City,2018,minor_injury,60,FALSE,straight,,fine,,daylight,,1,0,0,1,0,0,0,0,0,0,0,0,0,0,1,0,0,0,0,0
-40.95191552,175.6278879,Masterton District,2018,minor_injury,80,TRUE,straight,,fine,,daylight,giveway_sign,1,0,0,1,0,0,0,0,0,0,0,0,0,0,1,0,0,0,0,0
-38.13944682,176.289061,Rotorua District,2018,minor_injury,60,TRUE,straight,,fine,,daylight,stop_sign,1,0,0,1,0,0,0,0,0,0,0,0,0,0,1,0,0,0,0,0
-37.79220242,175.3062229,Hamilton City,2018,minor_injury,60,FALSE,straight,,fine,,daylight,,1,0,0,1,0,0,0,0,0,0,0,0,0,0,1,0,0,0,0,0
-36.87080583,174.7772608,Auckland,2018,minor_injury,50,FALSE,straight,,fine,,daylight,,1,0,0,1,0,0,0,0,0,0,0,0,0,0,1,0,0,0,0,0
-41.29044171,173.2424303,Nelson City,2018,minor_injury,50,FALSE,straight,,fine,,daylight,,1,0,0,1,0,0,0,0,0,0,0,0,0,0,1,0,0,0,0,0
-37.05363308,174.9634418,Auckland,2018,minor_injury,50,FALSE,straight,,fine,,daylight,,1,0,0,1,0,0,0,0,0,0,0,0,0,0,1,0,0,0,0,0
-39.69329954,175.8156972,Rangitikei District,2018,minor_injury,100,FALSE,straight,,fine,,daylight,,1,0,0,1,0,0,0,0,0,0,0,0,0,0,1,0,0,0,0,0
-45.19349777,169.3352678,Central Otago District,2018,minor_injury,100,FALSE,curved_view_open,,fine,,daylight,,1,0,0,1,0,0,0,0,0,0,0,0,0,0,1,0,0,0,0,0
-43.59446862,172.6426333,Christchurch City,2018,minor_injury,50,FALSE,curved_view_open,,fine,,daylight,,1,0,0,1,0,0,0,0,0,0,0,0,0,0,1,0,0,0,0,0
-44.79094307,169.0779698,Queenstown-Lakes District,2018,minor_injury,100,FALSE,straight,,fine,,daylight,,1,0,0,1,0,0,0,0,0,0,0,0,0,0,1,0,0,0,0,0
-45.03058127,169.1128226,Central Otago District,2018,minor_injury,100,FALSE,curved_view_open,,fine,,daylight,,1,0,0,1,0,0,0,0,0,0,0,0,0,0,1,0,0,0,0,0
-36.83393345,174.644394,Auckland,2018,minor_injury,50,FALSE,curved_view_open,,fine,,daylight,,1,0,0,1,0,0,0,0,0,0,0,0,0,0,1,0,0,0,0,0
-46.41523557,168.3729076,Invercargill City,2018,minor_injury,50,FALSE,straight,,fine,,daylight,,1,0,0,1,0,0,0,0,0,0,0,0,0,0,1,0,0,0,0,0
-36.85133296,174.7587414,Auckland,2018,minor_injury,50,FALSE,straight,,fine,,darkness_not_lit,,1,0,0,1,0,0,0,0,0,0,0,0,0,0,1,0,0,0,0,0
-41.2715677,174.7868438,Wellington City,2018,minor_injury,70,FALSE,straight,,rain,,daylight,,1,0,0,1,0,0,0,0,0,0,0,0,0,0,1,0,0,0,0,0
-41.23833956,174.8059136,Wellington City,2018,minor_injury,80,FALSE,straight,,fine,,daylight,,1,0,0,1,0,0,0,0,0,0,0,0,0,0,1,0,0,0,0,0
-43.56287238,172.657134,Christchurch City,2018,minor_injury,50,FALSE,straight,,fine,,daylight,,1,0,0,1,0,0,0,0,0,0,0,0,0,0,1,0,0,0,0,0
-40.35895817,175.6249264,Palmerston North City,2018,minor_injury,50,FALSE,straight,,fine,,daylight,,1,0,0,1,0,0,0,0,0,0,0,0,0,0,1,0,0,0,0,0
-41.24295098,174.8139525,Wellington City,2018,minor_injury,50,FALSE,curved_view_open,,fine,,daylight,,1,0,0,1,0,0,0,0,0,0,0,0,0,0,1,0,0,0,0,0
-40.36502562,175.6179432,Palmerston North City,2018,serious_injury,50,TRUE,straight,,fine,,daylight,giveway_sign,1,0,1,0,0,0,0,0,0,0,0,0,0,0,1,0,0,0,0,0
-36.87423901,174.7621947,Auckland,2018,serious_injury,50,FALSE,straight,,fine,,daylight,,1,0,1,0,0,0,0,0,0,0,0,0,0,0,1,0,0,0,0,0
-36.87423901,174.7621947,Auckland,2018,serious_injury,50,FALSE,straight,,fine,,daylight,,1,0,1,0,0,0,0,0,0,0,0,0,0,0,1,0,0,0,0,0
-41.221559,174.8076348,Wellington City,2018,serious_injury,50,TRUE,straight,,fine,,dawn_dusk,giveway_sign,1,0,1,0,0,0,0,0,0,0,0,0,0,0,1,0,0,0,0,0
-36.91907036,174.6998236,Auckland,2018,serious_injury,50,TRUE,straight,,fine,,daylight,giveway_sign,1,0,1,0,0,0,0,0,0,0,0,0,0,0,1,0,0,0,0,0
-39.93201346,175.0205869,Wanganui District,2018,serious_injury,50,TRUE,straight,,fine,,darkness_not_lit,giveway_sign,1,0,1,0,0,0,0,0,0,0,0,0,0,0,1,0,0,0,0,0
-36.82337344,174.8062099,Auckland,2018,serious_injury,50,TRUE,straight,,fine,,daylight,,1,0,1,0,0,0,0,0,0,0,0,0,0,0,1,0,0,0,0,0
-41.3283856,174.7792547,Wellington City,2018,serious_injury,50,FALSE,curved_view_open,,fine,,daylight,,1,0,1,0,0,0,0,0,0,0,0,0,0,0,1,0,0,0,0,0
-35.83849825,174.4219949,Whangarei District,2018,serious_injury,100,FALSE,curved_view_open,,fine,,daylight,,1,0,1,0,0,0,0,0,0,0,0,0,0,0,1,0,0,0,0,0
-45.41135574,167.725203,Southland District,2018,serious_injury,50,FALSE,straight,,rain,,daylight,,1,0,1,0,0,0,0,0,0,0,0,0,0,0,1,0,0,0,0,0
-40.90735709,174.9987142,Kapiti Coast District,2018,serious_injury,50,FALSE,straight,,fine,,daylight,,1,0,1,0,0,0,0,0,0,0,0,0,0,0,1,0,0,0,0,0
-36.85793553,174.6095863,Auckland,2018,serious_injury,50,FALSE,straight,,fine,,daylight,,1,0,1,0,0,0,0,0,0,0,0,0,0,0,1,0,0,0,0,0
-42.23104077,171.959461,Buller District,2018,serious_injury,100,FALSE,curved_view_open,,fine,,daylight,,1,0,1,0,0,0,0,0,0,0,0,0,0,0,1,0,0,0,0,0
-41.35572329,173.1513968,Tasman District,2018,serious_injury,70,FALSE,straight,,fine,,daylight,,1,0,1,0,0,0,0,0,0,0,0,0,0,0,1,0,0,0,0,0
-35.47446925,174.3161837,Whangarei District,2018,serious_injury,100,FALSE,curved_view_open,,fine,,daylight,,1,0,1,0,0,0,0,0,0,0,0,0,0,0,1,0,0,0,0,0
-37.69009863,175.1795166,Waikato District,2018,serious_injury,100,FALSE,straight,,fine,,daylight,,1,0,1,0,0,0,0,0,0,0,0,0,0,0,1,0,0,0,0,0
-43.47604602,172.5308269,Christchurch City,2018,serious_injury,80,FALSE,straight,,fine,,daylight,,1,0,1,0,0,0,0,0,0,0,0,0,0,0,1,0,0,0,0,0
-41.51189041,173.9544629,Marlborough District,2018,minor_injury,50,TRUE,straight,,fine,,daylight,giveway_sign,2,0,0,2,0,0,0,0,0,0,0,0,0,0,1,0,0,0,0,0
-36.87156164,174.6387832,Auckland,2018,fatality,50,FALSE,straight,,fine,,darkness_not_lit,traffic_lights,1,1,0,0,0,0,0,0,0,0,0,0,0,0,1,0,0,0,0,0
-44.3871868,171.2293043,Timaru District,2018,fatality,50,FALSE,straight,,fine,,darkness_not_lit,,1,1,0,0,0,0,0,0,0,0,0,0,0,0,1,0,0,0,0,0
-41.29117995,174.7796403,Wellington City,2018,property_damage,50,TRUE,curved_view_open,,,,darkness_not_lit,traffic_lights,0,0,0,0,1,0,0,0,0,0,0,0,0,1,0,0,0,0,0,0
-41.29117995,174.7796403,Wellington City,2018,property_damage,50,TRUE,curved_view_open,,,,darkness_not_lit,traffic_lights,0,0,0,0,1,0,0,0,0,0,0,0,0,1,0,0,0,0,0,0
-36.85413463,174.7631013,Auckland,2018,property_damage,50,TRUE,curved_view_open,,rain,,darkness_not_lit,traffic_lights,0,0,0,0,1,0,0,0,0,0,0,0,0,1,0,0,0,0,0,0
-36.85413463,174.7631013,Auckland,2018,property_damage,50,TRUE,curved_view_open,,rain,,darkness_not_lit,traffic_lights,0,0,0,0,1,0,0,0,0,0,0,0,0,1,0,0,0,0,0,0
-37.00181402,174.7892742,Auckland,2018,property_damage,50,TRUE,straight,,fine,,daylight,traffic_lights,0,0,0,0,1,0,0,0,0,0,0,0,0,1,0,0,0,0,0,0
-36.96327892,174.8684783,Auckland,2018,property_damage,60,TRUE,straight,,fine,,darkness_not_lit,traffic_lights,0,0,0,0,1,0,0,0,0,0,0,0,0,1,0,0,0,0,0,0
-36.84741566,174.7657956,Auckland,2018,property_damage,50,TRUE,straight,,rain,,darkness_not_lit,traffic_lights,0,0,0,0,1,0,0,0,0,0,0,0,0,1,0,0,0,0,0,0
-36.84741566,174.7657956,Auckland,2018,property_damage,50,TRUE,straight,,rain,,darkness_not_lit,traffic_lights,0,0,0,0,1,0,0,0,0,0,0,0,0,1,0,0,0,0,0,0
-36.96256844,174.8389436,Auckland,2018,property_damage,20,TRUE,curved_view_open,,fine,,daylight,giveway_sign,0,0,0,0,1,0,0,0,0,0,0,0,0,1,0,0,0,0,0,0
-45.879384,170.5006852,Dunedin City,2018,property_damage,50,TRUE,straight,,fine,,daylight,traffic_lights,0,0,0,0,1,0,0,0,0,0,0,0,0,1,0,0,0,0,0,0
-37.81758713,175.2821924,Hamilton City,2018,property_damage,60,TRUE,straight,,fine,,darkness_not_lit,traffic_lights,0,0,0,0,1,0,0,0,0,0,0,0,0,1,0,0,0,0,0,0
-46.41450261,168.3537609,Invercargill City,2018,property_damage,50,TRUE,straight,,fine,,daylight,giveway_sign,0,0,0,0,1,0,0,0,0,0,0,0,0,1,0,0,0,0,0,0
-37.78147508,175.2777089,Hamilton City,2018,property_damage,50,TRUE,straight,,fine,,darkness_not_lit,stop_sign,0,0,0,0,1,0,0,0,0,0,0,0,0,1,0,0,0,0,0,0
-36.8669853,174.7133644,Auckland,2018,property_damage,50,TRUE,straight,,fine,,darkness_not_lit,stop_sign,0,0,0,0,1,0,0,0,0,0,0,0,0,1,0,0,0,0,0,0
-41.31567638,174.7804261,Wellington City,2018,property_damage,50,TRUE,straight,,rain,,darkness_not_lit,giveway_sign,0,0,0,0,1,0,0,0,0,0,0,0,0,1,0,0,0,0,0,0
-36.84595642,174.7608724,Auckland,2018,property_damage,50,TRUE,straight,,fine,,daylight,traffic_lights,0,0,0,0,1,0,0,0,0,0,0,0,0,1,0,0,0,0,0,0
-41.22161019,174.8072426,Wellington City,2018,property_damage,50,TRUE,curved_view_open,,fine,,daylight,giveway_sign,0,0,0,0,1,0,0,0,0,0,0,0,0,1,0,0,0,0,0,0