latitude,longitude,local_government_area,year,severity,speed_limit,intersection,road_position_horizontal,road_wet,weather,crash_type,lighting,traffic_controls,casualties,fatalities,serious_injuries,minor_injuries,car_sedan,car_utility,car_van,car_4x4,car_station_wagon,motor_cycle,truck_small,truck_large,bus,taxi,bicycle,scooter,pedestrian,inanimate,train,tram
-41.32514144,174.8179633,Wellington City,2018,property_damage,50,TRUE,straight,,fine,,daylight,stop_sign,0,0,0,0,1,0,0,0,0,0,0,0,0,1,0,0,0,0,0,0
-36.79686845,174.7651611,Auckland,2018,property_damage,60,TRUE,curved_view_open,,fine,,daylight,traffic_lights,0,0,0,0,1,0,0,0,0,0,0,0,0,1,0,0,0,0,0,0
-36.85008671,174.7722499,Auckland,2018,property_damage,50,FALSE,straight,,fine,,daylight,traffic_lights,0,0,0,0,1,0,0,0,0,0,0,0,0,1,0,0,0,0,0,0
-37.68398158,176.2250636,Tauranga City,2018,property_damage,70,TRUE,curved_view_open,,rain,,darkness_not_lit,giveway_sign,0,0,0,0,1,0,0,0,0,0,0,0,0,1,0,0,0,0,0,0
-36.99833879,174.7878218,Auckland,2018,property_damage,50,TRUE,straight,,fine,,daylight,giveway_sign,0,0,0,0,1,0,0,0,0,0,0,0,0,1,0,0,0,0,0,0
-41.28833324,174.7755863,Wellington City,2018,property_damage,50,FALSE,straight,,rain,,daylight,,0,0,0,0,1,0,0,0,0,0,0,0,0,1,0,0,0,0,0,0
-36.86765676,174.7684266,Auckland,2018,property_damage,80,FALSE,straight,,fine,,daylight,,0,0,0,0,1,0,0,0,0,0,0,0,0,1,0,0,0,0,0,0
-35.72766085,174.3193195,Whangarei District,2018,property_damage,50,TRUE,straight,,fine,,dawn_dusk,giveway_sign,0,0,0,0,1,0,0,0,0,0,0,0,0,1,0,0,0,0,0,0
-41.27973381,174.7795084,Wellington City,2018,property_damage,50,TRUE,straight,,rain,,daylight,,0,0,0,0,1,0,0,0,0,0,0,0,0,1,0,0,0,0,0,0
-41.29426145,174.7778252,Wellington City,2018,property_damage,50,FALSE,straight,,fine,,daylight,,0,0,0,0,1,0,0,0,0,0,0,0,0,1,0,0,0,0,0,0
-41.31910127,174.8148802,Wellington City,2018,property_damage,50,TRUE,straight,,fine,,dawn_dusk,giveway_sign,0,0,0,0,1,0,0,0,0,0,0,0,0,1,0,0,0,0,0,0
-37.19783348,174.9012852,Auckland,2018,property_damage,50,FALSE,straight,,fine,,darkness_not_lit,traffic_lights,0,0,0,0,1,0,0,0,0,0,0,0,0,1,0,0,0,0,0,0
-41.31238431,174.795783,Wellington City,2018,property_damage,50,FALSE,straight,,fine,,daylight,traffic_lights,0,0,0,0,1,0,0,0,0,0,0,0,0,1,0,0,0,0,0,0
-37.78921229,175.2848731,Hamilton City,2018,property_damage,30,FALSE,straight,,fine,,darkness_not_lit,,0,0,0,0,1,0,0,0,0,0,0,0,0,1,0,0,0,0,0,0
-36.98931639,174.7860376,Auckland,2018,property_damage,80,FALSE,straight,,fine,,daylight,,0,0,0,0,1,0,0,0,0,0,0,0,0,1,0,0,0,0,0,0
-36.87018519,174.7620455,Auckland,2018,property_damage,50,FALSE,straight,,rain,,daylight,,0,0,0,0,1,0,0,0,0,0,0,0,0,1,0,0,0,0,0,0
-41.2240651,174.8745242,Hutt City,2018,property_damage,50,FALSE,straight,,fine,,darkness_not_lit,,0,0,0,0,1,0,0,0,0,0,0,0,0,1,0,0,0,0,0,0
-36.97560306,174.7976585,Auckland,2018,property_damage,50,FALSE,curved_view_open,,rain,,daylight,,0,0,0,0,1,0,0,0,0,0,0,0,0,1,0,0,0,0,0,0
-36.84493668,174.7676339,Auckland,2018,property_damage,50,FALSE,straight,,fine,,darkness_not_lit,traffic_lights,0,0,0,0,1,0,0,0,0,0,0,0,0,1,0,0,0,0,0,0
-41.31479585,174.7999708,Wellington City,2018,property_damage,70,FALSE,straight,,fine,,daylight,,0,0,0,0,1,0,0,0,0,0,0,0,0,1,0,0,0,0,0,0
-39.50698906,176.9032627,Napier City,2018,property_damage,50,FALSE,straight,,fine,,darkness_not_lit,,0,0,0,0,1,0,0,0,0,0,0,0,0,1,0,0,0,0,0,0
-41.29273766,174.771502,Wellington City,2018,property_damage,100,FALSE,straight,,fine,,darkness_not_lit,,0,0,0,0,1,0,0,0,0,0,0,0,0,1,0,0,0,0,0,0
-41.29877856,174.7810294,Wellington City,2018,property_damage,50,TRUE,straight,,fine,,darkness_not_lit,,0,0,0,0,1,0,0,0,0,0,0,0,0,1,0,0,0,0,0,0
-43.54293478,172.5807992,Christchurch City,2018,minor_injury,50,TRUE,curved_view_open,,fine,,daylight,giveway_sign,1,0,0,1,1,0,0,0,0,0,0,0,0,1,0,0,0,0,0,0
-46.35093489,168.3272758,Southland District,2018,minor_injury,100,TRUE,straight,,rain,,darkness_not_lit,giveway_sign,2,0,0,2,1,0,0,0,0,0,0,0,0,1,0,0,0,0,0,0
-40.91550397,175.0072953,Kapiti Coast District,2018,property_damage,50,TRUE,straight,,rain,,darkness_not_lit,traffic_lights,0,0,0,0,1,0,0,1,0,0,0,0,0,0,0,0,0,2,0,0
-38.69918065,176.0844532,Taupo District,2018,property_damage,50,TRUE,curved_view_open,,fine,,daylight,giveway_sign,0,0,0,0,1,0,0,1,0,0,0,0,0,0,0,0,0,2,0,0
-36.88210358,174.786611,Auckland,2018,property_damage,100,FALSE,straight,,rain,,darkness_not_lit,,0,0,0,0,1,0,0,1,0,0,0,0,0,0,0,0,0,2,0,0
-41.28101348,174.7783013,Wellington City,2018,property_damage,50,TRUE,straight,,fine,,darkness_not_lit,traffic_lights,0,0,0,0,1,0,0,1,0,0,0,0,0,0,0,0,0,2,0,0
-36.92051748,174.7649769,Auckland,2018,property_damage,100,FALSE,straight,,rain,,darkness_not_lit,,0,0,0,0,1,0,0,1,0,0,0,0,0,0,0,0,0,2,0,0
-37.73708011,176.1181945,Tauranga City,2018,property_damage,50,FALSE,straight,,fine,,darkness_not_lit,,0,0,0,0,1,0,0,1,0,0,0,0,0,0,0,0,0,2,0,0
-41.23039969,174.8153593,Wellington City,2018,property_damage,50,FALSE,straight,,fine,,dawn_dusk,,0,0,0,0,1,0,0,1,0,0,0,0,0,0,0,0,0,2,0,0
-45.0949123,170.9647591,Waitaki District,2018,property_damage,50,FALSE,straight,,fine,,daylight,,0,0,0,0,1,0,0,1,0,0,0,0,0,0,0,0,0,2,0,0
-37.94847036,175.1925133,Waipa District,2018,property_damage,100,FALSE,curved_view_open,,fine,,daylight,,0,0,0,0,1,0,0,1,0,0,0,0,0,0,0,0,0,2,0,0
-36.9847405,174.8325565,Auckland,2018,property_damage,100,FALSE,straight,,fine,,daylight,,0,0,0,0,1,0,0,1,0,0,0,0,0,0,0,0,0,2,0,0
-36.98688795,175.0406288,Auckland,2018,property_damage,50,FALSE,straight,,fine,,darkness_not_lit,,0,0,0,0,1,0,0,1,0,0,0,0,0,0,0,0,0,2,0,0
-43.36480302,172.4802563,Waimakariri District,2018,property_damage,100,FALSE,straight,,fine,,darkness_not_lit,,0,0,0,0,1,0,0,1,0,0,0,0,0,0,0,0,0,2,0,0
-44.29262786,171.1308955,Timaru District,2018,property_damage,100,FALSE,straight,,fine,,darkness_not_lit,,0,0,0,0,1,0,0,1,0,0,0,0,0,0,0,0,0,2,0,0
-36.92180873,174.7068558,Auckland,2018,property_damage,50,FALSE,straight,,rain,,darkness_not_lit,,0,0,0,0,1,0,0,1,0,0,0,0,0,0,0,0,0,2,0,0
-41.13892578,175.0282725,Upper Hutt City,2018,property_damage,50,FALSE,straight,,fine,,daylight,,0,0,0,0,1,0,0,1,0,0,0,0,0,0,0,0,0,2,0,0
-43.52515935,172.6808594,Christchurch City,2018,property_damage,50,FALSE,straight,,fine,,darkness_not_lit,,0,0,0,0,1,0,0,1,0,0,0,0,0,0,0,0,0,2,0,0
-45.04575307,168.4543269,Queenstown-Lakes District,2018,property_damage,100,FALSE,curved_view_open,,fine,,daylight,,0,0,0,0,1,0,0,1,0,0,0,0,0,0,0,0,0,2,0,0
-39.07944362,174.0813229,New Plymouth District,2018,property_damage,50,TRUE,curved_view_open,,rain,,daylight,giveway_sign,0,0,0,0,1,0,0,1,0,0,0,0,0,0,0,0,0,2,0,0
-41.32057157,173.2109502,Nelson City,2018,property_damage,100,FALSE,straight,,fine,,darkness_not_lit,,0,0,0,0,1,0,0,1,0,0,0,0,0,0,0,0,0,2,0,0
-37.71310283,175.2954644,Waikato District,2018,minor_injury,80,FALSE,curved_view_open,,fine,,darkness_not_lit,,1,0,0,1,1,0,0,1,0,0,0,0,0,0,0,0,0,2,0,0
-43.56223063,172.650377,Christchurch City,2018,minor_injury,50,FALSE,straight,,fine,,daylight,,1,0,0,1,1,0,0,1,0,0,0,0,0,0,0,0,0,2,0,0
-43.53968405,172.6910066,Christchurch City,2018,minor_injury,50,FALSE,straight,,rain,,daylight,,1,0,0,1,1,0,0,1,0,0,0,0,0,0,0,0,0,2,0,0
-36.88486543,174.7815588,Auckland,2018,minor_injury,50,FALSE,straight,,rain,,darkness_not_lit,,1,0,0,1,1,0,0,1,0,0,0,0,0,0,0,0,0,2,0,0
-40.32725138,175.6375731,Palmerston North City,2018,minor_injury,50,TRUE,straight,,fine,,dawn_dusk,giveway_sign,1,0,0,1,1,0,0,1,0,0,0,0,0,0,0,0,0,2,0,0
-36.93467085,174.8431233,Auckland,2018,serious_injury,50,FALSE,straight,,fine,,darkness_not_lit,,2,0,2,0,1,0,0,1,0,0,0,0,0,0,0,0,0,2,0,0
-43.92053505,171.7217572,Ashburton District,2018,minor_injury,50,TRUE,straight,,fine,,daylight,giveway_sign,2,0,0,2,1,0,0,1,0,0,0,0,0,0,0,0,0,2,0,0
-37.80433698,175.2842262,Hamilton City,2018,minor_injury,50,FALSE,straight,,,,daylight,,2,0,0,2,1,0,0,1,0,0,0,0,0,0,0,0,0,2,0,0
-37.24327985,175.4692442,Hauraki District,2018,minor_injury,100,TRUE,straight,,fine,,daylight,stop_sign,2,0,0,2,1,0,0,1,0,0,0,0,0,0,0,0,0,2,0,0
-36.97812874,174.8976905,Auckland,2018,serious_injury,60,TRUE,straight,,fine,,darkness_not_lit,traffic_lights,2,0,1,1,1,0,0,1,0,0,0,0,0,0,0,0,0,2,0,0
-36.91023034,174.7615297,Auckland,2018,serious_injury,50,FALSE,straight,,rain,,darkness_not_lit,,3,0,1,2,1,0,0,1,0,0,0,0,0,0,0,0,0,2,0,0
-37.01320179,174.9008665,Auckland,2018,property_damage,50,TRUE,straight,,,,darkness_not_lit,giveway_sign,0,0,0,0,1,0,0,0,0,0,0,0,1,0,0,0,0,1,0,0
-36.86530799,174.7602845,Auckland,2018,property_damage,50,TRUE,straight,,fine,,daylight,stop_sign,0,0,0,0,1,0,0,0,0,0,0,0,1,0,0,0,0,1,0,0
-41.29268943,174.7792992,Wellington City,2018,property_damage,30,FALSE,straight,,fine,,daylight,,0,0,0,0,1,0,0,0,0,0,0,0,1,0,0,0,0,1,0,0
-41.29268943,174.7792992,Wellington City,2018,property_damage,30,FALSE,straight,,fine,,daylight,,0,0,0,0,1,0,0,0,0,0,0,0,1,0,0,0,0,1,0,0
-37.79073407,175.2965138,Hamilton City,2018,property_damage,50,FALSE,straight,,fine,,daylight,,0,0,0,0,1,0,0,0,0,0,0,0,1,0,0,0,0,1,0,0
-36.8930029,174.7254932,Auckland,2018,property_damage,50,TRUE,curved_view_open,,fine,,daylight,giveway_sign,0,0,0,0,1,0,0,0,0,0,0,0,1,0,0,0,0,1,0,0
-36.8228752,174.6113742,Auckland,2018,property_damage,50,TRUE,straight,,fine,,daylight,giveway_sign,0,0,0,0,1,0,0,0,0,0,0,0,1,0,0,0,0,1,0,0
-43.53158299,172.6396509,Christchurch City,2018,property_damage,50,FALSE,straight,,fine,,daylight,,0,0,0,0,1,0,0,0,0,0,0,0,1,0,0,0,0,1,0,0
-36.97970633,174.8520285,Auckland,2018,property_damage,50,TRUE,straight,,fine,,darkness_not_lit,giveway_sign,0,0,0,0,1,0,0,0,0,0,0,0,1,0,0,0,0,1,0,0
-41.29318583,174.7803995,Wellington City,2018,property_damage,30,FALSE,straight,,fine,,darkness_not_lit,,0,0,0,0,1,0,0,0,0,0,0,0,1,0,0,0,0,1,0,0
-36.88324688,174.7855044,Auckland,2018,property_damage,50,FALSE,straight,,fine,,darkness_not_lit,,0,0,0,0,1,0,0,0,0,0,0,0,1,0,0,0,0,1,0,0
-41.20479443,174.9378761,Hutt City,2018,property_damage,50,FALSE,straight,,fine,,daylight,,0,0,0,0,1,0,0,0,0,0,0,0,1,0,0,0,0,1,0,0
-35.11295372,173.2631735,Far North District,2018,property_damage,50,FALSE,straight,,fine,,daylight,,0,0,0,0,1,0,0,0,0,0,0,0,1,0,0,0,0,1,0,0
-36.78100554,174.7214433,Auckland,2018,property_damage,50,FALSE,straight,,fine,,daylight,,0,0,0,0,1,0,0,0,0,0,0,0,1,0,0,0,0,1,0,0
-37.79432392,175.2861548,Hamilton City,2018,property_damage,50,FALSE,straight,,rain,,daylight,,0,0,0,0,1,0,0,0,0,0,0,0,1,0,0,0,0,1,0,0
-37.81942061,174.8374054,Waikato District,2018,property_damage,30,TRUE,curved_view_open,,fine,,dawn_dusk,stop_sign,0,0,0,0,1,0,0,0,0,0,0,0,1,0,0,0,0,1,0,0
-36.91639459,174.6679516,Auckland,2018,property_damage,50,FALSE,straight,,fine,,dawn_dusk,,0,0,0,0,1,0,0,0,0,0,0,0,1,0,0,0,0,1,0,0
-41.29376646,174.7842012,Wellington City,2018,property_damage,50,FALSE,straight,,fine,,dawn_dusk,,0,0,0,0,1,0,0,0,0,0,0,0,1,0,0,0,0,1,0,0
-36.9034416,174.8418554,Auckland,2018,property_damage,50,TRUE,straight,,rain,,daylight,traffic_lights,0,0,0,0,1,0,0,0,0,0,0,0,1,0,0,0,0,1,0,0
-37.71261366,176.143446,Tauranga City,2018,property_damage,50,FALSE,straight,,fine,,daylight,,0,0,0,0,1,0,0,0,0,0,0,0,1,0,0,0,0,1,0,0
-45.87002941,170.5059108,Dunedin City,2018,property_damage,40,FALSE,straight,,fine,,daylight,,0,0,0,0,1,0,0,0,0,0,0,0,1,0,0,0,0,1,0,0
-41.31899368,174.7779238,Wellington City,2018,property_damage,50,FALSE,straight,,fine,,daylight,,0,0,0,0,1,0,0,0,0,0,0,0,1,0,0,0,0,1,0,0
-40.93268569,174.9836333,Kapiti Coast District,2018,property_damage,50,FALSE,straight,,fine,,daylight,,0,0,0,0,1,0,0,0,0,0,0,0,1,0,0,0,0,1,0,0
-36.85263273,174.7451663,Auckland,2018,property_damage,50,FALSE,straight,,fine,,daylight,,0,0,0,0,1,0,0,0,0,0,0,0,1,0,0,0,0,1,0,0
-41.31548598,174.7961549,Wellington City,2018,property_damage,50,FALSE,straight,,fine,,daylight,,0,0,0,0,1,0,0,0,0,0,0,0,1,0,0,0,0,1,0,0
-41.31548598,174.7961549,Wellington City,2018,property_damage,50,FALSE,straight,,rain,,darkness_not_lit,,0,0,0,0,1,0,0,0,0,0,0,0,1,0,0,0,0,1,0,0
-36.89479304,174.6791973,Auckland,2018,property_damage,50,TRUE,straight,,fine,,daylight,giveway_sign,0,0,0,0,1,0,0,0,0,0,0,0,1,0,0,0,0,1,0,0
-41.09999977,174.844854,Porirua City,2018,property_damage,50,TRUE,curved_view_open,,rain,,daylight,,0,0,0,0,1,0,0,0,0,0,0,0,1,0,0,0,0,1,0,0
-37.68358639,176.1689066,Tauranga City,2018,property_damage,50,FALSE,straight,,fine,,daylight,,0,0,0,0,1,0,0,0,0,0,0,0,1,0,0,0,0,1,0,0
-43.51365586,172.6573385,Christchurch City,2018,property_damage,50,FALSE,straight,,fine,,daylight,,0,0,0,0,1,0,0,0,0,0,0,0,1,0,0,0,0,1,0,0
-43.56496404,172.7210294,Christchurch City,2018,property_damage,50,FALSE,curved_view_open,,fine,,daylight,,0,0,0,0,1,0,0,0,0,0,0,0,1,0,0,0,0,1,0,0
-37.81164827,175.2784883,Hamilton City,2018,property_damage,50,FALSE,straight,,,,darkness_not_lit,,0,0,0,0,1,0,0,0,0,0,0,0,1,0,0,0,0,1,0,0
-37.79072462,175.2965363,Hamilton City,2018,property_damage,50,FALSE,straight,,fine,,daylight,,0,0,0,0,1,0,0,0,0,0,0,0,1,0,0,0,0,1,0,0
-36.92822862,174.8493562,Auckland,2018,property_damage,100,FALSE,straight,,rain,,darkness_not_lit,,0,0,0,0,1,0,0,0,0,0,0,0,1,0,0,0,0,1,0,0
-40.8937181,174.981056,Kapiti Coast District,2018,property_damage,30,FALSE,straight,,fine,,daylight,,0,0,0,0,1,0,0,0,0,0,0,0,1,0,0,0,0,1,0,0
-45.03335304,168.6571405,Queenstown-Lakes District,2018,property_damage,50,FALSE,straight,,fine,,darkness_not_lit,,0,0,0,0,1,0,0,0,0,0,0,0,1,0,0,0,0,1,0,0
-39.94233048,174.9950012,Wanganui District,2018,property_damage,50,FALSE,straight,,fine,,daylight,,0,0,0,0,1,0,0,0,0,0,0,0,1,0,0,0,0,1,0,0
-36.86807807,174.7691879,Auckland,2018,property_damage,80,FALSE,straight,,rain,,daylight,,0,0,0,0,1,0,0,0,0,0,0,0,1,0,0,0,0,1,0,0
-36.85406007,174.7461746,Auckland,2018,property_damage,40,FALSE,straight,,fine,,daylight,,0,0,0,0,1,0,0,0,0,0,0,0,1,0,0,0,0,1,0,0
-41.32392883,174.766277,Wellington City,2018,property_damage,50,FALSE,curved_view_open,,rain,,dawn_dusk,,0,0,0,0,1,0,0,0,0,0,0,0,1,0,0,0,0,1,0,0
-41.1334004,174.8798745,Porirua City,2018,property_damage,50,FALSE,straight,,fine,,daylight,,0,0,0,0,1,0,0,0,0,0,0,0,1,0,0,0,0,1,0,0
-36.63257194,174.7636757,Auckland,2018,property_damage,50,TRUE,straight,,fine,,darkness_not_lit,giveway_sign,0,0,0,0,1,0,0,0,0,0,0,0,1,0,0,0,0,1,0,0
-36.92342488,174.8723434,Auckland,2018,property_damage,50,FALSE,curved_view_open,,rain,,darkness_not_lit,,0,0,0,0,1,0,0,0,0,0,0,0,1,0,0,0,0,1,0,0
-36.86051624,174.8345429,Auckland,2018,property_damage,50,FALSE,curved_view_open,,fine,,darkness_not_lit,,0,0,0,0,1,0,0,0,0,0,0,0,1,0,0,0,0,1,0,0
-37.05477747,174.9590969,Auckland,2018,property_damage,50,FALSE,straight,,fine,,darkness_not_lit,,0,0,0,0,1,0,0,0,0,0,0,0,1,0,0,0,0,1,0,0
-41.3092056,174.7625227,Wellington City,2018,property_damage,50,FALSE,straight,,fine,,dawn_dusk,,0,0,0,0,1,0,0,0,0,0,0,0,1,0,0,0,0,1,0,0
-36.8449992,174.7616018,Auckland,2018,minor_injury,50,FALSE,straight,,fine,,darkness_not_lit,,1,0,0,1,1,0,0,0,0,0,0,0,1,0,0,0,0,1,0,0
-44.40898944,171.2490177,Timaru District,2018,minor_injury,50,TRUE,straight,,fine,,dawn_dusk,stop_sign,1,0,0,1,1,0,0,0,0,0,0,0,1,0,0,0,0,1,0,0
-40.73653271,175.1870326,Kapiti Coast District,2018,minor_injury,100,TRUE,straight,,fine,,darkness_not_lit,stop_sign,2,0,0,2,1,0,0,0,0,0,0,0,1,0,0,0,0,1,0,0
-39.04292771,177.6836589,Wairoa District,2018,serious_injury,100,FALSE,curved_view_open,,fine,,darkness_not_lit,,4,0,2,2,1,0,0,0,0,0,0,0,1,0,0,0,0,1,0,0
-38.99040769,175.7935705,Taupo District,2018,property_damage,50,TRUE,straight,,fine,,darkness_not_lit,stop_sign,0,0,0,0,1,0,0,0,0,0,0,0,0,0,0,0,0,4,0,0
-38.01526306,175.3586215,Waipa District,2018,property_damage,100,TRUE,curved_view_open,,rain,,darkness_not_lit,giveway_sign,0,0,0,0,1,0,0,0,0,0,0,0,0,0,0,0,0,4,0,0
-41.50913871,173.9932829,Marlborough District,2018,property_damage,100,TRUE,curved_view_open,,fine,,darkness_not_lit,giveway_sign,0,0,0,0,1,0,0,0,0,0,0,0,0,0,0,0,0,4,0,0
-45.86642039,170.489903,Dunedin City,2018,property_damage,50,FALSE,straight,,fine,,darkness_not_lit,,0,0,0,0,1,0,0,0,0,0,0,0,0,0,0,0,0,4,0,0
-43.49355205,172.7176479,Christchurch City,2018,property_damage,50,FALSE,curved_view_open,,fine,,darkness_not_lit,,0,0,0,0,1,0,0,0,0,0,0,0,0,0,0,0,0,4,0,0
-40.47850022,175.5080926,Horowhenua District,2018,property_damage,100,FALSE,straight,,fine,,daylight,,0,0,0,0,1,0,0,0,0,0,0,0,0,0,0,0,0,4,0,0
-37.74356352,175.2781915,Hamilton City,2018,property_damage,50,TRUE,straight,,rain,,darkness_not_lit,giveway_sign,0,0,0,0,1,0,0,0,0,0,0,0,0,0,0,0,0,4,0,0
-36.9527924,174.8229522,Auckland,2018,property_damage,60,FALSE,straight,,fine,,daylight,,0,0,0,0,1,0,0,0,0,0,0,0,0,0,0,0,0,4,0,0
-36.79599949,175.0838991,Auckland,2018,property_damage,50,FALSE,curved_view_open,,rain,,daylight,,0,0,0,0,1,0,0,0,0,0,0,0,0,0,0,0,0,4,0,0
-38.45215588,176.7025346,Whakatane District,2018,property_damage,50,FALSE,curved_view_open,,mist,,darkness_not_lit,,0,0,0,0,1,0,0,0,0,0,0,0,0,0,0,0,0,4,0,0
-39.67195418,176.87877,Hastings District,2018,property_damage,50,FALSE,curved_view_open,,fine,,daylight,,0,0,0,0,1,0,0,0,0,0,0,0,0,0,0,0,0,4,0,0
-46.31114658,168.7850876,Southland District,2018,minor_injury,50,FALSE,curved_view_open,,fine,,darkness_not_lit,,1,0,0,1,1,0,0,0,0,0,0,0,0,0,0,0,0,4,0,0
-43.32013436,172.5243573,Waimakariri District,2018,minor_injury,100,TRUE,straight,,fine,,daylight,stop_sign,1,0,0,1,1,0,0,0,0,0,0,0,0,0,0,0,0,4,0,0
-37.2932109,174.7924204,Waikato District,2018,minor_injury,100,TRUE,curved_view_open,,mist,,daylight,giveway_sign,1,0,0,1,1,0,0,0,0,0,0,0,0,0,0,0,0,4,0,0
-35.8274038,174.4481329,Whangarei District,2018,minor_injury,50,FALSE,straight,,fine,,darkness_not_lit,,1,0,0,1,1,0,0,0,0,0,0,0,0,0,0,0,0,4,0,0
-36.87863165,174.8612861,Auckland,2018,minor_injury,50,FALSE,curved_view_open,,rain,,darkness_not_lit,,1,0,0,1,1,0,0,0,0,0,0,0,0,0,0,0,0,4,0,0
-40.41701,175.7257883,Tararua District,2018,minor_injury,100,FALSE,curved_view_open,,fine,,daylight,,1,0,0,1,1,0,0,0,0,0,0,0,0,0,0,0,0,4,0,0
-37.00237129,174.8166625,Auckland,2018,minor_injury,60,FALSE,curved_view_open,,fine,,daylight,,1,0,0,1,1,0,0,0,0,0,0,0,0,0,0,0,0,4,0,0
-37.8591912,175.1921948,Waipa District,2018,minor_injury,100,FALSE,curved_view_open,,rain,,darkness_not_lit,,1,0,0,1,1,0,0,0,0,0,0,0,0,0,0,0,0,4,0,0
-39.85527342,174.9555277,Wanganui District,2018,minor_injury,100,FALSE,straight,,fine,,daylight,,1,0,0,1,1,0,0,0,0,0,0,0,0,0,0,0,0,4,0,0
-37.06759798,175.0552178,Auckland,2018,serious_injury,100,TRUE,curved_view_open,,fine,,daylight,,1,0,1,0,1,0,0,0,0,0,0,0,0,0,0,0,0,4,0,0
-41.09865494,174.836005,Porirua City,2018,serious_injury,50,FALSE,straight,,rain,,darkness_not_lit,,2,0,1,1,1,0,0,0,0,0,0,0,0,0,0,0,0,4,0,0
-39.50463739,176.8955157,Napier City,2018,serious_injury,50,FALSE,straight,,fine,,darkness_not_lit,,3,0,2,1,1,0,0,0,0,0,0,0,0,0,0,0,0,4,0,0
-36.90797314,174.885075,Auckland,2018,fatality,60,TRUE,straight,,rain,,darkness_not_lit,traffic_lights,2,2,0,0,1,0,0,0,0,0,0,0,0,0,0,0,0,4,0,0
-36.57687016,174.6913068,Auckland,2018,property_damage,50,FALSE,straight,,mist,,darkness_not_lit,,0,0,0,0,2,0,0,0,0,0,0,0,0,0,0,0,0,2,0,0
-37.03281577,174.9058185,Auckland,2018,property_damage,50,TRUE,straight,,fine,,darkness_not_lit,traffic_lights,0,0,0,0,2,0,0,0,0,0,0,0,0,0,0,0,0,2,0,0
-45.89769195,170.4830792,Dunedin City,2018,property_damage,50,TRUE,straight,,rain,,daylight,stop_sign,0,0,0,0,2,0,0,0,0,0,0,0,0,0,0,0,0,2,0,0
-36.85030604,174.7744644,Auckland,2018,property_damage,50,FALSE,curved_view_open,,,,darkness_not_lit,giveway_sign,0,0,0,0,2,0,0,0,0,0,0,0,0,0,0,0,0,2,0,0
-43.49795684,172.6618554,Christchurch City,2018,property_damage,50,TRUE,straight,,fine,,darkness_not_lit,,0,0,0,0,2,0,0,0,0,0,0,0,0,0,0,0,0,2,0,0
-43.48465544,172.5797803,Christchurch City,2018,property_damage,50,TRUE,straight,,fine,,darkness_not_lit,stop_sign,0,0,0,0,2,0,0,0,0,0,0,0,0,0,0,0,0,2,0,0
-40.61700455,175.2753426,Horowhenua District,2018,property_damage,50,TRUE,straight,,rain,,daylight,stop_sign,0,0,0,0,2,0,0,0,0,0,0,0,0,0,0,0,0,2,0,0
-37.01518626,174.8900474,Auckland,2018,property_damage,50,TRUE,straight,,rain,,darkness_not_lit,giveway_sign,0,0,0,0,2,0,0,0,0,0,0,0,0,0,0,0,0,2,0,0
-36.91038726,174.6521401,Auckland,2018,property_damage,50,TRUE,straight,,fine,,darkness_not_lit,traffic_lights,0,0,0,0,2,0,0,0,0,0,0,0,0,0,0,0,0,2,0,0
-36.85035126,174.7744543,Auckland,2018,property_damage,50,FALSE,curved_view_open,,rain,,daylight,,0,0,0,0,2,0,0,0,0,0,0,0,0,0,0,0,0,2,0,0
-36.93431254,174.9007237,Auckland,2018,property_damage,50,TRUE,straight,,fine,,daylight,,0,0,0,0,2,0,0,0,0,0,0,0,0,0,0,0,0,2,0,0
-41.18875777,174.9300581,Hutt City,2018,property_damage,50,FALSE,curved_view_open,,rain,,daylight,,0,0,0,0,2,0,0,0,0,0,0,0,0,0,0,0,0,2,0,0
-43.75507011,171.917462,Ashburton District,2018,property_damage,100,TRUE,straight,,fine,,daylight,stop_sign,0,0,0,0,2,0,0,0,0,0,0,0,0,0,0,0,0,2,0,0
-41.2898544,173.2676394,Nelson City,2018,property_damage,50,TRUE,straight,,fine,,daylight,giveway_sign,0,0,0,0,2,0,0,0,0,0,0,0,0,0,0,0,0,2,0,0
-46.41673285,168.3506167,Invercargill City,2018,property_damage,50,TRUE,straight,,fine,,daylight,giveway_sign,0,0,0,0,2,0,0,0,0,0,0,0,0,0,0,0,0,2,0,0
-46.41673285,168.3506167,Invercargill City,2018,property_damage,50,TRUE,straight,,fine,,daylight,giveway_sign,0,0,0,0,2,0,0,0,0,0,0,0,0,0,0,0,0,2,0,0
-37.79385559,175.2935558,Hamilton City,2018,property_damage,50,FALSE,straight,,fine,,daylight,,0,0,0,0,2,0,0,0,0,0,0,0,0,0,0,0,0,2,0,0
-36.88491539,174.6508168,Auckland,2018,property_damage,50,FALSE,curved_view_open,,fine,,daylight,,0,0,0,0,2,0,0,0,0,0,0,0,0,0,0,0,0,2,0,0
-36.92234612,174.79213,Auckland,2018,property_damage,50,TRUE,straight,,rain,,daylight,stop_sign,0,0,0,0,2,0,0,0,0,0,0,0,0,0,0,0,0,2,0,0
-38.01226486,177.2845189,Opotiki District,2018,property_damage,50,TRUE,straight,,fine,,darkness_not_lit,stop_sign,0,0,0,0,2,0,0,0,0,0,0,0,0,0,0,0,0,2,0,0
-40.94973839,175.6960019,Masterton District,2018,property_damage,100,TRUE,curved_view_open,,rain,,daylight,giveway_sign,0,0,0,0,2,0,0,0,0,0,0,0,0,0,0,0,0,2,0,0