latitude,longitude,local_government_area,year,severity,speed_limit,intersection,road_position_horizontal,road_wet,weather,crash_type,lighting,traffic_controls,casualties,fatalities,serious_injuries,minor_injuries,car_sedan,car_utility,car_van,car_4x4,car_station_wagon,motor_cycle,truck_small,truck_large,bus,taxi,bicycle,scooter,pedestrian,inanimate,train,tram
-36.85338658,174.7231552,Auckland,2018,property_damage,50,TRUE,straight,,rain,,daylight,,0,0,0,0,2,0,0,0,0,0,0,0,0,0,0,0,0,2,0,0
-40.34452644,175.6447447,Palmerston North City,2018,property_damage,50,FALSE,curved_view_open,,fine,,darkness_not_lit,,0,0,0,0,2,0,0,0,0,0,0,0,0,0,0,0,0,2,0,0
-37.02948208,174.8677835,Auckland,2018,property_damage,50,TRUE,straight,,fine,,daylight,giveway_sign,0,0,0,0,2,0,0,0,0,0,0,0,0,0,0,0,0,2,0,0
-37.02948208,174.8677835,Auckland,2018,property_damage,50,TRUE,straight,,fine,,daylight,giveway_sign,0,0,0,0,2,0,0,0,0,0,0,0,0,0,0,0,0,2,0,0
-37.61873993,175.5058818,Matamata-Piako District,2018,property_damage,100,TRUE,straight,,rain,,darkness_not_lit,,0,0,0,0,2,0,0,0,0,0,0,0,0,0,0,0,0,2,0,0
-43.53535244,172.662154,Christchurch City,2018,property_damage,50,TRUE,straight,,rain,,darkness_not_lit,,0,0,0,0,2,0,0,0,0,0,0,0,0,0,0,0,0,2,0,0
-38.655705,178.0277854,Gisborne District,2018,property_damage,50,TRUE,curved_view_open,,fine,,daylight,giveway_sign,0,0,0,0,2,0,0,0,0,0,0,0,0,0,0,0,0,2,0,0
-37.05710357,174.9677596,Auckland,2018,property_damage,50,FALSE,curved_view_open,,fine,,darkness_not_lit,,0,0,0,0,2,0,0,0,0,0,0,0,0,0,0,0,0,2,0,0
-40.75246858,175.1389197,Kapiti Coast District,2018,property_damage,30,FALSE,straight,,fine,,daylight,,0,0,0,0,2,0,0,0,0,0,0,0,0,0,0,0,0,2,0,0
-36.98236759,174.866833,Auckland,2018,property_damage,50,FALSE,straight,,fine,,darkness_not_lit,,0,0,0,0,2,0,0,0,0,0,0,0,0,0,0,0,0,2,0,0
-36.95420027,174.9049241,Auckland,2018,property_damage,80,TRUE,straight,,fine,,darkness_not_lit,traffic_lights,0,0,0,0,2,0,0,0,0,0,0,0,0,0,0,0,0,2,0,0
-37.68600869,176.2587885,Tauranga City,2018,property_damage,60,FALSE,straight,,rain,,darkness_not_lit,,0,0,0,0,2,0,0,0,0,0,0,0,0,0,0,0,0,2,0,0
-37.69730426,176.2848295,Tauranga City,2018,property_damage,50,TRUE,straight,,fine,,darkness_not_lit,giveway_sign,0,0,0,0,2,0,0,0,0,0,0,0,0,0,0,0,0,2,0,0
-36.86773523,174.6345395,Auckland,2018,property_damage,50,FALSE,straight,,fine,,daylight,,0,0,0,0,2,0,0,0,0,0,0,0,0,0,0,0,0,2,0,0
-41.29865286,173.2442882,Nelson City,2018,property_damage,50,TRUE,curved_view_open,,fine,,daylight,giveway_sign,0,0,0,0,2,0,0,0,0,0,0,0,0,0,0,0,0,2,0,0
-36.89793194,174.6980639,Auckland,2018,property_damage,50,FALSE,straight,,fine,,daylight,,0,0,0,0,2,0,0,0,0,0,0,0,0,0,0,0,0,2,0,0
-36.85353993,174.611356,Auckland,2018,property_damage,50,FALSE,straight,,rain,,darkness_not_lit,,0,0,0,0,2,0,0,0,0,0,0,0,0,0,0,0,0,2,0,0
-36.75699504,174.7194502,Auckland,2018,property_damage,50,TRUE,straight,,fine,,daylight,giveway_sign,0,0,0,0,2,0,0,0,0,0,0,0,0,0,0,0,0,2,0,0
-45.90947229,170.4952856,Dunedin City,2018,property_damage,50,FALSE,straight,,fine,,daylight,,0,0,0,0,2,0,0,0,0,0,0,0,0,0,0,0,0,2,0,0
-36.87192556,174.8750567,Auckland,2018,property_damage,50,TRUE,straight,,fine,,daylight,,0,0,0,0,2,0,0,0,0,0,0,0,0,0,0,0,0,2,0,0
-45.881815,170.4712829,Dunedin City,2018,property_damage,50,FALSE,straight,,fine,,darkness_not_lit,,0,0,0,0,2,0,0,0,0,0,0,0,0,0,0,0,0,2,0,0
-41.13475178,174.8793055,Porirua City,2018,property_damage,50,FALSE,curved_view_open,,fine,,darkness_not_lit,,0,0,0,0,2,0,0,0,0,0,0,0,0,0,0,0,0,2,0,0
-36.93021916,174.9376149,Auckland,2018,property_damage,80,FALSE,curved_view_open,,rain,,daylight,,0,0,0,0,2,0,0,0,0,0,0,0,0,0,0,0,0,2,0,0
-36.88365799,174.7103932,Auckland,2018,property_damage,50,FALSE,straight,,fine,,daylight,,0,0,0,0,2,0,0,0,0,0,0,0,0,0,0,0,0,2,0,0
-43.47513277,172.6114372,Christchurch City,2018,property_damage,50,FALSE,straight,,rain,,daylight,,0,0,0,0,2,0,0,0,0,0,0,0,0,0,0,0,0,2,0,0
-36.84346594,174.6210584,Auckland,2018,property_damage,50,FALSE,curved_view_open,,fine,,daylight,,0,0,0,0,2,0,0,0,0,0,0,0,0,0,0,0,0,2,0,0
-36.90162438,174.7589749,Auckland,2018,property_damage,50,FALSE,curved_view_open,,rain,,darkness_not_lit,,0,0,0,0,2,0,0,0,0,0,0,0,0,0,0,0,0,2,0,0
-38.68672965,178.0547529,Gisborne District,2018,property_damage,70,FALSE,curved_view_open,,fine,,daylight,,0,0,0,0,2,0,0,0,0,0,0,0,0,0,0,0,0,2,0,0
-45.89793754,170.3913471,Dunedin City,2018,property_damage,50,FALSE,straight,,fine,,darkness_not_lit,,0,0,0,0,2,0,0,0,0,0,0,0,0,0,0,0,0,2,0,0
-36.80715033,174.6236664,Auckland,2018,property_damage,100,FALSE,straight,,rain,,daylight,,0,0,0,0,2,0,0,0,0,0,0,0,0,0,0,0,0,2,0,0
-36.96171107,174.793659,Auckland,2018,property_damage,50,FALSE,straight,,fine,,daylight,,0,0,0,0,2,0,0,0,0,0,0,0,0,0,0,0,0,2,0,0
-37.77534853,175.2818349,Hamilton City,2018,property_damage,50,FALSE,straight,,fine,,darkness_not_lit,,0,0,0,0,2,0,0,0,0,0,0,0,0,0,0,0,0,2,0,0
-37.78669238,175.2627672,Hamilton City,2018,property_damage,50,FALSE,straight,,fine,,daylight,,0,0,0,0,2,0,0,0,0,0,0,0,0,0,0,0,0,2,0,0
-36.72131629,174.744407,Auckland,2018,property_damage,50,FALSE,straight,,fine,,daylight,,0,0,0,0,2,0,0,0,0,0,0,0,0,0,0,0,0,2,0,0
-40.37157319,175.579532,Palmerston North City,2018,property_damage,50,FALSE,straight,,fine,,daylight,,0,0,0,0,2,0,0,0,0,0,0,0,0,0,0,0,0,2,0,0
-37.38004533,175.1012792,Waikato District,2018,property_damage,100,FALSE,straight,,fine,,darkness_not_lit,,0,0,0,0,2,0,0,0,0,0,0,0,0,0,0,0,0,2,0,0
-36.94431566,174.8934825,Auckland,2018,property_damage,60,FALSE,straight,,fine,,daylight,,0,0,0,0,2,0,0,0,0,0,0,0,0,0,0,0,0,2,0,0
-39.88509341,174.9013647,Wanganui District,2018,property_damage,30,TRUE,straight,,fine,,darkness_not_lit,,0,0,0,0,2,0,0,0,0,0,0,0,0,0,0,0,0,2,0,0
-44.05181962,171.4043874,Timaru District,2018,property_damage,100,FALSE,straight,,fine,,daylight,,0,0,0,0,2,0,0,0,0,0,0,0,0,0,0,0,0,2,0,0
-37.2136708,174.9062128,Auckland,2018,property_damage,50,FALSE,straight,,rain,,dawn_dusk,,0,0,0,0,2,0,0,0,0,0,0,0,0,0,0,0,0,2,0,0
-39.51096323,176.8916603,Napier City,2018,property_damage,50,FALSE,straight,,fine,,daylight,,0,0,0,0,2,0,0,0,0,0,0,0,0,0,0,0,0,2,0,0
-40.17248972,175.3877753,Rangitikei District,2018,property_damage,50,FALSE,straight,,rain,,darkness_not_lit,,0,0,0,0,2,0,0,0,0,0,0,0,0,0,0,0,0,2,0,0
-43.56569459,172.5899533,Christchurch City,2018,property_damage,50,FALSE,curved_view_open,,mist,,dawn_dusk,,0,0,0,0,2,0,0,0,0,0,0,0,0,0,0,0,0,2,0,0
-36.93615205,174.9208336,Auckland,2018,property_damage,50,FALSE,curved_view_open,,fine,,daylight,,0,0,0,0,2,0,0,0,0,0,0,0,0,0,0,0,0,2,0,0
-36.89337323,174.8810014,Auckland,2018,property_damage,50,FALSE,curved_view_open,,fine,,dawn_dusk,,0,0,0,0,2,0,0,0,0,0,0,0,0,0,0,0,0,2,0,0
-37.48590256,175.6095098,Matamata-Piako District,2018,property_damage,100,FALSE,straight,,fine,,daylight,,0,0,0,0,2,0,0,0,0,0,0,0,0,0,0,0,0,2,0,0
-43.53355123,172.5497131,Christchurch City,2018,property_damage,50,FALSE,straight,,fine,,darkness_not_lit,,0,0,0,0,2,0,0,0,0,0,0,0,0,0,0,0,0,2,0,0
-36.86753824,174.8438198,Auckland,2018,property_damage,50,FALSE,straight,,fine,,daylight,,0,0,0,0,2,0,0,0,0,0,0,0,0,0,0,0,0,2,0,0
-36.95942558,174.6420349,Auckland,2018,property_damage,50,FALSE,curved_view_open,,rain,,daylight,,0,0,0,0,2,0,0,0,0,0,0,0,0,0,0,0,0,2,0,0
-36.85479873,174.8100561,Auckland,2018,property_damage,50,FALSE,straight,,fine,,darkness_not_lit,,0,0,0,0,2,0,0,0,0,0,0,0,0,0,0,0,0,2,0,0
-41.29483316,174.7664351,Wellington City,2018,property_damage,50,FALSE,straight,,fine,,daylight,giveway_sign,0,0,0,0,2,0,0,0,0,0,0,0,0,0,0,0,0,2,0,0
-43.56278592,172.6078283,Christchurch City,2018,property_damage,50,FALSE,straight,,fine,,darkness_not_lit,,0,0,0,0,2,0,0,0,0,0,0,0,0,0,0,0,0,2,0,0
-45.01549805,169.2078493,Central Otago District,2018,property_damage,100,FALSE,straight,,fine,,daylight,,0,0,0,0,2,0,0,0,0,0,0,0,0,0,0,0,0,2,0,0
-36.719935,174.7197881,Auckland,2018,property_damage,50,FALSE,curved_view_open,,fine,,darkness_not_lit,,0,0,0,0,2,0,0,0,0,0,0,0,0,0,0,0,0,2,0,0
-37.19915754,174.9030197,Auckland,2018,property_damage,20,FALSE,straight,,fine,,daylight,,0,0,0,0,2,0,0,0,0,0,0,0,0,0,0,0,0,2,0,0
-45.86224296,170.4804547,Dunedin City,2018,property_damage,50,TRUE,straight,,snow,,daylight,giveway_sign,0,0,0,0,2,0,0,0,0,0,0,0,0,0,0,0,0,2,0,0
-36.89318512,174.8036346,Auckland,2018,property_damage,100,FALSE,straight,,rain,,darkness_not_lit,,0,0,0,0,2,0,0,0,0,0,0,0,0,0,0,0,0,2,0,0
-36.96084016,174.9274289,Auckland,2018,property_damage,50,TRUE,straight,,fine,,darkness_not_lit,giveway_sign,0,0,0,0,2,0,0,0,0,0,0,0,0,0,0,0,0,2,0,0
-41.13901427,174.8708845,Porirua City,2018,property_damage,50,FALSE,straight,,fine,,darkness_not_lit,,0,0,0,0,2,0,0,0,0,0,0,0,0,0,0,0,0,2,0,0
-36.88705273,174.8221618,Auckland,2018,property_damage,50,FALSE,straight,,fine,,darkness_not_lit,,0,0,0,0,2,0,0,0,0,0,0,0,0,0,0,0,0,2,0,0
-36.91710816,174.7052917,Auckland,2018,property_damage,50,FALSE,straight,,fine,,darkness_not_lit,,0,0,0,0,2,0,0,0,0,0,0,0,0,0,0,0,0,2,0,0
-41.13437549,174.8819396,Porirua City,2018,property_damage,50,FALSE,curved_view_open,,fine,,darkness_not_lit,,0,0,0,0,2,0,0,0,0,0,0,0,0,0,0,0,0,2,0,0
-39.50533024,176.9172145,Napier City,2018,property_damage,50,FALSE,straight,,mist,,daylight,,0,0,0,0,2,0,0,0,0,0,0,0,0,0,0,0,0,2,0,0
-36.85382421,174.7826998,Auckland,2018,property_damage,50,FALSE,straight,,mist,,darkness_not_lit,,0,0,0,0,2,0,0,0,0,0,0,0,0,0,0,0,0,2,0,0
-37.80394083,175.2762979,Hamilton City,2018,property_damage,50,FALSE,curved_view_open,,rain,,darkness_not_lit,,0,0,0,0,2,0,0,0,0,0,0,0,0,0,0,0,0,2,0,0
-37.19734097,175.5523707,Hauraki District,2018,property_damage,100,FALSE,curved_view_open,,fine,,daylight,,0,0,0,0,2,0,0,0,0,0,0,0,0,0,0,0,0,2,0,0
-36.85796972,174.6223182,Auckland,2018,property_damage,50,FALSE,straight,,fine,,dawn_dusk,,0,0,0,0,2,0,0,0,0,0,0,0,0,0,0,0,0,2,0,0
-43.51727172,172.5955275,Christchurch City,2018,property_damage,50,FALSE,straight,,fine,,darkness_not_lit,,0,0,0,0,2,0,0,0,0,0,0,0,0,0,0,0,0,2,0,0
-36.81219715,174.714261,Auckland,2018,property_damage,50,FALSE,straight,,fine,,darkness_not_lit,,0,0,0,0,2,0,0,0,0,0,0,0,0,0,0,0,0,2,0,0
-45.09231728,170.9782968,Waitaki District,2018,property_damage,50,FALSE,straight,,fine,,daylight,,0,0,0,0,2,0,0,0,0,0,0,0,0,0,0,0,0,2,0,0
-39.94214966,176.5890244,Central Hawkes Bay District,2018,property_damage,50,FALSE,straight,,fine,,daylight,,0,0,0,0,2,0,0,0,0,0,0,0,0,0,0,0,0,2,0,0
-45.90245465,170.4847719,Dunedin City,2018,property_damage,50,FALSE,straight,,fine,,darkness_not_lit,,0,0,0,0,2,0,0,0,0,0,0,0,0,0,0,0,0,2,0,0
-36.91445391,174.7385371,Auckland,2018,property_damage,50,FALSE,straight,,rain,,darkness_not_lit,stop_sign,0,0,0,0,2,0,0,0,0,0,0,0,0,0,0,0,0,2,0,0
-45.92536203,170.4023653,Dunedin City,2018,property_damage,50,TRUE,straight,,fine,,darkness_not_lit,,0,0,0,0,2,0,0,0,0,0,0,0,0,0,0,0,0,2,0,0
-37.77410037,175.2374521,Hamilton City,2018,property_damage,50,FALSE,straight,,rain,,darkness_not_lit,,0,0,0,0,2,0,0,0,0,0,0,0,0,0,0,0,0,2,0,0
-36.84558042,174.6147105,Auckland,2018,property_damage,50,FALSE,curved_view_open,,fine,,darkness_not_lit,,0,0,0,0,2,0,0,0,0,0,0,0,0,0,0,0,0,2,0,0
-37.04530888,174.8683624,Auckland,2018,property_damage,50,FALSE,curved_view_open,,rain,,darkness_not_lit,,0,0,0,0,2,0,0,0,0,0,0,0,0,0,0,0,0,2,0,0
-46.10884082,168.9261433,Gore District,2018,property_damage,50,TRUE,straight,,fine,,darkness_not_lit,,0,0,0,0,2,0,0,0,0,0,0,0,0,0,0,0,0,2,0,0
-36.75264631,174.7184907,Auckland,2018,property_damage,80,FALSE,straight,,rain,,daylight,,0,0,0,0,2,0,0,0,0,0,0,0,0,0,0,0,0,2,0,0
-36.93794619,174.9235846,Auckland,2018,property_damage,50,TRUE,curved_view_open,,fine,,darkness_not_lit,,0,0,0,0,2,0,0,0,0,0,0,0,0,0,0,0,0,2,0,0
-40.9635711,175.6369293,Masterton District,2018,property_damage,50,TRUE,curved_view_open,,fine,,darkness_not_lit,,0,0,0,0,2,0,0,0,0,0,0,0,0,0,0,0,0,2,0,0
-45.86982338,170.454961,Dunedin City,2018,property_damage,50,FALSE,straight,,fine,,darkness_not_lit,,0,0,0,0,2,0,0,0,0,0,0,0,0,0,0,0,0,2,0,0
-36.90297182,174.8957709,Auckland,2018,property_damage,60,FALSE,straight,,rain,,darkness_not_lit,,0,0,0,0,2,0,0,0,0,0,0,0,0,0,0,0,0,2,0,0
-41.3403028,174.7856025,Wellington City,2018,property_damage,50,FALSE,straight,,fine,,darkness_not_lit,,0,0,0,0,2,0,0,0,0,0,0,0,0,0,0,0,0,2,0,0
-41.32075969,174.798749,Wellington City,2018,property_damage,50,FALSE,straight,,fine,,daylight,,0,0,0,0,2,0,0,0,0,0,0,0,0,0,0,0,0,2,0,0
-36.9172311,174.8019559,Auckland,2018,property_damage,50,FALSE,straight,,fine,,daylight,,0,0,0,0,2,0,0,0,0,0,0,0,0,0,0,0,0,2,0,0
-41.11993575,174.8698302,Porirua City,2018,property_damage,50,FALSE,straight,,fine,,darkness_not_lit,,0,0,0,0,2,0,0,0,0,0,0,0,0,0,0,0,0,2,0,0
-42.88499091,172.7405714,Hurunui District,2018,property_damage,100,FALSE,curved_view_open,,mist,,darkness_not_lit,,0,0,0,0,2,0,0,0,0,0,0,0,0,0,0,0,0,2,0,0
-46.11889881,169.9595126,Clutha District,2018,property_damage,50,FALSE,straight,,fine,,darkness_not_lit,,0,0,0,0,2,0,0,0,0,0,0,0,0,0,0,0,0,2,0,0
-41.16973023,174.8316111,Wellington City,2018,property_damage,100,FALSE,curved_view_open,,fine,,daylight,,0,0,0,0,2,0,0,0,0,0,0,0,0,0,0,0,0,2,0,0
-41.28990031,174.8975096,Hutt City,2018,property_damage,50,TRUE,curved_view_open,,fine,,darkness_not_lit,,0,0,0,0,2,0,0,0,0,0,0,0,0,0,0,0,0,2,0,0
-36.92478268,174.8558965,Auckland,2018,property_damage,50,FALSE,straight,,fine,,darkness_not_lit,,0,0,0,0,2,0,0,0,0,0,0,0,0,0,0,0,0,2,0,0
-36.76949067,174.7273479,Auckland,2018,property_damage,50,FALSE,straight,,rain,,darkness_not_lit,,0,0,0,0,2,0,0,0,0,0,0,0,0,0,0,0,0,2,0,0
-37.85629827,175.3099924,Waipa District,2018,property_damage,80,FALSE,straight,,fine,,daylight,,0,0,0,0,2,0,0,0,0,0,0,0,0,0,0,0,0,2,0,0
-41.27694445,174.9521161,Hutt City,2018,property_damage,50,TRUE,straight,,fine,,darkness_not_lit,,0,0,0,0,2,0,0,0,0,0,0,0,0,0,0,0,0,2,0,0
-45.89554367,170.4828025,Dunedin City,2018,property_damage,50,FALSE,straight,,rain,,darkness_not_lit,,0,0,0,0,2,0,0,0,0,0,0,0,0,0,0,0,0,2,0,0
-38.14354016,176.2036297,Rotorua District,2018,property_damage,50,FALSE,straight,,fine,,darkness_not_lit,,0,0,0,0,2,0,0,0,0,0,0,0,0,0,0,0,0,2,0,0
-37.73589429,176.1593043,Tauranga City,2018,property_damage,50,FALSE,curved_view_open,,fine,,darkness_not_lit,,0,0,0,0,2,0,0,0,0,0,0,0,0,0,0,0,0,2,0,0
-36.91763828,174.7328059,Auckland,2018,property_damage,50,TRUE,straight,,fine,,darkness_not_lit,,0,0,0,0,2,0,0,0,0,0,0,0,0,0,0,0,0,2,0,0
-36.35033202,174.3033264,Auckland,2018,property_damage,50,FALSE,curved_view_open,,fine,,darkness_not_lit,,0,0,0,0,2,0,0,0,0,0,0,0,0,0,0,0,0,2,0,0
-38.69550291,176.0872609,Taupo District,2018,property_damage,50,FALSE,straight,,fine,,darkness_not_lit,,0,0,0,0,2,0,0,0,0,0,0,0,0,0,0,0,0,2,0,0
-39.70967104,176.9304432,Hastings District,2018,property_damage,100,FALSE,straight,,rain,,daylight,,0,0,0,0,2,0,0,0,0,0,0,0,0,0,0,0,0,2,0,0
-36.90772033,174.7587782,Auckland,2018,property_damage,50,FALSE,straight,,fine,,daylight,,0,0,0,0,2,0,0,0,0,0,0,0,0,0,0,0,0,2,0,0
-36.88246191,174.8022715,Auckland,2018,property_damage,50,FALSE,straight,,fine,,darkness_not_lit,,0,0,0,0,2,0,0,0,0,0,0,0,0,0,0,0,0,2,0,0
-37.04321482,174.9348846,Auckland,2018,property_damage,50,TRUE,straight,,rain,,darkness_not_lit,,0,0,0,0,2,0,0,0,0,0,0,0,0,0,0,0,0,2,0,0
-40.29315758,175.9516786,Tararua District,2018,property_damage,100,FALSE,curved_view_open,,rain,,daylight,,0,0,0,0,2,0,0,0,0,0,0,0,0,0,0,0,0,2,0,0
-45.03690288,168.6494316,Queenstown-Lakes District,2018,property_damage,50,FALSE,curved_view_open,,fine,,daylight,,0,0,0,0,2,0,0,0,0,0,0,0,0,0,0,0,0,2,0,0
-36.98310768,174.8616044,Auckland,2018,property_damage,50,FALSE,straight,,fine,,daylight,,0,0,0,0,2,0,0,0,0,0,0,0,0,0,0,0,0,2,0,0
-37.54111417,175.9092901,Western Bay Of Plenty District,2018,property_damage,100,FALSE,straight,,fine,,daylight,,0,0,0,0,2,0,0,0,0,0,0,0,0,0,0,0,0,2,0,0
-41.28354072,174.777964,Wellington City,2018,property_damage,50,FALSE,straight,,fine,,daylight,,0,0,0,0,2,0,0,0,0,0,0,0,0,0,0,0,0,2,0,0
-39.88295112,175.6732984,Rangitikei District,2018,property_damage,100,FALSE,curved_view_open,,fine,,daylight,,0,0,0,0,2,0,0,0,0,0,0,0,0,0,0,0,0,2,0,0
-41.27542844,173.2656939,Nelson City,2018,property_damage,50,FALSE,straight,,fine,,daylight,,0,0,0,0,2,0,0,0,0,0,0,0,0,0,0,0,0,2,0,0
-44.3775696,171.2239456,Timaru District,2018,property_damage,50,FALSE,straight,,fine,,darkness_not_lit,,0,0,0,0,2,0,0,0,0,0,0,0,0,0,0,0,0,2,0,0
-41.22141501,174.8047558,Wellington City,2018,property_damage,50,FALSE,straight,,fine,,daylight,,0,0,0,0,2,0,0,0,0,0,0,0,0,0,0,0,0,2,0,0
-36.89867513,174.839429,Auckland,2018,property_damage,50,FALSE,straight,,fine,,darkness_not_lit,,0,0,0,0,2,0,0,0,0,0,0,0,0,0,0,0,0,2,0,0
-39.02740187,177.425922,Wairoa District,2018,property_damage,100,FALSE,straight,,fine,,darkness_not_lit,,0,0,0,0,2,0,0,0,0,0,0,0,0,0,0,0,0,2,0,0
-37.09090068,174.9421383,Auckland,2018,property_damage,50,FALSE,straight,,fine,,darkness_not_lit,,0,0,0,0,2,0,0,0,0,0,0,0,0,0,0,0,0,2,0,0
-40.36030739,175.6293709,Palmerston North City,2018,property_damage,50,FALSE,curved_view_open,,fine,,daylight,,0,0,0,0,2,0,0,0,0,0,0,0,0,0,0,0,0,2,0,0
-43.5147898,172.6986933,Christchurch City,2018,property_damage,50,FALSE,straight,,fine,,darkness_not_lit,,0,0,0,0,2,0,0,0,0,0,0,0,0,0,0,0,0,2,0,0
-43.5468489,172.5825175,Christchurch City,2018,property_damage,100,FALSE,curved_view_open,,fine,,darkness_not_lit,,0,0,0,0,2,0,0,0,0,0,0,0,0,0,0,0,0,2,0,0
-37.03725956,174.8752594,Auckland,2018,property_damage,50,FALSE,straight,,fine,,darkness_not_lit,,0,0,0,0,2,0,0,0,0,0,0,0,0,0,0,0,0,2,0,0
-36.85650321,174.7897611,Auckland,2018,property_damage,50,FALSE,straight,,,,darkness_not_lit,,0,0,0,0,2,0,0,0,0,0,0,0,0,0,0,0,0,2,0,0
-41.2246218,174.8768426,Hutt City,2018,property_damage,50,FALSE,straight,,fine,,daylight,,0,0,0,0,2,0,0,0,0,0,0,0,0,0,0,0,0,2,0,0
-36.50208006,174.6670575,Auckland,2018,property_damage,100,FALSE,straight,,fine,,darkness_not_lit,,0,0,0,0,2,0,0,0,0,0,0,0,0,0,0,0,0,2,0,0
-45.90889216,170.4734439,Dunedin City,2018,property_damage,50,FALSE,curved_view_open,,fine,,darkness_not_lit,,0,0,0,0,2,0,0,0,0,0,0,0,0,0,0,0,0,2,0,0
-46.38716222,168.3665053,Invercargill City,2018,property_damage,50,FALSE,straight,,fine,,daylight,,0,0,0,0,2,0,0,0,0,0,0,0,0,0,0,0,0,2,0,0
-38.01702084,175.3287673,Waipa District,2018,property_damage,50,FALSE,straight,,fine,,darkness_not_lit,,0,0,0,0,2,0,0,0,0,0,0,0,0,0,0,0,0,2,0,0
-41.14308931,174.8667704,Porirua City,2018,property_damage,50,TRUE,straight,,fine,,daylight,,0,0,0,0,2,0,0,0,0,0,0,0,0,0,0,0,0,2,0,0
-45.24767413,169.3918648,Central Otago District,2018,property_damage,50,TRUE,curved_view_open,,rain,,darkness_not_lit,giveway_sign,0,0,0,0,2,0,0,0,0,0,0,0,0,0,0,0,0,2,0,0
-36.89510144,174.7937482,Auckland,2018,property_damage,50,FALSE,straight,,rain,,daylight,,0,0,0,0,2,0,0,0,0,0,0,0,0,0,0,0,0,2,0,0
-39.92563903,175.0491023,Wanganui District,2018,property_damage,50,TRUE,straight,,fine,,daylight,giveway_sign,0,0,0,0,2,0,0,0,0,0,0,0,0,0,0,0,0,2,0,0
-38.07547815,176.2137166,Rotorua District,2018,property_damage,50,FALSE,straight,,fine,,darkness_not_lit,,0,0,0,0,2,0,0,0,0,0,0,0,0,0,0,0,0,2,0,0
-43.51244195,172.5675125,Christchurch City,2018,property_damage,50,FALSE,straight,,rain,,dawn_dusk,,0,0,0,0,2,0,0,0,0,0,0,0,0,0,0,0,0,2,0,0
-37.24540523,174.7208592,Auckland,2018,property_damage,50,FALSE,straight,,fine,,darkness_not_lit,,0,0,0,0,2,0,0,0,0,0,0,0,0,0,0,0,0,2,0,0
-41.14510944,174.8671732,Porirua City,2018,property_damage,50,FALSE,curved_view_open,,fine,,daylight,,0,0,0,0,2,0,0,0,0,0,0,0,0,0,0,0,0,2,0,0
-36.98449071,174.8393814,Auckland,2018,property_damage,50,FALSE,straight,,rain,,daylight,,0,0,0,0,2,0,0,0,0,0,0,0,0,0,0,0,0,2,0,0
-41.31865124,174.7638883,Wellington City,2018,property_damage,50,FALSE,straight,,fine,,dawn_dusk,,0,0,0,0,2,0,0,0,0,0,0,0,0,0,0,0,0,2,0,0
-37.01322404,174.9168492,Auckland,2018,property_damage,50,FALSE,curved_view_open,,fine,,daylight,,0,0,0,0,2,0,0,0,0,0,0,0,0,0,0,0,0,2,0,0
-37.16104815,174.9839762,Auckland,2018,property_damage,100,FALSE,straight,,fine,,darkness_not_lit,,0,0,0,0,2,0,0,0,0,0,0,0,0,0,0,0,0,2,0,0
-43.51638892,172.6872776,Christchurch City,2018,property_damage,50,FALSE,straight,,fine,,darkness_not_lit,,0,0,0,0,2,0,0,0,0,0,0,0,0,0,0,0,0,2,0,0
-37.0240106,174.8911428,Auckland,2018,property_damage,50,FALSE,straight,,fine,,darkness_not_lit,,0,0,0,0,2,0,0,0,0,0,0,0,0,0,0,0,0,2,0,0
-36.91190071,174.675363,Auckland,2018,minor_injury,50,TRUE,straight,,rain,,darkness_not_lit,traffic_lights,1,0,0,1,2,0,0,0,0,0,0,0,0,0,0,0,0,2,0,0
-36.84909946,174.7695467,Auckland,2018,minor_injury,50,FALSE,straight,,fine,,daylight,,1,0,0,1,2,0,0,0,0,0,0,0,0,0,0,0,0,2,0,0
-42.71815981,170.963772,Westland District,2018,minor_injury,50,TRUE,straight,,fine,,darkness_not_lit,giveway_sign,1,0,0,1,2,0,0,0,0,0,0,0,0,0,0,0,0,2,0,0
-40.3826085,175.5871502,Palmerston North City,2018,minor_injury,50,TRUE,curved_view_open,,fine,,darkness_not_lit,,1,0,0,1,2,0,0,0,0,0,0,0,0,0,0,0,0,2,0,0
-46.42234299,168.3537703,Invercargill City,2018,minor_injury,50,TRUE,straight,,fine,,dawn_dusk,giveway_sign,1,0,0,1,2,0,0,0,0,0,0,0,0,0,0,0,0,2,0,0
-42.48523845,171.1821631,Grey District,2018,minor_injury,70,TRUE,straight,,fine,,daylight,giveway_sign,1,0,0,1,2,0,0,0,0,0,0,0,0,0,0,0,0,2,0,0
-36.80965844,174.7431813,Auckland,2018,minor_injury,50,FALSE,straight,,fine,,darkness_not_lit,,1,0,0,1,2,0,0,0,0,0,0,0,0,0,0,0,0,2,0,0
-37.05225945,174.9571206,Auckland,2018,minor_injury,50,TRUE,straight,,rain,,darkness_not_lit,stop_sign,1,0,0,1,2,0,0,0,0,0,0,0,0,0,0,0,0,2,0,0
-36.97667996,174.8805566,Auckland,2018,minor_injury,100,FALSE,straight,,fine,,daylight,,1,0,0,1,2,0,0,0,0,0,0,0,0,0,0,0,0,2,0,0
-46.24133068,169.7309834,Clutha District,2018,minor_injury,50,TRUE,straight,,fine,,daylight,giveway_sign,1,0,0,1,2,0,0,0,0,0,0,0,0,0,0,0,0,2,0,0
-41.12795001,174.8301625,Porirua City,2018,minor_injury,50,TRUE,curved_view_open,,fine,,daylight,giveway_sign,1,0,0,1,2,0,0,0,0,0,0,0,0,0,0,0,0,2,0,0