latitude,longitude,local_government_area,year,severity,speed_limit,intersection,road_position_horizontal,road_wet,weather,crash_type,lighting,traffic_controls,casualties,fatalities,serious_injuries,minor_injuries,car_sedan,car_utility,car_van,car_4x4,car_station_wagon,motor_cycle,truck_small,truck_large,bus,taxi,bicycle,scooter,pedestrian,inanimate,train,tram
-37.65296109,175.2424814,Waikato District,2018,minor_injury,100,TRUE,straight,,fine,,daylight,giveway_sign,1,0,0,1,2,0,0,0,0,0,0,0,0,0,0,0,0,2,0,0
-37.70041201,176.1310123,Tauranga City,2018,minor_injury,50,FALSE,straight,,fine,,dawn_dusk,,1,0,0,1,2,0,0,0,0,0,0,0,0,0,0,0,0,2,0,0
-36.97815562,174.8509012,Auckland,2018,minor_injury,50,FALSE,straight,,fine,,dawn_dusk,,1,0,0,1,2,0,0,0,0,0,0,0,0,0,0,0,0,2,0,0
-37.99881154,175.8947064,South Waikato District,2018,minor_injury,100,TRUE,curved_view_open,,rain,,daylight,,1,0,0,1,2,0,0,0,0,0,0,0,0,0,0,0,0,2,0,0
-41.27040951,173.2702463,Nelson City,2018,minor_injury,50,FALSE,straight,,fine,,darkness_not_lit,,1,0,0,1,2,0,0,0,0,0,0,0,0,0,0,0,0,2,0,0
-39.6467324,176.8382713,Hastings District,2018,minor_injury,50,TRUE,straight,,fine,,daylight,giveway_sign,1,0,0,1,2,0,0,0,0,0,0,0,0,0,0,0,0,2,0,0
-36.87781377,174.8542204,Auckland,2018,minor_injury,50,TRUE,straight,,fine,,daylight,giveway_sign,1,0,0,1,2,0,0,0,0,0,0,0,0,0,0,0,0,2,0,0
-39.02910958,174.1472378,New Plymouth District,2018,minor_injury,50,FALSE,straight,,fine,,daylight,,1,0,0,1,2,0,0,0,0,0,0,0,0,0,0,0,0,2,0,0
-36.74943707,174.7377518,Auckland,2018,minor_injury,50,FALSE,curved_view_open,,fine,,darkness_not_lit,,1,0,0,1,2,0,0,0,0,0,0,0,0,0,0,0,0,2,0,0
-37.71319229,176.1389793,Tauranga City,2018,minor_injury,50,FALSE,straight,,fine,,darkness_not_lit,,1,0,0,1,2,0,0,0,0,0,0,0,0,0,0,0,0,2,0,0
-36.8614024,174.7882377,Auckland,2018,minor_injury,50,FALSE,curved_view_open,,rain,,daylight,stop_sign,1,0,0,1,2,0,0,0,0,0,0,0,0,0,0,0,0,2,0,0
-36.97192919,174.857142,Auckland,2018,minor_injury,50,FALSE,straight,,fine,,daylight,,1,0,0,1,2,0,0,0,0,0,0,0,0,0,0,0,0,2,0,0
-37.04550593,174.890057,Auckland,2018,minor_injury,50,FALSE,straight,,fine,,daylight,,1,0,0,1,2,0,0,0,0,0,0,0,0,0,0,0,0,2,0,0
-36.74016101,174.7173386,Auckland,2018,minor_injury,50,FALSE,straight,,fine,,daylight,,1,0,0,1,2,0,0,0,0,0,0,0,0,0,0,0,0,2,0,0
-38.69269771,176.0839791,Taupo District,2018,minor_injury,50,FALSE,straight,,fine,,daylight,,1,0,0,1,2,0,0,0,0,0,0,0,0,0,0,0,0,2,0,0
-36.95200859,174.8381281,Auckland,2018,minor_injury,50,FALSE,curved_view_open,,fine,,daylight,,1,0,0,1,2,0,0,0,0,0,0,0,0,0,0,0,0,2,0,0
-44.11346796,171.3112921,Timaru District,2018,minor_injury,100,FALSE,straight,,fine,,darkness_not_lit,,1,0,0,1,2,0,0,0,0,0,0,0,0,0,0,0,0,2,0,0
-37.96986005,177.0521137,Whakatane District,2018,minor_injury,50,FALSE,straight,,fine,,daylight,,1,0,0,1,2,0,0,0,0,0,0,0,0,0,0,0,0,2,0,0
-36.79982884,174.7379708,Auckland,2018,minor_injury,50,FALSE,straight,,rain,,darkness_not_lit,,1,0,0,1,2,0,0,0,0,0,0,0,0,0,0,0,0,2,0,0
-39.08463692,174.0868131,New Plymouth District,2018,minor_injury,50,FALSE,straight,,fine,,daylight,,1,0,0,1,2,0,0,0,0,0,0,0,0,0,0,0,0,2,0,0
-36.77072756,174.7420416,Auckland,2018,minor_injury,100,FALSE,straight,,fine,,daylight,,1,0,0,1,2,0,0,0,0,0,0,0,0,0,0,0,0,2,0,0
-36.8746632,174.7364454,Auckland,2018,minor_injury,50,FALSE,straight,,,,daylight,,1,0,0,1,2,0,0,0,0,0,0,0,0,0,0,0,0,2,0,0
-37.9279001,175.2264302,Waipa District,2018,minor_injury,100,FALSE,curved_view_open,,fine,,daylight,,1,0,0,1,2,0,0,0,0,0,0,0,0,0,0,0,0,2,0,0
-36.85351822,174.6235476,Auckland,2018,minor_injury,50,FALSE,curved_view_open,,fine,,darkness_not_lit,,1,0,0,1,2,0,0,0,0,0,0,0,0,0,0,0,0,2,0,0
-37.0260143,174.8659224,Auckland,2018,minor_injury,50,FALSE,straight,,fine,,darkness_not_lit,,1,0,0,1,2,0,0,0,0,0,0,0,0,0,0,0,0,2,0,0
-43.34227363,172.6660025,Waimakariri District,2018,minor_injury,100,FALSE,straight,,rain,,dawn_dusk,,1,0,0,1,2,0,0,0,0,0,0,0,0,0,0,0,0,2,0,0
-36.99583943,174.8812756,Auckland,2018,minor_injury,100,FALSE,straight,,fine,,darkness_not_lit,,1,0,0,1,2,0,0,0,0,0,0,0,0,0,0,0,0,2,0,0
-41.31417552,174.7906593,Wellington City,2018,minor_injury,50,FALSE,curved_view_open,,fine,,darkness_not_lit,,1,0,0,1,2,0,0,0,0,0,0,0,0,0,0,0,0,2,0,0
-46.40157258,168.3461436,Invercargill City,2018,minor_injury,50,FALSE,straight,,fine,,daylight,,1,0,0,1,2,0,0,0,0,0,0,0,0,0,0,0,0,2,0,0
-36.92452597,174.6426444,Auckland,2018,minor_injury,50,FALSE,curved_view_open,,fine,,darkness_not_lit,,1,0,0,1,2,0,0,0,0,0,0,0,0,0,0,0,0,2,0,0
-36.91527438,174.7224365,Auckland,2018,minor_injury,50,FALSE,straight,,rain,,daylight,,1,0,0,1,2,0,0,0,0,0,0,0,0,0,0,0,0,2,0,0
-38.14564465,176.2369196,Rotorua District,2018,minor_injury,50,FALSE,straight,,,,daylight,,1,0,0,1,2,0,0,0,0,0,0,0,0,0,0,0,0,2,0,0
-36.92184209,174.7558807,Auckland,2018,minor_injury,50,FALSE,straight,,fine,,daylight,,1,0,0,1,2,0,0,0,0,0,0,0,0,0,0,0,0,2,0,0
-36.42392091,174.7271329,Auckland,2018,minor_injury,10,FALSE,straight,,fine,,daylight,,1,0,0,1,2,0,0,0,0,0,0,0,0,0,0,0,0,2,0,0
-37.76975133,175.2832862,Hamilton City,2018,minor_injury,40,TRUE,straight,,fine,,darkness_not_lit,giveway_sign,1,0,0,1,2,0,0,0,0,0,0,0,0,0,0,0,0,2,0,0
-37.73200052,176.1266144,Tauranga City,2018,minor_injury,50,FALSE,straight,,fine,,darkness_not_lit,,1,0,0,1,2,0,0,0,0,0,0,0,0,0,0,0,0,2,0,0
-43.48013919,172.583311,Christchurch City,2018,minor_injury,50,FALSE,straight,,fine,,darkness_not_lit,,1,0,0,1,2,0,0,0,0,0,0,0,0,0,0,0,0,2,0,0
-37.06091847,174.9616278,Auckland,2018,minor_injury,50,FALSE,straight,,fine,,daylight,,1,0,0,1,2,0,0,0,0,0,0,0,0,0,0,0,0,2,0,0
-37.03766868,174.8584276,Auckland,2018,minor_injury,50,FALSE,straight,,fine,,darkness_not_lit,,1,0,0,1,2,0,0,0,0,0,0,0,0,0,0,0,0,2,0,0
-41.28430826,174.759082,Wellington City,2018,minor_injury,50,FALSE,straight,,fine,,darkness_not_lit,,1,0,0,1,2,0,0,0,0,0,0,0,0,0,0,0,0,2,0,0
-36.61578931,174.6781238,Auckland,2018,minor_injury,50,TRUE,straight,,fine,,darkness_not_lit,giveway_sign,1,0,0,1,2,0,0,0,0,0,0,0,0,0,0,0,0,2,0,0
-40.9183521,175.0051253,Kapiti Coast District,2018,minor_injury,10,FALSE,straight,,,,daylight,,1,0,0,1,2,0,0,0,0,0,0,0,0,0,0,0,0,2,0,0
-36.90769826,174.73083,Auckland,2018,minor_injury,100,FALSE,straight,,fine,,daylight,,1,0,0,1,2,0,0,0,0,0,0,0,0,0,0,0,0,2,0,0
-41.11017811,173.0034302,Tasman District,2018,serious_injury,50,TRUE,straight,,fine,,darkness_not_lit,giveway_sign,1,0,1,0,2,0,0,0,0,0,0,0,0,0,0,0,0,2,0,0
-41.10652003,175.0806487,Upper Hutt City,2018,serious_injury,50,FALSE,curved_view_open,,rain,,darkness_not_lit,,1,0,1,0,2,0,0,0,0,0,0,0,0,0,0,0,0,2,0,0
-36.83196799,174.613516,Auckland,2018,serious_injury,10,FALSE,straight,,fine,,darkness_not_lit,,1,0,1,0,2,0,0,0,0,0,0,0,0,0,0,0,0,2,0,0
-36.7519204,174.7138259,Auckland,2018,serious_injury,50,FALSE,straight,,fine,,darkness_not_lit,,1,0,1,0,2,0,0,0,0,0,0,0,0,0,0,0,0,2,0,0
-36.96954082,174.8766179,Auckland,2018,serious_injury,50,FALSE,curved_view_open,,fine,,darkness_not_lit,,1,0,1,0,2,0,0,0,0,0,0,0,0,0,0,0,0,2,0,0
-36.94333266,174.8969055,Auckland,2018,minor_injury,60,TRUE,straight,,fine,,darkness_not_lit,giveway_sign,2,0,0,2,2,0,0,0,0,0,0,0,0,0,0,0,0,2,0,0
-43.51340768,172.632509,Christchurch City,2018,minor_injury,50,TRUE,straight,,rain,,daylight,stop_sign,2,0,0,2,2,0,0,0,0,0,0,0,0,0,0,0,0,2,0,0
-36.90388063,174.7231119,Auckland,2018,minor_injury,50,TRUE,straight,,fine,,daylight,traffic_lights,2,0,0,2,2,0,0,0,0,0,0,0,0,0,0,0,0,2,0,0
-40.35435358,175.6214274,Palmerston North City,2018,minor_injury,50,FALSE,straight,,fine,,darkness_not_lit,,2,0,0,2,2,0,0,0,0,0,0,0,0,0,0,0,0,2,0,0
-36.88915863,174.6496738,Auckland,2018,minor_injury,50,FALSE,curved_view_open,,fine,,daylight,,2,0,0,2,2,0,0,0,0,0,0,0,0,0,0,0,0,2,0,0
-36.08027123,174.4283909,Whangarei District,2018,minor_injury,80,FALSE,straight,,fine,,daylight,,2,0,0,2,2,0,0,0,0,0,0,0,0,0,0,0,0,2,0,0
-43.41029676,172.6490413,Waimakariri District,2018,minor_injury,80,FALSE,straight,,fine,,daylight,,2,0,0,2,2,0,0,0,0,0,0,0,0,0,0,0,0,2,0,0
-36.77949332,174.74726,Auckland,2018,minor_injury,100,FALSE,straight,,fine,,darkness_not_lit,,4,0,0,4,2,0,0,0,0,0,0,0,0,0,0,0,0,2,0,0
-41.13887909,175.0283664,Upper Hutt City,2018,minor_injury,50,FALSE,straight,,rain,,daylight,,3,0,0,3,2,0,0,0,0,0,0,0,0,0,0,0,0,2,0,0
-41.11655134,174.8383499,Porirua City,2018,minor_injury,50,FALSE,curved_view_open,,fine,,daylight,,3,0,0,3,2,0,0,0,0,0,0,0,0,0,0,0,0,2,0,0
-36.85988232,174.6109283,Auckland,2018,minor_injury,50,TRUE,straight,,fine,,daylight,,3,0,0,3,2,0,0,0,0,0,0,0,0,0,0,0,0,2,0,0
-35.77251292,174.3094509,Whangarei District,2018,fatality,100,FALSE,straight,,fine,,daylight,,2,1,1,0,2,0,0,0,0,0,0,0,0,0,0,0,0,2,0,0
-39.01355457,174.224557,New Plymouth District,2018,fatality,100,FALSE,straight,,rain,,daylight,,2,1,1,0,2,0,0,0,0,0,0,0,0,0,0,0,0,2,0,0
-36.89956212,174.8519522,Auckland,2018,serious_injury,50,FALSE,straight,,fine,,daylight,,2,0,1,1,2,0,0,0,0,0,0,0,0,0,0,0,0,2,0,0
-42.75745211,171.5572948,Westland District,2018,serious_injury,100,FALSE,straight,,fine,,dawn_dusk,,3,0,1,2,2,0,0,0,0,0,0,0,0,0,0,0,0,2,0,0
-36.91189026,174.9078782,Auckland,2018,serious_injury,60,TRUE,straight,,fine,,darkness_not_lit,giveway_sign,5,0,1,4,2,0,0,0,0,0,0,0,0,0,0,0,0,2,0,0
-36.98632648,174.8430547,Auckland,2018,serious_injury,50,TRUE,straight,,fine,,daylight,,5,0,3,2,2,0,0,0,0,0,0,0,0,0,0,0,0,2,0,0
-36.98632648,174.8430547,Auckland,2018,serious_injury,50,TRUE,straight,,fine,,daylight,,5,0,3,2,2,0,0,0,0,0,0,0,0,0,0,0,0,2,0,0
-43.56721617,172.6933302,Christchurch City,2018,fatality,100,FALSE,straight,,fine,,dawn_dusk,,5,1,1,3,2,0,0,0,0,0,0,0,0,0,0,0,0,2,0,0
-36.88516199,174.7384224,Auckland,2018,property_damage,50,TRUE,straight,,,,daylight,giveway_sign,0,0,0,0,1,0,0,0,0,1,0,0,0,0,0,0,0,1,0,0
-36.88516199,174.7384224,Auckland,2018,property_damage,50,TRUE,straight,,,,daylight,giveway_sign,0,0,0,0,1,0,0,0,0,1,0,0,0,0,0,0,0,1,0,0
-36.85841774,174.7635923,Auckland,2018,property_damage,50,TRUE,straight,,rain,,daylight,traffic_lights,0,0,0,0,1,0,0,0,0,1,0,0,0,0,0,0,0,1,0,0
-36.85841774,174.7635923,Auckland,2018,property_damage,50,TRUE,straight,,rain,,daylight,traffic_lights,0,0,0,0,1,0,0,0,0,1,0,0,0,0,0,0,0,1,0,0
-41.29042962,174.7739832,Wellington City,2018,property_damage,50,FALSE,straight,,fine,,daylight,,0,0,0,0,1,0,0,0,0,1,0,0,0,0,0,0,0,1,0,0
-36.92010979,174.7850167,Auckland,2018,property_damage,50,FALSE,straight,,fine,,daylight,,0,0,0,0,1,0,0,0,0,1,0,0,0,0,0,0,0,1,0,0
-41.27975145,174.7795327,Wellington City,2018,property_damage,50,FALSE,straight,,fine,,daylight,,0,0,0,0,1,0,0,0,0,1,0,0,0,0,0,0,0,1,0,0
-36.78944615,174.7354388,Auckland,2018,property_damage,50,FALSE,straight,,fine,,darkness_not_lit,,0,0,0,0,1,0,0,0,0,1,0,0,0,0,0,0,0,1,0,0
-36.86524162,174.7774572,Auckland,2018,property_damage,50,FALSE,straight,,fine,,daylight,,0,0,0,0,1,0,0,0,0,1,0,0,0,0,0,0,0,1,0,0
-36.95225441,174.8536207,Auckland,2018,property_damage,50,FALSE,straight,,fine,,darkness_not_lit,,0,0,0,0,1,0,0,0,0,1,0,0,0,0,0,0,0,1,0,0
-36.86779964,174.7733546,Auckland,2018,property_damage,60,TRUE,straight,,fine,,daylight,,0,0,0,0,1,0,0,0,0,1,0,0,0,0,0,0,0,1,0,0
-36.99500278,174.8697712,Auckland,2018,property_damage,40,FALSE,straight,,fine,,darkness_not_lit,,0,0,0,0,1,0,0,0,0,1,0,0,0,0,0,0,0,1,0,0
-36.89794922,174.9071718,Auckland,2018,property_damage,60,FALSE,straight,,rain,,daylight,,0,0,0,0,1,0,0,0,0,1,0,0,0,0,0,0,0,1,0,0
-41.28292191,174.7772068,Wellington City,2018,minor_injury,50,TRUE,straight,,fine,,daylight,traffic_lights,1,0,0,1,1,0,0,0,0,1,0,0,0,0,0,0,0,1,0,0
-45.90995199,170.4933557,Dunedin City,2018,minor_injury,50,TRUE,straight,,fine,,daylight,giveway_sign,1,0,0,1,1,0,0,0,0,1,0,0,0,0,0,0,0,1,0,0
-39.06688149,174.0706819,New Plymouth District,2018,minor_injury,50,FALSE,straight,,fine,,daylight,,1,0,0,1,1,0,0,0,0,1,0,0,0,0,0,0,0,1,0,0
-43.52049891,172.6542806,Christchurch City,2018,minor_injury,50,FALSE,curved_view_open,,fine,,darkness_not_lit,,1,0,0,1,1,0,0,0,0,1,0,0,0,0,0,0,0,1,0,0
-37.01663608,174.918205,Auckland,2018,minor_injury,50,TRUE,straight,,rain,,daylight,,1,0,0,1,1,0,0,0,0,1,0,0,0,0,0,0,0,1,0,0
-37.03011354,174.904031,Auckland,2018,serious_injury,50,FALSE,straight,,fine,,daylight,,1,0,1,0,1,0,0,0,0,1,0,0,0,0,0,0,0,1,0,0
-36.85280696,174.6509671,Auckland,2018,serious_injury,50,TRUE,straight,,fine,,daylight,traffic_lights,1,0,1,0,1,0,0,0,0,1,0,0,0,0,0,0,0,1,0,0
-36.83956957,175.697495,Thames-Coromandel District,2018,serious_injury,50,TRUE,straight,,fine,,darkness_not_lit,giveway_sign,1,0,1,0,1,0,0,0,0,1,0,0,0,0,0,0,0,1,0,0
-43.54079585,172.6668767,Christchurch City,2018,fatality,60,TRUE,straight,,fine,,dawn_dusk,,2,1,1,0,1,0,0,0,0,1,0,0,0,0,0,0,0,1,0,0
-36.88516199,174.7384224,Auckland,2018,property_damage,50,TRUE,curved_view_open,,rain,,daylight,traffic_lights,0,0,0,0,0,0,0,1,0,0,0,1,0,0,0,0,0,0,0,0
-36.88516199,174.7384224,Auckland,2018,property_damage,50,TRUE,curved_view_open,,rain,,daylight,traffic_lights,0,0,0,0,0,0,0,1,0,0,0,1,0,0,0,0,0,0,0,0
-36.91522305,174.8464267,Auckland,2018,property_damage,50,TRUE,straight,,fine,,darkness_not_lit,giveway_sign,0,0,0,0,0,0,0,1,0,0,0,1,0,0,0,0,0,0,0,0
-39.47727739,175.6683865,Ruapehu District,2018,property_damage,70,TRUE,straight,,fine,,darkness_not_lit,giveway_sign,0,0,0,0,0,0,0,1,0,0,0,1,0,0,0,0,0,0,0,0
-43.39982074,172.0328001,Selwyn District,2018,property_damage,100,TRUE,straight,,fine,,daylight,giveway_sign,0,0,0,0,0,0,0,1,0,0,0,1,0,0,0,0,0,0,0,0
-36.77223558,174.7430841,Auckland,2018,property_damage,100,FALSE,straight,,fine,,dawn_dusk,,0,0,0,0,0,0,0,1,0,0,0,1,0,0,0,0,0,0,0,0
-35.72568631,174.3193312,Whangarei District,2018,property_damage,50,TRUE,straight,,fine,,daylight,traffic_lights,0,0,0,0,0,0,0,1,0,0,0,1,0,0,0,0,0,0,0,0
-43.53929265,172.5723087,Christchurch City,2018,property_damage,60,FALSE,straight,,fine,,daylight,,0,0,0,0,0,0,0,1,0,0,0,1,0,0,0,0,0,0,0,0
-44.3560057,171.2383373,Timaru District,2018,property_damage,50,TRUE,straight,,rain,,darkness_not_lit,stop_sign,0,0,0,0,0,0,0,1,0,0,0,1,0,0,0,0,0,0,0,0
-38.14449164,176.2470216,Rotorua District,2018,property_damage,50,TRUE,straight,,rain,,daylight,giveway_sign,0,0,0,0,0,0,0,1,0,0,0,1,0,0,0,0,0,0,0,0
-36.7694881,174.4888599,Auckland,2018,property_damage,70,TRUE,straight,,fine,,daylight,,0,0,0,0,0,0,0,1,0,0,0,1,0,0,0,0,0,0,0,0
-43.52083073,172.6280342,Christchurch City,2018,property_damage,50,TRUE,straight,,fine,,daylight,traffic_lights,0,0,0,0,0,0,0,1,0,0,0,1,0,0,0,0,0,0,0,0
-36.90678932,174.6786072,Auckland,2018,property_damage,50,TRUE,straight,,fine,,daylight,stop_sign,0,0,0,0,0,0,0,1,0,0,0,1,0,0,0,0,0,0,0,0
-36.95849307,174.8332075,Auckland,2018,property_damage,50,FALSE,straight,,rain,,daylight,,0,0,0,0,0,0,0,1,0,0,0,1,0,0,0,0,0,0,0,0
-37.73554735,176.1080104,Tauranga City,2018,property_damage,80,TRUE,curved_view_open,,fine,,daylight,giveway_sign,0,0,0,0,0,0,0,1,0,0,0,1,0,0,0,0,0,0,0,0
-37.66547974,176.2080771,Tauranga City,2018,property_damage,70,FALSE,curved_view_open,,fine,,darkness_not_lit,,0,0,0,0,0,0,0,1,0,0,0,1,0,0,0,0,0,0,0,0
-36.85201368,174.7547642,Auckland,2018,property_damage,80,FALSE,straight,,fine,,daylight,,0,0,0,0,0,0,0,1,0,0,0,1,0,0,0,0,0,0,0,0
-36.84012183,174.7439511,Auckland,2018,property_damage,80,FALSE,straight,,fine,,daylight,,0,0,0,0,0,0,0,1,0,0,0,1,0,0,0,0,0,0,0,0
-39.49525457,176.8957235,Napier City,2018,property_damage,50,TRUE,straight,,mist,,daylight,giveway_sign,0,0,0,0,0,0,0,1,0,0,0,1,0,0,0,0,0,0,0,0
-42.37971148,173.6808009,Kaikoura District,2018,property_damage,50,FALSE,straight,,fine,,daylight,,0,0,0,0,0,0,0,1,0,0,0,1,0,0,0,0,0,0,0,0
-42.44513086,171.3527151,Grey District,2018,property_damage,100,FALSE,straight,,rain,,daylight,,0,0,0,0,0,0,0,1,0,0,0,1,0,0,0,0,0,0,0,0
-37.05503976,174.9199138,Auckland,2018,property_damage,80,FALSE,straight,,fine,,daylight,,0,0,0,0,0,0,0,1,0,0,0,1,0,0,0,0,0,0,0,0
-36.96396854,174.9033592,Auckland,2018,property_damage,60,FALSE,straight,,fine,,daylight,,0,0,0,0,0,0,0,1,0,0,0,1,0,0,0,0,0,0,0,0
-43.89982498,171.7533672,Ashburton District,2018,property_damage,50,FALSE,straight,,fine,,daylight,,0,0,0,0,0,0,0,1,0,0,0,1,0,0,0,0,0,0,0,0
-38.0811993,175.6380629,South Waikato District,2018,property_damage,100,FALSE,curved_view_open,,fine,,daylight,,0,0,0,0,0,0,0,1,0,0,0,1,0,0,0,0,0,0,0,0
-42.59029857,172.4659218,Hurunui District,2018,property_damage,100,FALSE,straight,,fine,,darkness_not_lit,,0,0,0,0,0,0,0,1,0,0,0,1,0,0,0,0,0,0,0,0
-36.9554197,174.8500474,Auckland,2018,property_damage,50,FALSE,straight,,fine,,daylight,,0,0,0,0,0,0,0,1,0,0,0,1,0,0,0,0,0,0,0,0
-40.18493137,175.3868375,Rangitikei District,2018,property_damage,70,FALSE,straight,,rain,,daylight,,0,0,0,0,0,0,0,1,0,0,0,1,0,0,0,0,0,0,0,0
-37.71063997,175.1404733,Waikato District,2018,property_damage,100,FALSE,straight,,rain,,daylight,,0,0,0,0,0,0,0,1,0,0,0,1,0,0,0,0,0,0,0,0
-43.42119097,172.6486696,Christchurch City,2018,property_damage,100,FALSE,straight,,fine,,daylight,,0,0,0,0,0,0,0,1,0,0,0,1,0,0,0,0,0,0,0,0
-41.22938417,174.904957,Hutt City,2018,property_damage,50,FALSE,straight,,fine,,daylight,,0,0,0,0,0,0,0,1,0,0,0,1,0,0,0,0,0,0,0,0
-36.94813183,174.8118135,Auckland,2018,property_damage,60,FALSE,straight,,fine,,daylight,,0,0,0,0,0,0,0,1,0,0,0,1,0,0,0,0,0,0,0,0
-37.71047694,176.1874155,Tauranga City,2018,property_damage,100,FALSE,straight,,fine,,daylight,,0,0,0,0,0,0,0,1,0,0,0,1,0,0,0,0,0,0,0,0
-45.89266444,169.635768,Clutha District,2018,property_damage,80,FALSE,straight,,fine,,daylight,,0,0,0,0,0,0,0,1,0,0,0,1,0,0,0,0,0,0,0,0
-43.84449256,171.8383181,Ashburton District,2018,property_damage,100,FALSE,straight,,fine,,daylight,,0,0,0,0,0,0,0,1,0,0,0,1,0,0,0,0,0,0,0,0
-36.91776264,174.8395956,Auckland,2018,property_damage,50,FALSE,straight,,rain,,daylight,giveway_sign,0,0,0,0,0,0,0,1,0,0,0,1,0,0,0,0,0,0,0,0
-35.6719547,174.2984588,Whangarei District,2018,property_damage,60,TRUE,straight,,,,daylight,stop_sign,0,0,0,0,0,0,0,1,0,0,0,1,0,0,0,0,0,0,0,0
-36.8926175,174.8030265,Auckland,2018,property_damage,100,FALSE,straight,,fine,,daylight,,0,0,0,0,0,0,0,1,0,0,0,1,0,0,0,0,0,0,0,0
-37.65750037,175.5293664,Matamata-Piako District,2018,property_damage,50,TRUE,straight,,,,daylight,,0,0,0,0,0,0,0,1,0,0,0,1,0,0,0,0,0,0,0,0
-43.55612066,172.6761522,Christchurch City,2018,property_damage,50,FALSE,straight,,rain,,daylight,,0,0,0,0,0,0,0,1,0,0,0,1,0,0,0,0,0,0,0,0
-36.78909471,174.6577237,Auckland,2018,property_damage,80,FALSE,straight,,rain,,daylight,,0,0,0,0,0,0,0,1,0,0,0,1,0,0,0,0,0,0,0,0
-43.38841632,172.6404631,Waimakariri District,2018,property_damage,100,FALSE,straight,,mist,,daylight,,0,0,0,0,0,0,0,1,0,0,0,1,0,0,0,0,0,0,0,0
-43.68081848,172.1392236,Selwyn District,2018,property_damage,100,FALSE,straight,,fine,,daylight,,0,0,0,0,0,0,0,1,0,0,0,1,0,0,0,0,0,0,0,0
-36.91589489,174.8298074,Auckland,2018,property_damage,100,FALSE,straight,,fine,,darkness_not_lit,,0,0,0,0,0,0,0,1,0,0,0,1,0,0,0,0,0,0,0,0
-35.43710212,173.9038727,Far North District,2018,property_damage,100,FALSE,straight,,fine,,daylight,,0,0,0,0,0,0,0,1,0,0,0,1,0,0,0,0,0,0,0,0
-36.86938318,174.7177146,Auckland,2018,property_damage,100,FALSE,straight,,fine,,daylight,,0,0,0,0,0,0,0,1,0,0,0,1,0,0,0,0,0,0,0,0
-37.74257471,175.2295459,Hamilton City,2018,property_damage,100,FALSE,straight,,fine,,daylight,,0,0,0,0,0,0,0,1,0,0,0,1,0,0,0,0,0,0,0,0
-38.2620519,175.6015115,Otorohanga District,2018,property_damage,100,FALSE,straight,,rain,,daylight,,0,0,0,0,0,0,0,1,0,0,0,1,0,0,0,0,0,0,0,0
-36.88978363,174.6866844,Auckland,2018,property_damage,50,FALSE,straight,,fine,,daylight,,0,0,0,0,0,0,0,1,0,0,0,1,0,0,0,0,0,0,0,0
-41.30022058,173.2398267,Nelson City,2018,property_damage,70,FALSE,straight,,fine,,daylight,,0,0,0,0,0,0,0,1,0,0,0,1,0,0,0,0,0,0,0,0
-45.8925423,170.5088856,Dunedin City,2018,minor_injury,50,TRUE,straight,,fine,,daylight,giveway_sign,1,0,0,1,0,0,0,1,0,0,0,1,0,0,0,0,0,0,0,0
-45.04924829,169.184435,Central Otago District,2018,minor_injury,50,TRUE,straight,,fine,,daylight,stop_sign,1,0,0,1,0,0,0,1,0,0,0,1,0,0,0,0,0,0,0,0
-37.66171629,175.5176416,Matamata-Piako District,2018,minor_injury,50,TRUE,straight,,fine,,daylight,stop_sign,1,0,0,1,0,0,0,1,0,0,0,1,0,0,0,0,0,0,0,0
-41.52126728,173.9822383,Marlborough District,2018,minor_injury,80,FALSE,straight,,fine,,daylight,,1,0,0,1,0,0,0,1,0,0,0,1,0,0,0,0,0,0,0,0
-37.40157798,175.1831821,Waikato District,2018,minor_injury,100,FALSE,straight,,mist,,daylight,,1,0,0,1,0,0,0,1,0,0,0,1,0,0,0,0,0,0,0,0
-36.91178809,174.8574672,Auckland,2018,minor_injury,80,FALSE,straight,,fine,,daylight,,1,0,0,1,0,0,0,1,0,0,0,1,0,0,0,0,0,0,0,0
-37.66922893,176.1801174,Tauranga City,2018,minor_injury,70,FALSE,straight,,rain,,daylight,,1,0,0,1,0,0,0,1,0,0,0,1,0,0,0,0,0,0,0,0
-40.93900565,175.6284091,Masterton District,2018,minor_injury,50,TRUE,straight,,fine,,daylight,giveway_sign,1,0,0,1,0,0,0,1,0,0,0,1,0,0,0,0,0,0,0,0
-38.66660571,176.1020944,Taupo District,2018,minor_injury,100,TRUE,curved_view_open,,fine,,daylight,,2,0,0,2,0,0,0,1,0,0,0,1,0,0,0,0,0,0,0,0
-36.63464748,174.70155,Auckland,2018,minor_injury,80,FALSE,curved_view_open,,rain,,daylight,,4,0,0,4,0,0,0,1,0,0,0,1,0,0,0,0,0,0,0,0
-44.04268231,171.5425799,Ashburton District,2018,minor_injury,100,TRUE,straight,,fine,,daylight,giveway_sign,3,0,0,3,0,0,0,1,0,0,0,1,0,0,0,0,0,0,0,0
-37.61610618,175.1803222,Waikato District,2018,minor_injury,100,FALSE,straight,,rain,,darkness_not_lit,,3,0,0,3,0,0,0,1,0,0,0,1,0,0,0,0,0,0,0,0
-35.14186664,173.8823745,Far North District,2018,fatality,100,FALSE,straight,,fine,,daylight,,3,2,1,0,0,0,0,1,0,0,0,1,0,0,0,0,0,0,0,0
-36.77960698,174.7153051,Auckland,2018,property_damage,50,FALSE,curved_view_open,,fine,,daylight,,0,0,0,0,4,0,0,0,0,0,0,0,0,0,0,0,0,1,0,0
-36.9053249,174.7415062,Auckland,2018,property_damage,50,FALSE,straight,,fine,,dawn_dusk,,0,0,0,0,4,0,0,0,0,0,0,0,0,0,0,0,0,1,0,0