latitude,longitude,local_government_area,year,severity,speed_limit,intersection,road_position_horizontal,road_wet,weather,crash_type,lighting,traffic_controls,casualties,fatalities,serious_injuries,minor_injuries,car_sedan,car_utility,car_van,car_4x4,car_station_wagon,motor_cycle,truck_small,truck_large,bus,taxi,bicycle,scooter,pedestrian,inanimate,train,tram
-36.98298067,174.8489733,Auckland,2018,property_damage,50,TRUE,straight,,fine,,darkness_not_lit,,0,0,0,0,4,0,0,0,0,0,0,0,0,0,0,0,0,1,0,0
-41.11008754,173.011148,Tasman District,2018,property_damage,50,TRUE,straight,,rain,,darkness_not_lit,giveway_sign,0,0,0,0,4,0,0,0,0,0,0,0,0,0,0,0,0,1,0,0
-41.29768162,174.7680527,Wellington City,2018,property_damage,50,FALSE,curved_view_open,,fine,,darkness_not_lit,,0,0,0,0,4,0,0,0,0,0,0,0,0,0,0,0,0,1,0,0
-39.06142385,174.0781815,New Plymouth District,2018,property_damage,50,TRUE,straight,,rain,,daylight,giveway_sign,0,0,0,0,4,0,0,0,0,0,0,0,0,0,0,0,0,1,0,0
-37.683708,176.1700795,Tauranga City,2018,property_damage,50,FALSE,straight,,fine,,daylight,,0,0,0,0,4,0,0,0,0,0,0,0,0,0,0,0,0,1,0,0
-41.26981215,174.7798119,Wellington City,2018,property_damage,50,FALSE,straight,,fine,,darkness_not_lit,,0,0,0,0,4,0,0,0,0,0,0,0,0,0,0,0,0,1,0,0
-46.14239701,168.3245023,Southland District,2018,property_damage,50,TRUE,straight,,fine,,daylight,giveway_sign,0,0,0,0,4,0,0,0,0,0,0,0,0,0,0,0,0,1,0,0
-41.29784534,174.7679497,Wellington City,2018,property_damage,50,FALSE,straight,,fine,,daylight,,0,0,0,0,4,0,0,0,0,0,0,0,0,0,0,0,0,1,0,0
-36.91664526,174.737846,Auckland,2018,property_damage,50,FALSE,straight,,fine,,daylight,,0,0,0,0,4,0,0,0,0,0,0,0,0,0,0,0,0,1,0,0
-43.49286784,172.6025794,Christchurch City,2018,property_damage,50,TRUE,straight,,fine,,daylight,stop_sign,0,0,0,0,4,0,0,0,0,0,0,0,0,0,0,0,0,1,0,0
-36.8944352,174.8091516,Auckland,2018,property_damage,50,FALSE,straight,,fine,,darkness_not_lit,,0,0,0,0,4,0,0,0,0,0,0,0,0,0,0,0,0,1,0,0
-39.4991925,176.9141374,Napier City,2018,property_damage,50,FALSE,straight,,rain,,daylight,,0,0,0,0,4,0,0,0,0,0,0,0,0,0,0,0,0,1,0,0
-36.95705128,174.8838473,Auckland,2018,property_damage,50,FALSE,straight,,fine,,darkness_not_lit,,0,0,0,0,4,0,0,0,0,0,0,0,0,0,0,0,0,1,0,0
-43.5303491,172.5574964,Christchurch City,2018,property_damage,50,FALSE,straight,,fine,,darkness_not_lit,,0,0,0,0,4,0,0,0,0,0,0,0,0,0,0,0,0,1,0,0
-36.84030953,174.7446731,Auckland,2018,property_damage,80,FALSE,curved_view_open,,fine,,darkness_not_lit,,0,0,0,0,4,0,0,0,0,0,0,0,0,0,0,0,0,1,0,0
-36.87940078,174.7409957,Auckland,2018,property_damage,50,FALSE,straight,,fine,,darkness_not_lit,,0,0,0,0,4,0,0,0,0,0,0,0,0,0,0,0,0,1,0,0
-37.04741695,174.914763,Auckland,2018,property_damage,100,FALSE,straight,,fine,,daylight,,0,0,0,0,4,0,0,0,0,0,0,0,0,0,0,0,0,1,0,0
-43.5432152,172.6064945,Christchurch City,2018,minor_injury,50,FALSE,straight,,fine,,daylight,,1,0,0,1,4,0,0,0,0,0,0,0,0,0,0,0,0,1,0,0
-43.90665935,171.7443828,Ashburton District,2018,minor_injury,50,TRUE,straight,,fine,,daylight,giveway_sign,1,0,0,1,4,0,0,0,0,0,0,0,0,0,0,0,0,1,0,0
-36.98209474,174.8589508,Auckland,2018,minor_injury,50,FALSE,straight,,fine,,daylight,,1,0,0,1,4,0,0,0,0,0,0,0,0,0,0,0,0,1,0,0
-36.89167418,174.6234465,Auckland,2018,minor_injury,50,FALSE,straight,,fine,,daylight,,1,0,0,1,4,0,0,0,0,0,0,0,0,0,0,0,0,1,0,0
-36.70692577,174.7299091,Auckland,2018,minor_injury,50,FALSE,straight,,fine,,darkness_not_lit,,1,0,0,1,4,0,0,0,0,0,0,0,0,0,0,0,0,1,0,0
-36.8611453,174.7620061,Auckland,2018,property_damage,50,TRUE,straight,,rain,,daylight,traffic_lights,0,0,0,0,0,0,0,2,0,0,0,0,0,0,0,0,0,0,0,0
-36.95300538,174.7983513,Auckland,2018,property_damage,60,TRUE,straight,,rain,,daylight,giveway_sign,0,0,0,0,0,0,0,2,0,0,0,0,0,0,0,0,0,0,0,0
-36.95300538,174.7983513,Auckland,2018,property_damage,60,TRUE,straight,,rain,,daylight,giveway_sign,0,0,0,0,0,0,0,2,0,0,0,0,0,0,0,0,0,0,0,0
-36.84655236,174.7668749,Auckland,2018,property_damage,50,TRUE,straight,,,,daylight,,0,0,0,0,0,0,0,2,0,0,0,0,0,0,0,0,0,0,0,0
-36.85133858,174.6306684,Auckland,2018,property_damage,50,TRUE,straight,,fine,,daylight,giveway_sign,0,0,0,0,0,0,0,2,0,0,0,0,0,0,0,0,0,0,0,0
-36.92311265,174.7831221,Auckland,2018,property_damage,50,TRUE,straight,,fine,,daylight,traffic_lights,0,0,0,0,0,0,0,2,0,0,0,0,0,0,0,0,0,0,0,0
-36.91494745,174.8709463,Auckland,2018,property_damage,60,TRUE,straight,,fine,,daylight,traffic_lights,0,0,0,0,0,0,0,2,0,0,0,0,0,0,0,0,0,0,0,0
-36.84945619,174.7667735,Auckland,2018,property_damage,50,TRUE,straight,,fine,,daylight,traffic_lights,0,0,0,0,0,0,0,2,0,0,0,0,0,0,0,0,0,0,0,0
-43.5125903,172.5807495,Christchurch City,2018,property_damage,50,TRUE,straight,,fine,,darkness_not_lit,traffic_lights,0,0,0,0,0,0,0,2,0,0,0,0,0,0,0,0,0,0,0,0
-43.5125903,172.5807495,Christchurch City,2018,property_damage,50,TRUE,straight,,fine,,darkness_not_lit,traffic_lights,0,0,0,0,0,0,0,2,0,0,0,0,0,0,0,0,0,0,0,0
-43.50922183,172.6190991,Christchurch City,2018,property_damage,50,TRUE,straight,,rain,,daylight,traffic_lights,0,0,0,0,0,0,0,2,0,0,0,0,0,0,0,0,0,0,0,0
-37.79503584,175.2477705,Hamilton City,2018,property_damage,50,TRUE,curved_view_open,,rain,,daylight,giveway_sign,0,0,0,0,0,0,0,2,0,0,0,0,0,0,0,0,0,0,0,0
-37.79503584,175.2477705,Hamilton City,2018,property_damage,50,TRUE,curved_view_open,,rain,,daylight,giveway_sign,0,0,0,0,0,0,0,2,0,0,0,0,0,0,0,0,0,0,0,0
-46.40859237,168.3600415,Invercargill City,2018,property_damage,50,TRUE,straight,,rain,,daylight,giveway_sign,0,0,0,0,0,0,0,2,0,0,0,0,0,0,0,0,0,0,0,0
-45.87243113,170.5079036,Dunedin City,2018,property_damage,50,TRUE,straight,,fine,,daylight,traffic_lights,0,0,0,0,0,0,0,2,0,0,0,0,0,0,0,0,0,0,0,0
-41.20421853,174.8203004,Wellington City,2018,property_damage,50,TRUE,curved_view_open,,fine,,daylight,giveway_sign,0,0,0,0,0,0,0,2,0,0,0,0,0,0,0,0,0,0,0,0
-43.52576767,172.7206285,Christchurch City,2018,property_damage,70,TRUE,straight,,fine,,daylight,giveway_sign,0,0,0,0,0,0,0,2,0,0,0,0,0,0,0,0,0,0,0,0
-41.1318262,174.836763,Porirua City,2018,property_damage,70,TRUE,straight,,rain,,dawn_dusk,giveway_sign,0,0,0,0,0,0,0,2,0,0,0,0,0,0,0,0,0,0,0,0
-38.6872939,176.0777698,Taupo District,2018,property_damage,50,TRUE,straight,,fine,,daylight,stop_sign,0,0,0,0,0,0,0,2,0,0,0,0,0,0,0,0,0,0,0,0
-40.37091024,175.5858192,Palmerston North City,2018,property_damage,50,TRUE,curved_view_open,,fine,,dawn_dusk,,0,0,0,0,0,0,0,2,0,0,0,0,0,0,0,0,0,0,0,0
-41.22333648,174.9133351,Hutt City,2018,property_damage,50,TRUE,straight,,rain,,darkness_not_lit,traffic_lights,0,0,0,0,0,0,0,2,0,0,0,0,0,0,0,0,0,0,0,0
-41.22333648,174.9133351,Hutt City,2018,property_damage,50,TRUE,straight,,rain,,darkness_not_lit,traffic_lights,0,0,0,0,0,0,0,2,0,0,0,0,0,0,0,0,0,0,0,0
-43.48862371,172.5889663,Christchurch City,2018,property_damage,50,TRUE,straight,,fine,,daylight,giveway_sign,0,0,0,0,0,0,0,2,0,0,0,0,0,0,0,0,0,0,0,0
-43.53145412,172.5319941,Christchurch City,2018,property_damage,50,TRUE,straight,,rain,,darkness_not_lit,traffic_lights,0,0,0,0,0,0,0,2,0,0,0,0,0,0,0,0,0,0,0,0
-36.86843286,174.6051845,Auckland,2018,property_damage,50,TRUE,straight,,fine,,dawn_dusk,giveway_sign,0,0,0,0,0,0,0,2,0,0,0,0,0,0,0,0,0,0,0,0
-36.86843286,174.6051845,Auckland,2018,property_damage,50,TRUE,straight,,fine,,dawn_dusk,giveway_sign,0,0,0,0,0,0,0,2,0,0,0,0,0,0,0,0,0,0,0,0
-36.80683386,174.7587092,Auckland,2018,property_damage,100,FALSE,straight,,fine,,daylight,,0,0,0,0,0,0,0,2,0,0,0,0,0,0,0,0,0,0,0,0
-41.51496677,173.9603682,Marlborough District,2018,property_damage,50,TRUE,straight,,fine,,daylight,giveway_sign,0,0,0,0,0,0,0,2,0,0,0,0,0,0,0,0,0,0,0,0
-36.79327067,174.775546,Auckland,2018,property_damage,50,TRUE,straight,,fine,,daylight,traffic_lights,0,0,0,0,0,0,0,2,0,0,0,0,0,0,0,0,0,0,0,0
-45.86210072,170.3404237,Dunedin City,2018,property_damage,80,TRUE,straight,,rain,,daylight,giveway_sign,0,0,0,0,0,0,0,2,0,0,0,0,0,0,0,0,0,0,0,0
-43.53529322,172.6426735,Christchurch City,2018,property_damage,50,TRUE,straight,,fine,,daylight,traffic_lights,0,0,0,0,0,0,0,2,0,0,0,0,0,0,0,0,0,0,0,0
-43.74632684,172.0350007,Selwyn District,2018,property_damage,100,FALSE,straight,,fine,,daylight,,0,0,0,0,0,0,0,2,0,0,0,0,0,0,0,0,0,0,0,0
-46.36781402,168.3473664,Invercargill City,2018,property_damage,50,FALSE,straight,,fine,,daylight,,0,0,0,0,0,0,0,2,0,0,0,0,0,0,0,0,0,0,0,0
-36.8585821,174.7549256,Auckland,2018,property_damage,50,TRUE,straight,,fine,,darkness_not_lit,traffic_lights,0,0,0,0,0,0,0,2,0,0,0,0,0,0,0,0,0,0,0,0
-35.11874587,173.3250775,Far North District,2018,property_damage,100,TRUE,curved_view_open,,fine,,daylight,giveway_sign,0,0,0,0,0,0,0,2,0,0,0,0,0,0,0,0,0,0,0,0
-36.52295816,174.6759486,Auckland,2018,property_damage,100,FALSE,straight,,,,daylight,giveway_sign,0,0,0,0,0,0,0,2,0,0,0,0,0,0,0,0,0,0,0,0
-39.50309519,176.9087064,Napier City,2018,property_damage,50,TRUE,straight,,fine,,daylight,giveway_sign,0,0,0,0,0,0,0,2,0,0,0,0,0,0,0,0,0,0,0,0
-36.86397919,174.6290974,Auckland,2018,property_damage,50,TRUE,straight,,,,daylight,giveway_sign,0,0,0,0,0,0,0,2,0,0,0,0,0,0,0,0,0,0,0,0
-37.0183957,174.8637915,Auckland,2018,property_damage,50,TRUE,straight,,fine,,dawn_dusk,giveway_sign,0,0,0,0,0,0,0,2,0,0,0,0,0,0,0,0,0,0,0,0
-36.95209987,174.8021932,Auckland,2018,property_damage,60,TRUE,straight,,rain,,darkness_not_lit,traffic_lights,0,0,0,0,0,0,0,2,0,0,0,0,0,0,0,0,0,0,0,0
-37.02056331,174.9071759,Auckland,2018,property_damage,50,TRUE,straight,,fine,,daylight,stop_sign,0,0,0,0,0,0,0,2,0,0,0,0,0,0,0,0,0,0,0,0
-43.53180631,172.5736982,Christchurch City,2018,property_damage,50,TRUE,straight,,fine,,dawn_dusk,traffic_lights,0,0,0,0,0,0,0,2,0,0,0,0,0,0,0,0,0,0,0,0
-36.39168922,174.6511057,Auckland,2018,property_damage,60,TRUE,straight,,,,daylight,traffic_lights,0,0,0,0,0,0,0,2,0,0,0,0,0,0,0,0,0,0,0,0
-36.90979622,174.68332,Auckland,2018,property_damage,50,TRUE,straight,,fine,,daylight,traffic_lights,0,0,0,0,0,0,0,2,0,0,0,0,0,0,0,0,0,0,0,0
-41.13345453,173.0099247,Tasman District,2018,property_damage,50,TRUE,straight,,fine,,dawn_dusk,giveway_sign,0,0,0,0,0,0,0,2,0,0,0,0,0,0,0,0,0,0,0,0
-36.91545725,174.6492299,Auckland,2018,property_damage,50,TRUE,straight,,fine,,daylight,stop_sign,0,0,0,0,0,0,0,2,0,0,0,0,0,0,0,0,0,0,0,0
-41.12240196,174.8521043,Porirua City,2018,property_damage,100,FALSE,straight,,rain,,daylight,,0,0,0,0,0,0,0,2,0,0,0,0,0,0,0,0,0,0,0,0
-37.73179872,175.2107959,Hamilton City,2018,property_damage,100,TRUE,curved_view_open,,rain,,daylight,stop_sign,0,0,0,0,0,0,0,2,0,0,0,0,0,0,0,0,0,0,0,0
-41.18555684,173.0463601,Tasman District,2018,property_damage,100,TRUE,straight,,fine,,daylight,,0,0,0,0,0,0,0,2,0,0,0,0,0,0,0,0,0,0,0,0
-43.49366414,172.5501703,Christchurch City,2018,property_damage,60,TRUE,straight,,fine,,daylight,traffic_lights,0,0,0,0,0,0,0,2,0,0,0,0,0,0,0,0,0,0,0,0
-44.39072629,171.2392921,Timaru District,2018,property_damage,50,FALSE,straight,,fine,,daylight,,0,0,0,0,0,0,0,2,0,0,0,0,0,0,0,0,0,0,0,0
-37.99049418,175.6610753,South Waikato District,2018,property_damage,100,FALSE,straight,,fine,,daylight,,0,0,0,0,0,0,0,2,0,0,0,0,0,0,0,0,0,0,0,0
-36.75588192,174.7015809,Auckland,2018,property_damage,50,FALSE,straight,,rain,,daylight,,0,0,0,0,0,0,0,2,0,0,0,0,0,0,0,0,0,0,0,0
-36.99776642,174.8915937,Auckland,2018,property_damage,100,FALSE,curved_view_open,,rain,,daylight,,0,0,0,0,0,0,0,2,0,0,0,0,0,0,0,0,0,0,0,0
-43.90386522,171.7449272,Ashburton District,2018,property_damage,50,FALSE,straight,,mist,,daylight,,0,0,0,0,0,0,0,2,0,0,0,0,0,0,0,0,0,0,0,0
-41.20498438,174.9092581,Hutt City,2018,property_damage,50,FALSE,straight,,rain,,daylight,,0,0,0,0,0,0,0,2,0,0,0,0,0,0,0,0,0,0,0,0
-41.1224302,174.85818,Porirua City,2018,property_damage,50,FALSE,straight,,fine,,daylight,,0,0,0,0,0,0,0,2,0,0,0,0,0,0,0,0,0,0,0,0
-36.89119632,174.800457,Auckland,2018,property_damage,100,FALSE,straight,,fine,,daylight,,0,0,0,0,0,0,0,2,0,0,0,0,0,0,0,0,0,0,0,0
-44.14411964,169.3227492,Queenstown-Lakes District,2018,property_damage,100,FALSE,straight,,fine,,daylight,,0,0,0,0,0,0,0,2,0,0,0,0,0,0,0,0,0,0,0,0
-36.97259846,174.886713,Auckland,2018,property_damage,50,TRUE,straight,,fine,,daylight,giveway_sign,0,0,0,0,0,0,0,2,0,0,0,0,0,0,0,0,0,0,0,0
-38.66416829,178.0303081,Gisborne District,2018,property_damage,50,FALSE,straight,,fine,,daylight,,0,0,0,0,0,0,0,2,0,0,0,0,0,0,0,0,0,0,0,0
-41.1679061,174.9651932,Hutt City,2018,property_damage,50,FALSE,curved_view_open,,rain,,daylight,,0,0,0,0,0,0,0,2,0,0,0,0,0,0,0,0,0,0,0,0
-36.91261357,174.6598996,Auckland,2018,property_damage,50,FALSE,straight,,rain,,darkness_not_lit,,0,0,0,0,0,0,0,2,0,0,0,0,0,0,0,0,0,0,0,0
-38.69767933,176.0822848,Taupo District,2018,property_damage,50,FALSE,curved_view_open,,fine,,daylight,,0,0,0,0,0,0,0,2,0,0,0,0,0,0,0,0,0,0,0,0
-36.91546717,174.8893565,Auckland,2018,property_damage,50,TRUE,straight,,fine,,darkness_not_lit,giveway_sign,0,0,0,0,0,0,0,2,0,0,0,0,0,0,0,0,0,0,0,0
-39.53535877,176.8496269,Napier City,2018,property_damage,40,FALSE,straight,,fine,,daylight,,0,0,0,0,0,0,0,2,0,0,0,0,0,0,0,0,0,0,0,0
-37.09012797,174.940341,Auckland,2018,property_damage,100,FALSE,straight,,fine,,daylight,,0,0,0,0,0,0,0,2,0,0,0,0,0,0,0,0,0,0,0,0
-38.65519247,178.0074587,Gisborne District,2018,property_damage,50,FALSE,straight,,fine,,daylight,,0,0,0,0,0,0,0,2,0,0,0,0,0,0,0,0,0,0,0,0
-35.40600935,173.7900147,Far North District,2018,property_damage,50,FALSE,straight,,fine,,daylight,,0,0,0,0,0,0,0,2,0,0,0,0,0,0,0,0,0,0,0,0
-41.19473376,174.9522466,Hutt City,2018,property_damage,50,TRUE,straight,,rain,,daylight,,0,0,0,0,0,0,0,2,0,0,0,0,0,0,0,0,0,0,0,0
-36.8603476,174.7519486,Auckland,2018,property_damage,50,FALSE,straight,,rain,,daylight,,0,0,0,0,0,0,0,2,0,0,0,0,0,0,0,0,0,0,0,0
-46.42489287,168.3759938,Invercargill City,2018,property_damage,50,TRUE,straight,,fine,,daylight,giveway_sign,0,0,0,0,0,0,0,2,0,0,0,0,0,0,0,0,0,0,0,0
-36.89983207,174.8092902,Auckland,2018,property_damage,100,FALSE,straight,,fine,,daylight,,0,0,0,0,0,0,0,2,0,0,0,0,0,0,0,0,0,0,0,0
-39.11532651,176.5920241,Hastings District,2018,property_damage,100,FALSE,straight,,fine,,daylight,,0,0,0,0,0,0,0,2,0,0,0,0,0,0,0,0,0,0,0,0
-37.12359343,174.9578307,Auckland,2018,property_damage,100,FALSE,straight,,rain,,daylight,,0,0,0,0,0,0,0,2,0,0,0,0,0,0,0,0,0,0,0,0
-41.29180783,174.7669506,Wellington City,2018,property_damage,50,FALSE,curved_view_open,,fine,,daylight,,0,0,0,0,0,0,0,2,0,0,0,0,0,0,0,0,0,0,0,0
-36.91789802,174.6840481,Auckland,2018,property_damage,50,TRUE,straight,,fine,,daylight,,0,0,0,0,0,0,0,2,0,0,0,0,0,0,0,0,0,0,0,0
-37.41340384,175.1277343,Waikato District,2018,property_damage,100,FALSE,straight,,rain,,daylight,,0,0,0,0,0,0,0,2,0,0,0,0,0,0,0,0,0,0,0,0
-41.22641138,174.8514342,Hutt City,2018,property_damage,100,FALSE,straight,,rain,,daylight,,0,0,0,0,0,0,0,2,0,0,0,0,0,0,0,0,0,0,0,0
-41.10403432,175.0975153,Upper Hutt City,2018,property_damage,50,TRUE,straight,,fine,,daylight,giveway_sign,0,0,0,0,0,0,0,2,0,0,0,0,0,0,0,0,0,0,0,0
-36.96817642,174.7982364,Auckland,2018,property_damage,50,FALSE,straight,,fine,,darkness_not_lit,giveway_sign,0,0,0,0,0,0,0,2,0,0,0,0,0,0,0,0,0,0,0,0
-35.86010279,174.3908618,Whangarei District,2018,property_damage,100,FALSE,curved_view_open,,rain,,daylight,,0,0,0,0,0,0,0,2,0,0,0,0,0,0,0,0,0,0,0,0
-37.04377941,174.9122992,Auckland,2018,property_damage,100,FALSE,straight,,fine,,daylight,,0,0,0,0,0,0,0,2,0,0,0,0,0,0,0,0,0,0,0,0
-43.92175654,171.5201125,Ashburton District,2018,property_damage,100,FALSE,curved_view_open,,fine,,darkness_not_lit,,0,0,0,0,0,0,0,2,0,0,0,0,0,0,0,0,0,0,0,0
-45.87818469,170.5005844,Dunedin City,2018,property_damage,50,FALSE,straight,,fine,,daylight,giveway_sign,0,0,0,0,0,0,0,2,0,0,0,0,0,0,0,0,0,0,0,0
-41.23998264,174.9219351,Hutt City,2018,property_damage,80,FALSE,curved_view_open,,rain,,daylight,,0,0,0,0,0,0,0,2,0,0,0,0,0,0,0,0,0,0,0,0
-36.83199747,174.6193026,Auckland,2018,property_damage,100,FALSE,straight,,fine,,daylight,,0,0,0,0,0,0,0,2,0,0,0,0,0,0,0,0,0,0,0,0
-36.91053574,174.7432747,Auckland,2018,property_damage,50,FALSE,straight,,fine,,daylight,,0,0,0,0,0,0,0,2,0,0,0,0,0,0,0,0,0,0,0,0
-37.77841436,175.2728805,Hamilton City,2018,minor_injury,50,TRUE,straight,,fine,,darkness_not_lit,traffic_lights,1,0,0,1,0,0,0,2,0,0,0,0,0,0,0,0,0,0,0,0
-41.26402356,174.7865903,Wellington City,2018,minor_injury,100,FALSE,straight,,fine,,daylight,,1,0,0,1,0,0,0,2,0,0,0,0,0,0,0,0,0,0,0,0
-45.86509017,170.48508,Dunedin City,2018,minor_injury,50,TRUE,straight,,rain,,darkness_not_lit,traffic_lights,1,0,0,1,0,0,0,2,0,0,0,0,0,0,0,0,0,0,0,0
-45.86509017,170.48508,Dunedin City,2018,minor_injury,50,TRUE,straight,,rain,,darkness_not_lit,traffic_lights,1,0,0,1,0,0,0,2,0,0,0,0,0,0,0,0,0,0,0,0
-39.92928074,175.0459228,Wanganui District,2018,minor_injury,50,FALSE,straight,,fine,,daylight,,1,0,0,1,0,0,0,2,0,0,0,0,0,0,0,0,0,0,0,0
-37.78046857,175.2831505,Hamilton City,2018,minor_injury,50,TRUE,straight,,fine,,daylight,giveway_sign,1,0,0,1,0,0,0,2,0,0,0,0,0,0,0,0,0,0,0,0
-36.87505887,174.6276386,Auckland,2018,minor_injury,50,TRUE,straight,,fine,,darkness_not_lit,traffic_lights,1,0,0,1,0,0,0,2,0,0,0,0,0,0,0,0,0,0,0,0
-36.8326545,174.6213572,Auckland,2018,minor_injury,50,TRUE,straight,,fine,,darkness_not_lit,traffic_lights,1,0,0,1,0,0,0,2,0,0,0,0,0,0,0,0,0,0,0,0
-37.94850058,176.9369709,Whakatane District,2018,minor_injury,100,TRUE,straight,,fine,,daylight,giveway_sign,1,0,0,1,0,0,0,2,0,0,0,0,0,0,0,0,0,0,0,0
-37.20160411,174.8988334,Auckland,2018,minor_injury,50,FALSE,straight,,fine,,daylight,,1,0,0,1,0,0,0,2,0,0,0,0,0,0,0,0,0,0,0,0
-35.1253121,173.299937,Far North District,2018,minor_injury,100,FALSE,straight,,rain,,daylight,,1,0,0,1,0,0,0,2,0,0,0,0,0,0,0,0,0,0,0,0
-36.87948813,174.819379,Auckland,2018,minor_injury,50,FALSE,straight,,fine,,daylight,,1,0,0,1,0,0,0,2,0,0,0,0,0,0,0,0,0,0,0,0
-44.9956676,168.9242492,Queenstown-Lakes District,2018,minor_injury,100,FALSE,straight,,rain,,daylight,,1,0,0,1,0,0,0,2,0,0,0,0,0,0,0,0,0,0,0,0
-39.88185256,175.0028824,Wanganui District,2018,minor_injury,100,FALSE,straight,,fine,,daylight,,1,0,0,1,0,0,0,2,0,0,0,0,0,0,0,0,0,0,0,0
-36.89003058,174.7935061,Auckland,2018,minor_injury,60,FALSE,straight,,,,daylight,,1,0,0,1,0,0,0,2,0,0,0,0,0,0,0,0,0,0,0,0
-41.33865085,173.1785355,Tasman District,2018,minor_injury,50,FALSE,straight,,fine,,dawn_dusk,,1,0,0,1,0,0,0,2,0,0,0,0,0,0,0,0,0,0,0,0
-41.14734426,174.9970262,Upper Hutt City,2018,minor_injury,80,FALSE,straight,,fine,,darkness_not_lit,,1,0,0,1,0,0,0,2,0,0,0,0,0,0,0,0,0,0,0,0
-46.40576026,168.3769766,Invercargill City,2018,minor_injury,50,TRUE,straight,,rain,,daylight,stop_sign,2,0,0,2,0,0,0,2,0,0,0,0,0,0,0,0,0,0,0,0
-36.99299288,174.8444291,Auckland,2018,minor_injury,60,TRUE,straight,,rain,,darkness_not_lit,traffic_lights,2,0,0,2,0,0,0,2,0,0,0,0,0,0,0,0,0,0,0,0
-45.4588295,168.0838062,Southland District,2018,minor_injury,100,FALSE,curved_view_open,,fine,,daylight,,2,0,0,2,0,0,0,2,0,0,0,0,0,0,0,0,0,0,0,0
-36.90907379,174.9176625,Auckland,2018,minor_injury,60,FALSE,straight,,fine,,daylight,,2,0,0,2,0,0,0,2,0,0,0,0,0,0,0,0,0,0,0,0
-36.95881057,174.8723449,Auckland,2018,minor_injury,50,FALSE,straight,,fine,,daylight,,2,0,0,2,0,0,0,2,0,0,0,0,0,0,0,0,0,0,0,0
-35.03362506,173.1813859,Far North District,2018,serious_injury,100,FALSE,curved_view_open,,fine,,daylight,,6,0,2,4,0,0,0,2,0,0,0,0,0,0,0,0,0,0,0,0
-37.28258393,175.5883714,Hauraki District,2018,serious_injury,100,TRUE,straight,,fine,,daylight,giveway_sign,3,0,1,2,0,0,0,2,0,0,0,0,0,0,0,0,0,0,0,0
-37.69035928,176.0418455,Western Bay Of Plenty District,2018,fatality,90,FALSE,curved_view_open,,fine,,daylight,,2,1,0,1,0,0,0,2,0,0,0,0,0,0,0,0,0,0,0,0
-44.18768555,170.1246068,Mackenzie District,2018,fatality,100,TRUE,curved_view_open,,rain,,daylight,giveway_sign,5,1,2,2,0,0,0,2,0,0,0,0,0,0,0,0,0,0,0,0
-37.76641055,176.3072489,Western Bay Of Plenty District,2018,property_damage,100,FALSE,curved_view_open,,fine,,daylight,,0,0,0,0,1,0,0,0,0,0,0,0,0,0,0,0,0,0,1,0
-39.55553978,176.9220659,Napier City,2018,property_damage,50,FALSE,curved_view_open,,rain,,darkness_not_lit,,0,0,0,0,1,0,0,0,0,0,0,0,0,0,0,0,0,0,1,0
-38.99647882,175.3775748,Ruapehu District,2018,minor_injury,50,FALSE,straight,,rain,,darkness_not_lit,,1,0,0,1,1,0,0,0,0,0,0,0,0,0,0,0,0,0,1,0
-46.05278597,170.0319329,Clutha District,2018,minor_injury,100,FALSE,straight,,fine,,daylight,,1,0,0,1,1,0,0,0,0,0,0,0,0,0,0,0,0,0,1,0
-37.66690015,175.1482173,Waikato District,2018,serious_injury,50,TRUE,straight,,rain,,darkness_not_lit,traffic_lights,2,0,2,0,1,0,0,0,0,0,0,0,0,0,0,0,0,0,1,0
-42.61160327,171.0952228,Westland District,2018,serious_injury,100,FALSE,straight,,fine,,daylight,stop_sign,2,0,2,0,1,0,0,0,0,0,0,0,0,0,0,0,0,0,1,0
-40.33656982,175.8498834,Tararua District,2018,fatality,100,FALSE,straight,,fine,,daylight,stop_sign,3,2,0,1,1,0,0,0,0,0,0,0,0,0,0,0,0,0,1,0
-37.78726289,175.2761833,Hamilton City,2018,property_damage,50,FALSE,straight,,fine,,daylight,,0,0,0,0,4,0,0,1,0,0,0,0,0,0,0,0,0,1,0,0
-40.32881116,175.6379045,Palmerston North City,2018,property_damage,50,FALSE,curved_view_open,,fine,,darkness_not_lit,,0,0,0,0,4,0,0,1,0,0,0,0,0,0,0,0,0,1,0,0
-36.96061381,174.8745904,Auckland,2018,minor_injury,50,TRUE,curved_view_open,,fine,,darkness_not_lit,,1,0,0,1,4,0,0,1,0,0,0,0,0,0,0,0,0,1,0,0
-43.52260513,172.6366108,Christchurch City,2018,minor_injury,50,FALSE,straight,,rain,,daylight,,1,0,0,1,4,0,0,1,0,0,0,0,0,0,0,0,0,1,0,0
-41.12267127,175.0372533,Upper Hutt City,2018,serious_injury,100,FALSE,curved_view_open,,fine,,dawn_dusk,,2,0,2,0,4,0,0,1,0,0,0,0,0,0,0,0,0,1,0,0
-36.6110091,174.7018354,Auckland,2018,property_damage,50,TRUE,straight,,fine,,darkness_not_lit,traffic_lights,0,0,0,0,0,0,0,0,0,0,0,1,0,0,0,0,0,2,0,0
-39.60443902,175.296512,Ruapehu District,2018,property_damage,100,FALSE,curved_view_open,,rain,,darkness_not_lit,,0,0,0,0,0,0,0,0,0,0,0,1,0,0,0,0,0,2,0,0
-39.9796304,175.1407082,Wanganui District,2018,property_damage,100,FALSE,straight,,fine,,darkness_not_lit,,0,0,0,0,0,0,0,0,0,0,0,1,0,0,0,0,0,2,0,0