latitude,longitude,local_government_area,year,severity,speed_limit,intersection,road_position_horizontal,road_wet,weather,crash_type,lighting,traffic_controls,casualties,fatalities,serious_injuries,minor_injuries,car_sedan,car_utility,car_van,car_4x4,car_station_wagon,motor_cycle,truck_small,truck_large,bus,taxi,bicycle,scooter,pedestrian,inanimate,train,tram
-37.53632922,175.7079042,Matamata-Piako District,2018,property_damage,50,FALSE,straight,,fine,,darkness_not_lit,,0,0,0,0,1,0,0,0,0,0,0,0,0,0,0,0,0,1,0,0
-43.52555575,172.7375951,Christchurch City,2018,property_damage,50,FALSE,straight,,fine,,dawn_dusk,,0,0,0,0,1,0,0,0,0,0,0,0,0,0,0,0,0,1,0,0
-41.34616375,173.1661846,Tasman District,2018,property_damage,50,FALSE,straight,,fine,,dawn_dusk,,0,0,0,0,1,0,0,0,0,0,0,0,0,0,0,0,0,1,0,0
-36.98872657,174.9028525,Auckland,2018,property_damage,50,FALSE,straight,,fine,,daylight,,0,0,0,0,1,0,0,0,0,0,0,0,0,0,0,0,0,1,0,0
-41.16963155,174.9590821,Hutt City,2018,property_damage,100,FALSE,straight,,fine,,darkness_not_lit,,0,0,0,0,1,0,0,0,0,0,0,0,0,0,0,0,0,1,0,0
-37.79303005,176.1175721,Western Bay Of Plenty District,2018,property_damage,100,FALSE,straight,,fine,,dawn_dusk,,0,0,0,0,1,0,0,0,0,0,0,0,0,0,0,0,0,1,0,0
-43.50751766,172.6999542,Christchurch City,2018,property_damage,50,FALSE,straight,,fine,,daylight,,0,0,0,0,1,0,0,0,0,0,0,0,0,0,0,0,0,1,0,0
-38.42354286,175.8647513,South Waikato District,2018,property_damage,100,FALSE,straight,,fine,,darkness_not_lit,,0,0,0,0,1,0,0,0,0,0,0,0,0,0,0,0,0,1,0,0
-37.40690791,174.9985665,Waikato District,2018,property_damage,100,FALSE,curved_view_open,,fine,,darkness_not_lit,,0,0,0,0,1,0,0,0,0,0,0,0,0,0,0,0,0,1,0,0
-36.95304229,174.8464411,Auckland,2018,property_damage,50,FALSE,straight,,,,daylight,,0,0,0,0,1,0,0,0,0,0,0,0,0,0,0,0,0,1,0,0
-36.43295724,174.742348,Auckland,2018,property_damage,50,FALSE,curved_view_open,,fine,,darkness_not_lit,,0,0,0,0,1,0,0,0,0,0,0,0,0,0,0,0,0,1,0,0
-36.97419335,174.8685092,Auckland,2018,property_damage,50,FALSE,straight,,fine,,daylight,,0,0,0,0,1,0,0,0,0,0,0,0,0,0,0,0,0,1,0,0
-40.73262024,175.1196334,Kapiti Coast District,2018,property_damage,50,TRUE,straight,,mist,,darkness_not_lit,,0,0,0,0,1,0,0,0,0,0,0,0,0,0,0,0,0,1,0,0
-39.06852183,174.0755384,New Plymouth District,2018,property_damage,50,TRUE,straight,,fine,,darkness_not_lit,,0,0,0,0,1,0,0,0,0,0,0,0,0,0,0,0,0,1,0,0
-40.35957951,175.5950181,Palmerston North City,2018,property_damage,50,TRUE,straight,,fine,,darkness_not_lit,,0,0,0,0,1,0,0,0,0,0,0,0,0,0,0,0,0,1,0,0
-36.84790367,174.6274327,Auckland,2018,property_damage,50,FALSE,straight,,fine,,daylight,,0,0,0,0,1,0,0,0,0,0,0,0,0,0,0,0,0,1,0,0
-36.75099536,174.6997703,Auckland,2018,property_damage,50,TRUE,curved_view_open,,fine,,darkness_not_lit,giveway_sign,0,0,0,0,1,0,0,0,0,0,0,0,0,0,0,0,0,1,0,0
-43.30294198,172.59885,Waimakariri District,2018,property_damage,50,FALSE,straight,,fine,,daylight,,0,0,0,0,1,0,0,0,0,0,0,0,0,0,0,0,0,1,0,0
-46.30957949,168.7641534,Southland District,2018,property_damage,100,FALSE,straight,,fine,,daylight,,0,0,0,0,1,0,0,0,0,0,0,0,0,0,0,0,0,1,0,0
-38.33737447,175.8096583,South Waikato District,2018,property_damage,100,FALSE,curved_view_open,,fine,,darkness_not_lit,,0,0,0,0,1,0,0,0,0,0,0,0,0,0,0,0,0,1,0,0
-37.71627086,176.2372729,Tauranga City,2018,property_damage,60,FALSE,curved_view_open,,rain,,daylight,,0,0,0,0,1,0,0,0,0,0,0,0,0,0,0,0,0,1,0,0
-37.56659883,175.5072348,Matamata-Piako District,2018,property_damage,100,FALSE,straight,,fine,,daylight,,0,0,0,0,1,0,0,0,0,0,0,0,0,0,0,0,0,1,0,0
-39.91203934,175.0610859,Wanganui District,2018,property_damage,50,FALSE,straight,,fine,,daylight,,0,0,0,0,1,0,0,0,0,0,0,0,0,0,0,0,0,1,0,0
-43.50488448,172.5620245,Christchurch City,2018,property_damage,50,FALSE,curved_view_open,,fine,,daylight,,0,0,0,0,1,0,0,0,0,0,0,0,0,0,0,0,0,1,0,0
-38.09309211,176.7003151,Kawerau District,2018,property_damage,50,FALSE,straight,,fine,,daylight,,0,0,0,0,1,0,0,0,0,0,0,0,0,0,0,0,0,1,0,0
-37.08012798,174.9422796,Auckland,2018,property_damage,50,TRUE,straight,,rain,,darkness_not_lit,stop_sign,0,0,0,0,1,0,0,0,0,0,0,0,0,0,0,0,0,1,0,0
-37.22074886,174.8846286,Auckland,2018,property_damage,100,FALSE,straight,,fine,,daylight,,0,0,0,0,1,0,0,0,0,0,0,0,0,0,0,0,0,1,0,0
-36.91262431,174.7416048,Auckland,2018,property_damage,100,FALSE,straight,,mist,,darkness_not_lit,,0,0,0,0,1,0,0,0,0,0,0,0,0,0,0,0,0,1,0,0
-37.88440593,175.4280688,Waipa District,2018,property_damage,100,FALSE,straight,,fine,,darkness_not_lit,,0,0,0,0,1,0,0,0,0,0,0,0,0,0,0,0,0,1,0,0
-43.90869184,171.7565198,Ashburton District,2018,property_damage,50,FALSE,straight,,fine,,darkness_not_lit,,0,0,0,0,1,0,0,0,0,0,0,0,0,0,0,0,0,1,0,0
-37.24543136,174.9162796,Waikato District,2018,property_damage,100,TRUE,curved_view_open,,fine,,darkness_not_lit,,0,0,0,0,1,0,0,0,0,0,0,0,0,0,0,0,0,1,0,0
-46.10877325,168.9058954,Gore District,2018,property_damage,100,FALSE,curved_view_open,,fine,,darkness_not_lit,,0,0,0,0,1,0,0,0,0,0,0,0,0,0,0,0,0,1,0,0
-38.00407423,175.326376,Waipa District,2018,property_damage,50,FALSE,straight,,fine,,daylight,,0,0,0,0,1,0,0,0,0,0,0,0,0,0,0,0,0,1,0,0
-38.66852208,178.0352076,Gisborne District,2018,property_damage,50,FALSE,straight,,rain,,darkness_not_lit,,0,0,0,0,1,0,0,0,0,0,0,0,0,0,0,0,0,1,0,0
-36.89147578,175.0127144,Auckland,2018,property_damage,80,FALSE,curved_view_open,,rain,,darkness_not_lit,,0,0,0,0,1,0,0,0,0,0,0,0,0,0,0,0,0,1,0,0
-37.33046577,175.2897919,Waikato District,2018,property_damage,100,FALSE,curved_view_open,,fine,,darkness_not_lit,,0,0,0,0,1,0,0,0,0,0,0,0,0,0,0,0,0,1,0,0
-44.87108569,168.9817165,Queenstown-Lakes District,2018,property_damage,50,FALSE,curved_view_open,,fine,,daylight,,0,0,0,0,1,0,0,0,0,0,0,0,0,0,0,0,0,1,0,0
-39.64254576,176.8664297,Hastings District,2018,property_damage,50,FALSE,straight,,fine,,daylight,,0,0,0,0,1,0,0,0,0,0,0,0,0,0,0,0,0,1,0,0
-37.1743936,175.0330146,Auckland,2018,property_damage,100,FALSE,curved_view_open,,rain,,daylight,,0,0,0,0,1,0,0,0,0,0,0,0,0,0,0,0,0,1,0,0
-36.39340094,174.4453834,Auckland,2018,minor_injury,100,FALSE,curved_view_open,,fine,,daylight,,1,0,0,1,1,0,0,0,0,0,0,0,0,0,0,0,0,1,0,0
-42.37478699,172.3815015,Buller District,2018,minor_injury,100,FALSE,curved_view_open,,fine,,daylight,,1,0,0,1,1,0,0,0,0,0,0,0,0,0,0,0,0,1,0,0
-38.67916366,178.049613,Gisborne District,2018,minor_injury,70,TRUE,straight,,fine,,darkness_not_lit,stop_sign,1,0,0,1,1,0,0,0,0,0,0,0,0,0,0,0,0,1,0,0
-35.77840565,174.1717162,Whangarei District,2018,minor_injury,100,FALSE,curved_view_open,,rain,,daylight,,1,0,0,1,1,0,0,0,0,0,0,0,0,0,0,0,0,1,0,0
-38.42025598,175.8073941,Taupo District,2018,minor_injury,100,FALSE,curved_view_open,,rain,,daylight,,1,0,0,1,1,0,0,0,0,0,0,0,0,0,0,0,0,1,0,0
-45.39263223,167.8738762,Southland District,2018,minor_injury,100,FALSE,straight,,fine,,darkness_not_lit,,1,0,0,1,1,0,0,0,0,0,0,0,0,0,0,0,0,1,0,0
-43.53650793,169.834875,Westland District,2018,minor_injury,100,FALSE,curved_view_open,,rain,,daylight,,1,0,0,1,1,0,0,0,0,0,0,0,0,0,0,0,0,1,0,0
-46.24337843,169.7424849,Clutha District,2018,minor_injury,50,FALSE,straight,,rain,,darkness_not_lit,,1,0,0,1,1,0,0,0,0,0,0,0,0,0,0,0,0,1,0,0
-43.61329538,172.6310214,Christchurch City,2018,minor_injury,70,FALSE,curved_view_open,,fine,,darkness_not_lit,,1,0,0,1,1,0,0,0,0,0,0,0,0,0,0,0,0,1,0,0
-39.06994559,174.0900902,New Plymouth District,2018,minor_injury,50,FALSE,straight,,fine,,daylight,,1,0,0,1,1,0,0,0,0,0,0,0,0,0,0,0,0,1,0,0
-37.21565702,174.745855,Auckland,2018,minor_injury,100,FALSE,curved_view_open,,rain,,darkness_not_lit,,1,0,0,1,1,0,0,0,0,0,0,0,0,0,0,0,0,1,0,0
-39.03626843,174.1513858,New Plymouth District,2018,minor_injury,50,FALSE,straight,,fine,,darkness_not_lit,,1,0,0,1,1,0,0,0,0,0,0,0,0,0,0,0,0,1,0,0
-36.77443666,174.718809,Auckland,2018,minor_injury,50,FALSE,straight,,rain,,darkness_not_lit,,1,0,0,1,1,0,0,0,0,0,0,0,0,0,0,0,0,1,0,0
-37.88773367,175.4388318,Waipa District,2018,minor_injury,80,FALSE,straight,,fine,,daylight,,1,0,0,1,1,0,0,0,0,0,0,0,0,0,0,0,0,1,0,0
-36.99117392,174.8793629,Auckland,2018,minor_injury,10,FALSE,straight,,fine,,darkness_not_lit,,1,0,0,1,1,0,0,0,0,0,0,0,0,0,0,0,0,1,0,0
-35.75951888,174.3727497,Whangarei District,2018,serious_injury,50,FALSE,straight,,fine,,daylight,,2,0,2,0,1,0,0,0,0,0,0,0,0,0,0,0,0,1,0,0
-40.31616612,175.8488599,Tararua District,2018,serious_injury,100,TRUE,curved_view_open,,rain,,daylight,,1,0,1,0,1,0,0,0,0,0,0,0,0,0,0,0,0,1,0,0
-38.82250876,174.5977171,New Plymouth District,2018,serious_injury,100,FALSE,curved_view_open,,fine,,daylight,,1,0,1,0,1,0,0,0,0,0,0,0,0,0,0,0,0,1,0,0
-40.38117017,175.629723,Palmerston North City,2018,minor_injury,70,FALSE,curved_view_open,,fine,,darkness_not_lit,,2,0,0,2,1,0,0,0,0,0,0,0,0,0,0,0,0,1,0,0
-39.93912544,174.9912098,Wanganui District,2018,fatality,50,FALSE,straight,,rain,,daylight,,1,1,0,0,1,0,0,0,0,0,0,0,0,0,0,0,0,1,0,0
-38.2864067,176.516935,Rotorua District,2018,serious_injury,100,FALSE,curved_view_open,,rain,,darkness_not_lit,,3,0,1,2,1,0,0,0,0,0,0,0,0,0,0,0,0,1,0,0
-41.17222394,172.8965216,Tasman District,2018,serious_injury,80,FALSE,curved_view_open,,rain,,darkness_not_lit,,3,0,1,2,1,0,0,0,0,0,0,0,0,0,0,0,0,1,0,0
-37.67966773,175.2507235,Waikato District,2018,fatality,100,FALSE,straight,,fine,,daylight,,3,1,0,2,1,0,0,0,0,0,0,0,0,0,0,0,0,1,0,0
-36.80708663,174.7439973,Auckland,2018,property_damage,50,TRUE,straight,,fine,,daylight,giveway_sign,0,0,0,0,4,0,0,0,0,0,0,0,0,0,0,0,0,0,0,0
-36.94058456,174.8436363,Auckland,2018,property_damage,50,TRUE,straight,,fine,,darkness_not_lit,traffic_lights,0,0,0,0,4,0,0,0,0,0,0,0,0,0,0,0,0,0,0,0
-36.94058456,174.8436363,Auckland,2018,property_damage,50,TRUE,straight,,fine,,darkness_not_lit,traffic_lights,0,0,0,0,4,0,0,0,0,0,0,0,0,0,0,0,0,0,0,0
-36.86817936,174.7690444,Auckland,2018,property_damage,80,FALSE,straight,,fine,,darkness_not_lit,,0,0,0,0,4,0,0,0,0,0,0,0,0,0,0,0,0,0,0,0
-36.92877995,174.9124193,Auckland,2018,property_damage,60,TRUE,straight,,fine,,dawn_dusk,traffic_lights,0,0,0,0,4,0,0,0,0,0,0,0,0,0,0,0,0,0,0,0
-37.8170349,175.282323,Hamilton City,2018,property_damage,60,TRUE,straight,,fine,,daylight,,0,0,0,0,4,0,0,0,0,0,0,0,0,0,0,0,0,0,0,0
-36.8562738,174.6518605,Auckland,2018,property_damage,50,TRUE,straight,,fine,,daylight,traffic_lights,0,0,0,0,4,0,0,0,0,0,0,0,0,0,0,0,0,0,0,0
-36.88270345,174.7874777,Auckland,2018,property_damage,100,FALSE,straight,,fine,,darkness_not_lit,,0,0,0,0,4,0,0,0,0,0,0,0,0,0,0,0,0,0,0,0
-36.9149968,174.8389342,Auckland,2018,property_damage,50,TRUE,straight,,fine,,daylight,traffic_lights,0,0,0,0,4,0,0,0,0,0,0,0,0,0,0,0,0,0,0,0
-41.29131052,174.7717619,Wellington City,2018,property_damage,70,FALSE,curved_view_open,,fine,,daylight,,0,0,0,0,4,0,0,0,0,0,0,0,0,0,0,0,0,0,0,0
-45.09992956,170.9639326,Waitaki District,2018,property_damage,50,TRUE,straight,,fine,,daylight,giveway_sign,0,0,0,0,4,0,0,0,0,0,0,0,0,0,0,0,0,0,0,0
-37.01472632,174.9064006,Auckland,2018,property_damage,50,FALSE,straight,,fine,,daylight,,0,0,0,0,4,0,0,0,0,0,0,0,0,0,0,0,0,0,0,0
-43.51139851,172.621102,Christchurch City,2018,property_damage,50,FALSE,straight,,fine,,darkness_not_lit,,0,0,0,0,4,0,0,0,0,0,0,0,0,0,0,0,0,0,0,0
-41.22780573,174.8470591,Wellington City,2018,property_damage,100,FALSE,straight,,fine,,daylight,,0,0,0,0,4,0,0,0,0,0,0,0,0,0,0,0,0,0,0,0
-41.22780573,174.8470591,Wellington City,2018,property_damage,100,FALSE,straight,,fine,,daylight,,0,0,0,0,4,0,0,0,0,0,0,0,0,0,0,0,0,0,0,0
-36.87262942,174.7746555,Auckland,2018,property_damage,80,FALSE,straight,,fine,,darkness_not_lit,,0,0,0,0,4,0,0,0,0,0,0,0,0,0,0,0,0,0,0,0
-36.93748983,174.8531057,Auckland,2018,property_damage,100,FALSE,straight,,fine,,darkness_not_lit,,0,0,0,0,4,0,0,0,0,0,0,0,0,0,0,0,0,0,0,0
-43.56205302,172.5282408,Christchurch City,2018,property_damage,70,FALSE,straight,,fine,,daylight,,0,0,0,0,4,0,0,0,0,0,0,0,0,0,0,0,0,0,0,0
-37.79227491,175.2812201,Hamilton City,2018,property_damage,50,TRUE,curved_view_open,,fine,,daylight,giveway_sign,0,0,0,0,4,0,0,0,0,0,0,0,0,0,0,0,0,0,0,0
-36.92677019,174.8966745,Auckland,2018,property_damage,60,FALSE,straight,,fine,,daylight,,0,0,0,0,4,0,0,0,0,0,0,0,0,0,0,0,0,0,0,0
-36.86011218,174.8373599,Auckland,2018,property_damage,50,TRUE,straight,,rain,,daylight,traffic_lights,0,0,0,0,4,0,0,0,0,0,0,0,0,0,0,0,0,0,0,0
-40.21332339,175.5621089,Manawatu District,2018,property_damage,50,TRUE,straight,,fine,,dawn_dusk,giveway_sign,0,0,0,0,4,0,0,0,0,0,0,0,0,0,0,0,0,0,0,0
-40.21332339,175.5621089,Manawatu District,2018,property_damage,50,TRUE,straight,,fine,,dawn_dusk,giveway_sign,0,0,0,0,4,0,0,0,0,0,0,0,0,0,0,0,0,0,0,0
-36.9777639,174.8238063,Auckland,2018,property_damage,100,FALSE,straight,,fine,,daylight,,0,0,0,0,4,0,0,0,0,0,0,0,0,0,0,0,0,0,0,0
-36.88984779,174.7599278,Auckland,2018,property_damage,50,TRUE,straight,,fine,,daylight,traffic_lights,0,0,0,0,4,0,0,0,0,0,0,0,0,0,0,0,0,0,0,0
-36.92617703,174.7771199,Auckland,2018,property_damage,100,FALSE,straight,,rain,,darkness_not_lit,,0,0,0,0,4,0,0,0,0,0,0,0,0,0,0,0,0,0,0,0
-36.75304468,174.7283232,Auckland,2018,property_damage,100,FALSE,straight,,fine,,daylight,,0,0,0,0,4,0,0,0,0,0,0,0,0,0,0,0,0,0,0,0
-40.37084666,175.5785856,Palmerston North City,2018,property_damage,50,FALSE,straight,,fine,,daylight,,0,0,0,0,4,0,0,0,0,0,0,0,0,0,0,0,0,0,0,0
-43.54161471,172.6150952,Christchurch City,2018,property_damage,50,FALSE,straight,,rain,,daylight,,0,0,0,0,4,0,0,0,0,0,0,0,0,0,0,0,0,0,0,0
-36.87733559,174.703139,Auckland,2018,property_damage,50,FALSE,straight,,fine,,daylight,,0,0,0,0,4,0,0,0,0,0,0,0,0,0,0,0,0,0,0,0
-36.91036099,174.8215825,Auckland,2018,property_damage,100,FALSE,straight,,rain,,darkness_not_lit,,0,0,0,0,4,0,0,0,0,0,0,0,0,0,0,0,0,0,0,0
-36.91044122,174.8216406,Auckland,2018,property_damage,100,FALSE,straight,,rain,,darkness_not_lit,,0,0,0,0,4,0,0,0,0,0,0,0,0,0,0,0,0,0,0,0
-41.28487143,173.2759784,Nelson City,2018,property_damage,50,FALSE,straight,,rain,,daylight,,0,0,0,0,4,0,0,0,0,0,0,0,0,0,0,0,0,0,0,0
-36.81174514,174.7459414,Auckland,2018,property_damage,50,FALSE,straight,,rain,,daylight,,0,0,0,0,4,0,0,0,0,0,0,0,0,0,0,0,0,0,0,0
-37.79323218,175.286689,Hamilton City,2018,property_damage,50,FALSE,straight,,fine,,daylight,,0,0,0,0,4,0,0,0,0,0,0,0,0,0,0,0,0,0,0,0
-36.88781638,174.7950926,Auckland,2018,property_damage,100,FALSE,straight,,rain,,darkness_not_lit,,0,0,0,0,4,0,0,0,0,0,0,0,0,0,0,0,0,0,0,0
-37.03654165,174.9100827,Auckland,2018,property_damage,80,FALSE,straight,,fine,,daylight,,0,0,0,0,4,0,0,0,0,0,0,0,0,0,0,0,0,0,0,0
-36.86952524,174.7178636,Auckland,2018,property_damage,80,FALSE,straight,,fine,,daylight,,0,0,0,0,4,0,0,0,0,0,0,0,0,0,0,0,0,0,0,0
-36.81878279,174.7503615,Auckland,2018,property_damage,80,FALSE,straight,,fine,,darkness_not_lit,,0,0,0,0,4,0,0,0,0,0,0,0,0,0,0,0,0,0,0,0
-36.89976067,174.8092436,Auckland,2018,property_damage,100,FALSE,straight,,fine,,darkness_not_lit,,0,0,0,0,4,0,0,0,0,0,0,0,0,0,0,0,0,0,0,0
-36.90714717,174.7706623,Auckland,2018,property_damage,50,TRUE,straight,,fine,,daylight,,0,0,0,0,4,0,0,0,0,0,0,0,0,0,0,0,0,0,0,0
-41.23903118,174.8277219,Wellington City,2018,property_damage,100,FALSE,straight,,rain,,darkness_not_lit,,0,0,0,0,4,0,0,0,0,0,0,0,0,0,0,0,0,0,0,0
-36.75324867,174.7285518,Auckland,2018,property_damage,100,FALSE,straight,,fine,,daylight,,0,0,0,0,4,0,0,0,0,0,0,0,0,0,0,0,0,0,0,0
-36.25133673,174.5091394,Auckland,2018,property_damage,100,FALSE,straight,,rain,,daylight,,0,0,0,0,4,0,0,0,0,0,0,0,0,0,0,0,0,0,0,0
-39.05861529,174.077873,New Plymouth District,2018,property_damage,50,FALSE,straight,,fine,,daylight,,0,0,0,0,4,0,0,0,0,0,0,0,0,0,0,0,0,0,0,0
-36.92632334,174.7985325,Auckland,2018,property_damage,50,FALSE,straight,,fine,,dawn_dusk,,0,0,0,0,4,0,0,0,0,0,0,0,0,0,0,0,0,0,0,0
-36.72498503,174.7146267,Auckland,2018,property_damage,100,FALSE,straight,,fine,,daylight,,0,0,0,0,4,0,0,0,0,0,0,0,0,0,0,0,0,0,0,0
-45.87107533,170.5146644,Dunedin City,2018,property_damage,50,FALSE,straight,,fine,,daylight,,0,0,0,0,4,0,0,0,0,0,0,0,0,0,0,0,0,0,0,0
-36.94528035,174.8552146,Auckland,2018,property_damage,100,FALSE,straight,,fine,,daylight,,0,0,0,0,4,0,0,0,0,0,0,0,0,0,0,0,0,0,0,0
-36.88961323,174.7978614,Auckland,2018,property_damage,100,FALSE,straight,,fine,,darkness_not_lit,,0,0,0,0,4,0,0,0,0,0,0,0,0,0,0,0,0,0,0,0
-40.3433842,175.6249108,Palmerston North City,2018,property_damage,50,FALSE,straight,,fine,,daylight,,0,0,0,0,4,0,0,0,0,0,0,0,0,0,0,0,0,0,0,0
-36.90850409,174.6436477,Auckland,2018,property_damage,50,FALSE,curved_view_open,,fine,,daylight,,0,0,0,0,4,0,0,0,0,0,0,0,0,0,0,0,0,0,0,0
-37.76398164,175.2354898,Hamilton City,2018,property_damage,80,FALSE,straight,,fine,,daylight,,0,0,0,0,4,0,0,0,0,0,0,0,0,0,0,0,0,0,0,0
-37.8946889,175.5045129,Waipa District,2018,property_damage,100,FALSE,straight,,fine,,daylight,,0,0,0,0,4,0,0,0,0,0,0,0,0,0,0,0,0,0,0,0
-36.97220493,174.8148442,Auckland,2018,property_damage,100,FALSE,straight,,fine,,daylight,,0,0,0,0,4,0,0,0,0,0,0,0,0,0,0,0,0,0,0,0
-37.09065251,174.9407819,Auckland,2018,property_damage,100,FALSE,straight,,fine,,daylight,,0,0,0,0,4,0,0,0,0,0,0,0,0,0,0,0,0,0,0,0
-36.99161614,174.8408003,Auckland,2018,property_damage,100,FALSE,straight,,fine,,daylight,,0,0,0,0,4,0,0,0,0,0,0,0,0,0,0,0,0,0,0,0
-36.98440004,174.8324247,Auckland,2018,property_damage,100,FALSE,straight,,rain,,daylight,,0,0,0,0,4,0,0,0,0,0,0,0,0,0,0,0,0,0,0,0
-43.51894739,172.6563435,Christchurch City,2018,property_damage,50,FALSE,straight,,fine,,daylight,,0,0,0,0,4,0,0,0,0,0,0,0,0,0,0,0,0,0,0,0
-43.55414068,172.6154241,Christchurch City,2018,property_damage,50,FALSE,straight,,rain,,daylight,,0,0,0,0,4,0,0,0,0,0,0,0,0,0,0,0,0,0,0,0
-37.74659692,175.2450442,Hamilton City,2018,property_damage,80,FALSE,straight,,fine,,darkness_not_lit,,0,0,0,0,4,0,0,0,0,0,0,0,0,0,0,0,0,0,0,0
-38.66759171,178.0275506,Gisborne District,2018,property_damage,50,FALSE,straight,,fine,,daylight,,0,0,0,0,4,0,0,0,0,0,0,0,0,0,0,0,0,0,0,0
-37.79210849,175.2580608,Hamilton City,2018,property_damage,50,FALSE,straight,,fine,,darkness_not_lit,,0,0,0,0,4,0,0,0,0,0,0,0,0,0,0,0,0,0,0,0
-41.29060017,174.771683,Wellington City,2018,property_damage,100,FALSE,curved_view_open,,fine,,daylight,,0,0,0,0,4,0,0,0,0,0,0,0,0,0,0,0,0,0,0,0
-41.19287309,174.8302887,Wellington City,2018,property_damage,100,FALSE,curved_view_open,,fine,,darkness_not_lit,,0,0,0,0,4,0,0,0,0,0,0,0,0,0,0,0,0,0,0,0
-37.03530502,174.9101979,Auckland,2018,property_damage,100,FALSE,straight,,fine,,dawn_dusk,,0,0,0,0,4,0,0,0,0,0,0,0,0,0,0,0,0,0,0,0
-36.93115543,174.8506732,Auckland,2018,property_damage,100,FALSE,straight,,fine,,daylight,,0,0,0,0,4,0,0,0,0,0,0,0,0,0,0,0,0,0,0,0
-36.91269193,174.7602506,Auckland,2018,property_damage,50,FALSE,straight,,fine,,daylight,,0,0,0,0,4,0,0,0,0,0,0,0,0,0,0,0,0,0,0,0
-43.5398931,172.6337345,Christchurch City,2018,property_damage,50,TRUE,straight,,mist,,daylight,traffic_lights,0,0,0,0,4,0,0,0,0,0,0,0,0,0,0,0,0,0,0,0
-36.78640305,174.7517985,Auckland,2018,property_damage,100,FALSE,straight,,fine,,daylight,,0,0,0,0,4,0,0,0,0,0,0,0,0,0,0,0,0,0,0,0
-37.74868929,175.2899019,Hamilton City,2018,property_damage,80,FALSE,straight,,fine,,daylight,,0,0,0,0,4,0,0,0,0,0,0,0,0,0,0,0,0,0,0,0
-36.92040318,174.7647835,Auckland,2018,property_damage,100,FALSE,straight,,fine,,darkness_not_lit,,0,0,0,0,4,0,0,0,0,0,0,0,0,0,0,0,0,0,0,0
-41.12118679,175.0417337,Upper Hutt City,2018,property_damage,100,FALSE,straight,,fine,,daylight,,0,0,0,0,4,0,0,0,0,0,0,0,0,0,0,0,0,0,0,0
-37.78076443,175.2715786,Hamilton City,2018,property_damage,50,FALSE,straight,,fine,,darkness_not_lit,,0,0,0,0,4,0,0,0,0,0,0,0,0,0,0,0,0,0,0,0
-36.92507212,174.7750623,Auckland,2018,property_damage,100,FALSE,straight,,fine,,darkness_not_lit,,0,0,0,0,4,0,0,0,0,0,0,0,0,0,0,0,0,0,0,0
-36.87355821,174.6246673,Auckland,2018,property_damage,50,FALSE,straight,,fine,,daylight,,0,0,0,0,4,0,0,0,0,0,0,0,0,0,0,0,0,0,0,0
-38.12539809,176.2314624,Rotorua District,2018,property_damage,60,FALSE,straight,,fine,,darkness_not_lit,,0,0,0,0,4,0,0,0,0,0,0,0,0,0,0,0,0,0,0,0
-37.56791401,175.1585824,Waikato District,2018,property_damage,70,FALSE,straight,,fine,,daylight,,0,0,0,0,4,0,0,0,0,0,0,0,0,0,0,0,0,0,0,0
-36.81592052,174.7506998,Auckland,2018,property_damage,80,FALSE,straight,,fine,,dawn_dusk,,0,0,0,0,4,0,0,0,0,0,0,0,0,0,0,0,0,0,0,0
-41.2860863,174.772349,Wellington City,2018,property_damage,100,FALSE,straight,,fine,,daylight,,0,0,0,0,4,0,0,0,0,0,0,0,0,0,0,0,0,0,0,0
-36.91218666,174.6761775,Auckland,2018,property_damage,50,FALSE,straight,,fine,,daylight,,0,0,0,0,4,0,0,0,0,0,0,0,0,0,0,0,0,0,0,0
-36.91303351,174.8608199,Auckland,2018,minor_injury,80,FALSE,straight,,fine,,daylight,,1,0,0,1,4,0,0,0,0,0,0,0,0,0,0,0,0,0,0,0
-37.04504551,174.9131518,Auckland,2018,minor_injury,100,FALSE,straight,,fine,,darkness_not_lit,,1,0,0,1,4,0,0,0,0,0,0,0,0,0,0,0,0,0,0,0
-36.89283564,174.7873998,Auckland,2018,minor_injury,50,FALSE,straight,,fine,,daylight,,1,0,0,1,4,0,0,0,0,0,0,0,0,0,0,0,0,0,0,0
-36.91175106,174.8226258,Auckland,2018,minor_injury,100,FALSE,straight,,fine,,darkness_not_lit,,1,0,0,1,4,0,0,0,0,0,0,0,0,0,0,0,0,0,0,0
-36.73434637,174.7105123,Auckland,2018,minor_injury,50,FALSE,straight,,fine,,daylight,,1,0,0,1,4,0,0,0,0,0,0,0,0,0,0,0,0,0,0,0
-37.79065203,175.2826577,Hamilton City,2018,minor_injury,50,FALSE,straight,,fine,,daylight,,1,0,0,1,4,0,0,0,0,0,0,0,0,0,0,0,0,0,0,0
-37.04291475,174.9117041,Auckland,2018,minor_injury,100,FALSE,straight,,rain,,daylight,,1,0,0,1,4,0,0,0,0,0,0,0,0,0,0,0,0,0,0,0
-36.6963306,174.7258436,Auckland,2018,minor_injury,50,FALSE,straight,,fine,,daylight,,1,0,0,1,4,0,0,0,0,0,0,0,0,0,0,0,0,0,0,0
-36.91183129,174.8226838,Auckland,2018,minor_injury,100,FALSE,straight,,fine,,darkness_not_lit,,1,0,0,1,4,0,0,0,0,0,0,0,0,0,0,0,0,0,0,0
-36.89114747,174.6447005,Auckland,2018,minor_injury,50,FALSE,straight,,fine,,daylight,,1,0,0,1,4,0,0,0,0,0,0,0,0,0,0,0,0,0,0,0