latitude,longitude,local_government_area,year,severity,speed_limit,intersection,road_position_horizontal,road_wet,weather,crash_type,lighting,traffic_controls,casualties,fatalities,serious_injuries,minor_injuries,car_sedan,car_utility,car_van,car_4x4,car_station_wagon,motor_cycle,truck_small,truck_large,bus,taxi,bicycle,scooter,pedestrian,inanimate,train,tram
-36.88970408,174.7592848,Auckland,2018,minor_injury,50,FALSE,straight,,fine,,daylight,,1,0,0,1,4,0,0,0,0,0,0,0,0,0,0,0,0,0,0,0
-35.77144014,174.3094444,Whangarei District,2018,minor_injury,100,FALSE,straight,,fine,,daylight,,1,0,0,1,4,0,0,0,0,0,0,0,0,0,0,0,0,0,0,0
-36.99026149,174.8953628,Auckland,2018,minor_injury,50,FALSE,straight,,rain,,daylight,,1,0,0,1,4,0,0,0,0,0,0,0,0,0,0,0,0,0,0,0
-36.99261925,174.8435324,Auckland,2018,minor_injury,100,FALSE,straight,,fine,,darkness_not_lit,,1,0,0,1,4,0,0,0,0,0,0,0,0,0,0,0,0,0,0,0
-43.53438416,172.6456863,Christchurch City,2018,minor_injury,50,FALSE,straight,,fine,,daylight,traffic_lights,1,0,0,1,4,0,0,0,0,0,0,0,0,0,0,0,0,0,0,0
-36.72961801,174.7152561,Auckland,2018,minor_injury,100,FALSE,straight,,fine,,daylight,,1,0,0,1,4,0,0,0,0,0,0,0,0,0,0,0,0,0,0,0
-36.83956683,174.7430751,Auckland,2018,minor_injury,80,FALSE,straight,,fine,,darkness_not_lit,,1,0,0,1,4,0,0,0,0,0,0,0,0,0,0,0,0,0,0,0
-36.36921458,174.6880147,Auckland,2018,minor_injury,80,FALSE,straight,,fine,,daylight,,1,0,0,1,4,0,0,0,0,0,0,0,0,0,0,0,0,0,0,0
-37.09215516,174.9420353,Auckland,2018,minor_injury,100,FALSE,straight,,fine,,daylight,,1,0,0,1,4,0,0,0,0,0,0,0,0,0,0,0,0,0,0,0
-36.92658222,174.7843593,Auckland,2018,minor_injury,50,FALSE,straight,,fine,,daylight,,1,0,0,1,4,0,0,0,0,0,0,0,0,0,0,0,0,0,0,0
-38.14877709,176.262716,Rotorua District,2018,minor_injury,70,FALSE,straight,,fine,,daylight,,1,0,0,1,4,0,0,0,0,0,0,0,0,0,0,0,0,0,0,0
-36.86489703,174.7508858,Auckland,2018,minor_injury,80,FALSE,straight,,rain,,darkness_not_lit,,1,0,0,1,4,0,0,0,0,0,0,0,0,0,0,0,0,0,0,0
-36.93273206,174.7181699,Auckland,2018,minor_injury,50,FALSE,curved_view_open,,rain,,darkness_not_lit,,1,0,0,1,4,0,0,0,0,0,0,0,0,0,0,0,0,0,0,0
-40.95558274,174.9883466,Kapiti Coast District,2018,minor_injury,100,FALSE,straight,,fine,,darkness_not_lit,,1,0,0,1,4,0,0,0,0,0,0,0,0,0,0,0,0,0,0,0
-41.29302332,173.2684168,Nelson City,2018,minor_injury,50,FALSE,straight,,fine,,daylight,,1,0,0,1,4,0,0,0,0,0,0,0,0,0,0,0,0,0,0,0
-36.92038566,174.7647494,Auckland,2018,minor_injury,100,FALSE,straight,,rain,,daylight,,1,0,0,1,4,0,0,0,0,0,0,0,0,0,0,0,0,0,0,0
-37.93295491,175.5731163,Waipa District,2018,minor_injury,100,FALSE,straight,,rain,,daylight,,1,0,0,1,4,0,0,0,0,0,0,0,0,0,0,0,0,0,0,0
-38.66434783,178.0303207,Gisborne District,2018,serious_injury,50,FALSE,straight,,rain,,darkness_not_lit,giveway_sign,1,0,1,0,4,0,0,0,0,0,0,0,0,0,0,0,0,0,0,0
-36.61106795,174.7015013,Auckland,2018,minor_injury,60,FALSE,straight,,fine,,daylight,,2,0,0,2,4,0,0,0,0,0,0,0,0,0,0,0,0,0,0,0
-36.90888565,174.7586029,Auckland,2018,minor_injury,50,FALSE,straight,,fine,,daylight,,2,0,0,2,4,0,0,0,0,0,0,0,0,0,0,0,0,0,0,0
-45.90301367,170.4138901,Dunedin City,2018,minor_injury,100,FALSE,straight,,rain,,daylight,,2,0,0,2,4,0,0,0,0,0,0,0,0,0,0,0,0,0,0,0
-41.24446354,174.7909859,Wellington City,2018,minor_injury,50,FALSE,curved_view_open,,rain,,daylight,,2,0,0,2,4,0,0,0,0,0,0,0,0,0,0,0,0,0,0,0
-36.92871312,174.9120921,Auckland,2018,minor_injury,60,FALSE,straight,,fine,,darkness_not_lit,,4,0,0,4,4,0,0,0,0,0,0,0,0,0,0,0,0,0,0,0
-43.54087673,172.6606997,Christchurch City,2018,minor_injury,50,FALSE,straight,,rain,,dawn_dusk,,3,0,0,3,4,0,0,0,0,0,0,0,0,0,0,0,0,0,0,0
-36.92393737,174.8476809,Auckland,2018,minor_injury,100,FALSE,curved_view_open,,fine,,darkness_not_lit,,3,0,0,3,4,0,0,0,0,0,0,0,0,0,0,0,0,0,0,0
-36.35025927,174.5791233,Auckland,2018,minor_injury,80,FALSE,curved_view_open,,fine,,daylight,,3,0,0,3,4,0,0,0,0,0,0,0,0,0,0,0,0,0,0,0
-36.87434608,174.6276908,Auckland,2018,minor_injury,50,FALSE,straight,,fine,,daylight,,3,0,0,3,4,0,0,0,0,0,0,0,0,0,0,0,0,0,0,0
-36.93049865,174.8940387,Auckland,2018,property_damage,50,TRUE,straight,,rain,,daylight,giveway_sign,0,0,0,0,0,0,0,0,0,0,0,0,1,0,0,0,0,0,0,0
-38.07937785,176.3260065,Rotorua District,2018,property_damage,100,TRUE,straight,,rain,,daylight,giveway_sign,0,0,0,0,0,0,0,0,0,0,0,0,1,0,0,0,0,0,0,0
-36.9149968,174.8389342,Auckland,2018,property_damage,50,TRUE,straight,,fine,,darkness_not_lit,traffic_lights,0,0,0,0,0,0,0,0,0,0,0,0,1,0,0,0,0,0,0,0
-37.0198878,174.8947723,Auckland,2018,property_damage,50,TRUE,straight,,fine,,daylight,stop_sign,0,0,0,0,0,0,0,0,0,0,0,0,1,0,0,0,0,0,0,0
-43.54279186,172.5323396,Christchurch City,2018,property_damage,60,TRUE,straight,,fine,,daylight,giveway_sign,0,0,0,0,0,0,0,0,0,0,0,0,1,0,0,0,0,0,0,0
-43.49152943,172.5477126,Christchurch City,2018,property_damage,50,TRUE,straight,,fine,,daylight,traffic_lights,0,0,0,0,0,0,0,0,0,0,0,0,1,0,0,0,0,0,0,0
-36.84767813,174.7657232,Auckland,2018,property_damage,30,FALSE,straight,,fine,,daylight,,0,0,0,0,0,0,0,0,0,0,0,0,1,0,0,0,0,0,0,0
-36.84767813,174.7657232,Auckland,2018,property_damage,30,FALSE,straight,,fine,,daylight,,0,0,0,0,0,0,0,0,0,0,0,0,1,0,0,0,0,0,0,0
-36.86148977,174.7636966,Auckland,2018,property_damage,80,FALSE,straight,,fine,,daylight,,0,0,0,0,0,0,0,0,0,0,0,0,1,0,0,0,0,0,0,0
-41.28321365,174.7781461,Wellington City,2018,property_damage,50,TRUE,straight,,fine,,daylight,traffic_lights,0,0,0,0,0,0,0,0,0,0,0,0,1,0,0,0,0,0,0,0
-36.89312651,174.7800339,Auckland,2018,property_damage,50,TRUE,straight,,rain,,darkness_not_lit,traffic_lights,0,0,0,0,0,0,0,0,0,0,0,0,1,0,0,0,0,0,0,0
-41.28032988,174.7759066,Wellington City,2018,property_damage,30,TRUE,curved_view_open,,,,daylight,giveway_sign,0,0,0,0,0,0,0,0,0,0,0,0,1,0,0,0,0,0,0,0
-38.06313432,174.8207916,Otorohanga District,2018,property_damage,50,TRUE,straight,,rain,,daylight,giveway_sign,0,0,0,0,0,0,0,0,0,0,0,0,1,0,0,0,0,0,0,0
-42.64084218,171.4142564,Grey District,2018,property_damage,100,FALSE,curved_view_open,,fine,,daylight,,0,0,0,0,0,0,0,0,0,0,0,0,1,0,0,0,0,0,0,0
-38.13841954,176.2538474,Rotorua District,2018,property_damage,50,FALSE,straight,,fine,,daylight,,0,0,0,0,0,0,0,0,0,0,0,0,1,0,0,0,0,0,0,0
-43.9581107,170.1289801,Mackenzie District,2018,property_damage,100,FALSE,straight,,fine,,daylight,,0,0,0,0,0,0,0,0,0,0,0,0,1,0,0,0,0,0,0,0
-39.63721135,176.8374879,Hastings District,2018,property_damage,50,FALSE,straight,,fine,,darkness_not_lit,,0,0,0,0,0,0,0,0,0,0,0,0,1,0,0,0,0,0,0,0
-41.24292164,174.8209447,Wellington City,2018,property_damage,100,FALSE,straight,,fine,,dawn_dusk,,0,0,0,0,0,0,0,0,0,0,0,0,1,0,0,0,0,0,0,0
-41.29443518,174.7834789,Wellington City,2018,property_damage,50,FALSE,straight,,fine,,daylight,,0,0,0,0,0,0,0,0,0,0,0,0,1,0,0,0,0,0,0,0
-44.19370739,170.2863723,Mackenzie District,2018,property_damage,100,FALSE,straight,,mist,,darkness_not_lit,,0,0,0,0,0,0,0,0,0,0,0,0,1,0,0,0,0,0,0,0
-41.21669203,174.9061035,Hutt City,2018,property_damage,50,FALSE,straight,,fine,,daylight,,0,0,0,0,0,0,0,0,0,0,0,0,1,0,0,0,0,0,0,0
-38.03880312,176.4883127,Rotorua District,2018,property_damage,80,FALSE,curved_view_open,,fine,,darkness_not_lit,,0,0,0,0,0,0,0,0,0,0,0,0,1,0,0,0,0,0,0,0
-35.6436171,174.4238014,Whangarei District,2018,property_damage,100,FALSE,straight,,fine,,daylight,,0,0,0,0,0,0,0,0,0,0,0,0,1,0,0,0,0,0,0,0
-43.54371016,171.9770655,Selwyn District,2018,property_damage,100,TRUE,straight,,fine,,daylight,giveway_sign,0,0,0,0,0,0,0,0,0,0,0,0,1,0,0,0,0,0,0,0
-37.80515496,175.3266719,Hamilton City,2018,property_damage,60,TRUE,curved_view_open,,fine,,daylight,traffic_lights,0,0,0,0,0,0,0,0,0,0,0,0,1,0,0,0,0,0,0,0
-37.01473994,174.8744359,Auckland,2018,property_damage,50,FALSE,straight,,fine,,daylight,,0,0,0,0,0,0,0,0,0,0,0,0,1,0,0,0,0,0,0,0
-36.89842954,175.0628689,Auckland,2018,property_damage,100,FALSE,curved_view_open,,fine,,daylight,,0,0,0,0,0,0,0,0,0,0,0,0,1,0,0,0,0,0,0,0
-43.51233878,172.5064576,Christchurch City,2018,property_damage,70,FALSE,straight,,fine,,daylight,,0,0,0,0,0,0,0,0,0,0,0,0,1,0,0,0,0,0,0,0
-39.19844737,174.2278998,New Plymouth District,2018,property_damage,100,FALSE,straight,,fine,,daylight,,0,0,0,0,0,0,0,0,0,0,0,0,1,0,0,0,0,0,0,0
-41.67117309,174.0757996,Marlborough District,2018,minor_injury,50,TRUE,straight,,fine,,daylight,giveway_sign,1,0,0,1,0,0,0,0,0,0,0,0,1,0,0,0,0,0,0,0
-46.04289252,168.7752336,Southland District,2018,minor_injury,100,FALSE,curved_view_open,,fine,,daylight,,1,0,0,1,0,0,0,0,0,0,0,0,1,0,0,0,0,0,0,0
-38.44982934,175.7774115,Taupo District,2018,minor_injury,100,FALSE,straight,,rain,,daylight,,1,0,0,1,0,0,0,0,0,0,0,0,1,0,0,0,0,0,0,0
-39.03606033,177.3724336,Wairoa District,2018,minor_injury,100,FALSE,curved_view_open,,fine,,daylight,,1,0,0,1,0,0,0,0,0,0,0,0,1,0,0,0,0,0,0,0
-37.87260749,175.8425512,Matamata-Piako District,2018,minor_injury,70,TRUE,straight,,fine,,daylight,stop_sign,9,0,0,9,0,0,0,0,0,0,0,0,1,0,0,0,0,0,0,0
-37.72285259,176.2846089,Western Bay Of Plenty District,2018,property_damage,70,TRUE,curved_view_open,,fine,,daylight,giveway_sign,0,0,0,0,0,0,0,0,0,0,0,0,1,0,0,0,0,2,0,0
-41.20173363,174.799027,Wellington City,2018,property_damage,50,TRUE,straight,,fine,,daylight,,0,0,0,0,0,0,0,0,0,0,0,0,1,0,0,0,0,2,0,0
-37.69539602,176.1612798,Tauranga City,2018,property_damage,50,TRUE,curved_view_open,,fine,,darkness_not_lit,giveway_sign,0,0,0,0,0,0,0,0,0,0,0,0,1,0,0,0,0,2,0,0
-37.44183634,175.500837,Matamata-Piako District,2018,property_damage,100,FALSE,curved_view_open,,fine,,daylight,,0,0,0,0,0,0,0,0,0,0,0,0,1,0,0,0,0,2,0,0
-35.24640444,173.9119512,Far North District,2018,property_damage,100,FALSE,curved_view_open,,fine,,daylight,,0,0,0,0,0,0,0,0,0,0,0,0,1,0,0,0,0,2,0,0
-38.88799239,177.8498904,Gisborne District,2018,property_damage,100,FALSE,curved_view_open,,fine,,darkness_not_lit,,0,0,0,0,0,0,0,0,0,0,0,0,1,0,0,0,0,2,0,0
-45.01678915,168.663751,Queenstown-Lakes District,2018,property_damage,50,FALSE,curved_view_open,,rain,,darkness_not_lit,,0,0,0,0,0,0,0,0,0,0,0,0,1,0,0,0,0,2,0,0
-40.28584745,175.5330179,Manawatu District,2018,property_damage,100,FALSE,curved_view_open,,fine,,daylight,,0,0,0,0,0,0,0,0,0,0,0,0,1,0,0,0,0,2,0,0
-38.89801093,175.436535,Ruapehu District,2018,minor_injury,100,FALSE,curved_view_open,,fine,,daylight,,1,0,0,1,0,0,0,0,0,0,0,0,1,0,0,0,0,2,0,0
-39.50052202,176.8858223,Napier City,2018,minor_injury,50,FALSE,straight,,fine,,daylight,,1,0,0,1,0,0,0,0,0,0,0,0,1,0,0,0,0,2,0,0
-45.79985409,170.1262444,Dunedin City,2018,serious_injury,100,FALSE,curved_view_open,,fine,,darkness_not_lit,,6,0,2,4,0,0,0,0,0,0,0,0,1,0,0,0,0,2,0,0
-44.222419,171.272449,Timaru District,2018,serious_injury,100,FALSE,straight,,fine,,dawn_dusk,,4,0,2,2,0,0,0,0,0,0,0,0,1,0,0,0,0,2,0,0
-36.92880481,174.9125547,Auckland,2018,property_damage,60,TRUE,straight,,rain,,darkness_not_lit,traffic_lights,0,0,0,0,2,0,0,1,0,0,0,0,0,0,0,0,0,0,0,0
-36.86288217,174.7530497,Auckland,2018,property_damage,80,FALSE,straight,,fine,,dawn_dusk,,0,0,0,0,2,0,0,1,0,0,0,0,0,0,0,0,0,0,0,0
-36.98921084,174.8735507,Auckland,2018,property_damage,60,TRUE,straight,,rain,,darkness_not_lit,giveway_sign,0,0,0,0,2,0,0,1,0,0,0,0,0,0,0,0,0,0,0,0
-35.69974716,174.3136758,Whangarei District,2018,property_damage,50,TRUE,straight,,fine,,daylight,traffic_lights,0,0,0,0,2,0,0,1,0,0,0,0,0,0,0,0,0,0,0,0
-36.88450362,174.7353667,Auckland,2018,property_damage,50,TRUE,straight,,fine,,daylight,traffic_lights,0,0,0,0,2,0,0,1,0,0,0,0,0,0,0,0,0,0,0,0
-36.86595648,174.7676021,Auckland,2018,property_damage,80,FALSE,straight,,fine,,darkness_not_lit,,0,0,0,0,2,0,0,1,0,0,0,0,0,0,0,0,0,0,0,0
-40.36370571,175.5945876,Palmerston North City,2018,property_damage,50,TRUE,straight,,rain,,dawn_dusk,traffic_lights,0,0,0,0,2,0,0,1,0,0,0,0,0,0,0,0,0,0,0,0
-40.36370571,175.5945876,Palmerston North City,2018,property_damage,50,TRUE,straight,,rain,,dawn_dusk,traffic_lights,0,0,0,0,2,0,0,1,0,0,0,0,0,0,0,0,0,0,0,0
-46.40642577,168.3614357,Invercargill City,2018,property_damage,50,TRUE,straight,,fine,,daylight,traffic_lights,0,0,0,0,2,0,0,1,0,0,0,0,0,0,0,0,0,0,0,0
-46.40642577,168.3614357,Invercargill City,2018,property_damage,50,TRUE,straight,,fine,,daylight,traffic_lights,0,0,0,0,2,0,0,1,0,0,0,0,0,0,0,0,0,0,0,0
-46.40642577,168.3614357,Invercargill City,2018,property_damage,50,TRUE,straight,,fine,,daylight,traffic_lights,0,0,0,0,2,0,0,1,0,0,0,0,0,0,0,0,0,0,0,0
-43.56988377,172.4979634,Selwyn District,2018,property_damage,80,TRUE,straight,,fine,,daylight,stop_sign,0,0,0,0,2,0,0,1,0,0,0,0,0,0,0,0,0,0,0,0
-36.40175892,174.6607969,Auckland,2018,property_damage,50,TRUE,straight,,fine,,daylight,stop_sign,0,0,0,0,2,0,0,1,0,0,0,0,0,0,0,0,0,0,0,0
-36.87254285,174.725459,Auckland,2018,property_damage,50,TRUE,straight,,rain,,daylight,stop_sign,0,0,0,0,2,0,0,1,0,0,0,0,0,0,0,0,0,0,0,0
-38.6878636,178.0568433,Gisborne District,2018,property_damage,70,TRUE,straight,,rain,,daylight,stop_sign,0,0,0,0,2,0,0,1,0,0,0,0,0,0,0,0,0,0,0,0
-38.6878636,178.0568433,Gisborne District,2018,property_damage,70,TRUE,straight,,rain,,daylight,stop_sign,0,0,0,0,2,0,0,1,0,0,0,0,0,0,0,0,0,0,0,0
-36.90141489,174.8101132,Auckland,2018,property_damage,100,TRUE,straight,,fine,,daylight,,0,0,0,0,2,0,0,1,0,0,0,0,0,0,0,0,0,0,0,0
-37.7323315,175.2872193,Hamilton City,2018,property_damage,60,TRUE,straight,,fine,,darkness_not_lit,giveway_sign,0,0,0,0,2,0,0,1,0,0,0,0,0,0,0,0,0,0,0,0
-37.7323315,175.2872193,Hamilton City,2018,property_damage,80,TRUE,curved_view_open,,rain,,daylight,giveway_sign,0,0,0,0,2,0,0,1,0,0,0,0,0,0,0,0,0,0,0,0
-36.92234612,174.79213,Auckland,2018,property_damage,50,TRUE,straight,,fine,,daylight,stop_sign,0,0,0,0,2,0,0,1,0,0,0,0,0,0,0,0,0,0,0,0
-37.04470876,174.9211602,Auckland,2018,property_damage,50,FALSE,straight,,fine,,daylight,,0,0,0,0,2,0,0,1,0,0,0,0,0,0,0,0,0,0,0,0
-37.04470876,174.9211602,Auckland,2018,property_damage,50,FALSE,straight,,fine,,daylight,,0,0,0,0,2,0,0,1,0,0,0,0,0,0,0,0,0,0,0,0
-37.78846709,175.2772877,Hamilton City,2018,property_damage,50,TRUE,straight,,fine,,daylight,traffic_lights,0,0,0,0,2,0,0,1,0,0,0,0,0,0,0,0,0,0,0,0
-39.62931795,176.8294221,Hastings District,2018,property_damage,50,TRUE,straight,,fine,,daylight,giveway_sign,0,0,0,0,2,0,0,1,0,0,0,0,0,0,0,0,0,0,0,0
-41.24920217,174.811655,Wellington City,2018,property_damage,60,TRUE,straight,,fine,,daylight,,0,0,0,0,2,0,0,1,0,0,0,0,0,0,0,0,0,0,0,0
-36.88000916,174.7021212,Auckland,2018,property_damage,50,FALSE,straight,,fine,,darkness_not_lit,,0,0,0,0,2,0,0,1,0,0,0,0,0,0,0,0,0,0,0,0
-36.90813292,174.663832,Auckland,2018,property_damage,50,FALSE,straight,,fine,,darkness_not_lit,traffic_lights,0,0,0,0,2,0,0,1,0,0,0,0,0,0,0,0,0,0,0,0
-36.98291965,174.8678351,Auckland,2018,property_damage,50,FALSE,straight,,rain,,darkness_not_lit,,0,0,0,0,2,0,0,1,0,0,0,0,0,0,0,0,0,0,0,0
-39.05898902,174.0977,New Plymouth District,2018,property_damage,50,TRUE,straight,,fine,,daylight,giveway_sign,0,0,0,0,2,0,0,1,0,0,0,0,0,0,0,0,0,0,0,0
-36.99193534,174.8887413,Auckland,2018,property_damage,50,TRUE,straight,,,,daylight,traffic_lights,0,0,0,0,2,0,0,1,0,0,0,0,0,0,0,0,0,0,0,0
-43.54015578,172.6123567,Christchurch City,2018,property_damage,60,TRUE,straight,,fine,,daylight,traffic_lights,0,0,0,0,2,0,0,1,0,0,0,0,0,0,0,0,0,0,0,0
-37.68342365,176.225697,Tauranga City,2018,property_damage,100,FALSE,curved_view_open,,fine,,daylight,,0,0,0,0,2,0,0,1,0,0,0,0,0,0,0,0,0,0,0,0
-42.39405892,173.6791335,Kaikoura District,2018,property_damage,50,FALSE,straight,,rain,,daylight,,0,0,0,0,2,0,0,1,0,0,0,0,0,0,0,0,0,0,0,0
-41.29248826,174.7789116,Wellington City,2018,property_damage,50,TRUE,straight,,fine,,darkness_not_lit,traffic_lights,0,0,0,0,2,0,0,1,0,0,0,0,0,0,0,0,0,0,0,0
-36.76696878,174.7197514,Auckland,2018,property_damage,50,FALSE,straight,,fine,,daylight,,0,0,0,0,2,0,0,1,0,0,0,0,0,0,0,0,0,0,0,0
-36.92746384,174.8978256,Auckland,2018,property_damage,60,FALSE,straight,,,,daylight,,0,0,0,0,2,0,0,1,0,0,0,0,0,0,0,0,0,0,0,0
-41.13780667,175.0304422,Upper Hutt City,2018,property_damage,50,FALSE,straight,,fine,,daylight,,0,0,0,0,2,0,0,1,0,0,0,0,0,0,0,0,0,0,0,0
-37.80740203,175.2683173,Hamilton City,2018,property_damage,60,FALSE,straight,,fine,,daylight,,0,0,0,0,2,0,0,1,0,0,0,0,0,0,0,0,0,0,0,0
-43.53180631,172.5736982,Christchurch City,2018,property_damage,50,TRUE,straight,,rain,,daylight,traffic_lights,0,0,0,0,2,0,0,1,0,0,0,0,0,0,0,0,0,0,0,0
-41.30450338,174.7922938,Wellington City,2018,property_damage,50,TRUE,straight,,rain,,daylight,giveway_sign,0,0,0,0,2,0,0,1,0,0,0,0,0,0,0,0,0,0,0,0
-36.90171177,174.7235008,Auckland,2018,property_damage,50,FALSE,straight,,fine,,dawn_dusk,,0,0,0,0,2,0,0,1,0,0,0,0,0,0,0,0,0,0,0,0
-36.87037417,174.7747828,Auckland,2018,property_damage,50,FALSE,straight,,rain,,daylight,,0,0,0,0,2,0,0,1,0,0,0,0,0,0,0,0,0,0,0,0
-36.87482646,174.7046315,Auckland,2018,property_damage,50,FALSE,straight,,fine,,daylight,,0,0,0,0,2,0,0,1,0,0,0,0,0,0,0,0,0,0,0,0
-36.98969249,174.847428,Auckland,2018,property_damage,50,TRUE,straight,,rain,,daylight,giveway_sign,0,0,0,0,2,0,0,1,0,0,0,0,0,0,0,0,0,0,0,0
-39.15723811,174.2075427,New Plymouth District,2018,property_damage,50,FALSE,straight,,fine,,daylight,,0,0,0,0,2,0,0,1,0,0,0,0,0,0,0,0,0,0,0,0
-45.87647307,170.4996947,Dunedin City,2018,property_damage,50,FALSE,straight,,rain,,daylight,,0,0,0,0,2,0,0,1,0,0,0,0,0,0,0,0,0,0,0,0
-43.53495862,172.5620049,Christchurch City,2018,property_damage,50,FALSE,straight,,rain,,darkness_not_lit,,0,0,0,0,2,0,0,1,0,0,0,0,0,0,0,0,0,0,0,0
-43.50310897,172.63319,Christchurch City,2018,property_damage,50,FALSE,straight,,rain,,daylight,,0,0,0,0,2,0,0,1,0,0,0,0,0,0,0,0,0,0,0,0
-41.29140938,174.7717765,Wellington City,2018,property_damage,60,FALSE,straight,,rain,,daylight,,0,0,0,0,2,0,0,1,0,0,0,0,0,0,0,0,0,0,0,0
-45.01596218,168.7269534,Queenstown-Lakes District,2018,property_damage,50,FALSE,straight,,fine,,daylight,,0,0,0,0,2,0,0,1,0,0,0,0,0,0,0,0,0,0,0,0
-36.98093388,174.8822791,Auckland,2018,property_damage,100,FALSE,straight,,fine,,dawn_dusk,,0,0,0,0,2,0,0,1,0,0,0,0,0,0,0,0,0,0,0,0
-36.89584862,174.6880299,Auckland,2018,property_damage,50,FALSE,straight,,rain,,darkness_not_lit,,0,0,0,0,2,0,0,1,0,0,0,0,0,0,0,0,0,0,0,0
-40.33085828,175.629498,Palmerston North City,2018,property_damage,50,FALSE,straight,,fine,,daylight,,0,0,0,0,2,0,0,1,0,0,0,0,0,0,0,0,0,0,0,0
-35.69904177,174.3138742,Whangarei District,2018,property_damage,50,FALSE,straight,,fine,,daylight,,0,0,0,0,2,0,0,1,0,0,0,0,0,0,0,0,0,0,0,0
-36.88699113,174.7378467,Auckland,2018,property_damage,50,FALSE,straight,,fine,,daylight,,0,0,0,0,2,0,0,1,0,0,0,0,0,0,0,0,0,0,0,0
-46.146231,169.8766975,Clutha District,2018,property_damage,100,FALSE,straight,,fine,,daylight,,0,0,0,0,2,0,0,1,0,0,0,0,0,0,0,0,0,0,0,0
-36.84880045,174.7532327,Auckland,2018,property_damage,80,FALSE,curved_view_open,,rain,,daylight,,0,0,0,0,2,0,0,1,0,0,0,0,0,0,0,0,0,0,0,0
-36.81665691,174.7508848,Auckland,2018,property_damage,80,FALSE,straight,,fine,,darkness_not_lit,,0,0,0,0,2,0,0,1,0,0,0,0,0,0,0,0,0,0,0,0
-36.92598888,174.776442,Auckland,2018,property_damage,100,FALSE,straight,,rain,,darkness_not_lit,,0,0,0,0,2,0,0,1,0,0,0,0,0,0,0,0,0,0,0,0
-37.76853013,175.3015821,Hamilton City,2018,property_damage,80,FALSE,straight,,rain,,dawn_dusk,giveway_sign,0,0,0,0,2,0,0,1,0,0,0,0,0,0,0,0,0,0,0,0
-38.51951722,175.8047116,Taupo District,2018,property_damage,100,FALSE,straight,,fine,,daylight,,0,0,0,0,2,0,0,1,0,0,0,0,0,0,0,0,0,0,0,0
-41.31325971,174.7979813,Wellington City,2018,property_damage,70,FALSE,straight,,fine,,daylight,,0,0,0,0,2,0,0,1,0,0,0,0,0,0,0,0,0,0,0,0
-36.74843663,174.7321848,Auckland,2018,property_damage,50,FALSE,straight,,fine,,daylight,,0,0,0,0,2,0,0,1,0,0,0,0,0,0,0,0,0,0,0,0
-43.47391006,172.6661933,Christchurch City,2018,property_damage,60,FALSE,straight,,fine,,daylight,traffic_lights,0,0,0,0,2,0,0,1,0,0,0,0,0,0,0,0,0,0,0,0
-36.81179707,174.7540474,Auckland,2018,property_damage,80,FALSE,straight,,fine,,daylight,,0,0,0,0,2,0,0,1,0,0,0,0,0,0,0,0,0,0,0,0
-36.81639445,174.7509573,Auckland,2018,property_damage,80,FALSE,straight,,rain,,daylight,,0,0,0,0,2,0,0,1,0,0,0,0,0,0,0,0,0,0,0,0
-36.73334712,174.7166829,Auckland,2018,property_damage,80,FALSE,straight,,rain,,daylight,,0,0,0,0,2,0,0,1,0,0,0,0,0,0,0,0,0,0,0,0
-36.76736842,174.74061,Auckland,2018,property_damage,100,FALSE,straight,,fine,,daylight,,0,0,0,0,2,0,0,1,0,0,0,0,0,0,0,0,0,0,0,0
-37.07728472,174.930396,Auckland,2018,property_damage,100,FALSE,straight,,fine,,daylight,,0,0,0,0,2,0,0,1,0,0,0,0,0,0,0,0,0,0,0,0
-43.5398935,172.6338582,Christchurch City,2018,property_damage,50,FALSE,straight,,fine,,daylight,,0,0,0,0,2,0,0,1,0,0,0,0,0,0,0,0,0,0,0,0
-43.55392379,172.6151902,Christchurch City,2018,property_damage,50,FALSE,straight,,fine,,daylight,,0,0,0,0,2,0,0,1,0,0,0,0,0,0,0,0,0,0,0,0
-39.4816993,176.9208841,Napier City,2018,property_damage,50,FALSE,straight,,fine,,daylight,,0,0,0,0,2,0,0,1,0,0,0,0,0,0,0,0,0,0,0,0
-36.92567417,174.8907984,Auckland,2018,property_damage,60,FALSE,straight,,fine,,daylight,,0,0,0,0,2,0,0,1,0,0,0,0,0,0,0,0,0,0,0,0
-36.78317861,174.7497977,Auckland,2018,property_damage,100,FALSE,straight,,fine,,daylight,,0,0,0,0,2,0,0,1,0,0,0,0,0,0,0,0,0,0,0,0
-40.99643416,174.9438618,Kapiti Coast District,2018,property_damage,80,FALSE,straight,,fine,,daylight,,0,0,0,0,2,0,0,1,0,0,0,0,0,0,0,0,0,0,0,0
-40.36525588,175.6181169,Palmerston North City,2018,property_damage,50,FALSE,straight,,fine,,daylight,,0,0,0,0,2,0,0,1,0,0,0,0,0,0,0,0,0,0,0,0
-37.00211457,174.928864,Auckland,2018,property_damage,60,FALSE,straight,,fine,,daylight,,0,0,0,0,2,0,0,1,0,0,0,0,0,0,0,0,0,0,0,0
-35.83908219,174.3308834,Whangarei District,2018,property_damage,100,FALSE,straight,,rain,,daylight,,0,0,0,0,2,0,0,1,0,0,0,0,0,0,0,0,0,0,0,0
-39.75255835,176.7161324,Hastings District,2018,property_damage,100,FALSE,straight,,fine,,dawn_dusk,,0,0,0,0,2,0,0,1,0,0,0,0,0,0,0,0,0,0,0,0
-37.03663175,174.910085,Auckland,2018,property_damage,100,FALSE,straight,,fine,,daylight,,0,0,0,0,2,0,0,1,0,0,0,0,0,0,0,0,0,0,0,0