latitude,longitude,local_government_area,year,severity,speed_limit,intersection,road_position_horizontal,road_wet,weather,crash_type,lighting,traffic_controls,casualties,fatalities,serious_injuries,minor_injuries,car_sedan,car_utility,car_van,car_4x4,car_station_wagon,motor_cycle,truck_small,truck_large,bus,taxi,bicycle,scooter,pedestrian,inanimate,train,tram
-41.11458814,175.0852626,Upper Hutt City,2018,property_damage,100,FALSE,straight,,fine,,daylight,,0,0,0,0,2,0,0,1,0,0,0,0,0,0,0,0,0,0,0,0
-36.98301877,174.8308187,Auckland,2018,property_damage,100,FALSE,straight,,rain,,daylight,,0,0,0,0,2,0,0,1,0,0,0,0,0,0,0,0,0,0,0,0
-41.13598383,174.83813,Porirua City,2018,property_damage,70,FALSE,straight,,fine,,daylight,,0,0,0,0,2,0,0,1,0,0,0,0,0,0,0,0,0,0,0,0
-41.24103114,174.8242932,Wellington City,2018,property_damage,100,FALSE,straight,,fine,,darkness_not_lit,,0,0,0,0,2,0,0,1,0,0,0,0,0,0,0,0,0,0,0,0
-36.92513773,174.9130356,Auckland,2018,property_damage,60,FALSE,straight,,fine,,daylight,,0,0,0,0,2,0,0,1,0,0,0,0,0,0,0,0,0,0,0,0
-36.86913688,174.7253824,Auckland,2018,property_damage,50,FALSE,straight,,rain,,darkness_not_lit,,0,0,0,0,2,0,0,1,0,0,0,0,0,0,0,0,0,0,0,0
-37.80181066,175.3772531,Waikato District,2018,property_damage,80,FALSE,straight,,fine,,darkness_not_lit,,0,0,0,0,2,0,0,1,0,0,0,0,0,0,0,0,0,0,0,0
-36.84846079,174.7481444,Auckland,2018,property_damage,50,FALSE,curved_view_open,,fine,,daylight,giveway_sign,0,0,0,0,2,0,0,1,0,0,0,0,0,0,0,0,0,0,0,0
-36.87398809,174.6255291,Auckland,2018,property_damage,50,FALSE,straight,,rain,,darkness_not_lit,,0,0,0,0,2,0,0,1,0,0,0,0,0,0,0,0,0,0,0,0
-45.89576017,170.5025025,Dunedin City,2018,property_damage,50,FALSE,straight,,fine,,daylight,,0,0,0,0,2,0,0,1,0,0,0,0,0,0,0,0,0,0,0,0
-36.92197747,174.754649,Auckland,2018,property_damage,50,FALSE,straight,,rain,,darkness_not_lit,,0,0,0,0,2,0,0,1,0,0,0,0,0,0,0,0,0,0,0,0
-36.7664128,174.7400058,Auckland,2018,property_damage,100,FALSE,straight,,fine,,daylight,,0,0,0,0,2,0,0,1,0,0,0,0,0,0,0,0,0,0,0,0
-37.83621278,175.3653135,Waikato District,2018,property_damage,100,FALSE,straight,,fine,,daylight,,0,0,0,0,2,0,0,1,0,0,0,0,0,0,0,0,0,0,0,0
-36.99684467,174.8331729,Auckland,2018,property_damage,100,FALSE,straight,,fine,,daylight,,0,0,0,0,2,0,0,1,0,0,0,0,0,0,0,0,0,0,0,0
-40.98203583,174.9664149,Kapiti Coast District,2018,property_damage,80,FALSE,straight,,fine,,darkness_not_lit,,0,0,0,0,2,0,0,1,0,0,0,0,0,0,0,0,0,0,0,0
-36.97832769,174.8508492,Auckland,2018,property_damage,50,FALSE,straight,,fine,,daylight,,0,0,0,0,2,0,0,1,0,0,0,0,0,0,0,0,0,0,0,0
-36.94349862,174.8544528,Auckland,2018,property_damage,100,FALSE,curved_view_open,,fine,,darkness_not_lit,,0,0,0,0,2,0,0,1,0,0,0,0,0,0,0,0,0,0,0,0
-41.31792527,174.8094833,Wellington City,2018,property_damage,70,FALSE,straight,,rain,,darkness_not_lit,,0,0,0,0,2,0,0,1,0,0,0,0,0,0,0,0,0,0,0,0
-36.89080871,174.7939059,Auckland,2018,property_damage,50,FALSE,straight,,,,daylight,,0,0,0,0,2,0,0,1,0,0,0,0,0,0,0,0,0,0,0,0
-36.86676274,174.7679348,Auckland,2018,property_damage,80,FALSE,straight,,fine,,daylight,,0,0,0,0,2,0,0,1,0,0,0,0,0,0,0,0,0,0,0,0
-36.91203475,174.8578324,Auckland,2018,property_damage,80,FALSE,straight,,rain,,darkness_not_lit,,0,0,0,0,2,0,0,1,0,0,0,0,0,0,0,0,0,0,0,0
-41.23750508,174.830233,Wellington City,2018,property_damage,100,FALSE,straight,,rain,,darkness_not_lit,,0,0,0,0,2,0,0,1,0,0,0,0,0,0,0,0,0,0,0,0
-36.87125325,174.7111711,Auckland,2018,property_damage,80,FALSE,straight,,fine,,darkness_not_lit,,0,0,0,0,2,0,0,1,0,0,0,0,0,0,0,0,0,0,0,0
-37.85722397,175.3119535,Waipa District,2018,property_damage,100,FALSE,straight,,fine,,darkness_not_lit,,0,0,0,0,2,0,0,1,0,0,0,0,0,0,0,0,0,0,0,0
-36.7380886,174.7222761,Auckland,2018,property_damage,50,FALSE,straight,,rain,,daylight,,0,0,0,0,2,0,0,1,0,0,0,0,0,0,0,0,0,0,0,0
-36.91231645,174.8227852,Auckland,2018,property_damage,100,FALSE,straight,,mist,,daylight,,0,0,0,0,2,0,0,1,0,0,0,0,0,0,0,0,0,0,0,0
-36.91602955,174.8310117,Auckland,2018,property_damage,100,FALSE,straight,,fine,,daylight,,0,0,0,0,2,0,0,1,0,0,0,0,0,0,0,0,0,0,0,0
-37.80296431,175.2600951,Hamilton City,2018,property_damage,80,FALSE,straight,,rain,,daylight,,0,0,0,0,2,0,0,1,0,0,0,0,0,0,0,0,0,0,0,0
-37.68672587,176.1640632,Tauranga City,2018,property_damage,50,FALSE,straight,,,,daylight,,0,0,0,0,2,0,0,1,0,0,0,0,0,0,0,0,0,0,0,0
-45.0234337,168.6982306,Queenstown-Lakes District,2018,property_damage,50,FALSE,curved_view_open,,fine,,daylight,,0,0,0,0,2,0,0,1,0,0,0,0,0,0,0,0,0,0,0,0
-41.22371172,174.9064625,Hutt City,2018,property_damage,50,FALSE,straight,,rain,,daylight,,0,0,0,0,2,0,0,1,0,0,0,0,0,0,0,0,0,0,0,0
-39.63205207,176.8537424,Hastings District,2018,property_damage,50,FALSE,straight,,rain,,darkness_not_lit,,0,0,0,0,2,0,0,1,0,0,0,0,0,0,0,0,0,0,0,0
-36.83231224,174.619354,Auckland,2018,property_damage,80,FALSE,straight,,rain,,daylight,,0,0,0,0,2,0,0,1,0,0,0,0,0,0,0,0,0,0,0,0
-36.92201972,174.9130026,Auckland,2018,property_damage,60,FALSE,straight,,rain,,daylight,,0,0,0,0,2,0,0,1,0,0,0,0,0,0,0,0,0,0,0,0
-37.78469022,175.2449589,Hamilton City,2018,property_damage,50,FALSE,straight,,rain,,daylight,,0,0,0,0,2,0,0,1,0,0,0,0,0,0,0,0,0,0,0,0
-36.81178718,174.7504375,Auckland,2018,property_damage,50,FALSE,curved_view_open,,fine,,daylight,,0,0,0,0,2,0,0,1,0,0,0,0,0,0,0,0,0,0,0,0
-45.89971083,170.5119553,Dunedin City,2018,property_damage,50,FALSE,straight,,rain,,daylight,,0,0,0,0,2,0,0,1,0,0,0,0,0,0,0,0,0,0,0,0
-41.13212737,175.0646484,Upper Hutt City,2018,property_damage,50,FALSE,straight,,rain,,daylight,,0,0,0,0,2,0,0,1,0,0,0,0,0,0,0,0,0,0,0,0
-36.82719916,174.7480641,Auckland,2018,property_damage,80,FALSE,straight,,fine,,daylight,,0,0,0,0,2,0,0,1,0,0,0,0,0,0,0,0,0,0,0,0
-41.22865768,174.8439214,Wellington City,2018,property_damage,100,FALSE,straight,,fine,,daylight,,0,0,0,0,2,0,0,1,0,0,0,0,0,0,0,0,0,0,0,0
-43.51471837,172.6888328,Christchurch City,2018,property_damage,50,FALSE,straight,,fine,,daylight,,0,0,0,0,2,0,0,1,0,0,0,0,0,0,0,0,0,0,0,0
-41.20353437,174.9048986,Hutt City,2018,minor_injury,100,FALSE,straight,,rain,,daylight,,1,0,0,1,2,0,0,1,0,0,0,0,0,0,0,0,0,0,0,0
-40.31909388,175.5746844,Manawatu District,2018,minor_injury,100,TRUE,straight,,fine,,daylight,stop_sign,1,0,0,1,2,0,0,1,0,0,0,0,0,0,0,0,0,0,0,0
-40.31909388,175.5746844,Palmerston North City,2018,minor_injury,100,TRUE,straight,,fine,,daylight,stop_sign,1,0,0,1,2,0,0,1,0,0,0,0,0,0,0,0,0,0,0,0
-37.05225945,174.9571206,Auckland,2018,minor_injury,50,TRUE,straight,,fine,,darkness_not_lit,stop_sign,1,0,0,1,2,0,0,1,0,0,0,0,0,0,0,0,0,0,0,0
-43.54000076,172.63361,Christchurch City,2018,minor_injury,50,TRUE,straight,,fine,,daylight,traffic_lights,1,0,0,1,2,0,0,1,0,0,0,0,0,0,0,0,0,0,0,0
-36.90893376,174.6773858,Auckland,2018,minor_injury,50,TRUE,straight,,fine,,daylight,traffic_lights,1,0,0,1,2,0,0,1,0,0,0,0,0,0,0,0,0,0,0,0
-41.2416887,174.8100273,Wellington City,2018,minor_injury,80,FALSE,curved_view_open,,fine,,dawn_dusk,,1,0,0,1,2,0,0,1,0,0,0,0,0,0,0,0,0,0,0,0
-39.07277962,174.0602747,New Plymouth District,2018,minor_injury,50,TRUE,straight,,fine,,daylight,giveway_sign,1,0,0,1,2,0,0,1,0,0,0,0,0,0,0,0,0,0,0,0
-36.99622026,174.8472826,Auckland,2018,minor_injury,100,TRUE,curved_view_open,,fine,,daylight,,1,0,0,1,2,0,0,1,0,0,0,0,0,0,0,0,0,0,0,0
-41.28562072,173.2752889,Nelson City,2018,minor_injury,50,FALSE,straight,,rain,,dawn_dusk,,1,0,0,1,2,0,0,1,0,0,0,0,0,0,0,0,0,0,0,0
-36.85047928,174.7821623,Auckland,2018,minor_injury,50,TRUE,straight,,rain,,daylight,,1,0,0,1,2,0,0,1,0,0,0,0,0,0,0,0,0,0,0,0
-37.03582973,174.9100761,Auckland,2018,minor_injury,100,FALSE,straight,,fine,,daylight,,1,0,0,1,2,0,0,1,0,0,0,0,0,0,0,0,0,0,0,0
-37.7959873,175.2427685,Hamilton City,2018,minor_injury,50,TRUE,straight,,fine,,darkness_not_lit,,1,0,0,1,2,0,0,1,0,0,0,0,0,0,0,0,0,0,0,0
-37.58634457,175.1594998,Waikato District,2018,minor_injury,100,FALSE,straight,,fine,,daylight,,1,0,0,1,2,0,0,1,0,0,0,0,0,0,0,0,0,0,0,0
-36.98255215,174.8831054,Auckland,2018,minor_injury,100,TRUE,straight,,fine,,daylight,,1,0,0,1,2,0,0,1,0,0,0,0,0,0,0,0,0,0,0,0
-36.83047981,174.6062636,Auckland,2018,minor_injury,50,FALSE,straight,,fine,,daylight,,1,0,0,1,2,0,0,1,0,0,0,0,0,0,0,0,0,0,0,0
-39.3042317,174.2706747,Stratford District,2018,minor_injury,100,FALSE,straight,,fine,,daylight,,1,0,0,1,2,0,0,1,0,0,0,0,0,0,0,0,0,0,0,0
-43.4784115,172.6598377,Christchurch City,2018,minor_injury,70,FALSE,straight,,fine,,dawn_dusk,,1,0,0,1,2,0,0,1,0,0,0,0,0,0,0,0,0,0,0,0
-36.81965819,174.7496751,Auckland,2018,minor_injury,80,FALSE,straight,,fine,,daylight,,1,0,0,1,2,0,0,1,0,0,0,0,0,0,0,0,0,0,0,0
-43.48420236,172.60945,Christchurch City,2018,minor_injury,50,FALSE,straight,,fine,,daylight,,1,0,0,1,2,0,0,1,0,0,0,0,0,0,0,0,0,0,0,0
-43.52394729,172.6396221,Christchurch City,2018,minor_injury,50,FALSE,straight,,fine,,daylight,,1,0,0,1,2,0,0,1,0,0,0,0,0,0,0,0,0,0,0,0
-37.19736413,175.8622536,Thames-Coromandel District,2018,minor_injury,50,FALSE,straight,,fine,,daylight,,1,0,0,1,2,0,0,1,0,0,0,0,0,0,0,0,0,0,0,0
-37.62109849,175.2031275,Waikato District,2018,minor_injury,100,FALSE,straight,,fine,,daylight,,1,0,0,1,2,0,0,1,0,0,0,0,0,0,0,0,0,0,0,0
-36.75123812,174.724239,Auckland,2018,minor_injury,80,FALSE,straight,,fine,,darkness_not_lit,,1,0,0,1,2,0,0,1,0,0,0,0,0,0,0,0,0,0,0,0
-36.95824733,174.9037895,Auckland,2018,minor_injury,80,FALSE,straight,,fine,,daylight,,1,0,0,1,2,0,0,1,0,0,0,0,0,0,0,0,0,0,0,0
-37.70556061,176.1568583,Tauranga City,2018,minor_injury,50,FALSE,straight,,fine,,daylight,,1,0,0,1,2,0,0,1,0,0,0,0,0,0,0,0,0,0,0,0
-38.66129032,178.0074136,Gisborne District,2018,minor_injury,50,FALSE,straight,,fine,,darkness_not_lit,,1,0,0,1,2,0,0,1,0,0,0,0,0,0,0,0,0,0,0,0
-39.63446267,176.8595258,Hastings District,2018,minor_injury,50,FALSE,straight,,rain,,daylight,,1,0,0,1,2,0,0,1,0,0,0,0,0,0,0,0,0,0,0,0
-36.8842262,174.8018305,Auckland,2018,minor_injury,50,FALSE,straight,,rain,,daylight,,1,0,0,1,2,0,0,1,0,0,0,0,0,0,0,0,0,0,0,0
-41.24730408,174.8143593,Wellington City,2018,minor_injury,100,FALSE,straight,,rain,,daylight,,1,0,0,1,2,0,0,1,0,0,0,0,0,0,0,0,0,0,0,0
-36.86873843,174.7415726,Auckland,2018,minor_injury,80,FALSE,straight,,fine,,daylight,,1,0,0,1,2,0,0,1,0,0,0,0,0,0,0,0,0,0,0,0
-36.8622121,174.7636123,Auckland,2018,minor_injury,80,FALSE,straight,,fine,,daylight,,1,0,0,1,2,0,0,1,0,0,0,0,0,0,0,0,0,0,0,0
-36.92081566,174.7655339,Auckland,2018,minor_injury,100,FALSE,straight,,fine,,daylight,,5,0,0,5,2,0,0,1,0,0,0,0,0,0,0,0,0,0,0,0
-39.6345111,176.8594237,Hastings District,2018,serious_injury,50,FALSE,straight,,fine,,daylight,,1,0,1,0,2,0,0,1,0,0,0,0,0,0,0,0,0,0,0,0
-36.96690221,174.8581431,Auckland,2018,minor_injury,50,TRUE,straight,,fine,,daylight,giveway_sign,2,0,0,2,2,0,0,1,0,0,0,0,0,0,0,0,0,0,0,0
-41.18714508,174.9343747,Hutt City,2018,minor_injury,100,TRUE,straight,,fine,,daylight,giveway_sign,2,0,0,2,2,0,0,1,0,0,0,0,0,0,0,0,0,0,0,0
-37.00307815,174.8947932,Auckland,2018,minor_injury,100,FALSE,straight,,fine,,darkness_not_lit,,2,0,0,2,2,0,0,1,0,0,0,0,0,0,0,0,0,0,0,0
-36.95897815,174.9082328,Auckland,2018,minor_injury,60,FALSE,straight,,rain,,daylight,,2,0,0,2,2,0,0,1,0,0,0,0,0,0,0,0,0,0,0,0
-36.74581291,174.7223032,Auckland,2018,minor_injury,100,FALSE,straight,,fine,,daylight,,2,0,0,2,2,0,0,1,0,0,0,0,0,0,0,0,0,0,0,0
-36.9063963,174.6271818,Auckland,2018,minor_injury,50,FALSE,straight,,fine,,dawn_dusk,,2,0,0,2,2,0,0,1,0,0,0,0,0,0,0,0,0,0,0,0
-36.94859383,174.9066261,Auckland,2018,minor_injury,80,FALSE,straight,,fine,,darkness_not_lit,,2,0,0,2,2,0,0,1,0,0,0,0,0,0,0,0,0,0,0,0
-44.08021164,170.9792942,Mackenzie District,2018,minor_injury,100,FALSE,curved_view_open,,fine,,daylight,,3,0,0,3,2,0,0,1,0,0,0,0,0,0,0,0,0,0,0,0
-36.92871648,174.7820851,Auckland,2018,minor_injury,100,FALSE,straight,,rain,,darkness_not_lit,,3,0,0,3,2,0,0,1,0,0,0,0,0,0,0,0,0,0,0,0
-37.01601597,174.9391625,Auckland,2018,minor_injury,80,FALSE,straight,,fine,,darkness_not_lit,,3,0,0,3,2,0,0,1,0,0,0,0,0,0,0,0,0,0,0,0
-41.53388077,173.9583584,Marlborough District,2018,serious_injury,50,TRUE,straight,,fine,,daylight,giveway_sign,2,0,1,1,2,0,0,1,0,0,0,0,0,0,0,0,0,0,0,0
-44.70949762,171.1086748,Waimate District,2018,serious_injury,100,TRUE,straight,,fine,,darkness_not_lit,giveway_sign,3,0,2,1,2,0,0,1,0,0,0,0,0,0,0,0,0,0,0,0
-40.68547067,175.2394976,Horowhenua District,2018,fatality,100,FALSE,curved_view_open,,fine,,daylight,,4,1,1,2,2,0,0,1,0,0,0,0,0,0,0,0,0,0,0,0
-36.96964681,174.860726,Auckland,2018,property_damage,50,TRUE,straight,,,,daylight,stop_sign,0,0,0,0,1,0,0,0,0,0,0,0,0,0,1,0,0,1,0,0
-38.65400566,178.0222923,Gisborne District,2018,property_damage,50,TRUE,straight,,fine,,darkness_not_lit,stop_sign,0,0,0,0,1,0,0,0,0,0,0,0,0,0,1,0,0,1,0,0
-39.9214045,175.022966,Wanganui District,2018,property_damage,50,TRUE,curved_view_open,,fine,,daylight,,0,0,0,0,1,0,0,0,0,0,0,0,0,0,1,0,0,1,0,0
-37.79161891,175.2927258,Hamilton City,2018,property_damage,50,TRUE,straight,,fine,,daylight,traffic_lights,0,0,0,0,1,0,0,0,0,0,0,0,0,0,1,0,0,1,0,0
-38.67020232,178.0455017,Gisborne District,2018,property_damage,50,FALSE,straight,,fine,,daylight,,0,0,0,0,1,0,0,0,0,0,0,0,0,0,1,0,0,1,0,0
-41.29382711,174.7773715,Wellington City,2018,property_damage,50,FALSE,straight,,fine,,daylight,,0,0,0,0,1,0,0,0,0,0,0,0,0,0,1,0,0,1,0,0
-36.84789466,174.8177215,Auckland,2018,property_damage,50,FALSE,straight,,fine,,daylight,,0,0,0,0,1,0,0,0,0,0,0,0,0,0,1,0,0,1,0,0
-36.92270261,174.6616227,Auckland,2018,minor_injury,50,TRUE,straight,,fine,,daylight,giveway_sign,1,0,0,1,1,0,0,0,0,0,0,0,0,0,1,0,0,1,0,0
-36.92270261,174.6616227,Auckland,2018,minor_injury,50,TRUE,straight,,fine,,daylight,giveway_sign,1,0,0,1,1,0,0,0,0,0,0,0,0,0,1,0,0,1,0,0
-46.40500106,168.3509781,Invercargill City,2018,minor_injury,50,FALSE,straight,,fine,,daylight,,1,0,0,1,1,0,0,0,0,0,0,0,0,0,1,0,0,1,0,0
-45.90174356,170.4301931,Dunedin City,2018,minor_injury,50,FALSE,straight,,fine,,daylight,,1,0,0,1,1,0,0,0,0,0,0,0,0,0,1,0,0,1,0,0
-41.28271403,174.7784192,Wellington City,2018,minor_injury,50,FALSE,straight,,fine,,daylight,,1,0,0,1,1,0,0,0,0,0,0,0,0,0,1,0,0,1,0,0
-41.21181355,174.9323699,Hutt City,2018,minor_injury,50,FALSE,straight,,fine,,daylight,,1,0,0,1,1,0,0,0,0,0,0,0,0,0,1,0,0,1,0,0
-36.98008506,174.8857857,Auckland,2018,minor_injury,50,FALSE,straight,,fine,,daylight,,1,0,0,1,1,0,0,0,0,0,0,0,0,0,1,0,0,1,0,0
-37.05042373,174.9629431,Auckland,2018,minor_injury,50,FALSE,straight,,fine,,daylight,,1,0,0,1,1,0,0,0,0,0,0,0,0,0,1,0,0,1,0,0
-43.54970375,172.6836886,Christchurch City,2018,minor_injury,50,FALSE,straight,,fine,,daylight,,1,0,0,1,1,0,0,0,0,0,0,0,0,0,1,0,0,1,0,0
-43.54970375,172.6836886,Christchurch City,2018,minor_injury,50,FALSE,straight,,fine,,daylight,,1,0,0,1,1,0,0,0,0,0,0,0,0,0,1,0,0,1,0,0
-35.24046062,173.9381409,Far North District,2018,minor_injury,80,FALSE,curved_view_open,,fine,,daylight,,1,0,0,1,1,0,0,0,0,0,0,0,0,0,1,0,0,1,0,0
-41.12237835,175.0723472,Upper Hutt City,2018,minor_injury,50,FALSE,straight,,fine,,daylight,,1,0,0,1,1,0,0,0,0,0,0,0,0,0,1,0,0,1,0,0
-39.48990661,176.9165451,Napier City,2018,minor_injury,50,FALSE,straight,,fine,,daylight,,1,0,0,1,1,0,0,0,0,0,0,0,0,0,1,0,0,1,0,0
-39.0457139,174.1215875,New Plymouth District,2018,minor_injury,50,FALSE,straight,,fine,,daylight,,1,0,0,1,1,0,0,0,0,0,0,0,0,0,1,0,0,1,0,0
-43.53092593,172.6603223,Christchurch City,2018,minor_injury,50,FALSE,straight,,fine,,daylight,,1,0,0,1,1,0,0,0,0,0,0,0,0,0,1,0,0,1,0,0
-43.3157171,172.5905528,Waimakariri District,2018,minor_injury,50,FALSE,straight,,fine,,daylight,,1,0,0,1,1,0,0,0,0,0,0,0,0,0,1,0,0,1,0,0
-43.51849314,172.6263534,Christchurch City,2018,minor_injury,50,FALSE,straight,,fine,,darkness_not_lit,giveway_sign,1,0,0,1,1,0,0,0,0,0,0,0,0,0,1,0,0,1,0,0
-36.8643059,174.7524652,Auckland,2018,minor_injury,60,FALSE,straight,,,,daylight,,1,0,0,1,1,0,0,0,0,0,0,0,0,0,1,0,0,1,0,0
-37.8050927,175.770367,Matamata-Piako District,2018,minor_injury,50,FALSE,straight,,fine,,daylight,,1,0,0,1,1,0,0,0,0,0,0,0,0,0,1,0,0,1,0,0
-43.54277868,172.6131444,Christchurch City,2018,minor_injury,50,FALSE,straight,,fine,,darkness_not_lit,,1,0,0,1,1,0,0,0,0,0,0,0,0,0,1,0,0,1,0,0
-36.77280272,174.7657407,Auckland,2018,minor_injury,50,FALSE,straight,,fine,,darkness_not_lit,,1,0,0,1,1,0,0,0,0,0,0,0,0,0,1,0,0,1,0,0
-37.79484885,175.2939158,Hamilton City,2018,minor_injury,50,FALSE,straight,,fine,,darkness_not_lit,,1,0,0,1,1,0,0,0,0,0,0,0,0,0,1,0,0,1,0,0
-37.79355138,175.2934442,Hamilton City,2018,serious_injury,50,FALSE,straight,,fine,,daylight,giveway_sign,1,0,1,0,1,0,0,0,0,0,0,0,0,0,1,0,0,1,0,0
-41.24673903,174.7836608,Wellington City,2018,serious_injury,50,TRUE,straight,,fine,,daylight,giveway_sign,1,0,1,0,1,0,0,0,0,0,0,0,0,0,1,0,0,1,0,0
-36.84935823,174.7441161,Auckland,2018,serious_injury,50,FALSE,straight,,fine,,daylight,,1,0,1,0,1,0,0,0,0,0,0,0,0,0,1,0,0,1,0,0
-41.23541684,174.7981369,Wellington City,2018,serious_injury,50,FALSE,straight,,fine,,daylight,,1,0,1,0,1,0,0,0,0,0,0,0,0,0,1,0,0,1,0,0
-41.2381844,174.9071218,Hutt City,2018,serious_injury,50,FALSE,straight,,fine,,daylight,,1,0,1,0,1,0,0,0,0,0,0,0,0,0,1,0,0,1,0,0
-37.79476487,175.2843288,Hamilton City,2018,property_damage,50,TRUE,curved_view_open,,fine,,daylight,giveway_sign,0,0,0,0,0,0,0,1,0,0,0,0,0,0,0,1,0,0,0,0
-45.86892149,170.4751536,Dunedin City,2018,property_damage,50,FALSE,straight,,rain,,daylight,,0,0,0,0,0,0,0,1,0,0,0,0,0,0,0,1,0,0,0,0
-39.64164078,176.8484157,Hastings District,2018,property_damage,50,TRUE,straight,,fine,,daylight,giveway_sign,0,0,0,0,0,0,0,1,0,0,0,0,0,0,0,1,0,0,0,0
-38.13498342,176.2471473,Rotorua District,2018,property_damage,50,TRUE,straight,,fine,,daylight,giveway_sign,0,0,0,0,0,0,0,1,0,0,0,0,0,0,0,1,0,0,0,0
-40.35739293,175.5703248,Palmerston North City,2018,property_damage,50,FALSE,straight,,fine,,daylight,,0,0,0,0,0,0,0,1,0,0,0,0,0,0,0,1,0,0,0,0
-38.66714169,178.0210645,Gisborne District,2018,minor_injury,50,TRUE,straight,,fine,,daylight,stop_sign,1,0,0,1,0,0,0,1,0,0,0,0,0,0,0,1,0,0,0,0
-39.64108566,176.8368985,Hastings District,2018,minor_injury,50,TRUE,straight,,fine,,darkness_not_lit,giveway_sign,1,0,0,1,0,0,0,1,0,0,0,0,0,0,0,1,0,0,0,0
-37.72672274,176.1323023,Tauranga City,2018,minor_injury,50,FALSE,straight,,fine,,daylight,,1,0,0,1,0,0,0,1,0,0,0,0,0,0,0,1,0,0,0,0
-43.535508,172.5962844,Christchurch City,2018,minor_injury,50,TRUE,straight,,fine,,darkness_not_lit,stop_sign,1,0,0,1,0,0,0,1,0,0,0,0,0,0,0,1,0,0,0,0
-43.535508,172.5962844,Christchurch City,2018,minor_injury,50,TRUE,straight,,fine,,darkness_not_lit,stop_sign,1,0,0,1,0,0,0,1,0,0,0,0,0,0,0,1,0,0,0,0
-40.62077604,175.2841476,Horowhenua District,2018,minor_injury,50,TRUE,straight,,fine,,daylight,giveway_sign,1,0,0,1,0,0,0,1,0,0,0,0,0,0,0,1,0,0,0,0
-37.77880709,175.2477215,Hamilton City,2018,minor_injury,50,TRUE,straight,,fine,,daylight,giveway_sign,1,0,0,1,0,0,0,1,0,0,0,0,0,0,0,1,0,0,0,0
-36.85822281,174.7560615,Auckland,2018,minor_injury,50,FALSE,straight,,rain,,daylight,,1,0,0,1,0,0,0,1,0,0,0,0,0,0,0,1,0,0,0,0
-40.23033308,175.5794156,Manawatu District,2018,minor_injury,50,TRUE,straight,,fine,,daylight,giveway_sign,1,0,0,1,0,0,0,1,0,0,0,0,0,0,0,1,0,0,0,0
-36.79006376,174.7504922,Auckland,2018,minor_injury,50,FALSE,straight,,rain,,daylight,,1,0,0,1,0,0,0,1,0,0,0,0,0,0,0,1,0,0,0,0
-36.84501327,174.7679385,Auckland,2018,serious_injury,50,TRUE,straight,,fine,,daylight,traffic_lights,1,0,1,0,0,0,0,1,0,0,0,0,0,0,0,1,0,0,0,0
-36.85819081,174.8098557,Auckland,2018,serious_injury,50,TRUE,straight,,fine,,darkness_not_lit,stop_sign,1,0,1,0,0,0,0,1,0,0,0,0,0,0,0,1,0,0,0,0
-39.47950474,176.8993993,Napier City,2018,serious_injury,50,FALSE,straight,,fine,,daylight,,1,0,1,0,0,0,0,1,0,0,0,0,0,0,0,1,0,0,0,0
-41.20693059,174.8116808,Wellington City,2018,serious_injury,50,FALSE,straight,,fine,,daylight,manual_control,1,0,1,0,0,0,0,1,0,0,0,0,0,0,0,1,0,0,0,0
-38.13487537,176.250074,Rotorua District,2018,fatality,50,TRUE,straight,,rain,,daylight,giveway_sign,1,1,0,0,0,0,0,1,0,0,0,0,0,0,0,1,0,0,0,0
-37.02204739,174.8848107,Auckland,2018,property_damage,50,TRUE,straight,,fine,,darkness_not_lit,stop_sign,0,0,0,0,1,0,0,0,0,0,0,0,0,0,0,0,0,3,0,0
-37.02464696,174.8924963,Auckland,2018,property_damage,50,TRUE,curved_view_open,,fine,,daylight,stop_sign,0,0,0,0,1,0,0,0,0,0,0,0,0,0,0,0,0,3,0,0
-36.89970291,174.7730266,Auckland,2018,property_damage,50,TRUE,curved_view_open,,rain,,darkness_not_lit,traffic_lights,0,0,0,0,1,0,0,0,0,0,0,0,0,0,0,0,0,3,0,0
-37.03074479,174.9129727,Auckland,2018,property_damage,50,TRUE,straight,,rain,,darkness_not_lit,giveway_sign,0,0,0,0,1,0,0,0,0,0,0,0,0,0,0,0,0,3,0,0
-41.29843989,174.77555,Wellington City,2018,property_damage,50,TRUE,straight,,fine,,daylight,traffic_lights,0,0,0,0,1,0,0,0,0,0,0,0,0,0,0,0,0,3,0,0
-41.29843989,174.77555,Wellington City,2018,property_damage,50,TRUE,straight,,fine,,daylight,traffic_lights,0,0,0,0,1,0,0,0,0,0,0,0,0,0,0,0,0,3,0,0
-41.29843989,174.77555,Wellington City,2018,property_damage,50,TRUE,straight,,fine,,daylight,traffic_lights,0,0,0,0,1,0,0,0,0,0,0,0,0,0,0,0,0,3,0,0
-38.66798444,178.033895,Gisborne District,2018,property_damage,50,TRUE,straight,,fine,,daylight,stop_sign,0,0,0,0,1,0,0,0,0,0,0,0,0,0,0,0,0,3,0,0
-38.66798444,178.033895,Gisborne District,2018,property_damage,50,TRUE,straight,,fine,,daylight,stop_sign,0,0,0,0,1,0,0,0,0,0,0,0,0,0,0,0,0,3,0,0
-44.38482876,171.2177754,Timaru District,2018,property_damage,50,TRUE,straight,,fine,,darkness_not_lit,giveway_sign,0,0,0,0,1,0,0,0,0,0,0,0,0,0,0,0,0,3,0,0
-40.95882689,175.6127046,Masterton District,2018,property_damage,50,TRUE,curved_view_open,,fine,,darkness_not_lit,giveway_sign,0,0,0,0,1,0,0,0,0,0,0,0,0,0,0,0,0,3,0,0
-43.49263716,172.573541,Christchurch City,2018,property_damage,50,TRUE,curved_view_open,,fine,,darkness_not_lit,giveway_sign,0,0,0,0,1,0,0,0,0,0,0,0,0,0,0,0,0,3,0,0