latitude,longitude,local_government_area,year,severity,speed_limit,intersection,road_position_horizontal,road_wet,weather,crash_type,lighting,traffic_controls,casualties,fatalities,serious_injuries,minor_injuries,car_sedan,car_utility,car_van,car_4x4,car_station_wagon,motor_cycle,truck_small,truck_large,bus,taxi,bicycle,scooter,pedestrian,inanimate,train,tram
-36.65150728,174.6415461,Auckland,2018,property_damage,100,FALSE,curved_view_open,,fine,,darkness_not_lit,giveway_sign,0,0,0,0,1,0,0,0,0,0,0,0,0,0,0,0,0,3,0,0
-37.70699534,176.31261,Tauranga City,2018,property_damage,50,FALSE,straight,,fine,,darkness_not_lit,,0,0,0,0,1,0,0,0,0,0,0,0,0,0,0,0,0,3,0,0
-37.18410493,175.3053456,Hauraki District,2018,property_damage,100,TRUE,curved_view_open,,rain,,daylight,giveway_sign,0,0,0,0,1,0,0,0,0,0,0,0,0,0,0,0,0,3,0,0
-44.67981452,169.4809437,Central Otago District,2018,property_damage,100,FALSE,straight,,fine,,darkness_not_lit,,0,0,0,0,1,0,0,0,0,0,0,0,0,0,0,0,0,3,0,0
-36.58202359,174.3099383,Auckland,2018,property_damage,100,FALSE,curved_view_open,,fine,,darkness_not_lit,,0,0,0,0,1,0,0,0,0,0,0,0,0,0,0,0,0,3,0,0
-38.79478121,176.0756456,Taupo District,2018,minor_injury,70,FALSE,straight,,rain,,darkness_not_lit,,1,0,0,1,1,0,0,0,0,0,0,0,0,0,0,0,0,3,0,0
-37.86408334,175.3246711,Waipa District,2018,minor_injury,100,TRUE,curved_view_open,,fine,,dawn_dusk,stop_sign,1,0,0,1,1,0,0,0,0,0,0,0,0,0,0,0,0,3,0,0
-37.69552524,176.1117574,Tauranga City,2018,minor_injury,50,TRUE,curved_view_open,,fine,,darkness_not_lit,giveway_sign,1,0,0,1,1,0,0,0,0,0,0,0,0,0,0,0,0,3,0,0
-41.11752104,174.8357208,Porirua City,2018,minor_injury,50,TRUE,curved_view_open,,rain,,darkness_not_lit,giveway_sign,1,0,0,1,1,0,0,0,0,0,0,0,0,0,0,0,0,3,0,0
-43.93885221,171.6856047,Ashburton District,2018,minor_injury,100,TRUE,straight,,fine,,darkness_not_lit,giveway_sign,1,0,0,1,1,0,0,0,0,0,0,0,0,0,0,0,0,3,0,0
-36.94028282,174.7915171,Auckland,2018,minor_injury,50,TRUE,curved_view_open,,fine,,darkness_not_lit,traffic_lights,1,0,0,1,1,0,0,0,0,0,0,0,0,0,0,0,0,3,0,0
-39.6263257,176.8365712,Hastings District,2018,minor_injury,50,TRUE,straight,,fine,,daylight,giveway_sign,1,0,0,1,1,0,0,0,0,0,0,0,0,0,0,0,0,3,0,0
-43.33935851,172.666808,Waimakariri District,2018,minor_injury,100,TRUE,curved_view_open,,fine,,daylight,giveway_sign,1,0,0,1,1,0,0,0,0,0,0,0,0,0,0,0,0,3,0,0
-36.86425502,174.5981645,Auckland,2018,minor_injury,50,TRUE,straight,,rain,,darkness_not_lit,,1,0,0,1,1,0,0,0,0,0,0,0,0,0,0,0,0,3,0,0
-36.9786934,174.8603172,Auckland,2018,minor_injury,50,TRUE,straight,,fine,,darkness_not_lit,giveway_sign,1,0,0,1,1,0,0,0,0,0,0,0,0,0,0,0,0,3,0,0
-43.47042212,172.5361743,Christchurch City,2018,minor_injury,80,TRUE,curved_view_open,,fine,,daylight,,1,0,0,1,1,0,0,0,0,0,0,0,0,0,0,0,0,3,0,0
-41.36473873,173.9520343,Marlborough District,2018,minor_injury,100,FALSE,straight,,fine,,daylight,,1,0,0,1,1,0,0,0,0,0,0,0,0,0,0,0,0,3,0,0
-37.70041201,176.1310123,Tauranga City,2018,minor_injury,50,FALSE,straight,,fine,,dawn_dusk,,1,0,0,1,1,0,0,0,0,0,0,0,0,0,0,0,0,3,0,0
-37.68285611,176.2263526,Tauranga City,2018,minor_injury,70,TRUE,curved_view_open,,fine,,darkness_not_lit,giveway_sign,1,0,0,1,1,0,0,0,0,0,0,0,0,0,0,0,0,3,0,0
-39.60507806,176.9273085,Hastings District,2018,minor_injury,100,FALSE,curved_view_open,,fine,,daylight,,1,0,0,1,1,0,0,0,0,0,0,0,0,0,0,0,0,3,0,0
-36.64157561,174.6289531,Auckland,2018,minor_injury,80,TRUE,curved_view_open,,fine,,daylight,giveway_sign,1,0,0,1,1,0,0,0,0,0,0,0,0,0,0,0,0,3,0,0
-37.0992144,174.9988346,Auckland,2018,minor_injury,80,FALSE,curved_view_open,,fine,,daylight,,1,0,0,1,1,0,0,0,0,0,0,0,0,0,0,0,0,3,0,0
-36.70130258,174.7217347,Auckland,2018,minor_injury,50,FALSE,curved_view_open,,rain,,daylight,,1,0,0,1,1,0,0,0,0,0,0,0,0,0,0,0,0,3,0,0
-38.01606385,177.0621407,Whakatane District,2018,minor_injury,100,FALSE,curved_view_open,,rain,,daylight,,1,0,0,1,1,0,0,0,0,0,0,0,0,0,0,0,0,3,0,0
-39.95581647,175.0684989,Wanganui District,2018,minor_injury,100,FALSE,curved_view_open,,rain,,darkness_not_lit,,1,0,0,1,1,0,0,0,0,0,0,0,0,0,0,0,0,3,0,0
-37.90367988,175.3159317,Waipa District,2018,minor_injury,70,FALSE,straight,,fine,,daylight,,1,0,0,1,1,0,0,0,0,0,0,0,0,0,0,0,0,3,0,0
-45.0655875,170.9664482,Waitaki District,2018,minor_injury,80,FALSE,curved_view_open,,fine,,daylight,,1,0,0,1,1,0,0,0,0,0,0,0,0,0,0,0,0,3,0,0
-41.26696259,174.9538242,Hutt City,2018,minor_injury,50,FALSE,straight,,fine,,darkness_not_lit,,1,0,0,1,1,0,0,0,0,0,0,0,0,0,0,0,0,3,0,0
-35.75570187,174.2074961,Whangarei District,2018,minor_injury,70,FALSE,straight,,rain,,darkness_not_lit,,1,0,0,1,1,0,0,0,0,0,0,0,0,0,0,0,0,3,0,0
-39.09505517,174.1532317,New Plymouth District,2018,minor_injury,100,FALSE,curved_view_open,,rain,,darkness_not_lit,,1,0,0,1,1,0,0,0,0,0,0,0,0,0,0,0,0,3,0,0
-35.47939594,174.1163147,Far North District,2018,minor_injury,100,FALSE,curved_view_open,,rain,,darkness_not_lit,,1,0,0,1,1,0,0,0,0,0,0,0,0,0,0,0,0,3,0,0
-37.96968105,175.6059162,Waipa District,2018,minor_injury,100,FALSE,curved_view_open,,fine,,daylight,,1,0,0,1,1,0,0,0,0,0,0,0,0,0,0,0,0,3,0,0
-45.15872777,170.8423306,Waitaki District,2018,minor_injury,100,FALSE,curved_view_open,,fine,,darkness_not_lit,,1,0,0,1,1,0,0,0,0,0,0,0,0,0,0,0,0,3,0,0
-41.07087558,174.9377577,Porirua City,2018,minor_injury,60,FALSE,curved_view_open,,rain,,daylight,,1,0,0,1,1,0,0,0,0,0,0,0,0,0,0,0,0,3,0,0
-38.66417892,176.0636338,Taupo District,2018,minor_injury,100,FALSE,curved_view_open,,fine,,darkness_not_lit,,1,0,0,1,1,0,0,0,0,0,0,0,0,0,0,0,0,3,0,0
-41.12582694,172.9592096,Tasman District,2018,minor_injury,80,FALSE,curved_view_open,,fine,,daylight,,1,0,0,1,1,0,0,0,0,0,0,0,0,0,0,0,0,3,0,0
-39.56363566,176.8829943,Napier City,2018,minor_injury,100,FALSE,straight,,fine,,darkness_not_lit,,1,0,0,1,1,0,0,0,0,0,0,0,0,0,0,0,0,3,0,0
-38.04759117,174.8253066,Otorohanga District,2018,minor_injury,100,FALSE,curved_view_open,,fine,,darkness_not_lit,,1,0,0,1,1,0,0,0,0,0,0,0,0,0,0,0,0,3,0,0
-37.8576594,176.3088035,Western Bay Of Plenty District,2018,minor_injury,100,FALSE,curved_view_open,,fine,,daylight,,1,0,0,1,1,0,0,0,0,0,0,0,0,0,0,0,0,3,0,0
-37.01441479,175.0247535,Auckland,2018,minor_injury,80,FALSE,curved_view_open,,rain,,daylight,,1,0,0,1,1,0,0,0,0,0,0,0,0,0,0,0,0,3,0,0
-37.70369558,176.0967787,Western Bay Of Plenty District,2018,minor_injury,80,FALSE,curved_view_open,,rain,,daylight,,1,0,0,1,1,0,0,0,0,0,0,0,0,0,0,0,0,3,0,0
-35.46684549,173.6355052,Far North District,2018,minor_injury,100,FALSE,curved_view_open,,fine,,daylight,,1,0,0,1,1,0,0,0,0,0,0,0,0,0,0,0,0,3,0,0
-37.54790725,175.7157928,Matamata-Piako District,2018,minor_injury,50,FALSE,curved_view_open,,rain,,daylight,,1,0,0,1,1,0,0,0,0,0,0,0,0,0,0,0,0,3,0,0
-36.90218347,174.9406764,Auckland,2018,minor_injury,50,FALSE,straight,,fine,,darkness_not_lit,,1,0,0,1,1,0,0,0,0,0,0,0,0,0,0,0,0,3,0,0
-35.87184869,174.4376545,Whangarei District,2018,minor_injury,100,FALSE,curved_view_open,,fine,,daylight,,1,0,0,1,1,0,0,0,0,0,0,0,0,0,0,0,0,3,0,0
-40.22660535,175.4368493,Manawatu District,2018,minor_injury,100,FALSE,straight,,fine,,darkness_not_lit,,1,0,0,1,1,0,0,0,0,0,0,0,0,0,0,0,0,3,0,0
-43.55882788,172.6196163,Christchurch City,2018,minor_injury,50,FALSE,curved_view_open,,fine,,darkness_not_lit,,1,0,0,1,1,0,0,0,0,0,0,0,0,0,0,0,0,3,0,0
-39.50015693,176.9026125,Napier City,2018,minor_injury,50,FALSE,straight,,rain,,darkness_not_lit,,1,0,0,1,1,0,0,0,0,0,0,0,0,0,0,0,0,3,0,0
-41.31682374,173.9772151,Marlborough District,2018,minor_injury,100,FALSE,curved_view_open,,rain,,darkness_not_lit,,1,0,0,1,1,0,0,0,0,0,0,0,0,0,0,0,0,3,0,0
-41.31655403,173.2386679,Nelson City,2018,minor_injury,50,FALSE,straight,,fine,,daylight,,1,0,0,1,1,0,0,0,0,0,0,0,0,0,0,0,0,3,0,0
-36.63965161,174.6747378,Auckland,2018,minor_injury,80,FALSE,straight,,fine,,darkness_not_lit,,1,0,0,1,1,0,0,0,0,0,0,0,0,0,0,0,0,3,0,0
-36.97858059,174.6063611,Auckland,2018,minor_injury,100,FALSE,curved_view_open,,fine,,darkness_not_lit,,1,0,0,1,1,0,0,0,0,0,0,0,0,0,0,0,0,3,0,0
-37.99971941,176.9048447,Whakatane District,2018,minor_injury,100,FALSE,straight,,rain,,darkness_not_lit,,1,0,0,1,1,0,0,0,0,0,0,0,0,0,0,0,0,3,0,0
-36.93123509,174.9015342,Auckland,2018,minor_injury,60,FALSE,curved_view_open,,fine,,darkness_not_lit,,1,0,0,1,1,0,0,0,0,0,0,0,0,0,0,0,0,3,0,0
-41.2326568,174.9221142,Hutt City,2018,minor_injury,80,FALSE,straight,,rain,,daylight,,1,0,0,1,1,0,0,0,0,0,0,0,0,0,0,0,0,3,0,0
-36.74924421,174.66875,Auckland,2018,minor_injury,80,FALSE,curved_view_open,,rain,,darkness_not_lit,,1,0,0,1,1,0,0,0,0,0,0,0,0,0,0,0,0,3,0,0
-36.42120231,174.6491093,Auckland,2018,minor_injury,100,FALSE,curved_view_open,,rain,,darkness_not_lit,,1,0,0,1,1,0,0,0,0,0,0,0,0,0,0,0,0,3,0,0
-39.59002341,176.878998,Hastings District,2018,minor_injury,80,FALSE,curved_view_open,,mist,,darkness_not_lit,,1,0,0,1,1,0,0,0,0,0,0,0,0,0,0,0,0,3,0,0
-37.43028531,175.1311391,Waikato District,2018,minor_injury,80,TRUE,curved_view_open,,fine,,daylight,giveway_sign,1,0,0,1,1,0,0,0,0,0,0,0,0,0,0,0,0,3,0,0
-37.79733895,175.1696617,Waikato District,2018,minor_injury,100,FALSE,curved_view_open,,fine,,darkness_not_lit,,1,0,0,1,1,0,0,0,0,0,0,0,0,0,0,0,0,3,0,0
-36.25026313,174.5092077,Auckland,2018,minor_injury,70,FALSE,curved_view_open,,rain,,darkness_not_lit,,1,0,0,1,1,0,0,0,0,0,0,0,0,0,0,0,0,3,0,0
-46.20152563,169.0589756,Gore District,2018,serious_injury,100,FALSE,curved_view_open,,fine,,darkness_not_lit,,1,0,1,0,1,0,0,0,0,0,0,0,0,0,0,0,0,3,0,0
-36.90584496,174.7044124,Auckland,2018,serious_injury,50,FALSE,straight,,fine,,daylight,,1,0,1,0,1,0,0,0,0,0,0,0,0,0,0,0,0,3,0,0
-40.62237782,175.2878669,Horowhenua District,2018,serious_injury,30,FALSE,straight,,fine,,darkness_not_lit,,1,0,1,0,1,0,0,0,0,0,0,0,0,0,0,0,0,3,0,0
-38.08328746,175.2227454,Otorohanga District,2018,serious_injury,100,FALSE,curved_view_open,,rain,,daylight,,1,0,1,0,1,0,0,0,0,0,0,0,0,0,0,0,0,3,0,0
-41.21207521,174.8998743,Hutt City,2018,serious_injury,50,TRUE,curved_view_open,,fine,,darkness_not_lit,giveway_sign,1,0,1,0,1,0,0,0,0,0,0,0,0,0,0,0,0,3,0,0
-43.56467482,172.5441692,Christchurch City,2018,serious_injury,100,FALSE,straight,,fine,,darkness_not_lit,,1,0,1,0,1,0,0,0,0,0,0,0,0,0,0,0,0,3,0,0
-38.32390923,176.3120036,Rotorua District,2018,serious_injury,100,FALSE,curved_view_open,,fine,,daylight,,1,0,1,0,1,0,0,0,0,0,0,0,0,0,0,0,0,3,0,0
-37.039069,175.0533465,Auckland,2018,serious_injury,80,FALSE,curved_view_open,,fine,,daylight,,1,0,1,0,1,0,0,0,0,0,0,0,0,0,0,0,0,3,0,0
-35.10359185,173.2599065,Far North District,2018,serious_injury,50,FALSE,curved_view_open,,fine,,darkness_not_lit,,1,0,1,0,1,0,0,0,0,0,0,0,0,0,0,0,0,3,0,0
-36.78242834,174.7102919,Auckland,2018,minor_injury,50,FALSE,curved_view_open,,fine,,daylight,,2,0,0,2,1,0,0,0,0,0,0,0,0,0,0,0,0,3,0,0
-37.55028079,175.1593978,Waikato District,2018,minor_injury,50,FALSE,curved_view_open,,fine,,darkness_not_lit,,2,0,0,2,1,0,0,0,0,0,0,0,0,0,0,0,0,3,0,0
-41.51030067,172.7953974,Tasman District,2018,minor_injury,100,FALSE,curved_view_open,,fine,,daylight,,2,0,0,2,1,0,0,0,0,0,0,0,0,0,0,0,0,3,0,0
-42.41094695,171.2489508,Grey District,2018,minor_injury,100,FALSE,curved_view_open,,rain,,daylight,,2,0,0,2,1,0,0,0,0,0,0,0,0,0,0,0,0,3,0,0
-36.78260325,174.710038,Auckland,2018,minor_injury,50,FALSE,curved_view_open,,rain,,darkness_not_lit,,2,0,0,2,1,0,0,0,0,0,0,0,0,0,0,0,0,3,0,0
-38.95149441,177.7902576,Wairoa District,2018,minor_injury,100,FALSE,curved_view_open,,rain,,darkness_not_lit,,2,0,0,2,1,0,0,0,0,0,0,0,0,0,0,0,0,3,0,0
-37.21762627,175.1553405,Waikato District,2018,fatality,100,FALSE,straight,,rain,,daylight,,2,1,1,0,1,0,0,0,0,0,0,0,0,0,0,0,0,3,0,0
-38.11512517,176.2259804,Rotorua District,2018,serious_injury,60,TRUE,straight,,fine,,darkness_not_lit,giveway_sign,2,0,1,1,1,0,0,0,0,0,0,0,0,0,0,0,0,3,0,0
-36.85630242,174.62032,Auckland,2018,serious_injury,50,TRUE,curved_view_open,,fine,,darkness_not_lit,,2,0,1,1,1,0,0,0,0,0,0,0,0,0,0,0,0,3,0,0
-38.00913422,175.2445688,Waipa District,2018,serious_injury,100,FALSE,curved_view_open,,fine,,daylight,,2,0,1,1,1,0,0,0,0,0,0,0,0,0,0,0,0,3,0,0
-44.18480452,170.2331575,Mackenzie District,2018,serious_injury,100,FALSE,straight,,fine,,daylight,,2,0,1,1,1,0,0,0,0,0,0,0,0,0,0,0,0,3,0,0
-41.2236975,174.87276,Hutt City,2018,serious_injury,50,TRUE,straight,,fine,,darkness_not_lit,giveway_sign,2,0,1,1,1,0,0,0,0,0,0,0,0,0,0,0,0,3,0,0
-37.03181595,174.8632314,Auckland,2018,serious_injury,50,FALSE,curved_view_open,,fine,,daylight,,2,0,1,1,1,0,0,0,0,0,0,0,0,0,0,0,0,3,0,0
-46.51247779,168.804865,Southland District,2018,fatality,100,FALSE,straight,,fine,,daylight,,1,1,0,0,1,0,0,0,0,0,0,0,0,0,0,0,0,3,0,0
-44.55485747,168.8937626,Queenstown-Lakes District,2018,fatality,100,FALSE,curved_view_open,,fine,,daylight,,2,1,0,1,1,0,0,0,0,0,0,0,0,0,0,0,0,3,0,0
-37.6501899,175.9705681,Western Bay Of Plenty District,2018,fatality,100,FALSE,curved_view_open,,fine,,darkness_not_lit,,4,1,2,1,1,0,0,0,0,0,0,0,0,0,0,0,0,3,0,0
-36.87257429,174.705176,Auckland,2018,property_damage,50,TRUE,straight,,fine,,daylight,traffic_lights,0,0,0,0,4,0,0,1,0,0,0,0,0,0,0,0,0,0,0,0
-36.96946592,174.8676523,Auckland,2018,property_damage,50,FALSE,straight,,fine,,daylight,,0,0,0,0,4,0,0,1,0,0,0,0,0,0,0,0,0,0,0,0
-36.96946592,174.8676523,Auckland,2018,property_damage,50,FALSE,straight,,fine,,daylight,,0,0,0,0,4,0,0,1,0,0,0,0,0,0,0,0,0,0,0,0
-36.91113626,174.8221622,Auckland,2018,property_damage,100,FALSE,straight,,fine,,daylight,,0,0,0,0,4,0,0,1,0,0,0,0,0,0,0,0,0,0,0,0
-36.73412175,174.7092082,Auckland,2018,property_damage,80,FALSE,straight,,rain,,daylight,,0,0,0,0,4,0,0,1,0,0,0,0,0,0,0,0,0,0,0,0
-43.54162447,172.5265434,Christchurch City,2018,property_damage,50,FALSE,straight,,fine,,daylight,,0,0,0,0,4,0,0,1,0,0,0,0,0,0,0,0,0,0,0,0
-43.90048909,171.7523448,Ashburton District,2018,minor_injury,50,FALSE,straight,,rain,,daylight,,1,0,0,1,4,0,0,1,0,0,0,0,0,0,0,0,0,0,0,0
-36.75200523,174.7272805,Auckland,2018,minor_injury,100,FALSE,straight,,fine,,daylight,,1,0,0,1,4,0,0,1,0,0,0,0,0,0,0,0,0,0,0,0
-39.05394582,174.0945131,New Plymouth District,2018,minor_injury,50,TRUE,straight,,fine,,daylight,traffic_lights,2,0,0,2,4,0,0,1,0,0,0,0,0,0,0,0,0,0,0,0
-36.60888848,174.6994744,Auckland,2018,minor_injury,50,FALSE,straight,,fine,,daylight,,2,0,0,2,4,0,0,1,0,0,0,0,0,0,0,0,0,0,0,0
-36.85792035,174.7606646,Auckland,2018,property_damage,50,FALSE,straight,,fine,,darkness_not_lit,,0,0,0,0,2,0,0,0,0,0,0,0,1,0,0,0,0,0,0,0
-36.86288217,174.7530497,Auckland,2018,property_damage,80,FALSE,straight,,rain,,daylight,,0,0,0,0,0,0,0,0,0,1,0,0,0,0,0,0,0,0,0,0
-36.91512447,174.8463906,Auckland,2018,property_damage,50,TRUE,straight,,rain,,darkness_not_lit,traffic_lights,0,0,0,0,0,0,0,0,0,1,0,0,0,0,0,0,0,0,0,0
-36.74004484,174.7172688,Auckland,2018,property_damage,50,TRUE,straight,,rain,,daylight,,0,0,0,0,0,0,0,0,0,1,0,0,0,0,0,0,0,0,0,0
-36.74004484,174.7172688,Auckland,2018,property_damage,50,TRUE,straight,,rain,,daylight,,0,0,0,0,0,0,0,0,0,1,0,0,0,0,0,0,0,0,0,0
-39.05650042,174.1007357,New Plymouth District,2018,property_damage,50,TRUE,straight,,fine,,daylight,giveway_sign,0,0,0,0,0,0,0,0,0,1,0,0,0,0,0,0,0,0,0,0
-37.06556292,174.9439437,Auckland,2018,property_damage,50,TRUE,straight,,fine,,daylight,giveway_sign,0,0,0,0,0,0,0,0,0,1,0,0,0,0,0,0,0,0,0,0
-41.11612458,175.0654806,Upper Hutt City,2018,property_damage,50,TRUE,straight,,fine,,daylight,traffic_lights,0,0,0,0,0,0,0,0,0,1,0,0,0,0,0,0,0,0,0,0
-41.11612458,175.0654806,Upper Hutt City,2018,property_damage,50,TRUE,straight,,fine,,daylight,traffic_lights,0,0,0,0,0,0,0,0,0,1,0,0,0,0,0,0,0,0,0,0
-37.66640394,175.1482483,Waikato District,2018,property_damage,50,FALSE,straight,,fine,,daylight,,0,0,0,0,0,0,0,0,0,1,0,0,0,0,0,0,0,0,0,0
-36.88249614,174.7621377,Auckland,2018,property_damage,50,TRUE,curved_view_open,,rain,,daylight,stop_sign,0,0,0,0,0,0,0,0,0,1,0,0,0,0,0,0,0,0,0,0
-37.81803063,175.2820924,Hamilton City,2018,property_damage,60,FALSE,straight,,fine,,daylight,,0,0,0,0,0,0,0,0,0,1,0,0,0,0,0,0,0,0,0,0
-41.23351487,174.9040866,Hutt City,2018,property_damage,50,TRUE,straight,,fine,,darkness_not_lit,giveway_sign,0,0,0,0,0,0,0,0,0,1,0,0,0,0,0,0,0,0,0,0
-36.87154243,174.7104932,Auckland,2018,property_damage,80,FALSE,straight,,fine,,daylight,,0,0,0,0,0,0,0,0,0,1,0,0,0,0,0,0,0,0,0,0
-36.87154243,174.7104932,Auckland,2018,property_damage,80,FALSE,straight,,fine,,daylight,,0,0,0,0,0,0,0,0,0,1,0,0,0,0,0,0,0,0,0,0
-36.94333266,174.8969055,Auckland,2018,property_damage,60,TRUE,straight,,rain,,daylight,,0,0,0,0,0,0,0,0,0,1,0,0,0,0,0,0,0,0,0,0
-41.30071355,174.7788007,Wellington City,2018,property_damage,50,FALSE,curved_view_open,,rain,,daylight,,0,0,0,0,0,0,0,0,0,1,0,0,0,0,0,0,0,0,0,0
-37.81270268,175.7808507,Matamata-Piako District,2018,property_damage,50,TRUE,straight,,fine,,dawn_dusk,,0,0,0,0,0,0,0,0,0,1,0,0,0,0,0,0,0,0,0,0
-36.99333172,174.8435047,Auckland,2018,property_damage,50,TRUE,straight,,fine,,daylight,traffic_lights,0,0,0,0,0,0,0,0,0,1,0,0,0,0,0,0,0,0,0,0
-36.92135103,174.8125602,Auckland,2018,property_damage,50,FALSE,straight,,fine,,daylight,,0,0,0,0,0,0,0,0,0,1,0,0,0,0,0,0,0,0,0,0
-45.8823728,170.5023554,Dunedin City,2018,property_damage,60,TRUE,straight,,fine,,daylight,giveway_sign,0,0,0,0,0,0,0,0,0,1,0,0,0,0,0,0,0,0,0,0
-41.28561656,174.9511567,Hutt City,2018,property_damage,50,TRUE,straight,,fine,,dawn_dusk,,0,0,0,0,0,0,0,0,0,1,0,0,0,0,0,0,0,0,0,0
-38.96357364,175.8370584,Taupo District,2018,property_damage,100,FALSE,straight,,rain,,daylight,,0,0,0,0,0,0,0,0,0,1,0,0,0,0,0,0,0,0,0,0
-38.00793078,175.8209431,South Waikato District,2018,property_damage,100,FALSE,curved_view_open,,rain,,daylight,,0,0,0,0,0,0,0,0,0,1,0,0,0,0,0,0,0,0,0,0
-37.31086159,175.145262,Waikato District,2018,property_damage,100,FALSE,curved_view_open,,fine,,daylight,,0,0,0,0,0,0,0,0,0,1,0,0,0,0,0,0,0,0,0,0
-44.93338778,168.7288851,Queenstown-Lakes District,2018,property_damage,70,FALSE,curved_view_obscure,,fine,,daylight,,0,0,0,0,0,0,0,0,0,1,0,0,0,0,0,0,0,0,0,0
-36.78723934,174.575394,Auckland,2018,property_damage,80,FALSE,straight,,fine,,daylight,,0,0,0,0,0,0,0,0,0,1,0,0,0,0,0,0,0,0,0,0
-38.81818978,177.5318537,Gisborne District,2018,property_damage,100,FALSE,curved_view_open,,fine,,daylight,,0,0,0,0,0,0,0,0,0,1,0,0,0,0,0,0,0,0,0,0
-43.80896992,173.0138753,Christchurch City,2018,property_damage,100,FALSE,straight,,fine,,darkness_not_lit,,0,0,0,0,0,0,0,0,0,1,0,0,0,0,0,0,0,0,0,0
-38.67821001,178.0423092,Gisborne District,2018,property_damage,50,FALSE,straight,,fine,,dawn_dusk,,0,0,0,0,0,0,0,0,0,1,0,0,0,0,0,0,0,0,0,0
-41.2642025,173.2780761,Nelson City,2018,property_damage,50,FALSE,straight,,fine,,daylight,,0,0,0,0,0,0,0,0,0,1,0,0,0,0,0,0,0,0,0,0
-38.34187918,175.1667063,Waitomo District,2018,property_damage,50,TRUE,curved_view_open,,fine,,daylight,,0,0,0,0,0,0,0,0,0,1,0,0,0,0,0,0,0,0,0,0
-45.94503401,170.3365611,Dunedin City,2018,property_damage,50,FALSE,curved_view_open,,fine,,daylight,,0,0,0,0,0,0,0,0,0,1,0,0,0,0,0,0,0,0,0,0
-36.69024674,174.514551,Auckland,2018,property_damage,80,FALSE,curved_view_open,,fine,,daylight,,0,0,0,0,0,0,0,0,0,1,0,0,0,0,0,0,0,0,0,0
-36.87213077,174.7444207,Auckland,2018,property_damage,50,FALSE,straight,,fine,,daylight,,0,0,0,0,0,0,0,0,0,1,0,0,0,0,0,0,0,0,0,0
-37.96356608,176.9809316,Whakatane District,2018,property_damage,50,TRUE,straight,,fine,,daylight,,0,0,0,0,0,0,0,0,0,1,0,0,0,0,0,0,0,0,0,0
-38.2476838,176.0514347,South Waikato District,2018,property_damage,50,FALSE,curved_view_open,,rain,,daylight,,0,0,0,0,0,0,0,0,0,1,0,0,0,0,0,0,0,0,0,0
-37.0396236,174.8785106,Auckland,2018,property_damage,50,TRUE,straight,,fine,,darkness_not_lit,giveway_sign,0,0,0,0,0,0,0,0,0,1,0,0,0,0,0,0,0,0,0,0
-38.98837573,175.7960302,Taupo District,2018,property_damage,50,FALSE,straight,,fine,,daylight,,0,0,0,0,0,0,0,0,0,1,0,0,0,0,0,0,0,0,0,0
-37.0246369,174.8953849,Auckland,2018,minor_injury,50,TRUE,straight,,rain,,daylight,giveway_sign,1,0,0,1,0,0,0,0,0,1,0,0,0,0,0,0,0,0,0,0
-37.59599014,175.6363417,Matamata-Piako District,2018,minor_injury,70,TRUE,straight,,rain,,daylight,,1,0,0,1,0,0,0,0,0,1,0,0,0,0,0,0,0,0,0,0
-37.65513392,175.2921022,Waikato District,2018,minor_injury,100,TRUE,straight,,fine,,daylight,giveway_sign,1,0,0,1,0,0,0,0,0,1,0,0,0,0,0,0,0,0,0,0
-37.03995574,174.9891508,Auckland,2018,minor_injury,100,TRUE,curved_view_open,,rain,,darkness_not_lit,giveway_sign,1,0,0,1,0,0,0,0,0,1,0,0,0,0,0,0,0,0,0,0
-36.96945142,174.8605415,Auckland,2018,minor_injury,50,TRUE,straight,,fine,,daylight,traffic_lights,1,0,0,1,0,0,0,0,0,1,0,0,0,0,0,0,0,0,0,0
-36.96945142,174.8605415,Auckland,2018,minor_injury,50,TRUE,straight,,fine,,daylight,traffic_lights,1,0,0,1,0,0,0,0,0,1,0,0,0,0,0,0,0,0,0,0
-43.49032414,172.5936173,Christchurch City,2018,minor_injury,50,TRUE,straight,,rain,,darkness_not_lit,traffic_lights,1,0,0,1,0,0,0,0,0,1,0,0,0,0,0,0,0,0,0,0
-43.49032414,172.5936173,Christchurch City,2018,minor_injury,50,TRUE,straight,,rain,,darkness_not_lit,traffic_lights,1,0,0,1,0,0,0,0,0,1,0,0,0,0,0,0,0,0,0,0
-41.29706121,174.7819978,Wellington City,2018,minor_injury,50,TRUE,straight,,fine,,darkness_not_lit,traffic_lights,1,0,0,1,0,0,0,0,0,1,0,0,0,0,0,0,0,0,0,0
-41.29706121,174.7819978,Wellington City,2018,minor_injury,50,TRUE,straight,,fine,,darkness_not_lit,traffic_lights,1,0,0,1,0,0,0,0,0,1,0,0,0,0,0,0,0,0,0,0
-39.07615554,174.0889719,New Plymouth District,2018,minor_injury,50,TRUE,curved_view_open,,fine,,daylight,giveway_sign,1,0,0,1,0,0,0,0,0,1,0,0,0,0,0,0,0,0,0,0
-36.97611392,174.7972549,Auckland,2018,minor_injury,50,FALSE,straight,,fine,,dawn_dusk,,1,0,0,1,0,0,0,0,0,1,0,0,0,0,0,0,0,0,0,0
-37.0251417,174.9798054,Auckland,2018,minor_injury,80,TRUE,straight,,fine,,daylight,giveway_sign,1,0,0,1,0,0,0,0,0,1,0,0,0,0,0,0,0,0,0,0
-43.47826664,172.6168825,Christchurch City,2018,minor_injury,60,TRUE,straight,,fine,,daylight,traffic_lights,1,0,0,1,0,0,0,0,0,1,0,0,0,0,0,0,0,0,0,0