latitude,longitude,local_government_area,year,severity,speed_limit,intersection,road_position_horizontal,road_wet,weather,crash_type,lighting,traffic_controls,casualties,fatalities,serious_injuries,minor_injuries,car_sedan,car_utility,car_van,car_4x4,car_station_wagon,motor_cycle,truck_small,truck_large,bus,taxi,bicycle,scooter,pedestrian,inanimate,train,tram
-43.54610588,172.6754136,Christchurch City,2018,minor_injury,50,TRUE,straight,,fine,,daylight,giveway_sign,1,0,0,1,0,0,0,0,0,1,0,0,0,0,0,0,0,0,0,0
-43.5043095,172.7058707,Christchurch City,2018,minor_injury,50,TRUE,straight,,fine,,daylight,traffic_lights,1,0,0,1,0,0,0,0,0,1,0,0,0,0,0,0,0,0,0,0
-37.06074467,174.9628717,Auckland,2018,minor_injury,50,TRUE,curved_view_open,,fine,,daylight,giveway_sign,1,0,0,1,0,0,0,0,0,1,0,0,0,0,0,0,0,0,0,0
-43.54951918,172.6367339,Christchurch City,2018,minor_injury,50,TRUE,straight,,fine,,daylight,giveway_sign,1,0,0,1,0,0,0,0,0,1,0,0,0,0,0,0,0,0,0,0
-37.50190537,175.6847059,Matamata-Piako District,2018,minor_injury,100,FALSE,curved_view_open,,fine,,daylight,,1,0,0,1,0,0,0,0,0,1,0,0,0,0,0,0,0,0,0,0
-36.93026166,174.7361904,Auckland,2018,minor_injury,50,FALSE,curved_view_open,,fine,,daylight,,1,0,0,1,0,0,0,0,0,1,0,0,0,0,0,0,0,0,0,0
-36.89342702,174.6198365,Auckland,2018,minor_injury,50,TRUE,curved_view_open,,fine,,daylight,giveway_sign,1,0,0,1,0,0,0,0,0,1,0,0,0,0,0,0,0,0,0,0
-36.86189068,174.6130457,Auckland,2018,minor_injury,50,TRUE,straight,,rain,,darkness_not_lit,giveway_sign,1,0,0,1,0,0,0,0,0,1,0,0,0,0,0,0,0,0,0,0
-36.86189068,174.6130457,Auckland,2018,minor_injury,50,TRUE,straight,,rain,,darkness_not_lit,giveway_sign,1,0,0,1,0,0,0,0,0,1,0,0,0,0,0,0,0,0,0,0
-43.57883832,172.4085148,Selwyn District,2018,minor_injury,100,TRUE,straight,,fine,,daylight,stop_sign,1,0,0,1,0,0,0,0,0,1,0,0,0,0,0,0,0,0,0,0
-40.44586148,175.2964292,Horowhenua District,2018,minor_injury,100,TRUE,straight,,fine,,daylight,giveway_sign,1,0,0,1,0,0,0,0,0,1,0,0,0,0,0,0,0,0,0,0
-40.34085016,175.5983258,Palmerston North City,2018,minor_injury,50,FALSE,straight,,fine,,daylight,,1,0,0,1,0,0,0,0,0,1,0,0,0,0,0,0,0,0,0,0
-46.40858162,168.3642065,Invercargill City,2018,minor_injury,50,TRUE,straight,,fine,,daylight,giveway_sign,1,0,0,1,0,0,0,0,0,1,0,0,0,0,0,0,0,0,0,0
-36.99696277,175.0375721,Auckland,2018,minor_injury,50,TRUE,straight,,fine,,daylight,giveway_sign,1,0,0,1,0,0,0,0,0,1,0,0,0,0,0,0,0,0,0,0
-36.99696277,175.0375721,Auckland,2018,minor_injury,50,TRUE,straight,,fine,,daylight,giveway_sign,1,0,0,1,0,0,0,0,0,1,0,0,0,0,0,0,0,0,0,0
-36.89703845,174.5960872,Auckland,2018,minor_injury,70,TRUE,curved_view_open,,fine,,daylight,giveway_sign,1,0,0,1,0,0,0,0,0,1,0,0,0,0,0,0,0,0,0,0
-36.89703845,174.5960872,Auckland,2018,minor_injury,70,TRUE,curved_view_open,,fine,,daylight,giveway_sign,1,0,0,1,0,0,0,0,0,1,0,0,0,0,0,0,0,0,0,0
-43.54373949,172.5695788,Christchurch City,2018,minor_injury,50,TRUE,straight,,fine,,daylight,giveway_sign,1,0,0,1,0,0,0,0,0,1,0,0,0,0,0,0,0,0,0,0
-37.60570948,175.6943133,Matamata-Piako District,2018,minor_injury,100,TRUE,straight,,fine,,darkness_not_lit,giveway_sign,1,0,0,1,0,0,0,0,0,1,0,0,0,0,0,0,0,0,0,0
-37.70729036,176.0619762,Western Bay Of Plenty District,2018,minor_injury,80,FALSE,curved_view_open,,fine,,daylight,,1,0,0,1,0,0,0,0,0,1,0,0,0,0,0,0,0,0,0,0
-36.99751978,174.8523819,Auckland,2018,minor_injury,60,TRUE,straight,,rain,,daylight,giveway_sign,1,0,0,1,0,0,0,0,0,1,0,0,0,0,0,0,0,0,0,0
-36.84775219,174.7818971,Auckland,2018,minor_injury,50,FALSE,straight,,fine,,daylight,,1,0,0,1,0,0,0,0,0,1,0,0,0,0,0,0,0,0,0,0
-36.885406,174.8030813,Auckland,2018,minor_injury,50,TRUE,straight,,fine,,darkness_not_lit,traffic_lights,1,0,0,1,0,0,0,0,0,1,0,0,0,0,0,0,0,0,0,0
-36.89949371,174.8042769,Auckland,2018,minor_injury,50,TRUE,straight,,fine,,daylight,traffic_lights,1,0,0,1,0,0,0,0,0,1,0,0,0,0,0,0,0,0,0,0
-37.69663801,176.1535994,Tauranga City,2018,minor_injury,80,TRUE,straight,,fine,,daylight,giveway_sign,1,0,0,1,0,0,0,0,0,1,0,0,0,0,0,0,0,0,0,0
-36.89920484,174.7731834,Auckland,2018,minor_injury,50,TRUE,straight,,fine,,daylight,giveway_sign,1,0,0,1,0,0,0,0,0,1,0,0,0,0,0,0,0,0,0,0
-36.87016792,174.7485718,Auckland,2018,minor_injury,50,TRUE,straight,,fine,,daylight,giveway_sign,1,0,0,1,0,0,0,0,0,1,0,0,0,0,0,0,0,0,0,0
-36.63037608,174.5166328,Auckland,2018,minor_injury,100,FALSE,curved_view_open,,fine,,daylight,,1,0,0,1,0,0,0,0,0,1,0,0,0,0,0,0,0,0,0,0
-36.85830788,174.7557942,Auckland,2018,minor_injury,80,FALSE,curved_view_open,,rain,,daylight,,1,0,0,1,0,0,0,0,0,1,0,0,0,0,0,0,0,0,0,0
-37.7888917,175.2776981,Hamilton City,2018,minor_injury,50,TRUE,straight,,fine,,daylight,,1,0,0,1,0,0,0,0,0,1,0,0,0,0,0,0,0,0,0,0
-39.60658265,176.7800673,Hastings District,2018,minor_injury,70,TRUE,straight,,fine,,dawn_dusk,,1,0,0,1,0,0,0,0,0,1,0,0,0,0,0,0,0,0,0,0
-41.25181083,174.9034006,Hutt City,2018,minor_injury,70,FALSE,curved_view_open,,fine,,daylight,,1,0,0,1,0,0,0,0,0,1,0,0,0,0,0,0,0,0,0,0
-36.3846121,174.6400529,Auckland,2018,minor_injury,100,TRUE,straight,,fine,,daylight,giveway_sign,1,0,0,1,0,0,0,0,0,1,0,0,0,0,0,0,0,0,0,0
-41.21616428,174.8850939,Hutt City,2018,minor_injury,50,TRUE,straight,,rain,,daylight,giveway_sign,1,0,0,1,0,0,0,0,0,1,0,0,0,0,0,0,0,0,0,0
-41.20383426,174.8161155,Wellington City,2018,minor_injury,50,TRUE,straight,,fine,,dawn_dusk,giveway_sign,1,0,0,1,0,0,0,0,0,1,0,0,0,0,0,0,0,0,0,0
-45.07377832,170.9887584,Waitaki District,2018,minor_injury,50,TRUE,straight,,rain,,daylight,giveway_sign,1,0,0,1,0,0,0,0,0,1,0,0,0,0,0,0,0,0,0,0
-36.8178963,174.7505767,Auckland,2018,minor_injury,80,FALSE,straight,,fine,,daylight,,1,0,0,1,0,0,0,0,0,1,0,0,0,0,0,0,0,0,0,0
-37.15128453,174.9428151,Auckland,2018,minor_injury,100,FALSE,curved_view_open,,fine,,daylight,,1,0,0,1,0,0,0,0,0,1,0,0,0,0,0,0,0,0,0,0
-36.84105378,174.5968292,Auckland,2018,minor_injury,70,FALSE,curved_view_open,,fine,,daylight,,1,0,0,1,0,0,0,0,0,1,0,0,0,0,0,0,0,0,0,0
-36.35391261,174.7161903,Auckland,2018,minor_injury,50,FALSE,straight,,fine,,daylight,,1,0,0,1,0,0,0,0,0,1,0,0,0,0,0,0,0,0,0,0
-41.21056058,173.3925881,Nelson City,2018,minor_injury,100,FALSE,curved_view_open,,rain,,daylight,,1,0,0,1,0,0,0,0,0,1,0,0,0,0,0,0,0,0,0,0
-35.70142709,174.3166987,Whangarei District,2018,minor_injury,50,FALSE,straight,,fine,,daylight,,1,0,0,1,0,0,0,0,0,1,0,0,0,0,0,0,0,0,0,0
-45.91233336,168.1179709,Southland District,2018,minor_injury,100,FALSE,straight,,fine,,daylight,,1,0,0,1,0,0,0,0,0,1,0,0,0,0,0,0,0,0,0,0
-46.29238534,167.732855,Southland District,2018,minor_injury,100,FALSE,straight,,fine,,daylight,,1,0,0,1,0,0,0,0,0,1,0,0,0,0,0,0,0,0,0,0
-36.0157259,173.9033093,Kaipara District,2018,minor_injury,100,FALSE,straight,,fine,,darkness_not_lit,,1,0,0,1,0,0,0,0,0,1,0,0,0,0,0,0,0,0,0,0
-39.07085172,177.8649291,Wairoa District,2018,minor_injury,100,FALSE,straight,,fine,,daylight,,1,0,0,1,0,0,0,0,0,1,0,0,0,0,0,0,0,0,0,0
-36.86960313,174.7961022,Auckland,2018,minor_injury,50,FALSE,straight,,fine,,daylight,,1,0,0,1,0,0,0,0,0,1,0,0,0,0,0,0,0,0,0,0
-34.92426713,173.1894111,Far North District,2018,minor_injury,100,FALSE,straight,,rain,,daylight,,1,0,0,1,0,0,0,0,0,1,0,0,0,0,0,0,0,0,0,0
-43.64181551,172.6240154,Selwyn District,2018,minor_injury,100,FALSE,curved_view_open,,fine,,daylight,,1,0,0,1,0,0,0,0,0,1,0,0,0,0,0,0,0,0,0,0
-44.82736034,169.0600645,Queenstown-Lakes District,2018,minor_injury,100,FALSE,straight,,fine,,daylight,,1,0,0,1,0,0,0,0,0,1,0,0,0,0,0,0,0,0,0,0
-36.34409183,174.5689814,Auckland,2018,minor_injury,80,FALSE,straight,,fine,,daylight,,1,0,0,1,0,0,0,0,0,1,0,0,0,0,0,0,0,0,0,0
-35.86934028,173.922037,Kaipara District,2018,minor_injury,100,FALSE,straight,,fine,,daylight,,1,0,0,1,0,0,0,0,0,1,0,0,0,0,0,0,0,0,0,0
-34.51784817,172.8400152,Far North District,2018,minor_injury,100,FALSE,curved_view_open,,fine,,daylight,,1,0,0,1,0,0,0,0,0,1,0,0,0,0,0,0,0,0,0,0
-41.29170089,174.7668761,Wellington City,2018,minor_injury,50,FALSE,straight,,fine,,daylight,,1,0,0,1,0,0,0,0,0,1,0,0,0,0,0,0,0,0,0,0
-41.10154719,175.2093312,Upper Hutt City,2018,minor_injury,100,FALSE,curved_view_open,,fine,,daylight,,1,0,0,1,0,0,0,0,0,1,0,0,0,0,0,0,0,0,0,0
-37.79240675,175.2367666,Hamilton City,2018,minor_injury,40,TRUE,straight,,fine,,darkness_not_lit,giveway_sign,1,0,0,1,0,0,0,0,0,1,0,0,0,0,0,0,0,0,0,0
-38.46412185,177.7249801,Gisborne District,2018,minor_injury,100,FALSE,curved_view_open,,rain,,daylight,,1,0,0,1,0,0,0,0,0,1,0,0,0,0,0,0,0,0,0,0
-39.61431278,176.76698,Hastings District,2018,minor_injury,50,FALSE,straight,,fine,,daylight,,1,0,0,1,0,0,0,0,0,1,0,0,0,0,0,0,0,0,0,0
-37.97213203,175.1935929,Waipa District,2018,minor_injury,100,FALSE,straight,,fine,,daylight,,1,0,0,1,0,0,0,0,0,1,0,0,0,0,0,0,0,0,0,0
-38.13834747,176.9769892,Whakatane District,2018,minor_injury,100,FALSE,curved_view_open,,fine,,daylight,,1,0,0,1,0,0,0,0,0,1,0,0,0,0,0,0,0,0,0,0
-35.18088864,173.4714954,Far North District,2018,minor_injury,100,FALSE,curved_view_open,,rain,,darkness_not_lit,,1,0,0,1,0,0,0,0,0,1,0,0,0,0,0,0,0,0,0,0
-37.9346816,176.9162498,Whakatane District,2018,minor_injury,100,FALSE,straight,,fine,,daylight,,1,0,0,1,0,0,0,0,0,1,0,0,0,0,0,0,0,0,0,0
-38.62017302,176.0987133,Taupo District,2018,minor_injury,50,FALSE,straight,,fine,,daylight,giveway_sign,1,0,0,1,0,0,0,0,0,1,0,0,0,0,0,0,0,0,0,0
-37.91465536,175.6195887,Waipa District,2018,minor_injury,100,FALSE,curved_view_open,,fine,,daylight,,1,0,0,1,0,0,0,0,0,1,0,0,0,0,0,0,0,0,0,0
-44.0614883,171.2535517,Timaru District,2018,minor_injury,100,FALSE,straight,,rain,,darkness_not_lit,,1,0,0,1,0,0,0,0,0,1,0,0,0,0,0,0,0,0,0,0
-41.27973103,173.2510359,Nelson City,2018,minor_injury,50,FALSE,straight,,fine,,daylight,,1,0,0,1,0,0,0,0,0,1,0,0,0,0,0,0,0,0,0,0
-42.92583344,172.6535319,Hurunui District,2018,minor_injury,100,FALSE,curved_view_open,,fine,,daylight,,1,0,0,1,0,0,0,0,0,1,0,0,0,0,0,0,0,0,0,0
-36.93370808,175.0653466,Auckland,2018,minor_injury,100,FALSE,curved_view_open,,fine,,daylight,,1,0,0,1,0,0,0,0,0,1,0,0,0,0,0,0,0,0,0,0
-36.6380352,174.7513964,Auckland,2018,minor_injury,50,FALSE,straight,,fine,,daylight,,1,0,0,1,0,0,0,0,0,1,0,0,0,0,0,0,0,0,0,0
-38.13814028,176.2538464,Rotorua District,2018,minor_injury,50,FALSE,straight,,fine,,daylight,,1,0,0,1,0,0,0,0,0,1,0,0,0,0,0,0,0,0,0,0
-36.74332155,174.5355972,Auckland,2018,minor_injury,100,FALSE,curved_view_open,,fine,,daylight,,1,0,0,1,0,0,0,0,0,1,0,0,0,0,0,0,0,0,0,0
-43.39335943,170.1803848,Westland District,2018,minor_injury,30,FALSE,straight,,fine,,daylight,,1,0,0,1,0,0,0,0,0,1,0,0,0,0,0,0,0,0,0,0
-37.11533174,174.9488959,Auckland,2018,minor_injury,100,FALSE,curved_view_open,,fine,,daylight,,1,0,0,1,0,0,0,0,0,1,0,0,0,0,0,0,0,0,0,0
-36.36776083,174.4500808,Auckland,2018,minor_injury,100,FALSE,curved_view_open,,fine,,daylight,,1,0,0,1,0,0,0,0,0,1,0,0,0,0,0,0,0,0,0,0
-45.49414205,168.0197259,Southland District,2018,minor_injury,100,FALSE,curved_view_open,,fine,,daylight,,1,0,0,1,0,0,0,0,0,1,0,0,0,0,0,0,0,0,0,0
-36.85949123,174.7677785,Auckland,2018,minor_injury,50,TRUE,straight,,rain,,dawn_dusk,,1,0,0,1,0,0,0,0,0,1,0,0,0,0,0,0,0,0,0,0
-36.68192523,174.4546814,Auckland,2018,minor_injury,50,TRUE,straight,,fine,,daylight,,1,0,0,1,0,0,0,0,0,1,0,0,0,0,0,0,0,0,0,0
-38.3565282,176.3582708,Rotorua District,2018,minor_injury,100,FALSE,straight,,fine,,daylight,,1,0,0,1,0,0,0,0,0,1,0,0,0,0,0,0,0,0,0,0
-43.55063229,172.6058025,Christchurch City,2018,minor_injury,50,TRUE,straight,,fine,,daylight,,1,0,0,1,0,0,0,0,0,1,0,0,0,0,0,0,0,0,0,0
-44.06692547,171.2505573,Timaru District,2018,minor_injury,100,FALSE,straight,,rain,,daylight,,1,0,0,1,0,0,0,0,0,1,0,0,0,0,0,0,0,0,0,0
-36.75347008,175.7282974,Thames-Coromandel District,2018,minor_injury,100,FALSE,curved_view_open,,fine,,daylight,,1,0,0,1,0,0,0,0,0,1,0,0,0,0,0,0,0,0,0,0
-44.46497853,171.2217114,Timaru District,2018,minor_injury,100,FALSE,curved_view_open,,rain,,daylight,,1,0,0,1,0,0,0,0,0,1,0,0,0,0,0,0,0,0,0,0
-45.94454281,170.2133826,Dunedin City,2018,minor_injury,100,FALSE,straight,,fine,,daylight,,1,0,0,1,0,0,0,0,0,1,0,0,0,0,0,0,0,0,0,0
-43.64937014,172.6585148,Christchurch City,2018,minor_injury,100,FALSE,curved_view_open,,fine,,daylight,,1,0,0,1,0,0,0,0,0,1,0,0,0,0,0,0,0,0,0,0
-40.05520856,175.9331613,Manawatu District,2018,minor_injury,100,FALSE,curved_view_open,,fine,,daylight,,1,0,0,1,0,0,0,0,0,1,0,0,0,0,0,0,0,0,0,0
-36.49367978,174.6225451,Auckland,2018,minor_injury,100,FALSE,curved_view_open,,fine,,dawn_dusk,,1,0,0,1,0,0,0,0,0,1,0,0,0,0,0,0,0,0,0,0
-36.6335018,174.3780848,Auckland,2018,minor_injury,100,FALSE,curved_view_open,,fine,,daylight,,1,0,0,1,0,0,0,0,0,1,0,0,0,0,0,0,0,0,0,0
-45.18081863,169.2698706,Central Otago District,2018,minor_injury,80,FALSE,straight,,rain,,daylight,,1,0,0,1,0,0,0,0,0,1,0,0,0,0,0,0,0,0,0,0
-37.82264437,174.9750555,Waikato District,2018,minor_injury,100,FALSE,curved_view_open,,fine,,daylight,,1,0,0,1,0,0,0,0,0,1,0,0,0,0,0,0,0,0,0,0
-36.88984713,175.0130868,Auckland,2018,minor_injury,50,FALSE,straight,,fine,,daylight,,1,0,0,1,0,0,0,0,0,1,0,0,0,0,0,0,0,0,0,0
-43.93947531,169.2851796,Westland District,2018,minor_injury,100,FALSE,straight,,fine,,daylight,,1,0,0,1,0,0,0,0,0,1,0,0,0,0,0,0,0,0,0,0
-37.71868412,176.3418258,Tauranga City,2018,minor_injury,50,TRUE,straight,,fine,,daylight,giveway_sign,1,0,0,1,0,0,0,0,0,1,0,0,0,0,0,0,0,0,0,0
-36.95134116,174.8601457,Auckland,2018,minor_injury,50,TRUE,curved_view_open,,fine,,daylight,giveway_sign,1,0,0,1,0,0,0,0,0,1,0,0,0,0,0,0,0,0,0,0
-37.87596931,175.927741,Matamata-Piako District,2018,minor_injury,100,FALSE,curved_view_open,,fine,,daylight,,1,0,0,1,0,0,0,0,0,1,0,0,0,0,0,0,0,0,0,0
-35.32963986,173.8598747,Far North District,2018,minor_injury,100,FALSE,curved_view_open,,rain,,daylight,,1,0,0,1,0,0,0,0,0,1,0,0,0,0,0,0,0,0,0,0
-39.50075205,176.7333378,Hastings District,2018,minor_injury,100,FALSE,straight,,fine,,daylight,,1,0,0,1,0,0,0,0,0,1,0,0,0,0,0,0,0,0,0,0
-43.79249271,172.6631948,Christchurch City,2018,minor_injury,100,FALSE,curved_view_open,,fine,,daylight,,1,0,0,1,0,0,0,0,0,1,0,0,0,0,0,0,0,0,0,0
-45.75822614,168.1884554,Southland District,2018,minor_injury,100,FALSE,straight,,fine,,daylight,,1,0,0,1,0,0,0,0,0,1,0,0,0,0,0,0,0,0,0,0
-37.6948586,176.1625042,Tauranga City,2018,minor_injury,50,FALSE,straight,,fine,,daylight,,1,0,0,1,0,0,0,0,0,1,0,0,0,0,0,0,0,0,0,0
-43.61232767,172.6526521,Christchurch City,2018,minor_injury,60,FALSE,curved_view_open,,mist,,darkness_not_lit,,1,0,0,1,0,0,0,0,0,1,0,0,0,0,0,0,0,0,0,0
-38.79193385,175.6876387,Taupo District,2018,minor_injury,100,FALSE,curved_view_open,,fine,,darkness_not_lit,,1,0,0,1,0,0,0,0,0,1,0,0,0,0,0,0,0,0,0,0
-36.28455402,174.5660293,Auckland,2018,minor_injury,100,FALSE,curved_view_open,,rain,,daylight,,1,0,0,1,0,0,0,0,0,1,0,0,0,0,0,0,0,0,0,0
-46.42652235,168.3505246,Invercargill City,2018,minor_injury,70,FALSE,curved_view_open,,fine,,darkness_not_lit,,1,0,0,1,0,0,0,0,0,1,0,0,0,0,0,0,0,0,0,0
-36.99846451,174.8919031,Auckland,2018,minor_injury,100,FALSE,straight,,rain,,daylight,,1,0,0,1,0,0,0,0,0,1,0,0,0,0,0,0,0,0,0,0
-39.39488238,174.3423191,Stratford District,2018,minor_injury,100,FALSE,curved_view_open,,rain,,daylight,,1,0,0,1,0,0,0,0,0,1,0,0,0,0,0,0,0,0,0,0
-41.25607029,174.7714297,Wellington City,2018,minor_injury,50,FALSE,curved_view_open,,rain,,daylight,,1,0,0,1,0,0,0,0,0,1,0,0,0,0,0,0,0,0,0,0
-36.88980042,174.9089103,Auckland,2018,minor_injury,50,TRUE,straight,,fine,,darkness_not_lit,giveway_sign,1,0,0,1,0,0,0,0,0,1,0,0,0,0,0,0,0,0,0,0
-37.98191683,176.9092713,Whakatane District,2018,minor_injury,100,FALSE,straight,,fine,,daylight,,1,0,0,1,0,0,0,0,0,1,0,0,0,0,0,0,0,0,0,0
-41.12251999,174.9624564,Porirua City,2018,minor_injury,100,FALSE,curved_view_open,,fine,,dawn_dusk,,1,0,0,1,0,0,0,0,0,1,0,0,0,0,0,0,0,0,0,0
-40.55089544,175.2010309,Horowhenua District,2018,minor_injury,50,FALSE,straight,,fine,,daylight,,1,0,0,1,0,0,0,0,0,1,0,0,0,0,0,0,0,0,0,0
-41.08687588,174.8782975,Porirua City,2018,minor_injury,60,FALSE,curved_view_open,,fine,,darkness_not_lit,,1,0,0,1,0,0,0,0,0,1,0,0,0,0,0,0,0,0,0,0
-43.616707,172.6335288,Christchurch City,2018,minor_injury,70,FALSE,curved_view_open,,fine,,daylight,,1,0,0,1,0,0,0,0,0,1,0,0,0,0,0,0,0,0,0,0
-41.14441755,172.993732,Tasman District,2018,minor_injury,70,FALSE,straight,,fine,,daylight,,1,0,0,1,0,0,0,0,0,1,0,0,0,0,0,0,0,0,0,0
-35.11515008,173.2770408,Far North District,2018,minor_injury,100,FALSE,curved_view_open,,fine,,daylight,,1,0,0,1,0,0,0,0,0,1,0,0,0,0,0,0,0,0,0,0
-36.87292441,174.7052736,Auckland,2018,minor_injury,50,FALSE,curved_view_open,,fine,,daylight,,1,0,0,1,0,0,0,0,0,1,0,0,0,0,0,0,0,0,0,0
-39.82214473,174.8377626,Wanganui District,2018,minor_injury,100,FALSE,straight,,rain,,daylight,,1,0,0,1,0,0,0,0,0,1,0,0,0,0,0,0,0,0,0,0
-37.66635254,175.2353571,Waikato District,2018,minor_injury,100,FALSE,curved_view_open,,fine,,daylight,,1,0,0,1,0,0,0,0,0,1,0,0,0,0,0,0,0,0,0,0
-36.79338633,174.5916699,Auckland,2018,minor_injury,80,FALSE,straight,,fine,,dawn_dusk,,1,0,0,1,0,0,0,0,0,1,0,0,0,0,0,0,0,0,0,0
-38.56292272,175.3257451,Ruapehu District,2018,minor_injury,100,FALSE,curved_view_open,,fine,,daylight,,1,0,0,1,0,0,0,0,0,1,0,0,0,0,0,0,0,0,0,0
-45.10453103,170.9700864,Waitaki District,2018,minor_injury,50,TRUE,straight,,fine,,daylight,,1,0,0,1,0,0,0,0,0,1,0,0,0,0,0,0,0,0,0,0
-37.01055877,174.900441,Auckland,2018,minor_injury,50,TRUE,straight,,fine,,daylight,stop_sign,1,0,0,1,0,0,0,0,0,1,0,0,0,0,0,0,0,0,0,0
-41.5125409,173.9585588,Marlborough District,2018,minor_injury,30,FALSE,straight,,fine,,daylight,,1,0,0,1,0,0,0,0,0,1,0,0,0,0,0,0,0,0,0,0
-37.41189816,174.8278084,Waikato District,2018,minor_injury,100,FALSE,curved_view_open,,fine,,daylight,,1,0,0,1,0,0,0,0,0,1,0,0,0,0,0,0,0,0,0,0
-37.07404148,174.9352854,Auckland,2018,minor_injury,50,FALSE,curved_view_open,,fine,,daylight,,1,0,0,1,0,0,0,0,0,1,0,0,0,0,0,0,0,0,0,0
-39.0887876,174.0387421,New Plymouth District,2018,minor_injury,50,TRUE,straight,,fine,,daylight,,1,0,0,1,0,0,0,0,0,1,0,0,0,0,0,0,0,0,0,0
-39.72872217,176.8059382,Hastings District,2018,minor_injury,100,TRUE,curved_view_open,,mist,,dawn_dusk,giveway_sign,1,0,0,1,0,0,0,0,0,1,0,0,0,0,0,0,0,0,0,0
-36.79329047,174.6606383,Auckland,2018,minor_injury,50,FALSE,straight,,rain,,daylight,giveway_sign,1,0,0,1,0,0,0,0,0,1,0,0,0,0,0,0,0,0,0,0
-41.29424876,173.0380286,Tasman District,2018,minor_injury,100,FALSE,curved_view_open,,fine,,daylight,,1,0,0,1,0,0,0,0,0,1,0,0,0,0,0,0,0,0,0,0
-38.03847405,177.1618927,Opotiki District,2018,minor_injury,100,FALSE,curved_view_open,,rain,,daylight,,1,0,0,1,0,0,0,0,0,1,0,0,0,0,0,0,0,0,0,0
-39.81503966,176.6446121,Hastings District,2018,serious_injury,100,FALSE,straight,,rain,,daylight,,2,0,2,0,0,0,0,0,0,1,0,0,0,0,0,0,0,0,0,0
-40.76983066,175.1440262,Kapiti Coast District,2018,serious_injury,30,FALSE,straight,,,,darkness_not_lit,,2,0,2,0,0,0,0,0,0,1,0,0,0,0,0,0,0,0,0,0
-37.85813045,175.1925385,Waipa District,2018,serious_injury,100,TRUE,straight,,fine,,daylight,giveway_sign,1,0,1,0,0,0,0,0,0,1,0,0,0,0,0,0,0,0,0,0
-36.99593624,174.9224716,Auckland,2018,serious_injury,60,TRUE,curved_view_open,,fine,,daylight,stop_sign,1,0,1,0,0,0,0,0,0,1,0,0,0,0,0,0,0,0,0,0
-43.63460616,172.6446269,Christchurch City,2018,serious_injury,60,FALSE,curved_view_open,,fine,,daylight,,1,0,1,0,0,0,0,0,0,1,0,0,0,0,0,0,0,0,0,0
-38.0713126,176.2079042,Rotorua District,2018,serious_injury,70,FALSE,curved_view_open,,fine,,darkness_not_lit,,1,0,1,0,0,0,0,0,0,1,0,0,0,0,0,0,0,0,0,0
-43.4998302,172.2147289,Selwyn District,2018,serious_injury,70,TRUE,straight,,fine,,dawn_dusk,stop_sign,1,0,1,0,0,0,0,0,0,1,0,0,0,0,0,0,0,0,0,0
-37.69909432,176.1321135,Tauranga City,2018,serious_injury,50,TRUE,straight,,fine,,dawn_dusk,giveway_sign,1,0,1,0,0,0,0,0,0,1,0,0,0,0,0,0,0,0,0,0
-40.73653271,175.1870326,Kapiti Coast District,2018,serious_injury,100,TRUE,straight,,fine,,daylight,stop_sign,1,0,1,0,0,0,0,0,0,1,0,0,0,0,0,0,0,0,0,0
-37.65388469,175.541201,Matamata-Piako District,2018,serious_injury,50,TRUE,straight,,fine,,daylight,,1,0,1,0,0,0,0,0,0,1,0,0,0,0,0,0,0,0,0,0
-37.90233097,175.4772401,Waipa District,2018,serious_injury,50,TRUE,straight,,fine,,darkness_not_lit,stop_sign,1,0,1,0,0,0,0,0,0,1,0,0,0,0,0,0,0,0,0,0
-37.03794867,174.923407,Auckland,2018,serious_injury,50,TRUE,straight,,fine,,daylight,stop_sign,1,0,1,0,0,0,0,0,0,1,0,0,0,0,0,0,0,0,0,0
-39.65968306,176.8646009,Hastings District,2018,serious_injury,70,TRUE,straight,,rain,,daylight,giveway_sign,1,0,1,0,0,0,0,0,0,1,0,0,0,0,0,0,0,0,0,0
-38.46526757,175.019294,Waitomo District,2018,serious_injury,50,TRUE,straight,,rain,,daylight,giveway_sign,1,0,1,0,0,0,0,0,0,1,0,0,0,0,0,0,0,0,0,0
-41.10495357,174.9057257,Porirua City,2018,serious_injury,80,FALSE,curved_view_open,,fine,,darkness_not_lit,,1,0,1,0,0,0,0,0,0,1,0,0,0,0,0,0,0,0,0,0
-43.52148298,172.5377879,Christchurch City,2018,serious_injury,60,TRUE,straight,,fine,,daylight,stop_sign,1,0,1,0,0,0,0,0,0,1,0,0,0,0,0,0,0,0,0,0
-43.52148298,172.5377879,Christchurch City,2018,serious_injury,60,TRUE,straight,,fine,,daylight,stop_sign,1,0,1,0,0,0,0,0,0,1,0,0,0,0,0,0,0,0,0,0
-38.14973787,176.2715664,Rotorua District,2018,serious_injury,70,TRUE,straight,,fine,,daylight,giveway_sign,1,0,1,0,0,0,0,0,0,1,0,0,0,0,0,0,0,0,0,0
-40.88880744,174.9821913,Kapiti Coast District,2018,serious_injury,50,TRUE,straight,,fine,,daylight,,1,0,1,0,0,0,0,0,0,1,0,0,0,0,0,0,0,0,0,0
-37.71242701,176.1436876,Tauranga City,2018,serious_injury,50,FALSE,straight,,fine,,daylight,,1,0,1,0,0,0,0,0,0,1,0,0,0,0,0,0,0,0,0,0
-43.48826536,172.5200967,Christchurch City,2018,serious_injury,80,TRUE,curved_view_open,,fine,,daylight,giveway_sign,1,0,1,0,0,0,0,0,0,1,0,0,0,0,0,0,0,0,0,0
-36.85336265,174.570054,Auckland,2018,serious_injury,80,FALSE,straight,,fine,,daylight,,1,0,1,0,0,0,0,0,0,1,0,0,0,0,0,0,0,0,0,0
-40.20001898,175.4810899,Manawatu District,2018,serious_injury,100,TRUE,straight,,fine,,daylight,giveway_sign,1,0,1,0,0,0,0,0,0,1,0,0,0,0,0,0,0,0,0,0