latitude,longitude,local_government_area,year,severity,speed_limit,intersection,road_position_horizontal,road_wet,weather,crash_type,lighting,traffic_controls,casualties,fatalities,serious_injuries,minor_injuries,car_sedan,car_utility,car_van,car_4x4,car_station_wagon,motor_cycle,truck_small,truck_large,bus,taxi,bicycle,scooter,pedestrian,inanimate,train,tram
-38.44440044,177.6129056,Gisborne District,2018,serious_injury,100,FALSE,curved_view_open,,fine,,daylight,,1,0,1,0,0,0,0,0,0,1,0,0,0,0,0,0,0,0,0,0
-37.95769388,175.8057044,South Waikato District,2018,serious_injury,100,FALSE,curved_view_open,,fine,,daylight,,1,0,1,0,0,0,0,0,0,1,0,0,0,0,0,0,0,0,0,0
-36.86518631,174.7763342,Auckland,2018,serious_injury,50,FALSE,straight,,fine,,daylight,,1,0,1,0,0,0,0,0,0,1,0,0,0,0,0,0,0,0,0,0
-40.80554269,172.7334385,Tasman District,2018,serious_injury,100,FALSE,curved_view_open,,fine,,daylight,,1,0,1,0,0,0,0,0,0,1,0,0,0,0,0,0,0,0,0,0
-44.07486191,169.3870127,Westland District,2018,serious_injury,100,FALSE,curved_view_open,,fine,,daylight,,1,0,1,0,0,0,0,0,0,1,0,0,0,0,0,0,0,0,0,0
-45.17802088,169.3092161,Central Otago District,2018,serious_injury,100,FALSE,straight,,fine,,daylight,,1,0,1,0,0,0,0,0,0,1,0,0,0,0,0,0,0,0,0,0
-43.42862863,170.0902919,Westland District,2018,serious_injury,100,FALSE,curved_view_open,,rain,,daylight,,1,0,1,0,0,0,0,0,0,1,0,0,0,0,0,0,0,0,0,0
-37.95947866,176.9837937,Whakatane District,2018,serious_injury,50,FALSE,straight,,fine,,daylight,,1,0,1,0,0,0,0,0,0,1,0,0,0,0,0,0,0,0,0,0
-38.00502263,177.2845406,Opotiki District,2018,serious_injury,50,TRUE,straight,,rain,,daylight,,1,0,1,0,0,0,0,0,0,1,0,0,0,0,0,0,0,0,0,0
-43.73244013,169.1981573,Westland District,2018,serious_injury,100,FALSE,curved_view_open,,fine,,daylight,,1,0,1,0,0,0,0,0,0,1,0,0,0,0,0,0,0,0,0,0
-40.29188402,175.2475153,Manawatu District,2018,serious_injury,50,FALSE,straight,,fine,,daylight,,1,0,1,0,0,0,0,0,0,1,0,0,0,0,0,0,0,0,0,0
-40.74722611,175.1272274,Kapiti Coast District,2018,serious_injury,80,FALSE,straight,,fine,,daylight,,1,0,1,0,0,0,0,0,0,1,0,0,0,0,0,0,0,0,0,0
-38.58940324,176.0584878,Taupo District,2018,serious_injury,100,FALSE,curved_view_open,,fine,,daylight,,1,0,1,0,0,0,0,0,0,1,0,0,0,0,0,0,0,0,0,0
-35.0217452,173.5505218,Far North District,2018,serious_injury,100,FALSE,curved_view_open,,fine,,daylight,,1,0,1,0,0,0,0,0,0,1,0,0,0,0,0,0,0,0,0,0
-41.14263371,175.3589068,South Wairarapa District,2018,serious_injury,100,FALSE,curved_view_open,,rain,,daylight,,1,0,1,0,0,0,0,0,0,1,0,0,0,0,0,0,0,0,0,0
-40.259616,175.9207439,Tararua District,2018,serious_injury,100,FALSE,curved_view_open,,fine,,daylight,,1,0,1,0,0,0,0,0,0,1,0,0,0,0,0,0,0,0,0,0
-37.97023264,177.4436494,Opotiki District,2018,serious_injury,100,FALSE,curved_view_open,,fine,,daylight,,1,0,1,0,0,0,0,0,0,1,0,0,0,0,0,0,0,0,0,0
-35.74343354,174.2198073,Whangarei District,2018,serious_injury,100,FALSE,straight,,fine,,daylight,,1,0,1,0,0,0,0,0,0,1,0,0,0,0,0,0,0,0,0,0
-40.34570366,175.6266961,Palmerston North City,2018,serious_injury,50,FALSE,straight,,fine,,daylight,,1,0,1,0,0,0,0,0,0,1,0,0,0,0,0,0,0,0,0,0
-38.05666189,177.1202178,Opotiki District,2018,serious_injury,100,FALSE,straight,,fine,,darkness_not_lit,,1,0,1,0,0,0,0,0,0,1,0,0,0,0,0,0,0,0,0,0
-45.84541513,170.5064579,Dunedin City,2018,serious_injury,50,FALSE,straight,,fine,,daylight,,1,0,1,0,0,0,0,0,0,1,0,0,0,0,0,0,0,0,0,0
-35.75016013,173.6763283,Kaipara District,2018,serious_injury,100,FALSE,curved_view_open,,fine,,daylight,,1,0,1,0,0,0,0,0,0,1,0,0,0,0,0,0,0,0,0,0
-39.27916689,174.5324422,Stratford District,2018,serious_injury,100,FALSE,curved_view_open,,fine,,daylight,,1,0,1,0,0,0,0,0,0,1,0,0,0,0,0,0,0,0,0,0
-37.08489807,174.5724101,Auckland,2018,serious_injury,100,FALSE,curved_view_open,,fine,,daylight,,1,0,1,0,0,0,0,0,0,1,0,0,0,0,0,0,0,0,0,0
-37.79252976,176.5280922,Western Bay Of Plenty District,2018,serious_injury,100,FALSE,straight,,fine,,daylight,,1,0,1,0,0,0,0,0,0,1,0,0,0,0,0,0,0,0,0,0
-41.56146945,174.0352902,Marlborough District,2018,serious_injury,100,FALSE,straight,,fine,,daylight,,1,0,1,0,0,0,0,0,0,1,0,0,0,0,0,0,0,0,0,0
-41.30380006,174.7789921,Wellington City,2018,serious_injury,50,FALSE,straight,,fine,,daylight,,1,0,1,0,0,0,0,0,0,1,0,0,0,0,0,0,0,0,0,0
-38.86102757,177.8950087,Gisborne District,2018,serious_injury,100,FALSE,curved_view_open,,fine,,daylight,,1,0,1,0,0,0,0,0,0,1,0,0,0,0,0,0,0,0,0,0
-38.00210291,175.8227465,South Waikato District,2018,serious_injury,100,FALSE,curved_view_open,,rain,,daylight,,1,0,1,0,0,0,0,0,0,1,0,0,0,0,0,0,0,0,0,0
-43.64139218,172.6494719,Christchurch City,2018,serious_injury,70,FALSE,curved_view_open,,fine,,daylight,,1,0,1,0,0,0,0,0,0,1,0,0,0,0,0,0,0,0,0,0
-44.99194477,169.2275336,Central Otago District,2018,serious_injury,100,FALSE,curved_view_open,,fine,,daylight,,1,0,1,0,0,0,0,0,0,1,0,0,0,0,0,0,0,0,0,0
-40.07173201,175.1384308,Rangitikei District,2018,serious_injury,50,FALSE,straight,,fine,,daylight,,1,0,1,0,0,0,0,0,0,1,0,0,0,0,0,0,0,0,0,0
-43.72373299,169.2160017,Westland District,2018,serious_injury,100,FALSE,curved_view_open,,fine,,daylight,,1,0,1,0,0,0,0,0,0,1,0,0,0,0,0,0,0,0,0,0
-40.11495519,175.418097,Rangitikei District,2018,serious_injury,100,FALSE,straight,,rain,,daylight,,1,0,1,0,0,0,0,0,0,1,0,0,0,0,0,0,0,0,0,0
-38.20780897,175.8693201,South Waikato District,2018,serious_injury,80,FALSE,straight,,fine,,daylight,,1,0,1,0,0,0,0,0,0,1,0,0,0,0,0,0,0,0,0,0
-44.96931355,169.4871049,Central Otago District,2018,serious_injury,100,FALSE,curved_view_open,,fine,,daylight,,1,0,1,0,0,0,0,0,0,1,0,0,0,0,0,0,0,0,0,0
-37.15026144,175.3064114,Hauraki District,2018,serious_injury,100,FALSE,straight,,fine,,daylight,,1,0,1,0,0,0,0,0,0,1,0,0,0,0,0,0,0,0,0,0
-36.50011906,174.4997073,Auckland,2018,serious_injury,100,FALSE,curved_view_open,,fine,,daylight,,1,0,1,0,0,0,0,0,0,1,0,0,0,0,0,0,0,0,0,0
-38.28572822,176.603307,Whakatane District,2018,serious_injury,100,FALSE,straight,,fine,,daylight,,1,0,1,0,0,0,0,0,0,1,0,0,0,0,0,0,0,0,0,0
-37.81771708,176.4095936,Western Bay Of Plenty District,2018,serious_injury,100,FALSE,straight,,fine,,darkness_not_lit,,1,0,1,0,0,0,0,0,0,1,0,0,0,0,0,0,0,0,0,0
-41.13496224,174.874129,Porirua City,2018,serious_injury,50,FALSE,curved_view_open,,fine,,daylight,,1,0,1,0,0,0,0,0,0,1,0,0,0,0,0,0,0,0,0,0
-37.98068383,176.8318865,Whakatane District,2018,serious_injury,50,FALSE,curved_view_open,,mist,,darkness_not_lit,,1,0,1,0,0,0,0,0,0,1,0,0,0,0,0,0,0,0,0,0
-35.93737447,173.8636484,Kaipara District,2018,serious_injury,50,FALSE,straight,,fine,,daylight,,1,0,1,0,0,0,0,0,0,1,0,0,0,0,0,0,0,0,0,0
-39.98692577,175.5558624,Rangitikei District,2018,serious_injury,100,FALSE,straight,,rain,,daylight,,1,0,1,0,0,0,0,0,0,1,0,0,0,0,0,0,0,0,0,0
-36.8427497,174.7472967,Auckland,2018,serious_injury,80,FALSE,curved_view_open,,fine,,daylight,,1,0,1,0,0,0,0,0,0,1,0,0,0,0,0,0,0,0,0,0
-36.77622038,174.7356336,Auckland,2018,serious_injury,50,FALSE,straight,,fine,,daylight,,1,0,1,0,0,0,0,0,0,1,0,0,0,0,0,0,0,0,0,0
-43.99246118,171.548923,Ashburton District,2018,serious_injury,100,FALSE,straight,,fine,,darkness_not_lit,,1,0,1,0,0,0,0,0,0,1,0,0,0,0,0,0,0,0,0,0
-45.37635834,170.3596147,Waitaki District,2018,serious_injury,100,FALSE,curved_view_open,,fine,,daylight,,1,0,1,0,0,0,0,0,0,1,0,0,0,0,0,0,0,0,0,0
-35.25564853,173.5584087,Far North District,2018,serious_injury,100,FALSE,curved_view_open,,rain,,darkness_not_lit,,1,0,1,0,0,0,0,0,0,1,0,0,0,0,0,0,0,0,0,0
-38.04625165,176.4123399,Rotorua District,2018,serious_injury,100,FALSE,curved_view_open,,fine,,daylight,,1,0,1,0,0,0,0,0,0,1,0,0,0,0,0,0,0,0,0,0
-37.78450527,176.3310776,Western Bay Of Plenty District,2018,serious_injury,50,FALSE,straight,,fine,,daylight,,1,0,1,0,0,0,0,0,0,1,0,0,0,0,0,0,0,0,0,0
-46.53756223,168.8092561,Southland District,2018,serious_injury,100,FALSE,curved_view_open,,fine,,daylight,,1,0,1,0,0,0,0,0,0,1,0,0,0,0,0,0,0,0,0,0
-41.640016,174.0855712,Marlborough District,2018,serious_injury,100,FALSE,straight,,fine,,daylight,,1,0,1,0,0,0,0,0,0,1,0,0,0,0,0,0,0,0,0,0
-37.71520474,174.9868332,Waikato District,2018,serious_injury,100,FALSE,curved_view_open,,fine,,daylight,,1,0,1,0,0,0,0,0,0,1,0,0,0,0,0,0,0,0,0,0
-39.42807148,176.2664135,Rangitikei District,2018,serious_injury,100,FALSE,curved_view_open,,fine,,daylight,,1,0,1,0,0,0,0,0,0,1,0,0,0,0,0,0,0,0,0,0
-36.36284817,174.6104955,Auckland,2018,serious_injury,80,FALSE,straight,,fine,,daylight,,1,0,1,0,0,0,0,0,0,1,0,0,0,0,0,0,0,0,0,0
-38.06927665,174.8140359,Otorohanga District,2018,serious_injury,50,FALSE,curved_view_open,,fine,,daylight,,1,0,1,0,0,0,0,0,0,1,0,0,0,0,0,0,0,0,0,0
-44.22306417,171.3545469,Timaru District,2018,serious_injury,100,FALSE,curved_view_open,,fine,,daylight,,1,0,1,0,0,0,0,0,0,1,0,0,0,0,0,0,0,0,0,0
-37.70664181,174.9911984,Waikato District,2018,serious_injury,100,FALSE,curved_view_open,,fine,,daylight,,1,0,1,0,0,0,0,0,0,1,0,0,0,0,0,0,0,0,0,0
-41.21181896,172.111415,Buller District,2018,serious_injury,100,FALSE,curved_view_open,,fine,,daylight,,1,0,1,0,0,0,0,0,0,1,0,0,0,0,0,0,0,0,0,0
-39.30774286,176.8801658,Hastings District,2018,serious_injury,100,FALSE,curved_view_open,,fine,,daylight,,1,0,1,0,0,0,0,0,0,1,0,0,0,0,0,0,0,0,0,0
-37.69418599,174.9944717,Waikato District,2018,serious_injury,100,FALSE,curved_view_open,,fine,,daylight,,1,0,1,0,0,0,0,0,0,1,0,0,0,0,0,0,0,0,0,0
-35.71593079,174.3226748,Whangarei District,2018,minor_injury,50,TRUE,straight,,fine,,dawn_dusk,stop_sign,2,0,0,2,0,0,0,0,0,1,0,0,0,0,0,0,0,0,0,0
-40.71829536,175.2142566,Horowhenua District,2018,minor_injury,80,FALSE,straight,,rain,,daylight,,2,0,0,2,0,0,0,0,0,1,0,0,0,0,0,0,0,0,0,0
-37.91635948,175.5564774,Waipa District,2018,minor_injury,100,FALSE,straight,,rain,,daylight,,2,0,0,2,0,0,0,0,0,1,0,0,0,0,0,0,0,0,0,0
-37.10741064,174.9460822,Auckland,2018,minor_injury,100,FALSE,curved_view_open,,fine,,daylight,,2,0,0,2,0,0,0,0,0,1,0,0,0,0,0,0,0,0,0,0
-45.44250255,170.7473722,Waitaki District,2018,minor_injury,100,FALSE,curved_view_open,,fine,,daylight,,2,0,0,2,0,0,0,0,0,1,0,0,0,0,0,0,0,0,0,0
-43.61423076,171.1188333,Ashburton District,2018,minor_injury,100,FALSE,curved_view_open,,fine,,daylight,,2,0,0,2,0,0,0,0,0,1,0,0,0,0,0,0,0,0,0,0
-40.95049361,175.6987531,Masterton District,2018,fatality,100,TRUE,straight,,fine,,daylight,,2,1,1,0,0,0,0,0,0,1,0,0,0,0,0,0,0,0,0,0
-38.33431849,176.3668517,Rotorua District,2018,serious_injury,100,FALSE,curved_view_open,,fine,,daylight,,2,0,1,1,0,0,0,0,0,1,0,0,0,0,0,0,0,0,0,0
-45.97595318,170.1574188,Dunedin City,2018,serious_injury,100,TRUE,straight,,fine,,daylight,stop_sign,2,0,1,1,0,0,0,0,0,1,0,0,0,0,0,0,0,0,0,0
-45.19968613,167.8223175,Southland District,2018,serious_injury,100,FALSE,curved_view_open,,fine,,daylight,,2,0,1,1,0,0,0,0,0,1,0,0,0,0,0,0,0,0,0,0
-35.18842927,173.3450819,Far North District,2018,serious_injury,100,FALSE,curved_view_open,,mist,,darkness_not_lit,,2,0,1,1,0,0,0,0,0,1,0,0,0,0,0,0,0,0,0,0
-37.66903828,177.8782441,Opotiki District,2018,fatality,100,FALSE,curved_view_open,,fine,,daylight,,1,1,0,0,0,0,0,0,0,1,0,0,0,0,0,0,0,0,0,0
-38.00201316,175.8227316,South Waikato District,2018,fatality,100,FALSE,curved_view_open,,rain,,daylight,,1,1,0,0,0,0,0,0,0,1,0,0,0,0,0,0,0,0,0,0
-40.32746537,175.6325323,Palmerston North City,2018,fatality,50,FALSE,straight,,fine,,dawn_dusk,,1,1,0,0,0,0,0,0,0,1,0,0,0,0,0,0,0,0,0,0
-38.43350728,176.3419206,Rotorua District,2018,fatality,50,FALSE,straight,,fine,,daylight,,1,1,0,0,0,0,0,0,0,1,0,0,0,0,0,0,0,0,0,0
-43.39710134,172.0338559,Selwyn District,2018,serious_injury,50,TRUE,straight,,fine,,daylight,stop_sign,3,0,1,2,0,0,0,0,0,1,0,0,0,0,0,0,0,0,0,0
-43.36374206,172.3072842,Waimakariri District,2018,fatality,100,TRUE,straight,,fine,,darkness_not_lit,stop_sign,2,1,0,1,0,0,0,0,0,1,0,0,0,0,0,0,0,0,0,0
-39.06168222,175.538614,Ruapehu District,2018,fatality,40,FALSE,curved_view_open,,fine,,daylight,,2,1,0,1,0,0,0,0,0,1,0,0,0,0,0,0,0,0,0,0
-36.7765997,174.5571696,Auckland,2018,property_damage,50,TRUE,straight,,fine,,daylight,traffic_lights,0,0,0,0,0,0,0,0,0,1,0,1,0,0,0,0,0,0,0,0
-36.92701103,174.8979603,Auckland,2018,property_damage,60,TRUE,straight,,fine,,daylight,traffic_lights,0,0,0,0,0,0,0,0,0,1,0,1,0,0,0,0,0,0,0,0
-41.52242224,173.9574342,Marlborough District,2018,property_damage,50,TRUE,straight,,fine,,daylight,giveway_sign,0,0,0,0,0,0,0,0,0,1,0,1,0,0,0,0,0,0,0,0
-37.76979574,175.2627741,Hamilton City,2018,property_damage,60,FALSE,straight,,fine,,daylight,,0,0,0,0,0,0,0,0,0,1,0,1,0,0,0,0,0,0,0,0
-36.81098855,174.7434469,Auckland,2018,property_damage,50,FALSE,straight,,fine,,daylight,traffic_lights,0,0,0,0,0,0,0,0,0,1,0,1,0,0,0,0,0,0,0,0
-36.86991949,174.7117808,Auckland,2018,minor_injury,50,FALSE,straight,,fine,,daylight,,1,0,0,1,0,0,0,0,0,1,0,1,0,0,0,0,0,0,0,0
-43.55111854,172.5166518,Christchurch City,2018,minor_injury,70,TRUE,straight,,fine,,daylight,traffic_lights,1,0,0,1,0,0,0,0,0,1,0,1,0,0,0,0,0,0,0,0
-40.29540534,175.7532543,Palmerston North City,2018,minor_injury,50,TRUE,straight,,fine,,dawn_dusk,giveway_sign,1,0,0,1,0,0,0,0,0,1,0,1,0,0,0,0,0,0,0,0
-41.20470825,174.8206598,Wellington City,2018,minor_injury,100,FALSE,curved_view_open,,fine,,daylight,,1,0,0,1,0,0,0,0,0,1,0,1,0,0,0,0,0,0,0,0
-43.57066143,172.6312323,Christchurch City,2018,minor_injury,50,TRUE,straight,,rain,,daylight,giveway_sign,1,0,0,1,0,0,0,0,0,1,0,1,0,0,0,0,0,0,0,0
-41.70419479,172.5985704,Tasman District,2018,minor_injury,100,FALSE,straight,,rain,,daylight,,1,0,0,1,0,0,0,0,0,1,0,1,0,0,0,0,0,0,0,0
-36.85778728,174.757476,Auckland,2018,minor_injury,50,FALSE,straight,,fine,,daylight,,1,0,0,1,0,0,0,0,0,1,0,1,0,0,0,0,0,0,0,0
-41.75237149,174.1392427,Marlborough District,2018,serious_injury,100,FALSE,straight,,mist,,daylight,,2,0,2,0,0,0,0,0,0,1,0,1,0,0,0,0,0,0,0,0
-36.90966292,174.7401008,Auckland,2018,serious_injury,50,TRUE,straight,,fine,,daylight,giveway_sign,1,0,1,0,0,0,0,0,0,1,0,1,0,0,0,0,0,0,0,0
-43.55156384,172.5350078,Christchurch City,2018,serious_injury,50,TRUE,straight,,rain,,darkness_not_lit,giveway_sign,1,0,1,0,0,0,0,0,0,1,0,1,0,0,0,0,0,0,0,0
-37.0257753,174.8923894,Auckland,2018,serious_injury,50,TRUE,straight,,fine,,darkness_not_lit,giveway_sign,1,0,1,0,0,0,0,0,0,1,0,1,0,0,0,0,0,0,0,0
-39.02097963,176.5627359,Hastings District,2018,serious_injury,100,FALSE,straight,,fine,,daylight,,1,0,1,0,0,0,0,0,0,1,0,1,0,0,0,0,0,0,0,0
-37.99126843,176.8643195,Whakatane District,2018,serious_injury,100,TRUE,straight,,fine,,daylight,stop_sign,1,0,1,0,0,0,0,0,0,1,0,1,0,0,0,0,0,0,0,0
-37.05551215,174.9202406,Auckland,2018,serious_injury,100,FALSE,straight,,fine,,daylight,,1,0,1,0,0,0,0,0,0,1,0,1,0,0,0,0,0,0,0,0
-43.54490235,172.5675404,Christchurch City,2018,serious_injury,50,FALSE,straight,,fine,,dawn_dusk,,1,0,1,0,0,0,0,0,0,1,0,1,0,0,0,0,0,0,0,0
-41.79768405,172.0476514,Buller District,2018,serious_injury,100,FALSE,curved_view_open,,fine,,daylight,,1,0,1,0,0,0,0,0,0,1,0,1,0,0,0,0,0,0,0,0
-39.64887421,176.7843301,Hastings District,2018,fatality,100,FALSE,straight,,fine,,daylight,,2,1,1,0,0,0,0,0,0,1,0,1,0,0,0,0,0,0,0,0
-36.99751978,174.8523819,Auckland,2018,fatality,60,TRUE,straight,,fine,,daylight,traffic_lights,1,1,0,0,0,0,0,0,0,1,0,1,0,0,0,0,0,0,0,0
-38.13087569,176.2130898,Rotorua District,2018,fatality,50,TRUE,straight,,fine,,daylight,stop_sign,1,1,0,0,0,0,0,0,0,1,0,1,0,0,0,0,0,0,0,0
-43.59919133,172.458308,Selwyn District,2018,fatality,100,FALSE,straight,,fine,,darkness_not_lit,,1,1,0,0,0,0,0,0,0,1,0,1,0,0,0,0,0,0,0,0
-36.86872539,174.7282675,Auckland,2018,fatality,80,FALSE,curved_view_open,,fine,,darkness_not_lit,,1,1,0,0,0,0,0,0,0,1,0,1,0,0,0,0,0,0,0,0
-36.98952751,174.8831538,Auckland,2018,property_damage,50,TRUE,straight,,fine,,darkness_not_lit,traffic_lights,0,0,0,0,2,0,0,0,0,0,0,1,0,0,0,0,0,0,0,0
-41.26504399,174.7858422,Wellington City,2018,property_damage,100,TRUE,curved_view_open,,fine,,darkness_not_lit,,0,0,0,0,2,0,0,0,0,0,0,1,0,0,0,0,0,0,0,0
-37.78905767,175.259728,Hamilton City,2018,property_damage,50,TRUE,straight,,fine,,daylight,traffic_lights,0,0,0,0,2,0,0,0,0,0,0,1,0,0,0,0,0,0,0,0
-37.69814,176.1587431,Tauranga City,2018,property_damage,50,FALSE,straight,,fine,,daylight,,0,0,0,0,2,0,0,0,0,0,0,1,0,0,0,0,0,0,0,0
-36.99299288,174.8444291,Auckland,2018,property_damage,50,TRUE,straight,,fine,,daylight,traffic_lights,0,0,0,0,2,0,0,0,0,0,0,1,0,0,0,0,0,0,0,0
-40.35034505,175.6273825,Palmerston North City,2018,property_damage,50,TRUE,straight,,rain,,daylight,giveway_sign,0,0,0,0,2,0,0,0,0,0,0,1,0,0,0,0,0,0,0,0
-36.93395354,174.8515717,Auckland,2018,property_damage,100,FALSE,straight,,fine,,daylight,,0,0,0,0,2,0,0,0,0,0,0,1,0,0,0,0,0,0,0,0
-37.57902685,175.1595034,Waikato District,2018,property_damage,100,FALSE,straight,,rain,,darkness_not_lit,,0,0,0,0,2,0,0,0,0,0,0,1,0,0,0,0,0,0,0,0
-36.88937625,174.7980354,Auckland,2018,property_damage,100,FALSE,straight,,rain,,daylight,,0,0,0,0,2,0,0,0,0,0,0,1,0,0,0,0,0,0,0,0
-37.67690138,176.222705,Tauranga City,2018,property_damage,70,FALSE,straight,,fine,,daylight,,0,0,0,0,2,0,0,0,0,0,0,1,0,0,0,0,0,0,0,0
-43.55458631,172.5932847,Christchurch City,2018,property_damage,50,FALSE,straight,,fine,,daylight,,0,0,0,0,2,0,0,0,0,0,0,1,0,0,0,0,0,0,0,0
-37.78628816,175.3040633,Hamilton City,2018,property_damage,60,TRUE,straight,,rain,,daylight,giveway_sign,0,0,0,0,2,0,0,0,0,0,0,1,0,0,0,0,0,0,0,0
-36.90153516,174.7013648,Auckland,2018,property_damage,50,FALSE,straight,,fine,,daylight,,0,0,0,0,2,0,0,0,0,0,0,1,0,0,0,0,0,0,0,0
-36.87919466,174.631687,Auckland,2018,property_damage,50,FALSE,straight,,rain,,daylight,,0,0,0,0,2,0,0,0,0,0,0,1,0,0,0,0,0,0,0,0
-39.54963962,176.8578746,Napier City,2018,property_damage,100,FALSE,straight,,fine,,daylight,,0,0,0,0,2,0,0,0,0,0,0,1,0,0,0,0,0,0,0,0
-36.96787021,174.8590653,Auckland,2018,property_damage,50,FALSE,straight,,fine,,daylight,,0,0,0,0,2,0,0,0,0,0,0,1,0,0,0,0,0,0,0,0
-36.85823916,174.653776,Auckland,2018,property_damage,100,FALSE,straight,,rain,,daylight,,0,0,0,0,2,0,0,0,0,0,0,1,0,0,0,0,0,0,0,0
-36.90714717,174.7706623,Auckland,2018,property_damage,50,TRUE,straight,,rain,,daylight,stop_sign,0,0,0,0,2,0,0,0,0,0,0,1,0,0,0,0,0,0,0,0
-37.76104427,176.0706277,Western Bay Of Plenty District,2018,property_damage,100,FALSE,curved_view_open,,fine,,daylight,,0,0,0,0,2,0,0,0,0,0,0,1,0,0,0,0,0,0,0,0
-36.90468796,174.841111,Auckland,2018,property_damage,50,FALSE,straight,,fine,,daylight,,0,0,0,0,2,0,0,0,0,0,0,1,0,0,0,0,0,0,0,0
-37.04835355,174.9348015,Auckland,2018,property_damage,50,FALSE,straight,,rain,,daylight,,0,0,0,0,2,0,0,0,0,0,0,1,0,0,0,0,0,0,0,0
-43.82967493,171.8681688,Ashburton District,2018,property_damage,100,FALSE,straight,,fine,,daylight,,0,0,0,0,2,0,0,0,0,0,0,1,0,0,0,0,0,0,0,0
-36.66759681,174.4514017,Auckland,2018,property_damage,50,FALSE,straight,,rain,,daylight,,0,0,0,0,2,0,0,0,0,0,0,1,0,0,0,0,0,0,0,0
-40.35022954,175.6213618,Palmerston North City,2018,property_damage,50,FALSE,straight,,rain,,daylight,,0,0,0,0,2,0,0,0,0,0,0,1,0,0,0,0,0,0,0,0
-36.9297948,174.7847036,Auckland,2018,property_damage,100,FALSE,curved_view_open,,fine,,daylight,,0,0,0,0,2,0,0,0,0,0,0,1,0,0,0,0,0,0,0,0
-36.86121317,174.7537631,Auckland,2018,property_damage,50,FALSE,straight,,fine,,daylight,,0,0,0,0,2,0,0,0,0,0,0,1,0,0,0,0,0,0,0,0
-37.00681027,174.8743198,Auckland,2018,property_damage,60,FALSE,straight,,fine,,daylight,,0,0,0,0,2,0,0,0,0,0,0,1,0,0,0,0,0,0,0,0
-40.99383936,174.9465675,Kapiti Coast District,2018,property_damage,80,FALSE,straight,,fine,,daylight,,0,0,0,0,2,0,0,0,0,0,0,1,0,0,0,0,0,0,0,0
-36.92200338,174.7957255,Auckland,2018,property_damage,50,FALSE,straight,,rain,,daylight,,0,0,0,0,2,0,0,0,0,0,0,1,0,0,0,0,0,0,0,0
-36.89060742,174.7994669,Auckland,2018,property_damage,50,FALSE,straight,,fine,,daylight,,0,0,0,0,2,0,0,0,0,0,0,1,0,0,0,0,0,0,0,0
-45.03608274,168.9904167,Queenstown-Lakes District,2018,property_damage,100,FALSE,straight,,fine,,daylight,,0,0,0,0,2,0,0,0,0,0,0,1,0,0,0,0,0,0,0,0
-39.44167125,176.8710336,Napier City,2018,property_damage,100,FALSE,curved_view_open,,fine,,daylight,,0,0,0,0,2,0,0,0,0,0,0,1,0,0,0,0,0,0,0,0
-35.80633579,174.2947771,Whangarei District,2018,property_damage,100,FALSE,straight,,fine,,daylight,,0,0,0,0,2,0,0,0,0,0,0,1,0,0,0,0,0,0,0,0
-35.34208947,173.9630173,Far North District,2018,property_damage,100,FALSE,straight,,fine,,daylight,,0,0,0,0,2,0,0,0,0,0,0,1,0,0,0,0,0,0,0,0
-37.67791582,176.2231684,Tauranga City,2018,property_damage,70,FALSE,straight,,rain,,daylight,,0,0,0,0,2,0,0,0,0,0,0,1,0,0,0,0,0,0,0,0
-37.00668934,174.8983667,Auckland,2018,property_damage,100,FALSE,straight,,rain,,darkness_not_lit,,0,0,0,0,2,0,0,0,0,0,0,1,0,0,0,0,0,0,0,0
-36.89274518,174.8029285,Auckland,2018,property_damage,100,FALSE,straight,,fine,,daylight,,0,0,0,0,2,0,0,0,0,0,0,1,0,0,0,0,0,0,0,0
-36.99758665,174.8653734,Auckland,2018,property_damage,100,FALSE,straight,,fine,,darkness_not_lit,,0,0,0,0,2,0,0,0,0,0,0,1,0,0,0,0,0,0,0,0
-37.00009632,174.8873475,Auckland,2018,property_damage,60,FALSE,straight,,fine,,daylight,,0,0,0,0,2,0,0,0,0,0,0,1,0,0,0,0,0,0,0,0
-37.01366653,174.9089704,Auckland,2018,property_damage,50,FALSE,straight,,fine,,daylight,giveway_sign,0,0,0,0,2,0,0,0,0,0,0,1,0,0,0,0,0,0,0,0
-36.91206296,174.8228577,Auckland,2018,property_damage,100,FALSE,straight,,fine,,daylight,,0,0,0,0,2,0,0,0,0,0,0,1,0,0,0,0,0,0,0,0
-37.08544727,174.9366667,Auckland,2018,property_damage,100,FALSE,straight,,rain,,daylight,,0,0,0,0,2,0,0,0,0,0,0,1,0,0,0,0,0,0,0,0
-41.13636235,174.8381167,Porirua City,2018,property_damage,70,TRUE,straight,,rain,,daylight,giveway_sign,0,0,0,0,2,0,0,0,0,0,0,1,0,0,0,0,0,0,0,0
-36.71288134,174.7213773,Auckland,2018,property_damage,60,FALSE,straight,,fine,,daylight,giveway_sign,0,0,0,0,2,0,0,0,0,0,0,1,0,0,0,0,0,0,0,0
-36.8670151,174.7484438,Auckland,2018,property_damage,80,FALSE,straight,,fine,,dawn_dusk,,0,0,0,0,2,0,0,0,0,0,0,1,0,0,0,0,0,0,0,0
-36.75506145,174.7303399,Auckland,2018,property_damage,100,FALSE,straight,,fine,,daylight,,0,0,0,0,2,0,0,0,0,0,0,1,0,0,0,0,0,0,0,0