latitude,longitude,local_government_area,year,severity,speed_limit,intersection,road_position_horizontal,road_wet,weather,crash_type,lighting,traffic_controls,casualties,fatalities,serious_injuries,minor_injuries,car_sedan,car_utility,car_van,car_4x4,car_station_wagon,motor_cycle,truck_small,truck_large,bus,taxi,bicycle,scooter,pedestrian,inanimate,train,tram
-39.63952973,176.817999,Hastings District,2018,property_damage,50,TRUE,straight,,fine,,daylight,giveway_sign,0,0,0,0,2,0,0,0,0,0,0,1,0,0,0,0,0,0,0,0
-34.98396985,173.4042195,Far North District,2018,property_damage,100,FALSE,straight,,rain,,daylight,,0,0,0,0,2,0,0,0,0,0,0,1,0,0,0,0,0,0,0,0
-36.90502031,174.8916577,Auckland,2018,minor_injury,60,FALSE,straight,,fine,,daylight,,1,0,0,1,2,0,0,0,0,0,0,1,0,0,0,0,0,0,0,0
-36.8113327,174.7445644,Auckland,2018,minor_injury,50,TRUE,straight,,fine,,dawn_dusk,traffic_lights,1,0,0,1,2,0,0,0,0,0,0,1,0,0,0,0,0,0,0,0
-36.87948012,174.7842498,Auckland,2018,minor_injury,100,FALSE,straight,,fine,,darkness_not_lit,,1,0,0,1,2,0,0,0,0,0,0,1,0,0,0,0,0,0,0,0
-41.12265961,174.8517661,Porirua City,2018,minor_injury,100,FALSE,straight,,mist,,dawn_dusk,,1,0,0,1,2,0,0,0,0,0,0,1,0,0,0,0,0,0,0,0
-36.77977224,174.5681704,Auckland,2018,minor_injury,60,FALSE,straight,,fine,,daylight,,1,0,0,1,2,0,0,0,0,0,0,1,0,0,0,0,0,0,0,0
-40.71413136,175.2162612,Horowhenua District,2018,minor_injury,80,FALSE,straight,,fine,,daylight,,1,0,0,1,2,0,0,0,0,0,0,1,0,0,0,0,0,0,0,0
-36.97354544,174.7846915,Auckland,2018,minor_injury,50,FALSE,straight,,fine,,darkness_not_lit,,1,0,0,1,2,0,0,0,0,0,0,1,0,0,0,0,0,0,0,0
-36.87628421,174.6698948,Auckland,2018,minor_injury,50,FALSE,straight,,fine,,daylight,,1,0,0,1,2,0,0,0,0,0,0,1,0,0,0,0,0,0,0,0
-37.28536524,175.3687401,Hauraki District,2018,minor_injury,100,FALSE,straight,,fine,,daylight,,1,0,0,1,2,0,0,0,0,0,0,1,0,0,0,0,0,0,0,0
-36.75410546,174.5956186,Auckland,2018,minor_injury,50,FALSE,straight,,rain,,darkness_not_lit,,1,0,0,1,2,0,0,0,0,0,0,1,0,0,0,0,0,0,0,0
-37.11669235,175.7571851,Thames-Coromandel District,2018,minor_injury,100,FALSE,straight,,rain,,daylight,,1,0,0,1,2,0,0,0,0,0,0,1,0,0,0,0,0,0,0,0
-37.05660882,174.9209767,Auckland,2018,minor_injury,100,FALSE,straight,,rain,,darkness_not_lit,,1,0,0,1,2,0,0,0,0,0,0,1,0,0,0,0,0,0,0,0
-36.98664496,174.7856717,Auckland,2018,minor_injury,100,FALSE,straight,,fine,,darkness_not_lit,,1,0,0,1,2,0,0,0,0,0,0,1,0,0,0,0,0,0,0,0
-37.07024319,174.9277767,Auckland,2018,minor_injury,100,FALSE,straight,,fine,,daylight,,1,0,0,1,2,0,0,0,0,0,0,1,0,0,0,0,0,0,0,0
-41.24155177,174.8101429,Wellington City,2018,minor_injury,80,FALSE,curved_view_open,,fine,,daylight,,1,0,0,1,2,0,0,0,0,0,0,1,0,0,0,0,0,0,0,0
-36.89016541,174.7988955,Auckland,2018,minor_injury,100,FALSE,straight,,fine,,daylight,,1,0,0,1,2,0,0,0,0,0,0,1,0,0,0,0,0,0,0,0
-35.75376065,174.3102717,Whangarei District,2018,minor_injury,60,FALSE,straight,,fine,,daylight,,1,0,0,1,2,0,0,0,0,0,0,1,0,0,0,0,0,0,0,0
-36.86182744,174.7542819,Auckland,2018,minor_injury,80,FALSE,straight,,fine,,daylight,,2,0,0,2,2,0,0,0,0,0,0,1,0,0,0,0,0,0,0,0
-37.98535167,176.7966081,Whakatane District,2018,minor_injury,100,TRUE,straight,,fine,,daylight,stop_sign,2,0,0,2,2,0,0,0,0,0,0,1,0,0,0,0,0,0,0,0
-37.17899737,174.8984362,Auckland,2018,minor_injury,70,FALSE,straight,,fine,,daylight,giveway_sign,2,0,0,2,2,0,0,0,0,0,0,1,0,0,0,0,0,0,0,0
-38.53315356,176.0518015,Taupo District,2018,minor_injury,100,FALSE,curved_view_open,,fine,,daylight,,2,0,0,2,2,0,0,0,0,0,0,1,0,0,0,0,0,0,0,0
-36.92477399,174.7745053,Auckland,2018,minor_injury,100,FALSE,straight,,fine,,dawn_dusk,,2,0,0,2,2,0,0,0,0,0,0,1,0,0,0,0,0,0,0,0
-46.40393206,168.3614264,Invercargill City,2018,minor_injury,50,TRUE,straight,,fine,,daylight,traffic_lights,3,0,0,3,2,0,0,0,0,0,0,1,0,0,0,0,0,0,0,0
-45.86651823,170.5112343,Dunedin City,2018,minor_injury,50,FALSE,straight,,fine,,daylight,,3,0,0,3,2,0,0,0,0,0,0,1,0,0,0,0,0,0,0,0
-36.93063846,174.8503014,Auckland,2018,minor_injury,100,FALSE,straight,,fine,,daylight,,3,0,0,3,2,0,0,0,0,0,0,1,0,0,0,0,0,0,0,0
-43.64349539,172.4572406,Selwyn District,2018,serious_injury,100,TRUE,straight,,fine,,daylight,giveway_sign,2,0,1,1,2,0,0,0,0,0,0,1,0,0,0,0,0,0,0,0
-37.79497989,175.2591703,Hamilton City,2018,property_damage,50,TRUE,straight,,fine,,daylight,giveway_sign,0,0,0,0,1,0,0,0,0,0,0,1,0,0,0,0,0,1,0,0
-36.9743371,174.8156924,Auckland,2018,property_damage,50,TRUE,straight,,rain,,daylight,traffic_lights,0,0,0,0,1,0,0,0,0,0,0,1,0,0,0,0,0,1,0,0
-36.91593616,174.7844479,Auckland,2018,property_damage,50,TRUE,straight,,fine,,daylight,traffic_lights,0,0,0,0,1,0,0,0,0,0,0,1,0,0,0,0,0,1,0,0
-36.91593616,174.7844479,Auckland,2018,property_damage,50,TRUE,straight,,fine,,daylight,traffic_lights,0,0,0,0,1,0,0,0,0,0,0,1,0,0,0,0,0,1,0,0
-41.30086458,174.7789362,Wellington City,2018,property_damage,50,TRUE,curved_view_open,,rain,,darkness_not_lit,,0,0,0,0,1,0,0,0,0,0,0,1,0,0,0,0,0,1,0,0
-44.97759732,168.8490538,Queenstown-Lakes District,2018,property_damage,100,TRUE,curved_view_open,,fine,,daylight,giveway_sign,0,0,0,0,1,0,0,0,0,0,0,1,0,0,0,0,0,1,0,0
-37.68315786,176.0589876,Western Bay Of Plenty District,2018,property_damage,80,TRUE,straight,,fine,,daylight,,0,0,0,0,1,0,0,0,0,0,0,1,0,0,0,0,0,1,0,0
-36.98673842,174.8467049,Auckland,2018,property_damage,50,FALSE,straight,,fine,,daylight,,0,0,0,0,1,0,0,0,0,0,0,1,0,0,0,0,0,1,0,0
-37.72630358,176.1328177,Tauranga City,2018,property_damage,50,TRUE,curved_view_open,,fine,,daylight,giveway_sign,0,0,0,0,1,0,0,0,0,0,0,1,0,0,0,0,0,1,0,0
-41.28641058,174.7600222,Wellington City,2018,property_damage,50,FALSE,curved_view_open,,fine,,daylight,,0,0,0,0,1,0,0,0,0,0,0,1,0,0,0,0,0,1,0,0
-39.62861365,176.8498825,Hastings District,2018,property_damage,50,FALSE,straight,,fine,,daylight,,0,0,0,0,1,0,0,0,0,0,0,1,0,0,0,0,0,1,0,0
-37.64941416,175.2756849,Waikato District,2018,property_damage,100,TRUE,curved_view_open,,fine,,daylight,giveway_sign,0,0,0,0,1,0,0,0,0,0,0,1,0,0,0,0,0,1,0,0
-36.92525199,174.7750889,Auckland,2018,property_damage,100,FALSE,straight,,fine,,daylight,,0,0,0,0,1,0,0,0,0,0,0,1,0,0,0,0,0,1,0,0
-39.4860192,176.893952,Napier City,2018,property_damage,50,TRUE,straight,,fine,,daylight,giveway_sign,0,0,0,0,1,0,0,0,0,0,0,1,0,0,0,0,0,1,0,0
-41.2997698,173.2400161,Nelson City,2018,property_damage,70,TRUE,curved_view_open,,fine,,daylight,giveway_sign,0,0,0,0,1,0,0,0,0,0,0,1,0,0,0,0,0,1,0,0
-45.09754979,170.9672836,Waitaki District,2018,property_damage,50,FALSE,straight,,fine,,daylight,,0,0,0,0,1,0,0,0,0,0,0,1,0,0,0,0,0,1,0,0
-36.74022865,174.6212922,Auckland,2018,property_damage,80,TRUE,curved_view_open,,rain,,daylight,stop_sign,0,0,0,0,1,0,0,0,0,0,0,1,0,0,0,0,0,1,0,0
-37.66577109,176.1295665,Tauranga City,2018,property_damage,50,FALSE,curved_view_open,,fine,,daylight,,0,0,0,0,1,0,0,0,0,0,0,1,0,0,0,0,0,1,0,0
-36.7628784,174.6982962,Auckland,2018,property_damage,100,FALSE,straight,,fine,,daylight,,0,0,0,0,1,0,0,0,0,0,0,1,0,0,0,0,0,1,0,0
-39.65906222,176.8640419,Hastings District,2018,property_damage,70,FALSE,straight,,fine,,daylight,,0,0,0,0,1,0,0,0,0,0,0,1,0,0,0,0,0,1,0,0
-41.11794674,175.3287587,South Wairarapa District,2018,property_damage,50,TRUE,straight,,fine,,dawn_dusk,giveway_sign,0,0,0,0,1,0,0,0,0,0,0,1,0,0,0,0,0,1,0,0
-41.31246595,174.7789291,Wellington City,2018,property_damage,50,TRUE,straight,,fine,,daylight,,0,0,0,0,1,0,0,0,0,0,0,1,0,0,0,0,0,1,0,0
-37.06340904,174.9428316,Auckland,2018,property_damage,50,FALSE,straight,,fine,,daylight,,0,0,0,0,1,0,0,0,0,0,0,1,0,0,0,0,0,1,0,0
-35.94216554,173.869377,Kaipara District,2018,property_damage,50,FALSE,straight,,fine,,daylight,,0,0,0,0,1,0,0,0,0,0,0,1,0,0,0,0,0,1,0,0
-41.32057925,174.7714793,Wellington City,2018,property_damage,50,FALSE,straight,,fine,,daylight,,0,0,0,0,1,0,0,0,0,0,0,1,0,0,0,0,0,1,0,0
-41.33350549,174.7749247,Wellington City,2018,property_damage,50,TRUE,straight,,fine,,daylight,giveway_sign,0,0,0,0,1,0,0,0,0,0,0,1,0,0,0,0,0,1,0,0
-37.0634892,174.9428898,Auckland,2018,property_damage,50,FALSE,straight,,fine,,daylight,,0,0,0,0,1,0,0,0,0,0,0,1,0,0,0,0,0,1,0,0
-36.99643256,174.8751213,Auckland,2018,property_damage,100,FALSE,straight,,fine,,daylight,,0,0,0,0,1,0,0,0,0,0,0,1,0,0,0,0,0,1,0,0
-36.85939257,174.7537551,Auckland,2018,property_damage,50,FALSE,straight,,fine,,daylight,,0,0,0,0,1,0,0,0,0,0,0,1,0,0,0,0,0,1,0,0
-41.23365911,174.9040789,Hutt City,2018,property_damage,50,TRUE,curved_view_open,,fine,,daylight,giveway_sign,0,0,0,0,1,0,0,0,0,0,0,1,0,0,0,0,0,1,0,0
-36.98200417,174.7885966,Auckland,2018,property_damage,50,FALSE,straight,,rain,,darkness_not_lit,,0,0,0,0,1,0,0,0,0,0,0,1,0,0,0,0,0,1,0,0
-36.90246712,174.7248646,Auckland,2018,property_damage,50,TRUE,straight,,fine,,daylight,,0,0,0,0,1,0,0,0,0,0,0,1,0,0,0,0,0,1,0,0
-37.05858452,174.9534145,Auckland,2018,property_damage,50,FALSE,straight,,fine,,dawn_dusk,,0,0,0,0,1,0,0,0,0,0,0,1,0,0,0,0,0,1,0,0
-36.95964315,174.8629646,Auckland,2018,property_damage,100,FALSE,straight,,mist,,darkness_not_lit,,0,0,0,0,1,0,0,0,0,0,0,1,0,0,0,0,0,1,0,0
-36.84922452,174.7586931,Auckland,2018,property_damage,50,FALSE,straight,,fine,,daylight,,0,0,0,0,1,0,0,0,0,0,0,1,0,0,0,0,0,1,0,0
-41.11778423,174.9389347,Porirua City,2018,property_damage,100,FALSE,straight,,fine,,daylight,,0,0,0,0,1,0,0,0,0,0,0,1,0,0,0,0,0,1,0,0
-46.19939742,168.0457104,Southland District,2018,property_damage,100,FALSE,straight,,rain,,daylight,,0,0,0,0,1,0,0,0,0,0,0,1,0,0,0,0,0,1,0,0
-36.99655469,174.8742365,Auckland,2018,property_damage,100,FALSE,straight,,fine,,daylight,,0,0,0,0,1,0,0,0,0,0,0,1,0,0,0,0,0,1,0,0
-41.31089545,174.7768078,Wellington City,2018,property_damage,50,FALSE,straight,,fine,,daylight,,0,0,0,0,1,0,0,0,0,0,0,1,0,0,0,0,0,1,0,0
-36.89468696,174.8068233,Auckland,2018,property_damage,50,TRUE,straight,,fine,,daylight,giveway_sign,0,0,0,0,1,0,0,0,0,0,0,1,0,0,0,0,0,1,0,0
-35.72422248,174.3188095,Whangarei District,2018,property_damage,50,FALSE,straight,,fine,,daylight,,0,0,0,0,1,0,0,0,0,0,0,1,0,0,0,0,0,1,0,0
-36.97976181,174.8269322,Auckland,2018,property_damage,100,FALSE,straight,,fine,,darkness_not_lit,,0,0,0,0,1,0,0,0,0,0,0,1,0,0,0,0,0,1,0,0
-41.26499275,174.7839188,Wellington City,2018,property_damage,50,FALSE,straight,,fine,,daylight,,0,0,0,0,1,0,0,0,0,0,0,1,0,0,0,0,0,1,0,0
-36.73221628,174.7100842,Auckland,2018,property_damage,50,FALSE,curved_view_open,,fine,,daylight,,0,0,0,0,1,0,0,0,0,0,0,1,0,0,0,0,0,1,0,0
-36.87961462,174.8468141,Auckland,2018,property_damage,50,FALSE,straight,,fine,,darkness_not_lit,,0,0,0,0,1,0,0,0,0,0,0,1,0,0,0,0,0,1,0,0
-36.77847306,174.6849139,Auckland,2018,property_damage,50,FALSE,straight,,mist,,daylight,,0,0,0,0,1,0,0,0,0,0,0,1,0,0,0,0,0,1,0,0
-37.70177785,176.1500753,Tauranga City,2018,property_damage,80,FALSE,curved_view_open,,fine,,daylight,,0,0,0,0,1,0,0,0,0,0,0,1,0,0,0,0,0,1,0,0
-37.00897476,174.9019862,Auckland,2018,property_damage,100,FALSE,straight,,fine,,daylight,,0,0,0,0,1,0,0,0,0,0,0,1,0,0,0,0,0,1,0,0
-40.30693703,175.5521728,Manawatu District,2018,property_damage,100,FALSE,straight,,fine,,darkness_not_lit,,0,0,0,0,1,0,0,0,0,0,0,1,0,0,0,0,0,1,0,0
-37.8778067,175.3743516,Waipa District,2018,property_damage,100,FALSE,straight,,fine,,daylight,,0,0,0,0,1,0,0,0,0,0,0,1,0,0,0,0,0,1,0,0
-37.31496996,175.0663593,Waikato District,2018,property_damage,100,FALSE,curved_view_open,,fine,,daylight,,0,0,0,0,1,0,0,0,0,0,0,1,0,0,0,0,0,1,0,0
-45.98410306,168.7995358,Southland District,2018,property_damage,100,FALSE,straight,,fine,,daylight,,0,0,0,0,1,0,0,0,0,0,0,1,0,0,0,0,0,1,0,0
-41.28579747,173.2729371,Nelson City,2018,property_damage,50,FALSE,straight,,fine,,daylight,,0,0,0,0,1,0,0,0,0,0,0,1,0,0,0,0,0,1,0,0
-41.29203447,174.7703723,Wellington City,2018,property_damage,50,FALSE,straight,,fine,,daylight,,0,0,0,0,1,0,0,0,0,0,0,1,0,0,0,0,0,1,0,0
-35.75069169,174.3039726,Whangarei District,2018,property_damage,50,FALSE,curved_view_open,,fine,,daylight,,0,0,0,0,1,0,0,0,0,0,0,1,0,0,0,0,0,1,0,0
-38.00812016,175.3245564,Waipa District,2018,property_damage,50,FALSE,straight,,fine,,daylight,,0,0,0,0,1,0,0,0,0,0,0,1,0,0,0,0,0,1,0,0
-41.51541042,173.9568515,Marlborough District,2018,property_damage,30,FALSE,straight,,rain,,daylight,,0,0,0,0,1,0,0,0,0,0,0,1,0,0,0,0,0,1,0,0
-41.13748176,175.0335417,Upper Hutt City,2018,property_damage,50,FALSE,straight,,fine,,daylight,,0,0,0,0,1,0,0,0,0,0,0,1,0,0,0,0,0,1,0,0
-37.85664652,175.9560452,Western Bay Of Plenty District,2018,property_damage,100,FALSE,straight,,fine,,daylight,,0,0,0,0,1,0,0,0,0,0,0,1,0,0,0,0,0,1,0,0
-37.06293708,174.9424821,Auckland,2018,property_damage,50,FALSE,straight,,fine,,daylight,,0,0,0,0,1,0,0,0,0,0,0,1,0,0,0,0,0,1,0,0
-43.49003035,172.5511743,Christchurch City,2018,property_damage,80,FALSE,straight,,fine,,daylight,,0,0,0,0,1,0,0,0,0,0,0,1,0,0,0,0,0,1,0,0
-41.26981215,174.7798119,Wellington City,2018,property_damage,50,FALSE,straight,,fine,,daylight,,0,0,0,0,1,0,0,0,0,0,0,1,0,0,0,0,0,1,0,0
-36.98835398,174.8488787,Auckland,2018,property_damage,50,FALSE,straight,,fine,,darkness_not_lit,,0,0,0,0,1,0,0,0,0,0,0,1,0,0,0,0,0,1,0,0
-37.02738679,174.8709134,Auckland,2018,property_damage,50,FALSE,straight,,fine,,dawn_dusk,,0,0,0,0,1,0,0,0,0,0,0,1,0,0,0,0,0,1,0,0
-44.70054822,169.4982534,Central Otago District,2018,property_damage,100,FALSE,straight,,fine,,daylight,,0,0,0,0,1,0,0,0,0,0,0,1,0,0,0,0,0,1,0,0
-37.69573811,176.107106,Tauranga City,2018,property_damage,50,FALSE,straight,,fine,,daylight,giveway_sign,0,0,0,0,1,0,0,0,0,0,0,1,0,0,0,0,0,1,0,0
-36.72722741,174.6274799,Auckland,2018,property_damage,80,FALSE,curved_view_open,,fine,,daylight,,0,0,0,0,1,0,0,0,0,0,0,1,0,0,0,0,0,1,0,0
-44.07541183,171.3563845,Timaru District,2018,property_damage,100,FALSE,straight,,fine,,dawn_dusk,,0,0,0,0,1,0,0,0,0,0,0,1,0,0,0,0,0,1,0,0
-36.80117655,174.7615388,Auckland,2018,property_damage,100,FALSE,curved_view_open,,rain,,daylight,,0,0,0,0,1,0,0,0,0,0,0,1,0,0,0,0,0,1,0,0
-36.8494845,174.7514651,Auckland,2018,property_damage,50,FALSE,straight,,,,daylight,,0,0,0,0,1,0,0,0,0,0,0,1,0,0,0,0,0,1,0,0
-41.30627713,174.7631844,Wellington City,2018,property_damage,30,FALSE,straight,,snow,,daylight,,0,0,0,0,1,0,0,0,0,0,0,1,0,0,0,0,0,1,0,0
-36.95648768,174.8323283,Auckland,2018,property_damage,50,FALSE,straight,,fine,,daylight,,0,0,0,0,1,0,0,0,0,0,0,1,0,0,0,0,0,1,0,0
-37.78465428,175.2675307,Hamilton City,2018,property_damage,50,FALSE,curved_view_open,,,,daylight,,0,0,0,0,1,0,0,0,0,0,0,1,0,0,0,0,0,1,0,0
-36.97726175,174.7839021,Auckland,2018,property_damage,50,FALSE,straight,,fine,,daylight,,0,0,0,0,1,0,0,0,0,0,0,1,0,0,0,0,0,1,0,0
-36.85471387,174.7828775,Auckland,2018,property_damage,50,FALSE,curved_view_open,,fine,,daylight,,0,0,0,0,1,0,0,0,0,0,0,1,0,0,0,0,0,1,0,0
-37.05787466,174.9218408,Auckland,2018,property_damage,100,FALSE,straight,,fine,,daylight,,0,0,0,0,1,0,0,0,0,0,0,1,0,0,0,0,0,1,0,0
-37.99857158,175.3953115,Waipa District,2018,property_damage,100,FALSE,curved_view_open,,rain,,darkness_not_lit,,0,0,0,0,1,0,0,0,0,0,0,1,0,0,0,0,0,1,0,0
-36.93125447,174.8878937,Auckland,2018,property_damage,50,FALSE,curved_view_open,,rain,,daylight,,0,0,0,0,1,0,0,0,0,0,0,1,0,0,0,0,0,1,0,0
-41.14758728,174.8453297,Porirua City,2018,property_damage,50,TRUE,straight,,fine,,daylight,,0,0,0,0,1,0,0,0,0,0,0,1,0,0,0,0,0,1,0,0
-38.65922236,175.2059215,Ruapehu District,2018,property_damage,100,FALSE,curved_view_open,,rain,,daylight,,0,0,0,0,1,0,0,0,0,0,0,1,0,0,0,0,0,1,0,0
-41.21026559,174.8938105,Hutt City,2018,property_damage,50,FALSE,straight,,fine,,daylight,,0,0,0,0,1,0,0,0,0,0,0,1,0,0,0,0,0,1,0,0
-41.26915228,174.7805461,Wellington City,2018,property_damage,50,FALSE,straight,,,,daylight,,0,0,0,0,1,0,0,0,0,0,0,1,0,0,0,0,0,1,0,0
-45.03721018,168.6341602,Queenstown-Lakes District,2018,property_damage,50,FALSE,straight,,fine,,daylight,,0,0,0,0,1,0,0,0,0,0,0,1,0,0,0,0,0,1,0,0
-46.19621331,169.7840171,Clutha District,2018,property_damage,100,FALSE,curved_view_open,,fine,,daylight,,0,0,0,0,1,0,0,0,0,0,0,1,0,0,0,0,0,1,0,0
-46.39919139,168.3473483,Invercargill City,2018,property_damage,50,FALSE,straight,,fine,,daylight,,0,0,0,0,1,0,0,0,0,0,0,1,0,0,0,0,0,1,0,0
-43.53018279,172.6003543,Christchurch City,2018,property_damage,50,FALSE,straight,,fine,,daylight,,0,0,0,0,1,0,0,0,0,0,0,1,0,0,0,0,0,1,0,0
-43.58899813,172.3769012,Selwyn District,2018,property_damage,70,FALSE,straight,,fine,,daylight,,0,0,0,0,1,0,0,0,0,0,0,1,0,0,0,0,0,1,0,0
-41.71105529,172.5469119,Tasman District,2018,property_damage,80,FALSE,curved_view_open,,rain,,darkness_not_lit,,0,0,0,0,1,0,0,0,0,0,0,1,0,0,0,0,0,1,0,0
-35.98516891,174.447428,Whangarei District,2018,property_damage,50,FALSE,straight,,fine,,daylight,,0,0,0,0,1,0,0,0,0,0,0,1,0,0,0,0,0,1,0,0
-37.6509131,176.1870751,Tauranga City,2018,property_damage,60,FALSE,straight,,fine,,daylight,,0,0,0,0,1,0,0,0,0,0,0,1,0,0,0,0,0,1,0,0
-41.28237079,174.7532387,Wellington City,2018,property_damage,50,FALSE,straight,,,,daylight,,0,0,0,0,1,0,0,0,0,0,0,1,0,0,0,0,0,1,0,0
-36.94548314,174.7909426,Auckland,2018,property_damage,50,FALSE,straight,,fine,,daylight,,0,0,0,0,1,0,0,0,0,0,0,1,0,0,0,0,0,1,0,0
-41.10430261,174.8696009,Porirua City,2018,property_damage,50,FALSE,straight,,rain,,daylight,,0,0,0,0,1,0,0,0,0,0,0,1,0,0,0,0,0,1,0,0
-36.55586534,174.4720465,Auckland,2018,property_damage,100,FALSE,curved_view_open,,fine,,dawn_dusk,,0,0,0,0,1,0,0,0,0,0,0,1,0,0,0,0,0,1,0,0
-43.53490313,172.650473,Christchurch City,2018,property_damage,50,FALSE,straight,,rain,,daylight,,0,0,0,0,1,0,0,0,0,0,0,1,0,0,0,0,0,1,0,0
-36.91651317,174.8323815,Auckland,2018,property_damage,100,FALSE,straight,,fine,,daylight,,0,0,0,0,1,0,0,0,0,0,0,1,0,0,0,0,0,1,0,0
-36.89257637,174.7908501,Auckland,2018,property_damage,50,FALSE,curved_view_open,,fine,,darkness_not_lit,,0,0,0,0,1,0,0,0,0,0,0,1,0,0,0,0,0,1,0,0
-37.41034126,175.1246424,Waikato District,2018,property_damage,100,FALSE,curved_view_open,,fine,,darkness_not_lit,,0,0,0,0,1,0,0,0,0,0,0,1,0,0,0,0,0,1,0,0
-36.87137611,174.6766314,Auckland,2018,property_damage,100,FALSE,straight,,fine,,daylight,,0,0,0,0,1,0,0,0,0,0,0,1,0,0,0,0,0,1,0,0
-36.8940579,174.6525624,Auckland,2018,property_damage,50,FALSE,straight,,fine,,darkness_not_lit,,0,0,0,0,1,0,0,0,0,0,0,1,0,0,0,0,0,1,0,0
-40.49495879,175.3803201,Horowhenua District,2018,property_damage,100,FALSE,straight,,fine,,daylight,,0,0,0,0,1,0,0,0,0,0,0,1,0,0,0,0,0,1,0,0
-36.95200896,174.7945095,Auckland,2018,property_damage,100,FALSE,straight,,fine,,daylight,,0,0,0,0,1,0,0,0,0,0,0,1,0,0,0,0,0,1,0,0
-40.47052221,175.4466399,Horowhenua District,2018,property_damage,100,FALSE,straight,,fine,,daylight,,0,0,0,0,1,0,0,0,0,0,0,1,0,0,0,0,0,1,0,0
-36.85019801,174.6395383,Auckland,2018,property_damage,50,FALSE,straight,,fine,,daylight,,0,0,0,0,1,0,0,0,0,0,0,1,0,0,0,0,0,1,0,0
-41.20674622,174.8176631,Wellington City,2018,property_damage,100,FALSE,straight,,rain,,daylight,,0,0,0,0,1,0,0,0,0,0,0,1,0,0,0,0,0,1,0,0
-40.94565254,175.671888,Masterton District,2018,property_damage,50,FALSE,straight,,fine,,daylight,,0,0,0,0,1,0,0,0,0,0,0,1,0,0,0,0,0,1,0,0
-43.3879648,172.6287859,Waimakariri District,2018,property_damage,100,FALSE,curved_view_open,,fine,,daylight,,0,0,0,0,1,0,0,0,0,0,0,1,0,0,0,0,0,1,0,0
-42.43602365,171.2033183,Grey District,2018,property_damage,50,FALSE,straight,,rain,,daylight,,0,0,0,0,1,0,0,0,0,0,0,1,0,0,0,0,0,1,0,0
-37.6953974,176.1598852,Tauranga City,2018,property_damage,50,FALSE,straight,,fine,,daylight,,0,0,0,0,1,0,0,0,0,0,0,1,0,0,0,0,0,1,0,0
-38.09041353,175.8698742,South Waikato District,2018,property_damage,100,TRUE,curved_view_open,,fine,,daylight,,0,0,0,0,1,0,0,0,0,0,0,1,0,0,0,0,0,1,0,0
-39.9609953,175.5392797,Rangitikei District,2018,property_damage,100,FALSE,straight,,fine,,daylight,,0,0,0,0,1,0,0,0,0,0,0,1,0,0,0,0,0,1,0,0
-37.01265606,174.8972339,Auckland,2018,property_damage,50,FALSE,curved_view_open,,fine,,darkness_not_lit,,0,0,0,0,1,0,0,0,0,0,0,1,0,0,0,0,0,1,0,0
-36.87197366,174.6910719,Auckland,2018,property_damage,80,FALSE,straight,,fine,,daylight,,0,0,0,0,1,0,0,0,0,0,0,1,0,0,0,0,0,1,0,0
-36.90989764,174.8212348,Auckland,2018,property_damage,100,FALSE,straight,,fine,,darkness_not_lit,,0,0,0,0,1,0,0,0,0,0,0,1,0,0,0,0,0,1,0,0
-41.23964282,174.8266411,Wellington City,2018,property_damage,100,FALSE,straight,,fine,,darkness_not_lit,,0,0,0,0,1,0,0,0,0,0,0,1,0,0,0,0,0,1,0,0
-36.9292776,174.8427577,Auckland,2018,property_damage,50,FALSE,straight,,fine,,daylight,,0,0,0,0,1,0,0,0,0,0,0,1,0,0,0,0,0,1,0,0
-39.4382411,173.9242028,South Taranaki District,2018,property_damage,100,FALSE,straight,,fine,,daylight,,0,0,0,0,1,0,0,0,0,0,0,1,0,0,0,0,0,1,0,0
-39.05367488,174.0964967,New Plymouth District,2018,property_damage,50,FALSE,straight,,fine,,daylight,,0,0,0,0,1,0,0,0,0,0,0,1,0,0,0,0,0,1,0,0
-36.71461373,174.7299584,Auckland,2018,property_damage,50,FALSE,straight,,fine,,daylight,,0,0,0,0,1,0,0,0,0,0,0,1,0,0,0,0,0,1,0,0
-36.86534617,174.852629,Auckland,2018,property_damage,50,TRUE,straight,,fine,,daylight,giveway_sign,0,0,0,0,1,0,0,0,0,0,0,1,0,0,0,0,0,1,0,0
-46.40505949,168.3701266,Invercargill City,2018,property_damage,50,FALSE,straight,,fine,,darkness_not_lit,,0,0,0,0,1,0,0,0,0,0,0,1,0,0,0,0,0,1,0,0
-41.14893858,174.86099,Porirua City,2018,property_damage,50,FALSE,straight,,fine,,darkness_not_lit,,0,0,0,0,1,0,0,0,0,0,0,1,0,0,0,0,0,1,0,0
-43.54196695,172.5651601,Christchurch City,2018,property_damage,50,FALSE,straight,,fine,,daylight,,0,0,0,0,1,0,0,0,0,0,0,1,0,0,0,0,0,1,0,0
-45.89836021,170.3681873,Dunedin City,2018,property_damage,100,FALSE,straight,,fine,,darkness_not_lit,,0,0,0,0,1,0,0,0,0,0,0,1,0,0,0,0,0,1,0,0
-40.94043744,174.9932495,Kapiti Coast District,2018,property_damage,100,FALSE,straight,,rain,,daylight,,0,0,0,0,1,0,0,0,0,0,0,1,0,0,0,0,0,1,0,0
-37.04183193,174.9173661,Auckland,2018,property_damage,50,FALSE,straight,,rain,,darkness_not_lit,,0,0,0,0,1,0,0,0,0,0,0,1,0,0,0,0,0,1,0,0