latitude,longitude,local_government_area,year,severity,speed_limit,intersection,road_position_horizontal,road_wet,weather,crash_type,lighting,traffic_controls,casualties,fatalities,serious_injuries,minor_injuries,car_sedan,car_utility,car_van,car_4x4,car_station_wagon,motor_cycle,truck_small,truck_large,bus,taxi,bicycle,scooter,pedestrian,inanimate,train,tram
-37.13625691,175.5394877,Thames-Coromandel District,2018,property_damage,50,FALSE,straight,,fine,,daylight,,0,0,0,0,1,0,0,0,0,0,0,1,0,0,0,0,0,1,0,0
-46.38913691,168.3462404,Invercargill City,2018,property_damage,50,FALSE,straight,,rain,,darkness_not_lit,,0,0,0,0,1,0,0,0,0,0,0,1,0,0,0,0,0,1,0,0
-41.15151388,174.8632675,Porirua City,2018,property_damage,50,FALSE,curved_view_open,,fine,,daylight,,0,0,0,0,1,0,0,0,0,0,0,1,0,0,0,0,0,1,0,0
-41.80014473,172.3312908,Tasman District,2018,property_damage,50,FALSE,straight,,fine,,daylight,,0,0,0,0,1,0,0,0,0,0,0,1,0,0,0,0,0,1,0,0
-37.69983367,176.1580779,Tauranga City,2018,property_damage,50,FALSE,straight,,fine,,daylight,,0,0,0,0,1,0,0,0,0,0,0,1,0,0,0,0,0,1,0,0
-36.91815118,174.8666804,Auckland,2018,property_damage,50,FALSE,straight,,fine,,darkness_not_lit,,0,0,0,0,1,0,0,0,0,0,0,1,0,0,0,0,0,1,0,0
-39.62349383,176.8167552,Hastings District,2018,property_damage,50,FALSE,straight,,fine,,darkness_not_lit,,0,0,0,0,1,0,0,0,0,0,0,1,0,0,0,0,0,1,0,0
-41.20137363,174.9366899,Hutt City,2018,property_damage,50,FALSE,straight,,fine,,daylight,,0,0,0,0,1,0,0,0,0,0,0,1,0,0,0,0,0,1,0,0
-40.17721654,175.3852752,Rangitikei District,2018,property_damage,50,FALSE,straight,,fine,,darkness_not_lit,,0,0,0,0,1,0,0,0,0,0,0,1,0,0,0,0,0,1,0,0
-36.94567755,174.8792438,Auckland,2018,property_damage,50,FALSE,straight,,fine,,daylight,,0,0,0,0,1,0,0,0,0,0,0,1,0,0,0,0,0,1,0,0
-37.00915084,174.8532711,Auckland,2018,property_damage,50,FALSE,straight,,fine,,dawn_dusk,,0,0,0,0,1,0,0,0,0,0,0,1,0,0,0,0,0,1,0,0
-36.9402138,174.85471,Auckland,2018,property_damage,50,FALSE,straight,,rain,,darkness_not_lit,,0,0,0,0,1,0,0,0,0,0,0,1,0,0,0,0,0,1,0,0
-41.18956081,174.8312695,Wellington City,2018,property_damage,100,FALSE,straight,,fine,,daylight,,0,0,0,0,1,0,0,0,0,0,0,1,0,0,0,0,0,1,0,0
-38.13354855,176.2989132,Rotorua District,2018,property_damage,50,FALSE,straight,,rain,,daylight,,0,0,0,0,1,0,0,0,0,0,0,1,0,0,0,0,0,1,0,0
-38.59787516,177.8999896,Gisborne District,2018,property_damage,100,TRUE,straight,,fine,,daylight,,0,0,0,0,1,0,0,0,0,0,0,1,0,0,0,0,0,1,0,0
-38.47682698,175.7787458,Taupo District,2018,property_damage,100,FALSE,curved_view_open,,fine,,daylight,,0,0,0,0,1,0,0,0,0,0,0,1,0,0,0,0,0,1,0,0
-45.89077207,170.3518153,Dunedin City,2018,property_damage,50,FALSE,curved_view_open,,fine,,daylight,,0,0,0,0,1,0,0,0,0,0,0,1,0,0,0,0,0,1,0,0
-36.67736172,174.4445125,Auckland,2018,property_damage,50,FALSE,straight,,fine,,daylight,,0,0,0,0,1,0,0,0,0,0,0,1,0,0,0,0,0,1,0,0
-36.85701852,174.6325389,Auckland,2018,property_damage,50,TRUE,straight,,fine,,darkness_not_lit,giveway_sign,0,0,0,0,1,0,0,0,0,0,0,1,0,0,0,0,0,1,0,0
-36.90829254,174.8659911,Auckland,2018,property_damage,50,FALSE,curved_view_open,,,,daylight,,0,0,0,0,1,0,0,0,0,0,0,1,0,0,0,0,0,1,0,0
-39.00268699,174.2254552,New Plymouth District,2018,property_damage,50,FALSE,curved_view_open,,fine,,daylight,,0,0,0,0,1,0,0,0,0,0,0,1,0,0,0,0,0,1,0,0
-36.97886397,174.8214284,Auckland,2018,property_damage,50,FALSE,straight,,fine,,daylight,,0,0,0,0,1,0,0,0,0,0,0,1,0,0,0,0,0,1,0,0
-38.00371004,175.3311133,Waipa District,2018,property_damage,50,FALSE,straight,,fine,,daylight,giveway_sign,0,0,0,0,1,0,0,0,0,0,0,1,0,0,0,0,0,1,0,0
-36.76818096,174.7362029,Auckland,2018,property_damage,50,FALSE,straight,,fine,,daylight,,0,0,0,0,1,0,0,0,0,0,0,1,0,0,0,0,0,1,0,0
-36.94842843,174.8370876,Auckland,2018,property_damage,50,FALSE,straight,,fine,,daylight,,0,0,0,0,1,0,0,0,0,0,0,1,0,0,0,0,0,1,0,0
-36.90658688,174.68463,Auckland,2018,property_damage,50,FALSE,straight,,rain,,darkness_not_lit,,0,0,0,0,1,0,0,0,0,0,0,1,0,0,0,0,0,1,0,0
-36.62222239,174.6770444,Auckland,2018,property_damage,50,FALSE,straight,,fine,,daylight,,0,0,0,0,1,0,0,0,0,0,0,1,0,0,0,0,0,1,0,0
-36.88627976,174.8048972,Auckland,2018,property_damage,50,FALSE,straight,,,,daylight,,0,0,0,0,1,0,0,0,0,0,0,1,0,0,0,0,0,1,0,0
-36.85865848,174.6134377,Auckland,2018,property_damage,50,TRUE,straight,,fine,,daylight,,0,0,0,0,1,0,0,0,0,0,0,1,0,0,0,0,0,1,0,0
-41.25032676,174.7753204,Wellington City,2018,property_damage,50,FALSE,straight,,fine,,dawn_dusk,,0,0,0,0,1,0,0,0,0,0,0,1,0,0,0,0,0,1,0,0
-36.86047415,174.7610709,Auckland,2018,property_damage,80,FALSE,curved_view_open,,fine,,dawn_dusk,,0,0,0,0,1,0,0,0,0,0,0,1,0,0,0,0,0,1,0,0
-44.08958099,170.5966272,Mackenzie District,2018,property_damage,80,FALSE,curved_view_open,,fine,,daylight,,0,0,0,0,1,0,0,0,0,0,0,1,0,0,0,0,0,1,0,0
-46.42839946,168.3694613,Invercargill City,2018,property_damage,50,FALSE,straight,,fine,,darkness_not_lit,,0,0,0,0,1,0,0,0,0,0,0,1,0,0,0,0,0,1,0,0
-36.90482928,174.8296328,Auckland,2018,property_damage,50,FALSE,straight,,rain,,darkness_not_lit,,0,0,0,0,1,0,0,0,0,0,0,1,0,0,0,0,0,1,0,0
-39.3793928,174.2987398,Stratford District,2018,property_damage,100,FALSE,straight,,fine,,daylight,,0,0,0,0,1,0,0,0,0,0,0,1,0,0,0,0,0,1,0,0
-36.90000267,174.8287544,Auckland,2018,property_damage,50,FALSE,straight,,fine,,daylight,,0,0,0,0,1,0,0,0,0,0,0,1,0,0,0,0,0,1,0,0
-45.86668404,170.5455111,Dunedin City,2018,property_damage,50,FALSE,curved_view_open,,fine,,daylight,,0,0,0,0,1,0,0,0,0,0,0,1,0,0,0,0,0,1,0,0
-39.66401423,174.4001929,South Taranaki District,2018,property_damage,100,FALSE,straight,,fine,,darkness_not_lit,,0,0,0,0,1,0,0,0,0,0,0,1,0,0,0,0,0,1,0,0
-36.92541495,174.7948288,Auckland,2018,minor_injury,50,FALSE,straight,,fine,,daylight,,1,0,0,1,1,0,0,0,0,0,0,1,0,0,0,0,0,1,0,0
-35.10723274,173.2650315,Far North District,2018,minor_injury,50,TRUE,straight,,fine,,darkness_not_lit,,1,0,0,1,1,0,0,0,0,0,0,1,0,0,0,0,0,1,0,0
-36.9735415,174.8502839,Auckland,2018,minor_injury,50,TRUE,straight,,fine,,daylight,giveway_sign,1,0,0,1,1,0,0,0,0,0,0,1,0,0,0,0,0,1,0,0
-45.9051351,170.3108932,Dunedin City,2018,minor_injury,100,TRUE,curved_view_open,,fine,,daylight,giveway_sign,1,0,0,1,1,0,0,0,0,0,0,1,0,0,0,0,0,1,0,0
-38.27745214,175.9027498,South Waikato District,2018,minor_injury,100,FALSE,straight,,fine,,dawn_dusk,,1,0,0,1,1,0,0,0,0,0,0,1,0,0,0,0,0,1,0,0
-36.78280474,174.6749796,Auckland,2018,minor_injury,100,FALSE,straight,,rain,,daylight,,1,0,0,1,1,0,0,0,0,0,0,1,0,0,0,0,0,1,0,0
-37.7012026,176.1506973,Tauranga City,2018,minor_injury,80,FALSE,straight,,fine,,daylight,,1,0,0,1,1,0,0,0,0,0,0,1,0,0,0,0,0,1,0,0
-39.60843102,174.301926,South Taranaki District,2018,minor_injury,70,FALSE,straight,,fine,,daylight,,1,0,0,1,1,0,0,0,0,0,0,1,0,0,0,0,0,1,0,0
-37.41528065,175.6148288,Hauraki District,2018,minor_injury,100,FALSE,straight,,fine,,daylight,,1,0,0,1,1,0,0,0,0,0,0,1,0,0,0,0,0,1,0,0
-36.93924829,174.8680035,Auckland,2018,minor_injury,70,FALSE,straight,,fine,,daylight,,1,0,0,1,1,0,0,0,0,0,0,1,0,0,0,0,0,1,0,0
-38.14966664,175.3025137,Otorohanga District,2018,minor_injury,100,FALSE,straight,,fine,,darkness_not_lit,,1,0,0,1,1,0,0,0,0,0,0,1,0,0,0,0,0,1,0,0
-36.10222387,174.3672459,Kaipara District,2018,minor_injury,50,FALSE,straight,,rain,,darkness_not_lit,,1,0,0,1,1,0,0,0,0,0,0,1,0,0,0,0,0,1,0,0
-37.89509788,175.4928942,Waipa District,2018,minor_injury,100,FALSE,straight,,fine,,dawn_dusk,,1,0,0,1,1,0,0,0,0,0,0,1,0,0,0,0,0,1,0,0
-36.84222588,174.7461409,Auckland,2018,minor_injury,80,FALSE,curved_view_open,,fine,,daylight,,1,0,0,1,1,0,0,0,0,0,0,1,0,0,0,0,0,1,0,0
-37.68501122,176.2305613,Tauranga City,2018,minor_injury,100,FALSE,straight,,fine,,daylight,,1,0,0,1,1,0,0,0,0,0,0,1,0,0,0,0,0,1,0,0
-37.53606973,175.1588633,Waikato District,2018,minor_injury,70,FALSE,straight,,fine,,darkness_not_lit,,1,0,0,1,1,0,0,0,0,0,0,1,0,0,0,0,0,1,0,0
-36.96699122,174.9059617,Auckland,2018,minor_injury,60,FALSE,straight,,fine,,daylight,,1,0,0,1,1,0,0,0,0,0,0,1,0,0,0,0,0,1,0,0
-42.88206762,172.7461185,Hurunui District,2018,minor_injury,100,FALSE,curved_view_open,,fine,,daylight,,1,0,0,1,1,0,0,0,0,0,0,1,0,0,0,0,0,1,0,0
-36.94214498,174.833669,Auckland,2018,minor_injury,50,FALSE,straight,,fine,,dawn_dusk,,1,0,0,1,1,0,0,0,0,0,0,1,0,0,0,0,0,1,0,0
-37.75074287,175.2549186,Hamilton City,2018,minor_injury,50,FALSE,straight,,fine,,darkness_not_lit,,1,0,0,1,1,0,0,0,0,0,0,1,0,0,0,0,0,1,0,0
-37.14049412,174.7177137,Auckland,2018,minor_injury,100,FALSE,straight,,fine,,daylight,,1,0,0,1,1,0,0,0,0,0,0,1,0,0,0,0,0,1,0,0
-39.54404565,176.8570874,Napier City,2018,minor_injury,50,FALSE,straight,,fine,,darkness_not_lit,,1,0,0,1,1,0,0,0,0,0,0,1,0,0,0,0,0,1,0,0
-37.8720114,175.8822319,Matamata-Piako District,2018,minor_injury,100,FALSE,straight,,fine,,darkness_not_lit,,1,0,0,1,1,0,0,0,0,0,0,1,0,0,0,0,0,1,0,0
-37.03552649,174.8645588,Auckland,2018,minor_injury,50,FALSE,straight,,fine,,darkness_not_lit,,1,0,0,1,1,0,0,0,0,0,0,1,0,0,0,0,0,1,0,0
-39.18666603,175.7574095,Taupo District,2018,minor_injury,100,FALSE,curved_view_open,,fine,,darkness_not_lit,,1,0,0,1,1,0,0,0,0,0,0,1,0,0,0,0,0,1,0,0
-37.69156721,176.2575014,Tauranga City,2018,minor_injury,50,FALSE,straight,,rain,,daylight,,1,0,0,1,1,0,0,0,0,0,0,1,0,0,0,0,0,1,0,0
-37.03928273,174.8778388,Auckland,2018,minor_injury,50,FALSE,straight,,fine,,daylight,,1,0,0,1,1,0,0,0,0,0,0,1,0,0,0,0,0,1,0,0
-36.87843968,174.8620331,Auckland,2018,minor_injury,50,FALSE,curved_view_open,,rain,,darkness_not_lit,,1,0,0,1,1,0,0,0,0,0,0,1,0,0,0,0,0,1,0,0
-42.80371163,171.5738062,Westland District,2018,minor_injury,100,FALSE,straight,,rain,,daylight,,1,0,0,1,1,0,0,0,0,0,0,1,0,0,0,0,0,1,0,0
-36.07175108,174.4186093,Whangarei District,2018,minor_injury,80,FALSE,curved_view_open,,fine,,daylight,,1,0,0,1,1,0,0,0,0,0,0,1,0,0,0,0,0,1,0,0
-38.56613681,176.0479762,Taupo District,2018,minor_injury,100,FALSE,straight,,fine,,daylight,,1,0,0,1,1,0,0,0,0,0,0,1,0,0,0,0,0,1,0,0
-40.4439561,175.2971189,Horowhenua District,2018,minor_injury,100,FALSE,straight,,fine,,daylight,,1,0,0,1,1,0,0,0,0,0,0,1,0,0,0,0,0,1,0,0
-36.87622047,174.6473423,Auckland,2018,minor_injury,50,FALSE,straight,,fine,,darkness_not_lit,,1,0,0,1,1,0,0,0,0,0,0,1,0,0,0,0,0,1,0,0
-41.22266438,174.8089418,Wellington City,2018,minor_injury,100,FALSE,straight,,fine,,daylight,,1,0,0,1,1,0,0,0,0,0,0,1,0,0,0,0,0,1,0,0
-43.47922642,172.5312845,Christchurch City,2018,minor_injury,80,FALSE,straight,,fine,,daylight,,1,0,0,1,1,0,0,0,0,0,0,1,0,0,0,0,0,1,0,0
-37.02514673,174.9191722,Auckland,2018,serious_injury,50,TRUE,curved_view_open,,fine,,darkness_not_lit,giveway_sign,1,0,1,0,1,0,0,0,0,0,0,1,0,0,0,0,0,1,0,0
-36.6235499,174.6536565,Auckland,2018,serious_injury,100,TRUE,curved_view_open,,fine,,daylight,giveway_sign,1,0,1,0,1,0,0,0,0,0,0,1,0,0,0,0,0,1,0,0
-36.97853446,174.8727159,Auckland,2018,serious_injury,50,FALSE,straight,,fine,,darkness_not_lit,giveway_sign,1,0,1,0,1,0,0,0,0,0,0,1,0,0,0,0,0,1,0,0
-36.95111786,174.8559851,Auckland,2018,serious_injury,50,TRUE,straight,,fine,,darkness_not_lit,,1,0,1,0,1,0,0,0,0,0,0,1,0,0,0,0,0,1,0,0
-37.03215728,174.9148069,Auckland,2018,serious_injury,50,FALSE,straight,,fine,,dawn_dusk,,1,0,1,0,1,0,0,0,0,0,0,1,0,0,0,0,0,1,0,0
-35.98548196,174.4476334,Whangarei District,2018,serious_injury,50,FALSE,straight,,rain,,darkness_not_lit,,1,0,1,0,1,0,0,0,0,0,0,1,0,0,0,0,0,1,0,0
-37.58526289,175.1595138,Waikato District,2018,minor_injury,100,FALSE,straight,,rain,,daylight,,4,0,0,4,1,0,0,0,0,0,0,1,0,0,0,0,0,1,0,0
-36.85514369,174.7649528,Auckland,2018,minor_injury,50,TRUE,curved_view_open,,fine,,daylight,,3,0,0,3,1,0,0,0,0,0,0,1,0,0,0,0,0,1,0,0
-38.01151899,175.9345294,South Waikato District,2018,fatality,100,FALSE,curved_view_open,,rain,,daylight,,1,1,0,0,1,0,0,0,0,0,0,1,0,0,0,0,0,1,0,0
-36.4649951,174.6502709,Auckland,2018,serious_injury,100,FALSE,straight,,fine,,daylight,,3,0,1,2,1,0,0,0,0,0,0,1,0,0,0,0,0,1,0,0
-36.91880632,174.8262849,Auckland,2018,property_damage,50,TRUE,straight,,fine,,daylight,traffic_lights,0,0,0,0,0,0,0,0,0,0,0,2,0,0,0,0,0,0,0,0
-36.84500917,174.7736579,Auckland,2018,property_damage,50,TRUE,straight,,fine,,daylight,traffic_lights,0,0,0,0,0,0,0,0,0,0,0,2,0,0,0,0,0,0,0,0
-36.92646968,174.7858498,Auckland,2018,property_damage,50,TRUE,straight,,fine,,daylight,traffic_lights,0,0,0,0,0,0,0,0,0,0,0,2,0,0,0,0,0,0,0,0
-36.92162482,174.8456942,Auckland,2018,property_damage,100,TRUE,straight,,fine,,daylight,,0,0,0,0,0,0,0,0,0,0,0,2,0,0,0,0,0,0,0,0
-36.71878195,174.7122383,Auckland,2018,property_damage,100,TRUE,straight,,fine,,daylight,traffic_lights,0,0,0,0,0,0,0,0,0,0,0,2,0,0,0,0,0,0,0,0
-36.86497961,174.7507868,Auckland,2018,property_damage,80,FALSE,straight,,fine,,darkness_not_lit,,0,0,0,0,0,0,0,0,0,0,0,2,0,0,0,0,0,0,0,0
-36.87679342,174.6332628,Auckland,2018,property_damage,50,TRUE,curved_view_open,,fine,,daylight,giveway_sign,0,0,0,0,0,0,0,0,0,0,0,2,0,0,0,0,0,0,0,0
-44.69654739,169.1623934,Queenstown-Lakes District,2018,property_damage,80,FALSE,curved_view_open,,fine,,daylight,,0,0,0,0,0,0,0,0,0,0,0,2,0,0,0,0,0,0,0,0
-39.61753323,176.8112218,Hastings District,2018,property_damage,50,FALSE,straight,,fine,,daylight,,0,0,0,0,0,0,0,0,0,0,0,2,0,0,0,0,0,0,0,0
-35.96424525,174.4459038,Whangarei District,2018,property_damage,100,TRUE,straight,,rain,,daylight,stop_sign,0,0,0,0,0,0,0,0,0,0,0,2,0,0,0,0,0,0,0,0
-36.88628498,174.7920496,Auckland,2018,property_damage,100,FALSE,straight,,fine,,darkness_not_lit,,0,0,0,0,0,0,0,0,0,0,0,2,0,0,0,0,0,0,0,0
-36.99094141,174.7858621,Auckland,2018,property_damage,50,TRUE,straight,,fine,,darkness_not_lit,giveway_sign,0,0,0,0,0,0,0,0,0,0,0,2,0,0,0,0,0,0,0,0
-43.3108433,172.3507355,Waimakariri District,2018,property_damage,100,TRUE,straight,,mist,,daylight,giveway_sign,0,0,0,0,0,0,0,0,0,0,0,2,0,0,0,0,0,0,0,0
-39.63729152,176.8326115,Hastings District,2018,property_damage,50,TRUE,straight,,fine,,daylight,stop_sign,0,0,0,0,0,0,0,0,0,0,0,2,0,0,0,0,0,0,0,0
-36.84351834,174.6251417,Auckland,2018,property_damage,100,FALSE,straight,,mist,,daylight,,0,0,0,0,0,0,0,0,0,0,0,2,0,0,0,0,0,0,0,0
-38.96416623,175.8367705,Taupo District,2018,property_damage,100,FALSE,straight,,rain,,daylight,,0,0,0,0,0,0,0,0,0,0,0,2,0,0,0,0,0,0,0,0
-37.82772454,175.993092,Western Bay Of Plenty District,2018,property_damage,100,FALSE,curved_view_open,,fine,,daylight,,0,0,0,0,0,0,0,0,0,0,0,2,0,0,0,0,0,0,0,0
-39.81429605,175.7832994,Rangitikei District,2018,property_damage,100,FALSE,straight,,fine,,daylight,,0,0,0,0,0,0,0,0,0,0,0,2,0,0,0,0,0,0,0,0
-38.64895867,176.0999999,Taupo District,2018,property_damage,100,FALSE,straight,,fine,,daylight,,0,0,0,0,0,0,0,0,0,0,0,2,0,0,0,0,0,0,0,0
-36.92257797,174.8382856,Auckland,2018,property_damage,50,FALSE,straight,,fine,,daylight,,0,0,0,0,0,0,0,0,0,0,0,2,0,0,0,0,0,0,0,0
-36.79165677,174.5875434,Auckland,2018,property_damage,80,FALSE,curved_view_open,,fine,,daylight,,0,0,0,0,0,0,0,0,0,0,0,2,0,0,0,0,0,0,0,0
-38.92972466,175.878315,Taupo District,2018,property_damage,100,FALSE,straight,,rain,,daylight,,0,0,0,0,0,0,0,0,0,0,0,2,0,0,0,0,0,0,0,0
-40.0789622,175.3792028,Rangitikei District,2018,property_damage,50,TRUE,straight,,fine,,daylight,giveway_sign,0,0,0,0,0,0,0,0,0,0,0,2,0,0,0,0,0,0,0,0
-36.98033118,174.8274177,Auckland,2018,property_damage,100,FALSE,straight,,fine,,daylight,,0,0,0,0,0,0,0,0,0,0,0,2,0,0,0,0,0,0,0,0
-41.14219002,174.8443205,Porirua City,2018,property_damage,100,FALSE,straight,,rain,,daylight,,0,0,0,0,0,0,0,0,0,0,0,2,0,0,0,0,0,0,0,0
-36.86464063,174.7669885,Auckland,2018,property_damage,80,FALSE,curved_view_open,,fine,,darkness_not_lit,,0,0,0,0,0,0,0,0,0,0,0,2,0,0,0,0,0,0,0,0
-43.54651847,172.4940104,Christchurch City,2018,property_damage,50,FALSE,straight,,fine,,daylight,,0,0,0,0,0,0,0,0,0,0,0,2,0,0,0,0,0,0,0,0
-36.91339165,174.7439795,Auckland,2018,property_damage,100,FALSE,straight,,fine,,daylight,,0,0,0,0,0,0,0,0,0,0,0,2,0,0,0,0,0,0,0,0
-37.87003927,175.7677408,Matamata-Piako District,2018,property_damage,100,FALSE,curved_view_open,,fine,,daylight,,0,0,0,0,0,0,0,0,0,0,0,2,0,0,0,0,0,0,0,0
-39.31302956,176.7288118,Hastings District,2018,property_damage,100,FALSE,straight,,fine,,daylight,,0,0,0,0,0,0,0,0,0,0,0,2,0,0,0,0,0,0,0,0
-45.24257366,170.7838326,Waitaki District,2018,property_damage,100,FALSE,straight,,fine,,darkness_not_lit,,0,0,0,0,0,0,0,0,0,0,0,2,0,0,0,0,0,0,0,0
-46.17999523,169.8020028,Clutha District,2018,property_damage,100,FALSE,straight,,fine,,daylight,,0,0,0,0,0,0,0,0,0,0,0,2,0,0,0,0,0,0,0,0
-41.29540791,173.770162,Marlborough District,2018,property_damage,100,FALSE,straight,,fine,,daylight,,0,0,0,0,0,0,0,0,0,0,0,2,0,0,0,0,0,0,0,0
-37.79437735,176.3929655,Western Bay Of Plenty District,2018,minor_injury,100,TRUE,straight,,fine,,daylight,giveway_sign,1,0,0,1,0,0,0,0,0,0,0,2,0,0,0,0,0,0,0,0
-43.55809418,172.5246192,Christchurch City,2018,minor_injury,70,FALSE,straight,,fine,,daylight,,1,0,0,1,0,0,0,0,0,0,0,2,0,0,0,0,0,0,0,0
-36.34844856,174.5824408,Auckland,2018,minor_injury,80,FALSE,curved_view_open,,rain,,daylight,,1,0,0,1,0,0,0,0,0,0,0,2,0,0,0,0,0,0,0,0
-36.62588199,174.6609642,Auckland,2018,minor_injury,70,FALSE,straight,,rain,,darkness_not_lit,,1,0,0,1,0,0,0,0,0,0,0,2,0,0,0,0,0,0,0,0
-36.37035201,174.6268348,Auckland,2018,minor_injury,80,FALSE,straight,,fine,,daylight,,1,0,0,1,0,0,0,0,0,0,0,2,0,0,0,0,0,0,0,0
-37.63184583,175.6054984,Matamata-Piako District,2018,serious_injury,100,FALSE,curved_view_open,,fine,,daylight,,2,0,2,0,0,0,0,0,0,0,0,2,0,0,0,0,0,0,0,0
-43.33217145,172.6663169,Waimakariri District,2018,serious_injury,100,FALSE,straight,,fine,,dawn_dusk,,1,0,1,0,0,0,0,0,0,0,0,2,0,0,0,0,0,0,0,0
-41.32387892,174.7589513,Wellington City,2018,minor_injury,50,FALSE,straight,,rain,,daylight,,2,0,0,2,0,0,0,0,0,0,0,2,0,0,0,0,0,0,0,0
-40.27035271,176.0192763,Tararua District,2018,minor_injury,100,FALSE,straight,,rain,,daylight,,2,0,0,2,0,0,0,0,0,0,0,2,0,0,0,0,0,0,0,0
-44.99798378,168.7645403,Queenstown-Lakes District,2018,serious_injury,80,FALSE,curved_view_open,,rain,,daylight,,2,0,1,1,0,0,0,0,0,0,0,2,0,0,0,0,0,0,0,0
-37.0195558,174.8799496,Auckland,2018,property_damage,50,TRUE,straight,,fine,,darkness_not_lit,giveway_sign,0,0,0,0,2,0,0,0,0,0,0,0,0,0,0,0,0,3,0,0
-37.0195558,174.8799496,Auckland,2018,property_damage,50,TRUE,straight,,fine,,darkness_not_lit,giveway_sign,0,0,0,0,2,0,0,0,0,0,0,0,0,0,0,0,0,3,0,0
-36.88655406,174.8093807,Auckland,2018,property_damage,50,TRUE,straight,,fine,,darkness_not_lit,traffic_lights,0,0,0,0,2,0,0,0,0,0,0,0,0,0,0,0,0,3,0,0
-36.91973608,174.6461676,Auckland,2018,property_damage,50,TRUE,straight,,rain,,darkness_not_lit,stop_sign,0,0,0,0,2,0,0,0,0,0,0,0,0,0,0,0,0,3,0,0
-37.02343102,174.8645553,Auckland,2018,property_damage,50,FALSE,straight,,rain,,darkness_not_lit,,0,0,0,0,2,0,0,0,0,0,0,0,0,0,0,0,0,3,0,0
-37.02343102,174.8645553,Auckland,2018,property_damage,50,FALSE,straight,,rain,,darkness_not_lit,,0,0,0,0,2,0,0,0,0,0,0,0,0,0,0,0,0,3,0,0
-36.97617491,174.8845546,Auckland,2018,property_damage,50,FALSE,straight,,fine,,daylight,,0,0,0,0,2,0,0,0,0,0,0,0,0,0,0,0,0,3,0,0
-36.9034362,174.6574336,Auckland,2018,property_damage,50,FALSE,straight,,fine,,daylight,,0,0,0,0,2,0,0,0,0,0,0,0,0,0,0,0,0,3,0,0
-40.87207578,175.0362064,Kapiti Coast District,2018,property_damage,50,TRUE,straight,,fine,,darkness_not_lit,giveway_sign,0,0,0,0,2,0,0,0,0,0,0,0,0,0,0,0,0,3,0,0
-37.77472726,175.2845973,Hamilton City,2018,property_damage,50,TRUE,straight,,mist,,daylight,giveway_sign,0,0,0,0,2,0,0,0,0,0,0,0,0,0,0,0,0,3,0,0
-36.89348891,174.7550738,Auckland,2018,property_damage,50,FALSE,curved_view_open,,rain,,darkness_not_lit,,0,0,0,0,2,0,0,0,0,0,0,0,0,0,0,0,0,3,0,0
-36.95679071,174.8678255,Auckland,2018,property_damage,50,FALSE,straight,,fine,,daylight,,0,0,0,0,2,0,0,0,0,0,0,0,0,0,0,0,0,3,0,0
-36.83675592,174.6200196,Auckland,2018,property_damage,80,FALSE,curved_view_open,,fine,,darkness_not_lit,,0,0,0,0,2,0,0,0,0,0,0,0,0,0,0,0,0,3,0,0
-36.81736458,174.7499592,Auckland,2018,property_damage,50,FALSE,curved_view_open,,rain,,darkness_not_lit,,0,0,0,0,2,0,0,0,0,0,0,0,0,0,0,0,0,3,0,0
-36.91369159,174.8041512,Auckland,2018,property_damage,50,FALSE,curved_view_open,,fine,,daylight,,0,0,0,0,2,0,0,0,0,0,0,0,0,0,0,0,0,3,0,0
-41.11948454,175.3364359,South Wairarapa District,2018,property_damage,50,FALSE,straight,,fine,,daylight,,0,0,0,0,2,0,0,0,0,0,0,0,0,0,0,0,0,3,0,0
-36.90985258,174.8335354,Auckland,2018,property_damage,50,FALSE,straight,,fine,,daylight,,0,0,0,0,2,0,0,0,0,0,0,0,0,0,0,0,0,3,0,0
-37.13719533,175.5444718,Thames-Coromandel District,2018,property_damage,50,TRUE,curved_view_open,,fine,,darkness_not_lit,,0,0,0,0,2,0,0,0,0,0,0,0,0,0,0,0,0,3,0,0
-41.18148567,174.9611642,Hutt City,2018,property_damage,50,FALSE,curved_view_open,,fine,,daylight,,0,0,0,0,2,0,0,0,0,0,0,0,0,0,0,0,0,3,0,0
-44.24696117,171.3311732,Timaru District,2018,property_damage,100,FALSE,curved_view_open,,fine,,darkness_not_lit,,0,0,0,0,2,0,0,0,0,0,0,0,0,0,0,0,0,3,0,0
-39.54874285,176.8368373,Napier City,2018,property_damage,70,FALSE,curved_view_open,,mist,,daylight,,0,0,0,0,2,0,0,0,0,0,0,0,0,0,0,0,0,3,0,0
-41.17967024,174.9540404,Hutt City,2018,property_damage,50,TRUE,straight,,fine,,daylight,,0,0,0,0,2,0,0,0,0,0,0,0,0,0,0,0,0,3,0,0
-40.34801641,175.5912781,Palmerston North City,2018,property_damage,50,FALSE,straight,,fine,,daylight,,0,0,0,0,2,0,0,0,0,0,0,0,0,0,0,0,0,3,0,0
-40.1856998,175.5126438,Manawatu District,2018,property_damage,100,FALSE,straight,,fine,,darkness_not_lit,,0,0,0,0,2,0,0,0,0,0,0,0,0,0,0,0,0,3,0,0
-37.73460372,176.1337577,Tauranga City,2018,property_damage,50,TRUE,curved_view_open,,fine,,daylight,,0,0,0,0,2,0,0,0,0,0,0,0,0,0,0,0,0,3,0,0
-37.7399571,175.2857292,Hamilton City,2018,property_damage,50,FALSE,curved_view_open,,fine,,darkness_not_lit,,0,0,0,0,2,0,0,0,0,0,0,0,0,0,0,0,0,3,0,0
-36.90114665,174.6561495,Auckland,2018,property_damage,50,FALSE,straight,,fine,,darkness_not_lit,,0,0,0,0,2,0,0,0,0,0,0,0,0,0,0,0,0,3,0,0