latitude,longitude,local_government_area,year,severity,speed_limit,intersection,road_position_horizontal,road_wet,weather,crash_type,lighting,traffic_controls,casualties,fatalities,serious_injuries,minor_injuries,car_sedan,car_utility,car_van,car_4x4,car_station_wagon,motor_cycle,truck_small,truck_large,bus,taxi,bicycle,scooter,pedestrian,inanimate,train,tram
-43.5512047,172.6430004,Christchurch City,2018,property_damage,50,TRUE,straight,,fine,,darkness_not_lit,,0,0,0,0,2,0,0,0,0,0,0,0,0,0,0,0,0,3,0,0
-38.12681535,176.2251381,Rotorua District,2018,property_damage,50,FALSE,straight,,fine,,darkness_not_lit,,0,0,0,0,2,0,0,0,0,0,0,0,0,0,0,0,0,3,0,0
-41.23787625,174.8055906,Wellington City,2018,property_damage,80,FALSE,curved_view_open,,fine,,darkness_not_lit,,0,0,0,0,2,0,0,0,0,0,0,0,0,0,0,0,0,3,0,0
-43.50519269,172.713264,Christchurch City,2018,property_damage,50,TRUE,straight,,fine,,darkness_not_lit,giveway_sign,0,0,0,0,2,0,0,0,0,0,0,0,0,0,0,0,0,3,0,0
-41.12089189,174.8541463,Porirua City,2018,minor_injury,100,TRUE,curved_view_open,,rain,,daylight,traffic_lights,1,0,0,1,2,0,0,0,0,0,0,0,0,0,0,0,0,3,0,0
-45.85944885,170.5151956,Dunedin City,2018,minor_injury,50,TRUE,straight,,fine,,daylight,stop_sign,1,0,0,1,2,0,0,0,0,0,0,0,0,0,0,0,0,3,0,0
-40.42810204,175.579688,Palmerston North City,2018,minor_injury,100,TRUE,curved_view_open,,fine,,daylight,giveway_sign,1,0,0,1,2,0,0,0,0,0,0,0,0,0,0,0,0,3,0,0
-38.01996276,175.3258191,Waipa District,2018,minor_injury,50,FALSE,straight,,fine,,darkness_not_lit,,1,0,0,1,2,0,0,0,0,0,0,0,0,0,0,0,0,3,0,0
-39.13742801,174.1307472,New Plymouth District,2018,minor_injury,100,FALSE,straight,,fine,,daylight,,1,0,0,1,2,0,0,0,0,0,0,0,0,0,0,0,0,3,0,0
-41.14081279,174.85883,Porirua City,2018,minor_injury,50,FALSE,curved_view_open,,fine,,darkness_not_lit,,1,0,0,1,2,0,0,0,0,0,0,0,0,0,0,0,0,3,0,0
-36.91421581,174.9005615,Auckland,2018,minor_injury,50,FALSE,straight,,fine,,daylight,,1,0,0,1,2,0,0,0,0,0,0,0,0,0,0,0,0,3,0,0
-39.6252193,176.7758648,Hastings District,2018,minor_injury,50,FALSE,curved_view_open,,rain,,darkness_not_lit,,1,0,0,1,2,0,0,0,0,0,0,0,0,0,0,0,0,3,0,0
-38.67385643,178.053443,Gisborne District,2018,minor_injury,50,FALSE,curved_view_open,,rain,,darkness_not_lit,,1,0,0,1,2,0,0,0,0,0,0,0,0,0,0,0,0,3,0,0
-43.47928238,172.7113092,Christchurch City,2018,minor_injury,50,FALSE,straight,,fine,,darkness_not_lit,,1,0,0,1,2,0,0,0,0,0,0,0,0,0,0,0,0,3,0,0
-36.98717686,174.8613328,Auckland,2018,property_damage,50,TRUE,straight,,,,daylight,giveway_sign,0,0,0,0,1,0,0,0,0,0,0,0,0,1,0,0,0,1,0,0
-36.98717686,174.8613328,Auckland,2018,property_damage,50,TRUE,straight,,,,daylight,giveway_sign,0,0,0,0,1,0,0,0,0,0,0,0,0,1,0,0,0,1,0,0
-41.29326695,174.7757321,Wellington City,2018,property_damage,50,TRUE,straight,,rain,,darkness_not_lit,traffic_lights,0,0,0,0,1,0,0,0,0,0,0,0,0,1,0,0,0,1,0,0
-41.29326695,174.7757321,Wellington City,2018,property_damage,50,TRUE,straight,,rain,,darkness_not_lit,traffic_lights,0,0,0,0,1,0,0,0,0,0,0,0,0,1,0,0,0,1,0,0
-41.29289961,174.7796871,Wellington City,2018,property_damage,80,FALSE,straight,,rain,,dawn_dusk,,0,0,0,0,1,0,0,0,0,0,0,0,0,1,0,0,0,1,0,0
-41.29289961,174.7796871,Wellington City,2018,property_damage,80,FALSE,straight,,rain,,dawn_dusk,,0,0,0,0,1,0,0,0,0,0,0,0,0,1,0,0,0,1,0,0
-41.24904311,174.8114596,Wellington City,2018,property_damage,80,TRUE,curved_view_open,,fine,,dawn_dusk,,0,0,0,0,1,0,0,0,0,0,0,0,0,1,0,0,0,1,0,0
-41.29051157,174.7739257,Wellington City,2018,property_damage,50,FALSE,straight,,fine,,daylight,,0,0,0,0,1,0,0,0,0,0,0,0,0,1,0,0,0,1,0,0
-37.70797965,176.1607261,Tauranga City,2018,property_damage,50,FALSE,straight,,fine,,darkness_not_lit,,0,0,0,0,1,0,0,0,0,0,0,0,0,1,0,0,0,1,0,0
-41.29144862,174.7756589,Wellington City,2018,property_damage,50,FALSE,straight,,fine,,darkness_not_lit,,0,0,0,0,1,0,0,0,0,0,0,0,0,1,0,0,0,1,0,0
-41.31280849,174.7806587,Wellington City,2018,property_damage,40,FALSE,straight,,fine,,daylight,,0,0,0,0,1,0,0,0,0,0,0,0,0,1,0,0,0,1,0,0
-36.84251806,174.747112,Auckland,2018,property_damage,80,FALSE,curved_view_open,,fine,,darkness_not_lit,,0,0,0,0,0,0,0,1,0,0,0,0,0,0,0,0,0,1,0,0
-38.31103751,176.3775734,Rotorua District,2018,property_damage,100,TRUE,curved_view_open,,,,daylight,giveway_sign,0,0,0,0,0,0,0,1,0,0,0,0,0,0,0,0,0,1,0,0
-36.99593624,174.9224716,Auckland,2018,property_damage,80,TRUE,curved_view_open,,fine,,daylight,,0,0,0,0,0,0,0,1,0,0,0,0,0,0,0,0,0,1,0,0
-45.91634885,170.2091857,Dunedin City,2018,property_damage,70,TRUE,curved_view_open,,fine,,darkness_not_lit,giveway_sign,0,0,0,0,0,0,0,1,0,0,0,0,0,0,0,0,0,1,0,0
-43.49897598,169.9660867,Westland District,2018,property_damage,100,FALSE,curved_view_open,,rain,,daylight,,0,0,0,0,0,0,0,1,0,0,0,0,0,0,0,0,0,1,0,0
-46.36405864,168.0196266,Southland District,2018,property_damage,50,TRUE,curved_view_open,,fine,,daylight,giveway_sign,0,0,0,0,0,0,0,1,0,0,0,0,0,0,0,0,0,1,0,0
-43.46688938,172.6181411,Christchurch City,2018,property_damage,60,TRUE,straight,,rain,,darkness_not_lit,giveway_sign,0,0,0,0,0,0,0,1,0,0,0,0,0,0,0,0,0,1,0,0
-43.46688938,172.6181411,Christchurch City,2018,property_damage,60,TRUE,straight,,rain,,darkness_not_lit,giveway_sign,0,0,0,0,0,0,0,1,0,0,0,0,0,0,0,0,0,1,0,0
-43.5251994,172.6695983,Christchurch City,2018,property_damage,50,FALSE,straight,,fine,,darkness_not_lit,,0,0,0,0,0,0,0,1,0,0,0,0,0,0,0,0,0,1,0,0
-36.75669113,174.7428106,Auckland,2018,property_damage,50,FALSE,straight,,fine,,darkness_not_lit,,0,0,0,0,0,0,0,1,0,0,0,0,0,0,0,0,0,1,0,0
-36.75669113,174.7428106,Auckland,2018,property_damage,50,FALSE,straight,,fine,,darkness_not_lit,,0,0,0,0,0,0,0,1,0,0,0,0,0,0,0,0,0,1,0,0
-36.73809968,174.7190174,Auckland,2018,property_damage,100,TRUE,straight,,rain,,darkness_not_lit,,0,0,0,0,0,0,0,1,0,0,0,0,0,0,0,0,0,1,0,0
-36.73809968,174.7190174,Auckland,2018,property_damage,100,TRUE,straight,,rain,,darkness_not_lit,,0,0,0,0,0,0,0,1,0,0,0,0,0,0,0,0,0,1,0,0
-38.88269434,175.9669074,Taupo District,2018,property_damage,100,FALSE,curved_view_open,,fine,,daylight,,0,0,0,0,0,0,0,1,0,0,0,0,0,0,0,0,0,1,0,0
-39.00342224,174.2232275,New Plymouth District,2018,property_damage,50,TRUE,straight,,rain,,darkness_not_lit,,0,0,0,0,0,0,0,1,0,0,0,0,0,0,0,0,0,1,0,0
-39.00342224,174.2232275,New Plymouth District,2018,property_damage,50,TRUE,straight,,rain,,darkness_not_lit,,0,0,0,0,0,0,0,1,0,0,0,0,0,0,0,0,0,1,0,0
-37.29043191,175.0376229,Waikato District,2018,property_damage,100,FALSE,curved_view_open,,rain,,daylight,,0,0,0,0,0,0,0,1,0,0,0,0,0,0,0,0,0,1,0,0
-39.5891102,174.2827924,South Taranaki District,2018,property_damage,50,FALSE,straight,,fine,,daylight,,0,0,0,0,0,0,0,1,0,0,0,0,0,0,0,0,0,1,0,0
-37.28078359,175.3603522,Hauraki District,2018,property_damage,100,FALSE,straight,,fine,,darkness_not_lit,,0,0,0,0,0,0,0,1,0,0,0,0,0,0,0,0,0,1,0,0
-38.10958525,176.2229998,Rotorua District,2018,property_damage,60,TRUE,straight,,fine,,darkness_not_lit,traffic_lights,0,0,0,0,0,0,0,1,0,0,0,0,0,0,0,0,0,1,0,0
-41.76369895,172.8936159,Tasman District,2018,property_damage,100,FALSE,curved_view_open,,rain,,daylight,,0,0,0,0,0,0,0,1,0,0,0,0,0,0,0,0,0,1,0,0
-46.18775558,168.3300197,Southland District,2018,property_damage,100,FALSE,straight,,fine,,daylight,,0,0,0,0,0,0,0,1,0,0,0,0,0,0,0,0,0,1,0,0
-37.14348391,174.9698383,Auckland,2018,property_damage,100,FALSE,straight,,fine,,daylight,,0,0,0,0,0,0,0,1,0,0,0,0,0,0,0,0,0,1,0,0
-35.66078252,174.2935938,Whangarei District,2018,property_damage,80,TRUE,straight,,fine,,daylight,stop_sign,0,0,0,0,0,0,0,1,0,0,0,0,0,0,0,0,0,1,0,0
-36.71369343,174.6539411,Auckland,2018,property_damage,80,FALSE,curved_view_open,,rain,,daylight,,0,0,0,0,0,0,0,1,0,0,0,0,0,0,0,0,0,1,0,0
-35.76045761,174.3852316,Whangarei District,2018,property_damage,70,FALSE,curved_view_open,,rain,,daylight,,0,0,0,0,0,0,0,1,0,0,0,0,0,0,0,0,0,1,0,0
-36.89783768,174.8082668,Auckland,2018,property_damage,100,FALSE,straight,,fine,,dawn_dusk,,0,0,0,0,0,0,0,1,0,0,0,0,0,0,0,0,0,1,0,0
-40.35426344,175.6154661,Palmerston North City,2018,property_damage,50,TRUE,straight,,fine,,darkness_not_lit,traffic_lights,0,0,0,0,0,0,0,1,0,0,0,0,0,0,0,0,0,1,0,0
-37.95302931,176.9723533,Whakatane District,2018,property_damage,80,FALSE,curved_view_open,,fine,,darkness_not_lit,,0,0,0,0,0,0,0,1,0,0,0,0,0,0,0,0,0,1,0,0
-41.44931738,174.0061494,Marlborough District,2018,property_damage,100,TRUE,curved_view_open,,fine,,daylight,giveway_sign,0,0,0,0,0,0,0,1,0,0,0,0,0,0,0,0,0,1,0,0
-36.86187466,174.7820007,Auckland,2018,property_damage,50,TRUE,straight,,fine,,daylight,traffic_lights,0,0,0,0,0,0,0,1,0,0,0,0,0,0,0,0,0,1,0,0
-35.74528483,174.3029112,Whangarei District,2018,property_damage,50,FALSE,curved_view_open,,rain,,daylight,,0,0,0,0,0,0,0,1,0,0,0,0,0,0,0,0,0,1,0,0
-37.94297275,176.9309655,Whakatane District,2018,property_damage,100,FALSE,straight,,fine,,darkness_not_lit,,0,0,0,0,0,0,0,1,0,0,0,0,0,0,0,0,0,1,0,0
-36.93803162,174.6540843,Auckland,2018,property_damage,50,FALSE,straight,,fine,,daylight,,0,0,0,0,0,0,0,1,0,0,0,0,0,0,0,0,0,1,0,0
-37.96344752,176.9524358,Whakatane District,2018,property_damage,80,FALSE,curved_view_open,,rain,,daylight,,0,0,0,0,0,0,0,1,0,0,0,0,0,0,0,0,0,1,0,0
-37.01238118,174.9126696,Auckland,2018,property_damage,50,TRUE,straight,,fine,,darkness_not_lit,traffic_lights,0,0,0,0,0,0,0,1,0,0,0,0,0,0,0,0,0,1,0,0
-38.09132192,176.7027448,Kawerau District,2018,property_damage,50,FALSE,curved_view_open,,fine,,darkness_not_lit,,0,0,0,0,0,0,0,1,0,0,0,0,0,0,0,0,0,1,0,0
-37.69730426,176.2848295,Tauranga City,2018,property_damage,50,TRUE,straight,,fine,,daylight,giveway_sign,0,0,0,0,0,0,0,1,0,0,0,0,0,0,0,0,0,1,0,0
-37.0199748,174.8728336,Auckland,2018,property_damage,50,FALSE,curved_view_open,,fine,,dawn_dusk,,0,0,0,0,0,0,0,1,0,0,0,0,0,0,0,0,0,1,0,0
-41.21513837,174.886138,Hutt City,2018,property_damage,50,TRUE,straight,,fine,,daylight,giveway_sign,0,0,0,0,0,0,0,1,0,0,0,0,0,0,0,0,0,1,0,0
-44.80931268,171.1265712,Waimate District,2018,property_damage,100,TRUE,curved_view_open,,fine,,darkness_not_lit,stop_sign,0,0,0,0,0,0,0,1,0,0,0,0,0,0,0,0,0,1,0,0
-43.60048766,172.3869425,Selwyn District,2018,property_damage,50,TRUE,straight,,fine,,daylight,giveway_sign,0,0,0,0,0,0,0,1,0,0,0,0,0,0,0,0,0,1,0,0
-45.85776977,170.5693357,Dunedin City,2018,property_damage,50,FALSE,curved_view_open,,fine,,darkness_not_lit,,0,0,0,0,0,0,0,1,0,0,0,0,0,0,0,0,0,1,0,0
-45.92372398,170.1549823,Dunedin City,2018,property_damage,100,TRUE,straight,,rain,,daylight,,0,0,0,0,0,0,0,1,0,0,0,0,0,0,0,0,0,1,0,0
-36.79099694,175.0481275,Auckland,2018,property_damage,50,TRUE,straight,,rain,,daylight,,0,0,0,0,0,0,0,1,0,0,0,0,0,0,0,0,0,1,0,0
-45.82238879,168.7601866,Southland District,2018,property_damage,100,TRUE,curved_view_open,,rain,,darkness_not_lit,giveway_sign,0,0,0,0,0,0,0,1,0,0,0,0,0,0,0,0,0,1,0,0
-43.30949388,172.6742833,Waimakariri District,2018,property_damage,70,TRUE,curved_view_open,,fine,,daylight,,0,0,0,0,0,0,0,1,0,0,0,0,0,0,0,0,0,1,0,0
-36.87974339,174.7895181,Auckland,2018,property_damage,50,TRUE,straight,,rain,,daylight,giveway_sign,0,0,0,0,0,0,0,1,0,0,0,0,0,0,0,0,0,1,0,0
-43.56686715,172.4453107,Selwyn District,2018,property_damage,100,FALSE,straight,,fine,,daylight,,0,0,0,0,0,0,0,1,0,0,0,0,0,0,0,0,0,1,0,0
-35.49117715,174.1330692,Far North District,2018,property_damage,100,FALSE,curved_view_open,,fine,,daylight,,0,0,0,0,0,0,0,1,0,0,0,0,0,0,0,0,0,1,0,0
-42.57931981,171.491123,Grey District,2018,property_damage,100,FALSE,curved_view_open,,fine,,daylight,,0,0,0,0,0,0,0,1,0,0,0,0,0,0,0,0,0,1,0,0
-41.51427043,173.9563793,Marlborough District,2018,property_damage,30,FALSE,straight,,fine,,daylight,,0,0,0,0,0,0,0,1,0,0,0,0,0,0,0,0,0,1,0,0
-37.69665377,176.1911545,Tauranga City,2018,property_damage,70,TRUE,straight,,fine,,darkness_not_lit,giveway_sign,0,0,0,0,0,0,0,1,0,0,0,0,0,0,0,0,0,1,0,0
-41.26967452,174.7799753,Wellington City,2018,property_damage,50,FALSE,curved_view_open,,fine,,daylight,,0,0,0,0,0,0,0,1,0,0,0,0,0,0,0,0,0,1,0,0
-43.24865112,172.6685717,Waimakariri District,2018,property_damage,70,TRUE,straight,,fine,,daylight,stop_sign,0,0,0,0,0,0,0,1,0,0,0,0,0,0,0,0,0,1,0,0
-43.32530527,170.2136789,Westland District,2018,property_damage,100,FALSE,straight,,rain,,daylight,,0,0,0,0,0,0,0,1,0,0,0,0,0,0,0,0,0,1,0,0
-44.12135926,171.112059,Timaru District,2018,property_damage,100,FALSE,curved_view_open,,fine,,daylight,,0,0,0,0,0,0,0,1,0,0,0,0,0,0,0,0,0,1,0,0
-37.17210032,175.5933793,Thames-Coromandel District,2018,property_damage,100,FALSE,curved_view_open,,rain,,daylight,,0,0,0,0,0,0,0,1,0,0,0,0,0,0,0,0,0,1,0,0
-35.03278844,173.4650192,Far North District,2018,property_damage,100,FALSE,curved_view_open,,fine,,daylight,,0,0,0,0,0,0,0,1,0,0,0,0,0,0,0,0,0,1,0,0
-36.84557144,174.6080597,Auckland,2018,property_damage,50,FALSE,curved_view_open,,fine,,dawn_dusk,,0,0,0,0,0,0,0,1,0,0,0,0,0,0,0,0,0,1,0,0
-37.6512661,175.7335629,Matamata-Piako District,2018,property_damage,100,FALSE,straight,,rain,,darkness_not_lit,,0,0,0,0,0,0,0,1,0,0,0,0,0,0,0,0,0,1,0,0
-38.81480902,175.6907674,Taupo District,2018,property_damage,100,FALSE,curved_view_open,,rain,,daylight,,0,0,0,0,0,0,0,1,0,0,0,0,0,0,0,0,0,1,0,0
-36.03745067,174.4177051,Whangarei District,2018,property_damage,100,FALSE,curved_view_open,,rain,,daylight,,0,0,0,0,0,0,0,1,0,0,0,0,0,0,0,0,0,1,0,0
-37.23387042,175.0196875,Waikato District,2018,property_damage,100,FALSE,straight,,fine,,daylight,,0,0,0,0,0,0,0,1,0,0,0,0,0,0,0,0,0,1,0,0
-37.68184604,175.2031548,Waikato District,2018,property_damage,100,FALSE,curved_view_open,,rain,,daylight,,0,0,0,0,0,0,0,1,0,0,0,0,0,0,0,0,0,1,0,0
-41.12284899,175.035353,Upper Hutt City,2018,property_damage,100,FALSE,straight,,fine,,daylight,,0,0,0,0,0,0,0,1,0,0,0,0,0,0,0,0,0,1,0,0
-41.52907042,173.9387613,Marlborough District,2018,property_damage,50,FALSE,straight,,fine,,daylight,,0,0,0,0,0,0,0,1,0,0,0,0,0,0,0,0,0,1,0,0
-43.92764894,171.3470556,Ashburton District,2018,property_damage,100,FALSE,straight,,fine,,daylight,,0,0,0,0,0,0,0,1,0,0,0,0,0,0,0,0,0,1,0,0
-44.00668393,170.4811031,Mackenzie District,2018,property_damage,60,FALSE,straight,,rain,,daylight,,0,0,0,0,0,0,0,1,0,0,0,0,0,0,0,0,0,1,0,0
-39.56320743,176.8463627,Hastings District,2018,property_damage,100,FALSE,straight,,fine,,darkness_not_lit,,0,0,0,0,0,0,0,1,0,0,0,0,0,0,0,0,0,1,0,0
-45.02659567,168.4427973,Queenstown-Lakes District,2018,property_damage,100,FALSE,curved_view_open,,fine,,daylight,,0,0,0,0,0,0,0,1,0,0,0,0,0,0,0,0,0,1,0,0
-45.55883691,169.3255274,Central Otago District,2018,property_damage,100,FALSE,straight,,rain,,daylight,,0,0,0,0,0,0,0,1,0,0,0,0,0,0,0,0,0,1,0,0
-37.35341056,175.6358434,Hauraki District,2018,property_damage,100,FALSE,straight,,fine,,daylight,,0,0,0,0,0,0,0,1,0,0,0,0,0,0,0,0,0,1,0,0
-36.06040913,174.4270547,Whangarei District,2018,property_damage,80,FALSE,curved_view_open,,fine,,daylight,,0,0,0,0,0,0,0,1,0,0,0,0,0,0,0,0,0,1,0,0
-36.15511204,174.2391034,Kaipara District,2018,property_damage,50,TRUE,straight,,fine,,darkness_not_lit,stop_sign,0,0,0,0,0,0,0,1,0,0,0,0,0,0,0,0,0,1,0,0
-44.18122856,170.2293715,Mackenzie District,2018,property_damage,100,FALSE,straight,,fine,,darkness_not_lit,,0,0,0,0,0,0,0,1,0,0,0,0,0,0,0,0,0,1,0,0
-34.99438954,173.4681879,Far North District,2018,property_damage,50,FALSE,straight,,rain,,darkness_not_lit,,0,0,0,0,0,0,0,1,0,0,0,0,0,0,0,0,0,1,0,0
-37.78709213,175.2658792,Hamilton City,2018,property_damage,50,FALSE,straight,,,,daylight,,0,0,0,0,0,0,0,1,0,0,0,0,0,0,0,0,0,1,0,0
-37.51391381,175.3338639,Waikato District,2018,property_damage,100,FALSE,curved_view_open,,fine,,daylight,,0,0,0,0,0,0,0,1,0,0,0,0,0,0,0,0,0,1,0,0
-35.12665168,173.3422857,Far North District,2018,property_damage,100,FALSE,curved_view_open,,fine,,daylight,,0,0,0,0,0,0,0,1,0,0,0,0,0,0,0,0,0,1,0,0
-41.31899191,173.2314242,Nelson City,2018,property_damage,50,TRUE,straight,,fine,,daylight,,0,0,0,0,0,0,0,1,0,0,0,0,0,0,0,0,0,1,0,0
-43.77782375,172.9058811,Christchurch City,2018,property_damage,70,FALSE,curved_view_open,,fine,,daylight,,0,0,0,0,0,0,0,1,0,0,0,0,0,0,0,0,0,1,0,0
-37.8788394,175.927184,Matamata-Piako District,2018,property_damage,80,FALSE,curved_view_open,,rain,,daylight,,0,0,0,0,0,0,0,1,0,0,0,0,0,0,0,0,0,1,0,0
-35.17163491,173.1619578,Far North District,2018,property_damage,100,FALSE,straight,,fine,,daylight,,0,0,0,0,0,0,0,1,0,0,0,0,0,0,0,0,0,1,0,0
-36.94282355,174.8381657,Auckland,2018,property_damage,50,FALSE,straight,,fine,,daylight,,0,0,0,0,0,0,0,1,0,0,0,0,0,0,0,0,0,1,0,0
-38.88775018,175.3247189,Ruapehu District,2018,property_damage,50,FALSE,curved_view_open,,rain,,daylight,,0,0,0,0,0,0,0,1,0,0,0,0,0,0,0,0,0,1,0,0
-38.0508724,178.3003008,Gisborne District,2018,property_damage,100,FALSE,curved_view_open,,rain,,daylight,,0,0,0,0,0,0,0,1,0,0,0,0,0,0,0,0,0,1,0,0
-40.32970255,175.6430474,Palmerston North City,2018,property_damage,50,FALSE,straight,,fine,,daylight,,0,0,0,0,0,0,0,1,0,0,0,0,0,0,0,0,0,1,0,0
-37.67600264,175.0895213,Waikato District,2018,property_damage,100,FALSE,curved_view_open,,rain,,daylight,,0,0,0,0,0,0,0,1,0,0,0,0,0,0,0,0,0,1,0,0
-39.00333306,174.2478125,New Plymouth District,2018,property_damage,100,FALSE,straight,,fine,,daylight,,0,0,0,0,0,0,0,1,0,0,0,0,0,0,0,0,0,1,0,0
-42.57297118,172.6684804,Hurunui District,2018,property_damage,80,FALSE,curved_view_open,,rain,,daylight,,0,0,0,0,0,0,0,1,0,0,0,0,0,0,0,0,0,1,0,0
-37.6970168,176.2630806,Tauranga City,2018,property_damage,50,FALSE,curved_view_open,,fine,,daylight,,0,0,0,0,0,0,0,1,0,0,0,0,0,0,0,0,0,1,0,0
-39.74608853,175.8348954,Rangitikei District,2018,property_damage,100,FALSE,straight,,fine,,daylight,,0,0,0,0,0,0,0,1,0,0,0,0,0,0,0,0,0,1,0,0
-35.45383993,174.3277811,Whangarei District,2018,property_damage,100,FALSE,curved_view_open,,rain,,daylight,,0,0,0,0,0,0,0,1,0,0,0,0,0,0,0,0,0,1,0,0
-43.05556127,172.7384536,Hurunui District,2018,property_damage,100,FALSE,straight,,fine,,darkness_not_lit,,0,0,0,0,0,0,0,1,0,0,0,0,0,0,0,0,0,1,0,0
-38.14646684,175.8256009,South Waikato District,2018,property_damage,100,FALSE,curved_view_open,,fine,,daylight,,0,0,0,0,0,0,0,1,0,0,0,0,0,0,0,0,0,1,0,0
-36.7863901,175.1105545,Auckland,2018,property_damage,80,FALSE,curved_view_open,,fine,,daylight,,0,0,0,0,0,0,0,1,0,0,0,0,0,0,0,0,0,1,0,0
-35.74906383,174.5166178,Whangarei District,2018,property_damage,100,FALSE,curved_view_open,,rain,,daylight,,0,0,0,0,0,0,0,1,0,0,0,0,0,0,0,0,0,1,0,0
-36.11106891,174.2990835,Kaipara District,2018,property_damage,100,FALSE,straight,,rain,,daylight,,0,0,0,0,0,0,0,1,0,0,0,0,0,0,0,0,0,1,0,0
-39.49371137,176.9190954,Napier City,2018,property_damage,50,FALSE,straight,,rain,,darkness_not_lit,,0,0,0,0,0,0,0,1,0,0,0,0,0,0,0,0,0,1,0,0
-41.26227473,174.7890017,Wellington City,2018,property_damage,100,FALSE,straight,,fine,,daylight,,0,0,0,0,0,0,0,1,0,0,0,0,0,0,0,0,0,1,0,0
-44.67802283,169.1320755,Queenstown-Lakes District,2018,property_damage,50,FALSE,straight,,fine,,darkness_not_lit,,0,0,0,0,0,0,0,1,0,0,0,0,0,0,0,0,0,1,0,0
-38.38506906,175.1923334,Waitomo District,2018,property_damage,100,FALSE,curved_view_open,,fine,,daylight,,0,0,0,0,0,0,0,1,0,0,0,0,0,0,0,0,0,1,0,0
-45.21101942,167.8209299,Southland District,2018,property_damage,100,FALSE,curved_view_open,,fine,,darkness_not_lit,,0,0,0,0,0,0,0,1,0,0,0,0,0,0,0,0,0,1,0,0
-34.99732672,173.3513787,Far North District,2018,property_damage,100,FALSE,straight,,fine,,daylight,,0,0,0,0,0,0,0,1,0,0,0,0,0,0,0,0,0,1,0,0
-37.0958255,175.091815,Auckland,2018,property_damage,100,FALSE,curved_view_open,,fine,,darkness_not_lit,,0,0,0,0,0,0,0,1,0,0,0,0,0,0,0,0,0,1,0,0
-35.92781059,174.4213757,Whangarei District,2018,property_damage,100,FALSE,curved_view_open,,rain,,darkness_not_lit,,0,0,0,0,0,0,0,1,0,0,0,0,0,0,0,0,0,1,0,0
-39.06470822,177.7890238,Wairoa District,2018,property_damage,100,FALSE,curved_view_open,,fine,,darkness_not_lit,,0,0,0,0,0,0,0,1,0,0,0,0,0,0,0,0,0,1,0,0
-38.06554335,176.6036563,Whakatane District,2018,property_damage,100,FALSE,curved_view_open,,rain,,daylight,,0,0,0,0,0,0,0,1,0,0,0,0,0,0,0,0,0,1,0,0
-37.88238743,176.377976,Western Bay Of Plenty District,2018,property_damage,100,FALSE,curved_view_open,,fine,,daylight,,0,0,0,0,0,0,0,1,0,0,0,0,0,0,0,0,0,1,0,0
-43.60683642,172.3721695,Selwyn District,2018,property_damage,50,FALSE,straight,,fine,,darkness_not_lit,,0,0,0,0,0,0,0,1,0,0,0,0,0,0,0,0,0,1,0,0
-43.74855785,171.8034358,Ashburton District,2018,property_damage,100,FALSE,straight,,fine,,daylight,stop_sign,0,0,0,0,0,0,0,1,0,0,0,0,0,0,0,0,0,1,0,0
-44.69810539,169.1381455,Queenstown-Lakes District,2018,property_damage,50,FALSE,straight,,fine,,daylight,,0,0,0,0,0,0,0,1,0,0,0,0,0,0,0,0,0,1,0,0
-39.11083218,176.807696,Hastings District,2018,property_damage,100,FALSE,straight,,rain,,daylight,,0,0,0,0,0,0,0,1,0,0,0,0,0,0,0,0,0,1,0,0
-39.56420054,176.8536206,Hastings District,2018,property_damage,80,FALSE,straight,,fine,,darkness_not_lit,,0,0,0,0,0,0,0,1,0,0,0,0,0,0,0,0,0,1,0,0
-40.99719564,175.6035921,Carterton District,2018,property_damage,100,FALSE,straight,,fine,,daylight,,0,0,0,0,0,0,0,1,0,0,0,0,0,0,0,0,0,1,0,0
-42.83514718,172.7991335,Hurunui District,2018,property_damage,100,FALSE,straight,,fine,,darkness_not_lit,,0,0,0,0,0,0,0,1,0,0,0,0,0,0,0,0,0,1,0,0
-36.97715927,174.8696153,Auckland,2018,property_damage,50,FALSE,straight,,fine,,darkness_not_lit,,0,0,0,0,0,0,0,1,0,0,0,0,0,0,0,0,0,1,0,0
-38.29531615,176.2472572,Rotorua District,2018,property_damage,100,FALSE,curved_view_open,,mist,,daylight,,0,0,0,0,0,0,0,1,0,0,0,0,0,0,0,0,0,1,0,0
-41.84184958,171.712046,Buller District,2018,property_damage,100,FALSE,straight,,rain,,darkness_not_lit,,0,0,0,0,0,0,0,1,0,0,0,0,0,0,0,0,0,1,0,0
-43.55961486,172.589425,Christchurch City,2018,property_damage,50,FALSE,straight,,fine,,darkness_not_lit,,0,0,0,0,0,0,0,1,0,0,0,0,0,0,0,0,0,1,0,0
-42.89602307,170.8227649,Westland District,2018,property_damage,100,FALSE,straight,,rain,,darkness_not_lit,,0,0,0,0,0,0,0,1,0,0,0,0,0,0,0,0,0,1,0,0