latitude,longitude,local_government_area,year,severity,speed_limit,intersection,road_position_horizontal,road_wet,weather,crash_type,lighting,traffic_controls,casualties,fatalities,serious_injuries,minor_injuries,car_sedan,car_utility,car_van,car_4x4,car_station_wagon,motor_cycle,truck_small,truck_large,bus,taxi,bicycle,scooter,pedestrian,inanimate,train,tram
-35.37722132,174.0839268,Far North District,2018,property_damage,100,FALSE,curved_view_open,,fine,,darkness_not_lit,,0,0,0,0,0,0,0,1,0,0,0,0,0,0,0,0,0,1,0,0
-46.14207675,169.2803263,Clutha District,2018,property_damage,100,TRUE,straight,,rain,,daylight,stop_sign,0,0,0,0,0,0,0,1,0,0,0,0,0,0,0,0,0,1,0,0
-36.91893696,174.622363,Auckland,2018,property_damage,70,FALSE,straight,,fine,,daylight,,0,0,0,0,0,0,0,1,0,0,0,0,0,0,0,0,0,1,0,0
-37.89762108,175.6338919,Matamata-Piako District,2018,property_damage,100,FALSE,curved_view_open,,rain,,daylight,,0,0,0,0,0,0,0,1,0,0,0,0,0,0,0,0,0,1,0,0
-40.97354445,174.9809828,Kapiti Coast District,2018,property_damage,100,FALSE,straight,,rain,,darkness_not_lit,,0,0,0,0,0,0,0,1,0,0,0,0,0,0,0,0,0,1,0,0
-37.18865149,174.9017195,Auckland,2018,property_damage,50,FALSE,straight,,fine,,daylight,,0,0,0,0,0,0,0,1,0,0,0,0,0,0,0,0,0,1,0,0
-45.27780086,170.8026694,Waitaki District,2018,property_damage,100,FALSE,straight,,fine,,daylight,,0,0,0,0,0,0,0,1,0,0,0,0,0,0,0,0,0,1,0,0
-36.7823284,174.7109732,Auckland,2018,property_damage,50,TRUE,curved_view_open,,rain,,darkness_not_lit,giveway_sign,0,0,0,0,0,0,0,1,0,0,0,0,0,0,0,0,0,1,0,0
-39.56473041,176.9224797,Hastings District,2018,property_damage,100,FALSE,straight,,fine,,daylight,,0,0,0,0,0,0,0,1,0,0,0,0,0,0,0,0,0,1,0,0
-42.76638342,171.0172156,Westland District,2018,property_damage,100,FALSE,straight,,mist,,darkness_not_lit,,0,0,0,0,0,0,0,1,0,0,0,0,0,0,0,0,0,1,0,0
-36.6880182,174.702177,Auckland,2018,property_damage,100,FALSE,straight,,fine,,darkness_not_lit,,0,0,0,0,0,0,0,1,0,0,0,0,0,0,0,0,0,1,0,0
-37.78689109,175.273038,Hamilton City,2018,property_damage,50,TRUE,straight,,fine,,daylight,giveway_sign,0,0,0,0,0,0,0,1,0,0,0,0,0,0,0,0,0,1,0,0
-39.93763658,175.1114634,Wanganui District,2018,property_damage,100,FALSE,curved_view_open,,fine,,darkness_not_lit,,0,0,0,0,0,0,0,1,0,0,0,0,0,0,0,0,0,1,0,0
-41.17868691,174.95996,Hutt City,2018,property_damage,50,FALSE,straight,,rain,,darkness_not_lit,,0,0,0,0,0,0,0,1,0,0,0,0,0,0,0,0,0,1,0,0
-37.79797201,175.3111607,Hamilton City,2018,property_damage,40,FALSE,straight,,,,daylight,,0,0,0,0,0,0,0,1,0,0,0,0,0,0,0,0,0,1,0,0
-39.92561618,176.5950267,Central Hawkes Bay District,2018,property_damage,100,FALSE,straight,,fine,,daylight,,0,0,0,0,0,0,0,1,0,0,0,0,0,0,0,0,0,1,0,0
-36.5050631,174.469677,Auckland,2018,property_damage,100,FALSE,curved_view_open,,rain,,darkness_not_lit,,0,0,0,0,0,0,0,1,0,0,0,0,0,0,0,0,0,1,0,0
-35.46102117,173.6833,Far North District,2018,property_damage,100,FALSE,curved_view_open,,rain,,darkness_not_lit,,0,0,0,0,0,0,0,1,0,0,0,0,0,0,0,0,0,1,0,0
-45.81240094,170.6221275,Dunedin City,2018,property_damage,50,FALSE,curved_view_open,,,,darkness_not_lit,,0,0,0,0,0,0,0,1,0,0,0,0,0,0,0,0,0,1,0,0
-36.78268563,175.0117696,Auckland,2018,property_damage,50,FALSE,straight,,fine,,daylight,,0,0,0,0,0,0,0,1,0,0,0,0,0,0,0,0,0,1,0,0
-43.38746205,172.6292458,Waimakariri District,2018,property_damage,100,FALSE,curved_view_open,,fine,,darkness_not_lit,,0,0,0,0,0,0,0,1,0,0,0,0,0,0,0,0,0,1,0,0
-39.3596043,175.4723232,Ruapehu District,2018,property_damage,100,FALSE,curved_view_open,,fine,,daylight,,0,0,0,0,0,0,0,1,0,0,0,0,0,0,0,0,0,1,0,0
-37.97455824,175.2871148,Waipa District,2018,property_damage,100,FALSE,curved_view_open,,fine,,darkness_not_lit,,0,0,0,0,0,0,0,1,0,0,0,0,0,0,0,0,0,1,0,0
-40.08071136,175.4143749,Rangitikei District,2018,property_damage,100,FALSE,straight,,fine,,daylight,,0,0,0,0,0,0,0,1,0,0,0,0,0,0,0,0,0,1,0,0
-45.85845358,169.6036186,Clutha District,2018,property_damage,100,FALSE,curved_view_open,,fine,,darkness_not_lit,,0,0,0,0,0,0,0,1,0,0,0,0,0,0,0,0,0,1,0,0
-45.17522678,170.3897279,Central Otago District,2018,property_damage,100,FALSE,curved_view_open,,fine,,daylight,,0,0,0,0,0,0,0,1,0,0,0,0,0,0,0,0,0,1,0,0
-36.6378595,174.749245,Auckland,2018,property_damage,20,FALSE,curved_view_open,,rain,,daylight,,0,0,0,0,0,0,0,1,0,0,0,0,0,0,0,0,0,1,0,0
-37.82052486,175.2166332,Hamilton City,2018,property_damage,50,FALSE,curved_view_open,,fine,,daylight,,0,0,0,0,0,0,0,1,0,0,0,0,0,0,0,0,0,1,0,0
-43.56872592,172.54851,Christchurch City,2018,property_damage,70,FALSE,straight,,rain,,darkness_not_lit,giveway_sign,0,0,0,0,0,0,0,1,0,0,0,0,0,0,0,0,0,1,0,0
-46.14506619,168.9131984,Gore District,2018,property_damage,100,FALSE,straight,,mist,,darkness_not_lit,,0,0,0,0,0,0,0,1,0,0,0,0,0,0,0,0,0,1,0,0
-41.19991569,174.9584469,Hutt City,2018,property_damage,50,TRUE,straight,,rain,,darkness_not_lit,giveway_sign,0,0,0,0,0,0,0,1,0,0,0,0,0,0,0,0,0,1,0,0
-43.54787347,172.1758909,Selwyn District,2018,property_damage,100,FALSE,straight,,fine,,darkness_not_lit,,0,0,0,0,0,0,0,1,0,0,0,0,0,0,0,0,0,1,0,0
-36.98727685,175.0457849,Auckland,2018,property_damage,100,FALSE,curved_view_open,,rain,,darkness_not_lit,,0,0,0,0,0,0,0,1,0,0,0,0,0,0,0,0,0,1,0,0
-41.2042834,172.8967335,Tasman District,2018,property_damage,100,FALSE,curved_view_open,,fine,,dawn_dusk,,0,0,0,0,0,0,0,1,0,0,0,0,0,0,0,0,0,1,0,0
-37.17630261,175.5891309,Thames-Coromandel District,2018,property_damage,100,FALSE,curved_view_open,,rain,,daylight,,0,0,0,0,0,0,0,1,0,0,0,0,0,0,0,0,0,1,0,0
-37.71657735,176.1187292,Tauranga City,2018,property_damage,50,FALSE,straight,,fine,,darkness_not_lit,,0,0,0,0,0,0,0,1,0,0,0,0,0,0,0,0,0,1,0,0
-36.90010704,174.7154291,Auckland,2018,property_damage,80,FALSE,curved_view_open,,fine,,darkness_not_lit,,0,0,0,0,0,0,0,1,0,0,0,0,0,0,0,0,0,1,0,0
-36.77009003,174.580533,Auckland,2018,property_damage,80,FALSE,straight,,rain,,darkness_not_lit,,0,0,0,0,0,0,0,1,0,0,0,0,0,0,0,0,0,1,0,0
-37.66324472,175.5131591,Matamata-Piako District,2018,property_damage,70,FALSE,straight,,fine,,darkness_not_lit,,0,0,0,0,0,0,0,1,0,0,0,0,0,0,0,0,0,1,0,0
-45.78893337,170.6700483,Dunedin City,2018,property_damage,70,FALSE,curved_view_open,,fine,,daylight,,0,0,0,0,0,0,0,1,0,0,0,0,0,0,0,0,0,1,0,0
-37.83279436,176.1703655,Western Bay Of Plenty District,2018,property_damage,100,FALSE,curved_view_open,,mist,,darkness_not_lit,,0,0,0,0,0,0,0,1,0,0,0,0,0,0,0,0,0,1,0,0
-37.89585237,178.2952465,Gisborne District,2018,property_damage,100,FALSE,straight,,fine,,darkness_not_lit,,0,0,0,0,0,0,0,1,0,0,0,0,0,0,0,0,0,1,0,0
-44.13071908,171.3046754,Timaru District,2018,property_damage,100,TRUE,straight,,fine,,darkness_not_lit,,0,0,0,0,0,0,0,1,0,0,0,0,0,0,0,0,0,1,0,0
-35.47515677,173.4589659,Far North District,2018,property_damage,100,FALSE,curved_view_open,,fine,,darkness_not_lit,,0,0,0,0,0,0,0,1,0,0,0,0,0,0,0,0,0,1,0,0
-37.75230931,176.0842353,Tauranga City,2018,property_damage,100,FALSE,curved_view_open,,rain,,darkness_not_lit,,0,0,0,0,0,0,0,1,0,0,0,0,0,0,0,0,0,1,0,0
-41.29901335,173.2442059,Nelson City,2018,property_damage,50,FALSE,straight,,fine,,dawn_dusk,,0,0,0,0,0,0,0,1,0,0,0,0,0,0,0,0,0,1,0,0
-39.3409347,174.2283819,Stratford District,2018,property_damage,100,FALSE,curved_view_open,,fine,,daylight,,0,0,0,0,0,0,0,1,0,0,0,0,0,0,0,0,0,1,0,0
-43.76019497,172.3027391,Selwyn District,2018,property_damage,50,FALSE,straight,,fine,,darkness_not_lit,,0,0,0,0,0,0,0,1,0,0,0,0,0,0,0,0,0,1,0,0
-41.24231966,174.9474096,Hutt City,2018,property_damage,50,FALSE,straight,,fine,,dawn_dusk,,0,0,0,0,0,0,0,1,0,0,0,0,0,0,0,0,0,1,0,0
-35.35608329,173.8252763,Far North District,2018,property_damage,100,FALSE,curved_view_open,,fine,,daylight,,0,0,0,0,0,0,0,1,0,0,0,0,0,0,0,0,0,1,0,0
-44.97780312,168.9445669,Queenstown-Lakes District,2018,property_damage,100,FALSE,curved_view_open,,,,daylight,,0,0,0,0,0,0,0,1,0,0,0,0,0,0,0,0,0,1,0,0
-41.21143257,174.9501548,Hutt City,2018,property_damage,50,TRUE,curved_view_open,,fine,,darkness_not_lit,,0,0,0,0,0,0,0,1,0,0,0,0,0,0,0,0,0,1,0,0
-35.78140297,174.2902015,Whangarei District,2018,property_damage,100,FALSE,straight,,fine,,darkness_not_lit,,0,0,0,0,0,0,0,1,0,0,0,0,0,0,0,0,0,1,0,0
-35.9572759,173.8656282,Kaipara District,2018,property_damage,50,TRUE,curved_view_open,,fine,,daylight,giveway_sign,0,0,0,0,0,0,0,1,0,0,0,0,0,0,0,0,0,1,0,0
-37.68651334,176.2336082,Tauranga City,2018,property_damage,100,FALSE,straight,,rain,,daylight,,0,0,0,0,0,0,0,1,0,0,0,0,0,0,0,0,0,1,0,0
-41.31429126,173.2351829,Nelson City,2018,property_damage,50,TRUE,straight,,fine,,daylight,giveway_sign,0,0,0,0,0,0,0,1,0,0,0,0,0,0,0,0,0,1,0,0
-37.83443565,176.1545545,Western Bay Of Plenty District,2018,property_damage,100,FALSE,curved_view_open,,fine,,daylight,,0,0,0,0,0,0,0,1,0,0,0,0,0,0,0,0,0,1,0,0
-44.02393319,170.1290093,Mackenzie District,2018,property_damage,100,FALSE,straight,,fine,,daylight,,0,0,0,0,0,0,0,1,0,0,0,0,0,0,0,0,0,1,0,0
-36.97516206,174.8926965,Auckland,2018,property_damage,50,FALSE,straight,,fine,,darkness_not_lit,,0,0,0,0,0,0,0,1,0,0,0,0,0,0,0,0,0,1,0,0
-36.78969589,175.0299165,Auckland,2018,property_damage,50,FALSE,straight,,fine,,darkness_not_lit,,0,0,0,0,0,0,0,1,0,0,0,0,0,0,0,0,0,1,0,0
-38.05377582,176.4391448,Rotorua District,2018,property_damage,80,FALSE,curved_view_open,,rain,,daylight,,0,0,0,0,0,0,0,1,0,0,0,0,0,0,0,0,0,1,0,0
-42.07703214,172.2406602,Tasman District,2018,property_damage,100,FALSE,straight,,rain,,darkness_not_lit,,0,0,0,0,0,0,0,1,0,0,0,0,0,0,0,0,0,1,0,0
-43.75583422,172.94384,Christchurch City,2018,property_damage,50,FALSE,straight,,fine,,darkness_not_lit,,0,0,0,0,0,0,0,1,0,0,0,0,0,0,0,0,0,1,0,0
-40.00901854,176.380092,Central Hawkes Bay District,2018,property_damage,100,FALSE,straight,,fine,,darkness_not_lit,,0,0,0,0,0,0,0,1,0,0,0,0,0,0,0,0,0,1,0,0
-41.1959212,174.9560501,Hutt City,2018,property_damage,50,FALSE,straight,,fine,,daylight,,0,0,0,0,0,0,0,1,0,0,0,0,0,0,0,0,0,1,0,0
-38.02778766,175.3050714,Waipa District,2018,property_damage,100,FALSE,curved_view_open,,fine,,darkness_not_lit,,0,0,0,0,0,0,0,1,0,0,0,0,0,0,0,0,0,1,0,0
-45.80450998,170.5173705,Dunedin City,2018,property_damage,100,FALSE,curved_view_open,,fine,,darkness_not_lit,,0,0,0,0,0,0,0,1,0,0,0,0,0,0,0,0,0,1,0,0
-36.85664179,174.767253,Auckland,2018,property_damage,50,FALSE,straight,,fine,,daylight,,0,0,0,0,0,0,0,1,0,0,0,0,0,0,0,0,0,1,0,0
-41.15334443,172.9351896,Tasman District,2018,property_damage,100,FALSE,straight,,mist,,darkness_not_lit,,0,0,0,0,0,0,0,1,0,0,0,0,0,0,0,0,0,1,0,0
-45.85355356,170.461191,Dunedin City,2018,property_damage,50,FALSE,curved_view_open,,rain,,darkness_not_lit,,0,0,0,0,0,0,0,1,0,0,0,0,0,0,0,0,0,1,0,0
-41.14848029,173.0029912,Tasman District,2018,property_damage,100,FALSE,curved_view_open,,rain,,darkness_not_lit,,0,0,0,0,0,0,0,1,0,0,0,0,0,0,0,0,0,1,0,0
-37.96832421,177.0150049,Whakatane District,2018,property_damage,80,FALSE,straight,,fine,,darkness_not_lit,,0,0,0,0,0,0,0,1,0,0,0,0,0,0,0,0,0,1,0,0
-41.18280144,174.9568875,Hutt City,2018,property_damage,50,TRUE,straight,,fine,,darkness_not_lit,giveway_sign,0,0,0,0,0,0,0,1,0,0,0,0,0,0,0,0,0,1,0,0
-44.94304683,168.963091,Queenstown-Lakes District,2018,property_damage,100,FALSE,curved_view_open,,fine,,daylight,,0,0,0,0,0,0,0,1,0,0,0,0,0,0,0,0,0,1,0,0
-36.6296475,174.5158021,Auckland,2018,property_damage,100,FALSE,straight,,rain,,darkness_not_lit,,0,0,0,0,0,0,0,1,0,0,0,0,0,0,0,0,0,1,0,0
-39.51867826,176.8941847,Napier City,2018,property_damage,50,FALSE,straight,,fine,,darkness_not_lit,,0,0,0,0,0,0,0,1,0,0,0,0,0,0,0,0,0,1,0,0
-45.89116263,170.3511909,Dunedin City,2018,property_damage,80,FALSE,curved_view_open,,fine,,darkness_not_lit,,0,0,0,0,0,0,0,1,0,0,0,0,0,0,0,0,0,1,0,0
-34.99123529,173.5229679,Far North District,2018,property_damage,100,FALSE,curved_view_open,,fine,,daylight,,0,0,0,0,0,0,0,1,0,0,0,0,0,0,0,0,0,1,0,0
-38.02128113,176.2135893,Rotorua District,2018,property_damage,100,FALSE,curved_view_open,,fine,,daylight,,0,0,0,0,0,0,0,1,0,0,0,0,0,0,0,0,0,1,0,0
-35.3915196,174.0719842,Far North District,2018,property_damage,100,FALSE,curved_view_open,,rain,,daylight,,0,0,0,0,0,0,0,1,0,0,0,0,0,0,0,0,0,1,0,0
-36.1584615,175.3809819,Auckland,2018,property_damage,100,FALSE,curved_view_open,,rain,,darkness_not_lit,,0,0,0,0,0,0,0,1,0,0,0,0,0,0,0,0,0,1,0,0
-35.40876366,173.9856821,Far North District,2018,property_damage,100,FALSE,straight,,rain,,darkness_not_lit,,0,0,0,0,0,0,0,1,0,0,0,0,0,0,0,0,0,1,0,0
-40.4682914,175.2441648,Horowhenua District,2018,property_damage,50,FALSE,straight,,fine,,darkness_not_lit,,0,0,0,0,0,0,0,1,0,0,0,0,0,0,0,0,0,1,0,0
-37.20334146,174.817402,Auckland,2018,property_damage,80,FALSE,straight,,fine,,daylight,,0,0,0,0,0,0,0,1,0,0,0,0,0,0,0,0,0,1,0,0
-35.46988766,173.6313849,Far North District,2018,property_damage,100,FALSE,straight,,fine,,daylight,,0,0,0,0,0,0,0,1,0,0,0,0,0,0,0,0,0,1,0,0
-36.92616438,174.7767604,Auckland,2018,property_damage,100,FALSE,straight,,rain,,daylight,,0,0,0,0,0,0,0,1,0,0,0,0,0,0,0,0,0,1,0,0
-40.55198735,175.2061211,Horowhenua District,2018,property_damage,50,FALSE,straight,,fine,,daylight,,0,0,0,0,0,0,0,1,0,0,0,0,0,0,0,0,0,1,0,0
-40.19078477,176.5608449,Central Hawkes Bay District,2018,property_damage,100,FALSE,curved_view_open,,rain,,daylight,,0,0,0,0,0,0,0,1,0,0,0,0,0,0,0,0,0,1,0,0
-37.87953636,176.1933534,Western Bay Of Plenty District,2018,property_damage,100,FALSE,curved_view_open,,fine,,darkness_not_lit,,0,0,0,0,0,0,0,1,0,0,0,0,0,0,0,0,0,1,0,0
-41.11126631,174.8319856,Porirua City,2018,property_damage,50,FALSE,straight,,fine,,daylight,,0,0,0,0,0,0,0,1,0,0,0,0,0,0,0,0,0,1,0,0
-36.8612534,175.8025231,Thames-Coromandel District,2018,property_damage,100,FALSE,curved_view_open,,fine,,daylight,,0,0,0,0,0,0,0,1,0,0,0,0,0,0,0,0,0,1,0,0
-44.48105039,169.2486947,Queenstown-Lakes District,2018,property_damage,100,FALSE,straight,,fine,,daylight,,0,0,0,0,0,0,0,1,0,0,0,0,0,0,0,0,0,1,0,0
-38.09081874,176.7049876,Kawerau District,2018,property_damage,50,FALSE,straight,,fine,,darkness_not_lit,,0,0,0,0,0,0,0,1,0,0,0,0,0,0,0,0,0,1,0,0
-38.95326058,175.3677522,Ruapehu District,2018,property_damage,100,FALSE,straight,,rain,,darkness_not_lit,,0,0,0,0,0,0,0,1,0,0,0,0,0,0,0,0,0,1,0,0
-44.38553025,171.222349,Timaru District,2018,property_damage,50,FALSE,straight,,fine,,daylight,,0,0,0,0,0,0,0,1,0,0,0,0,0,0,0,0,0,1,0,0
-45.01873158,169.0581869,Queenstown-Lakes District,2018,property_damage,100,FALSE,curved_view_open,,fine,,daylight,,0,0,0,0,0,0,0,1,0,0,0,0,0,0,0,0,0,1,0,0
-37.78109558,175.2735644,Hamilton City,2018,minor_injury,50,TRUE,straight,,mist,,daylight,,1,0,0,1,0,0,0,1,0,0,0,0,0,0,0,0,0,1,0,0
-36.77246755,174.5464081,Auckland,2018,minor_injury,60,TRUE,straight,,fine,,darkness_not_lit,stop_sign,1,0,0,1,0,0,0,1,0,0,0,0,0,0,0,0,0,1,0,0
-43.52981768,172.6570614,Christchurch City,2018,minor_injury,50,TRUE,straight,,fine,,darkness_not_lit,traffic_lights,1,0,0,1,0,0,0,1,0,0,0,0,0,0,0,0,0,1,0,0
-36.93048923,174.7310983,Auckland,2018,minor_injury,50,FALSE,curved_view_open,,rain,,daylight,,1,0,0,1,0,0,0,1,0,0,0,0,0,0,0,0,0,1,0,0
-39.059514,174.06834,New Plymouth District,2018,minor_injury,50,TRUE,straight,,fine,,darkness_not_lit,traffic_lights,1,0,0,1,0,0,0,1,0,0,0,0,0,0,0,0,0,1,0,0
-40.31810792,175.6122102,Palmerston North City,2018,minor_injury,100,FALSE,curved_view_open,,rain,,darkness_not_lit,,1,0,0,1,0,0,0,1,0,0,0,0,0,0,0,0,0,1,0,0
-43.55560171,172.512196,Christchurch City,2018,minor_injury,80,TRUE,straight,,mist,,darkness_not_lit,traffic_lights,1,0,0,1,0,0,0,1,0,0,0,0,0,0,0,0,0,1,0,0
-43.62228245,172.4049037,Selwyn District,2018,minor_injury,100,TRUE,straight,,fine,,darkness_not_lit,stop_sign,1,0,0,1,0,0,0,1,0,0,0,0,0,0,0,0,0,1,0,0
-43.53658005,172.5964381,Christchurch City,2018,minor_injury,50,TRUE,straight,,fine,,dawn_dusk,giveway_sign,1,0,0,1,0,0,0,1,0,0,0,0,0,0,0,0,0,1,0,0
-38.59809297,176.1240634,Taupo District,2018,minor_injury,100,FALSE,curved_view_open,,fine,,daylight,,1,0,0,1,0,0,0,1,0,0,0,0,0,0,0,0,0,1,0,0
-36.31687914,174.7444162,Auckland,2018,minor_injury,80,FALSE,curved_view_open,,rain,,daylight,,1,0,0,1,0,0,0,1,0,0,0,0,0,0,0,0,0,1,0,0
-36.545006,174.7045875,Auckland,2018,minor_injury,80,FALSE,curved_view_open,,rain,,darkness_not_lit,,1,0,0,1,0,0,0,1,0,0,0,0,0,0,0,0,0,1,0,0
-46.21969249,169.2111274,Clutha District,2018,minor_injury,100,FALSE,curved_view_open,,rain,,daylight,,1,0,0,1,0,0,0,1,0,0,0,0,0,0,0,0,0,1,0,0
-35.2773089,173.8507117,Far North District,2018,minor_injury,100,FALSE,curved_view_open,,rain,,daylight,,1,0,0,1,0,0,0,1,0,0,0,0,0,0,0,0,0,1,0,0
-44.96574791,168.9589731,Queenstown-Lakes District,2018,minor_injury,100,FALSE,straight,,fine,,daylight,,1,0,0,1,0,0,0,1,0,0,0,0,0,0,0,0,0,1,0,0
-37.13055865,175.0490855,Auckland,2018,minor_injury,100,FALSE,curved_view_open,,rain,,daylight,,1,0,0,1,0,0,0,1,0,0,0,0,0,0,0,0,0,1,0,0
-41.11582478,175.0756426,Upper Hutt City,2018,minor_injury,100,FALSE,straight,,fine,,daylight,,1,0,0,1,0,0,0,1,0,0,0,0,0,0,0,0,0,1,0,0
-35.7201373,174.3246569,Whangarei District,2018,minor_injury,50,FALSE,straight,,fine,,darkness_not_lit,,1,0,0,1,0,0,0,1,0,0,0,0,0,0,0,0,0,1,0,0
-36.86729145,174.6373121,Auckland,2018,minor_injury,50,FALSE,straight,,fine,,darkness_not_lit,,1,0,0,1,0,0,0,1,0,0,0,0,0,0,0,0,0,1,0,0
-39.062041,177.4011388,Wairoa District,2018,minor_injury,70,FALSE,curved_view_open,,fine,,daylight,,1,0,0,1,0,0,0,1,0,0,0,0,0,0,0,0,0,1,0,0
-38.49605635,175.5651178,Waitomo District,2018,minor_injury,100,FALSE,curved_view_open,,fine,,daylight,,1,0,0,1,0,0,0,1,0,0,0,0,0,0,0,0,0,1,0,0
-43.62183066,171.8977445,Selwyn District,2018,minor_injury,100,FALSE,straight,,rain,,daylight,,1,0,0,1,0,0,0,1,0,0,0,0,0,0,0,0,0,1,0,0
-36.78616805,174.7290558,Auckland,2018,minor_injury,50,FALSE,straight,,fine,,darkness_not_lit,,1,0,0,1,0,0,0,1,0,0,0,0,0,0,0,0,0,1,0,0
-39.63249592,176.8338258,Hastings District,2018,minor_injury,50,FALSE,straight,,,,daylight,,1,0,0,1,0,0,0,1,0,0,0,0,0,0,0,0,0,1,0,0
-36.66314518,174.6719238,Auckland,2018,minor_injury,100,FALSE,straight,,fine,,darkness_not_lit,,1,0,0,1,0,0,0,1,0,0,0,0,0,0,0,0,0,1,0,0
-36.93427748,174.788693,Auckland,2018,minor_injury,100,FALSE,straight,,fine,,darkness_not_lit,,1,0,0,1,0,0,0,1,0,0,0,0,0,0,0,0,0,1,0,0
-40.07917537,175.2689528,Rangitikei District,2018,minor_injury,100,FALSE,curved_view_open,,fine,,darkness_not_lit,,1,0,0,1,0,0,0,1,0,0,0,0,0,0,0,0,0,1,0,0
-39.74994555,174.8274152,South Taranaki District,2018,minor_injury,100,FALSE,curved_view_open,,fine,,darkness_not_lit,,1,0,0,1,0,0,0,1,0,0,0,0,0,0,0,0,0,1,0,0
-39.45000486,175.292369,Ruapehu District,2018,minor_injury,100,FALSE,straight,,fine,,darkness_not_lit,,1,0,0,1,0,0,0,1,0,0,0,0,0,0,0,0,0,1,0,0
-36.78871787,174.5114778,Auckland,2018,minor_injury,80,FALSE,curved_view_open,,fine,,daylight,,1,0,0,1,0,0,0,1,0,0,0,0,0,0,0,0,0,1,0,0
-45.88835413,170.3054009,Dunedin City,2018,minor_injury,100,FALSE,straight,,fine,,darkness_not_lit,,1,0,0,1,0,0,0,1,0,0,0,0,0,0,0,0,0,1,0,0
-38.00113573,175.8870322,South Waikato District,2018,minor_injury,100,FALSE,straight,,mist,,darkness_not_lit,,1,0,0,1,0,0,0,1,0,0,0,0,0,0,0,0,0,1,0,0
-44.19370269,171.2780435,Timaru District,2018,minor_injury,100,FALSE,straight,,fine,,daylight,,1,0,0,1,0,0,0,1,0,0,0,0,0,0,0,0,0,1,0,0
-38.02520647,176.8270334,Whakatane District,2018,minor_injury,100,FALSE,straight,,fine,,daylight,,1,0,0,1,0,0,0,1,0,0,0,0,0,0,0,0,0,1,0,0
-36.4530725,174.6526516,Auckland,2018,minor_injury,100,FALSE,straight,,fine,,daylight,,1,0,0,1,0,0,0,1,0,0,0,0,0,0,0,0,0,1,0,0
-37.13744267,175.6040027,Thames-Coromandel District,2018,minor_injury,80,FALSE,curved_view_open,,fine,,darkness_not_lit,,1,0,0,1,0,0,0,1,0,0,0,0,0,0,0,0,0,1,0,0
-37.72378346,176.1442134,Tauranga City,2018,minor_injury,50,FALSE,straight,,rain,,daylight,,1,0,0,1,0,0,0,1,0,0,0,0,0,0,0,0,0,1,0,0
-42.35693797,172.2503406,Buller District,2018,minor_injury,100,FALSE,curved_view_open,,fine,,daylight,,1,0,0,1,0,0,0,1,0,0,0,0,0,0,0,0,0,1,0,0
-37.40169879,175.658522,Hauraki District,2018,minor_injury,100,FALSE,straight,,fine,,daylight,,1,0,0,1,0,0,0,1,0,0,0,0,0,0,0,0,0,1,0,0
-36.82143534,174.6072069,Auckland,2018,minor_injury,50,TRUE,curved_view_open,,fine,,darkness_not_lit,giveway_sign,1,0,0,1,0,0,0,1,0,0,0,0,0,0,0,0,0,1,0,0
-37.77402953,175.2576922,Hamilton City,2018,minor_injury,50,FALSE,straight,,rain,,darkness_not_lit,,1,0,0,1,0,0,0,1,0,0,0,0,0,0,0,0,0,1,0,0
-43.54309226,172.6994931,Christchurch City,2018,minor_injury,60,FALSE,straight,,fine,,darkness_not_lit,,1,0,0,1,0,0,0,1,0,0,0,0,0,0,0,0,0,1,0,0
-37.21280033,175.2141811,Waikato District,2018,minor_injury,100,FALSE,curved_view_open,,mist,,daylight,,1,0,0,1,0,0,0,1,0,0,0,0,0,0,0,0,0,1,0,0
-36.92696165,174.9928449,Auckland,2018,minor_injury,100,FALSE,curved_view_open,,fine,,darkness_not_lit,,1,0,0,1,0,0,0,1,0,0,0,0,0,0,0,0,0,1,0,0
-46.2274174,169.341166,Clutha District,2018,minor_injury,100,FALSE,straight,,fine,,daylight,,1,0,0,1,0,0,0,1,0,0,0,0,0,0,0,0,0,1,0,0
-38.21911857,175.8736476,South Waikato District,2018,minor_injury,50,FALSE,curved_view_open,,fine,,darkness_not_lit,,1,0,0,1,0,0,0,1,0,0,0,0,0,0,0,0,0,1,0,0
-37.19524901,174.9711603,Auckland,2018,minor_injury,100,FALSE,straight,,fine,,daylight,,1,0,0,1,0,0,0,1,0,0,0,0,0,0,0,0,0,1,0,0
-43.325004,172.3391265,Waimakariri District,2018,minor_injury,100,FALSE,straight,,fine,,daylight,,1,0,0,1,0,0,0,1,0,0,0,0,0,0,0,0,0,1,0,0
-43.86660854,171.7278509,Ashburton District,2018,minor_injury,100,FALSE,straight,,fine,,darkness_not_lit,,1,0,0,1,0,0,0,1,0,0,0,0,0,0,0,0,0,1,0,0
-40.61952662,175.2885616,Horowhenua District,2018,minor_injury,20,FALSE,straight,,fine,,dawn_dusk,,1,0,0,1,0,0,0,1,0,0,0,0,0,0,0,0,0,1,0,0
-41.27664302,173.0203346,Tasman District,2018,minor_injury,100,FALSE,straight,,fine,,daylight,,1,0,0,1,0,0,0,1,0,0,0,0,0,0,0,0,0,1,0,0
-39.34968669,174.2889287,Stratford District,2018,minor_injury,70,FALSE,curved_view_open,,fine,,darkness_not_lit,,1,0,0,1,0,0,0,1,0,0,0,0,0,0,0,0,0,1,0,0