latitude,longitude,local_government_area,year,severity,speed_limit,intersection,road_position_horizontal,road_wet,weather,crash_type,lighting,traffic_controls,casualties,fatalities,serious_injuries,minor_injuries,car_sedan,car_utility,car_van,car_4x4,car_station_wagon,motor_cycle,truck_small,truck_large,bus,taxi,bicycle,scooter,pedestrian,inanimate,train,tram
-45.02340424,169.096148,Central Otago District,2018,minor_injury,100,FALSE,straight,,fine,,daylight,,1,0,0,1,0,0,0,1,0,0,0,0,0,0,0,0,0,1,0,0
-37.80866204,175.7912952,Matamata-Piako District,2018,minor_injury,80,FALSE,straight,,fine,,darkness_not_lit,,1,0,0,1,0,0,0,1,0,0,0,0,0,0,0,0,0,1,0,0
-38.68232782,177.8858602,Gisborne District,2018,minor_injury,100,FALSE,curved_view_open,,fine,,dawn_dusk,,1,0,0,1,0,0,0,1,0,0,0,0,0,0,0,0,0,1,0,0
-40.44338014,175.5520593,Palmerston North City,2018,minor_injury,100,FALSE,straight,,fine,,dawn_dusk,,1,0,0,1,0,0,0,1,0,0,0,0,0,0,0,0,0,1,0,0
-38.2064971,175.6204059,Otorohanga District,2018,minor_injury,100,FALSE,curved_view_open,,rain,,daylight,,1,0,0,1,0,0,0,1,0,0,0,0,0,0,0,0,0,1,0,0
-38.1537885,176.2758891,Rotorua District,2018,minor_injury,50,FALSE,straight,,fine,,daylight,,1,0,0,1,0,0,0,1,0,0,0,0,0,0,0,0,0,1,0,0
-39.07090233,175.8138481,Taupo District,2018,minor_injury,100,FALSE,straight,,fine,,darkness_not_lit,,1,0,0,1,0,0,0,1,0,0,0,0,0,0,0,0,0,1,0,0
-37.06104126,174.9607425,Auckland,2018,minor_injury,50,TRUE,straight,,rain,,daylight,,1,0,0,1,0,0,0,1,0,0,0,0,0,0,0,0,0,1,0,0
-42.44897679,171.2906464,Grey District,2018,minor_injury,100,FALSE,curved_view_open,,rain,,daylight,,1,0,0,1,0,0,0,1,0,0,0,0,0,0,0,0,0,1,0,0
-37.9853974,176.7795495,Whakatane District,2018,minor_injury,100,FALSE,straight,,fine,,darkness_not_lit,,1,0,0,1,0,0,0,1,0,0,0,0,0,0,0,0,0,1,0,0
-43.26299928,171.7107363,Selwyn District,2018,minor_injury,100,FALSE,curved_view_open,,fine,,daylight,,1,0,0,1,0,0,0,1,0,0,0,0,0,0,0,0,0,1,0,0
-37.96504656,175.3172784,Waipa District,2018,minor_injury,100,FALSE,straight,,fine,,darkness_not_lit,,1,0,0,1,0,0,0,1,0,0,0,0,0,0,0,0,0,1,0,0
-45.69200491,168.4237583,Southland District,2018,minor_injury,100,FALSE,curved_view_open,,rain,,darkness_not_lit,,1,0,0,1,0,0,0,1,0,0,0,0,0,0,0,0,0,1,0,0
-37.05210592,174.9213129,Auckland,2018,minor_injury,50,FALSE,curved_view_open,,rain,,daylight,,1,0,0,1,0,0,0,1,0,0,0,0,0,0,0,0,0,1,0,0
-35.45753872,173.9637741,Far North District,2018,minor_injury,100,FALSE,curved_view_open,,fine,,darkness_not_lit,,1,0,0,1,0,0,0,1,0,0,0,0,0,0,0,0,0,1,0,0
-37.42130656,175.6509338,Hauraki District,2018,minor_injury,100,FALSE,curved_view_open,,fine,,darkness_not_lit,,1,0,0,1,0,0,0,1,0,0,0,0,0,0,0,0,0,1,0,0
-40.00474946,176.5235551,Central Hawkes Bay District,2018,serious_injury,100,FALSE,straight,,fine,,daylight,,2,0,2,0,0,0,0,1,0,0,0,0,0,0,0,0,0,1,0,0
-43.53091995,172.6966205,Christchurch City,2018,serious_injury,50,TRUE,curved_view_open,,mist,,darkness_not_lit,giveway_sign,1,0,1,0,0,0,0,1,0,0,0,0,0,0,0,0,0,1,0,0
-44.24176777,171.158456,Timaru District,2018,serious_injury,100,TRUE,straight,,fine,,daylight,giveway_sign,1,0,1,0,0,0,0,1,0,0,0,0,0,0,0,0,0,1,0,0
-37.95700478,175.6637349,South Waikato District,2018,serious_injury,100,FALSE,curved_view_open,,fine,,daylight,,1,0,1,0,0,0,0,1,0,0,0,0,0,0,0,0,0,1,0,0
-40.48106009,175.4339048,Horowhenua District,2018,serious_injury,100,FALSE,curved_view_open,,fine,,daylight,,1,0,1,0,0,0,0,1,0,0,0,0,0,0,0,0,0,1,0,0
-38.70908257,176.1250867,Taupo District,2018,serious_injury,100,FALSE,straight,,fine,,darkness_not_lit,,1,0,1,0,0,0,0,1,0,0,0,0,0,0,0,0,0,1,0,0
-39.06249093,174.0650214,New Plymouth District,2018,serious_injury,50,FALSE,straight,,fine,,darkness_not_lit,,1,0,1,0,0,0,0,1,0,0,0,0,0,0,0,0,0,1,0,0
-40.9884808,175.7439019,Masterton District,2018,serious_injury,100,FALSE,curved_view_open,,fine,,daylight,,1,0,1,0,0,0,0,1,0,0,0,0,0,0,0,0,0,1,0,0
-46.09884538,169.7396299,Clutha District,2018,serious_injury,100,FALSE,curved_view_open,,fine,,daylight,,1,0,1,0,0,0,0,1,0,0,0,0,0,0,0,0,0,1,0,0
-39.31780245,175.7301498,Ruapehu District,2018,serious_injury,100,FALSE,straight,,fine,,darkness_not_lit,,1,0,1,0,0,0,0,1,0,0,0,0,0,0,0,0,0,1,0,0
-39.79485372,174.632485,South Taranaki District,2018,serious_injury,100,FALSE,straight,,fine,,darkness_not_lit,,1,0,1,0,0,0,0,1,0,0,0,0,0,0,0,0,0,1,0,0
-36.15016094,174.4503765,Kaipara District,2018,serious_injury,100,FALSE,curved_view_open,,fine,,darkness_not_lit,,1,0,1,0,0,0,0,1,0,0,0,0,0,0,0,0,0,1,0,0
-36.91038726,174.6521401,Auckland,2018,minor_injury,50,TRUE,straight,,fine,,darkness_not_lit,traffic_lights,2,0,0,2,0,0,0,1,0,0,0,0,0,0,0,0,0,1,0,0
-37.86567612,176.1280999,Western Bay Of Plenty District,2018,minor_injury,100,FALSE,curved_view_open,,fine,,daylight,,2,0,0,2,0,0,0,1,0,0,0,0,0,0,0,0,0,1,0,0
-40.11364112,175.4309448,Rangitikei District,2018,minor_injury,100,FALSE,curved_view_open,,rain,,daylight,,2,0,0,2,0,0,0,1,0,0,0,0,0,0,0,0,0,1,0,0
-39.16074593,176.6117023,Hastings District,2018,minor_injury,100,FALSE,straight,,fine,,daylight,,2,0,0,2,0,0,0,1,0,0,0,0,0,0,0,0,0,1,0,0
-37.01284102,174.8799527,Auckland,2018,minor_injury,50,FALSE,straight,,fine,,darkness_not_lit,,2,0,0,2,0,0,0,1,0,0,0,0,0,0,0,0,0,1,0,0
-43.51824824,171.6593231,Selwyn District,2018,minor_injury,100,FALSE,curved_view_open,,fine,,daylight,,2,0,0,2,0,0,0,1,0,0,0,0,0,0,0,0,0,1,0,0
-37.22853102,175.0135714,Waikato District,2018,minor_injury,100,FALSE,straight,,fine,,daylight,,2,0,0,2,0,0,0,1,0,0,0,0,0,0,0,0,0,1,0,0
-38.23637956,175.8545422,South Waikato District,2018,minor_injury,50,FALSE,curved_view_open,,rain,,daylight,,2,0,0,2,0,0,0,1,0,0,0,0,0,0,0,0,0,1,0,0
-38.73921132,175.6836584,Taupo District,2018,minor_injury,100,FALSE,curved_view_open,,rain,,daylight,,2,0,0,2,0,0,0,1,0,0,0,0,0,0,0,0,0,1,0,0
-35.98618508,173.8822728,Kaipara District,2018,minor_injury,100,TRUE,straight,,fine,,dawn_dusk,,2,0,0,2,0,0,0,1,0,0,0,0,0,0,0,0,0,1,0,0
-43.57480494,172.6960411,Christchurch City,2018,minor_injury,50,FALSE,straight,,fine,,daylight,,2,0,0,2,0,0,0,1,0,0,0,0,0,0,0,0,0,1,0,0
-35.47757791,173.8400632,Far North District,2018,minor_injury,100,FALSE,curved_view_open,,fine,,dawn_dusk,,2,0,0,2,0,0,0,1,0,0,0,0,0,0,0,0,0,1,0,0
-38.1058676,176.2215707,Rotorua District,2018,minor_injury,60,FALSE,curved_view_open,,fine,,dawn_dusk,,2,0,0,2,0,0,0,1,0,0,0,0,0,0,0,0,0,1,0,0
-34.64931538,172.9702311,Far North District,2018,minor_injury,100,FALSE,straight,,fine,,daylight,,2,0,0,2,0,0,0,1,0,0,0,0,0,0,0,0,0,1,0,0
-42.46294289,173.2751699,Hurunui District,2018,minor_injury,100,FALSE,straight,,rain,,daylight,,4,0,0,4,0,0,0,1,0,0,0,0,0,0,0,0,0,1,0,0
-37.85348457,175.3913114,Waikato District,2018,minor_injury,110,FALSE,straight,,fine,,daylight,,3,0,0,3,0,0,0,1,0,0,0,0,0,0,0,0,0,1,0,0
-36.76670167,174.4968503,Auckland,2018,minor_injury,70,FALSE,curved_view_open,,fine,,daylight,,3,0,0,3,0,0,0,1,0,0,0,0,0,0,0,0,0,1,0,0
-36.9925455,174.9030151,Auckland,2018,serious_injury,50,TRUE,straight,,rain,,darkness_not_lit,giveway_sign,2,0,1,1,0,0,0,1,0,0,0,0,0,0,0,0,0,1,0,0
-38.9852199,175.8197079,Taupo District,2018,fatality,80,FALSE,curved_view_open,,rain,,daylight,,2,1,0,1,0,0,0,1,0,0,0,0,0,0,0,0,0,1,0,0
-36.8508885,174.7752966,Auckland,2018,property_damage,50,TRUE,curved_view_open,,fine,,daylight,traffic_lights,0,0,0,0,0,0,0,0,0,0,0,1,1,0,0,0,0,0,0,0
-36.87663247,174.8257399,Auckland,2018,property_damage,50,TRUE,straight,,fine,,daylight,traffic_lights,0,0,0,0,0,0,0,0,0,0,0,1,1,0,0,0,0,0,0,0
-36.91708128,174.824167,Auckland,2018,property_damage,50,TRUE,straight,,fine,,daylight,traffic_lights,0,0,0,0,0,0,0,0,0,0,0,1,1,0,0,0,0,0,0,0
-36.84761695,174.7601254,Auckland,2018,property_damage,50,TRUE,straight,,fine,,daylight,traffic_lights,0,0,0,0,0,0,0,0,0,0,0,1,1,0,0,0,0,0,0,0
-36.84940445,174.7593253,Auckland,2018,property_damage,50,TRUE,straight,,fine,,daylight,traffic_lights,0,0,0,0,0,0,0,0,0,0,0,1,1,0,0,0,0,0,0,0
-37.76935474,175.2405898,Hamilton City,2018,property_damage,80,FALSE,straight,,fine,,daylight,,0,0,0,0,0,0,0,0,0,0,0,1,1,0,0,0,0,0,0,0
-45.01649577,168.7318253,Queenstown-Lakes District,2018,property_damage,50,FALSE,straight,,fine,,daylight,,0,0,0,0,0,0,0,0,0,0,0,1,1,0,0,0,0,0,0,0
-37.25688744,175.3551977,Hauraki District,2018,property_damage,100,FALSE,straight,,fine,,daylight,,0,0,0,0,0,0,0,0,0,0,0,1,1,0,0,0,0,0,0,0
-36.04385024,174.4177977,Whangarei District,2018,property_damage,80,FALSE,straight,,fine,,daylight,,0,0,0,0,0,0,0,0,0,0,0,1,1,0,0,0,0,0,0,0
-38.14811036,176.2055182,Rotorua District,2018,minor_injury,70,FALSE,straight,,fine,,daylight,,1,0,0,1,0,0,0,0,0,0,0,1,1,0,0,0,0,0,0,0
-43.07670058,172.7485471,Hurunui District,2018,minor_injury,100,FALSE,straight,,rain,,daylight,,2,0,0,2,0,0,0,0,0,0,0,1,1,0,0,0,0,0,0,0
-43.51261023,172.5088556,Christchurch City,2018,property_damage,80,TRUE,straight,,fine,,daylight,giveway_sign,0,0,0,0,0,0,0,1,0,0,0,1,0,0,0,0,0,1,0,0
-36.92228097,174.8388398,Auckland,2018,property_damage,50,TRUE,straight,,fine,,daylight,giveway_sign,0,0,0,0,0,0,0,1,0,0,0,1,0,0,0,0,0,1,0,0
-41.31235991,174.7956151,Wellington City,2018,property_damage,50,TRUE,straight,,fine,,daylight,traffic_lights,0,0,0,0,0,0,0,1,0,0,0,1,0,0,0,0,0,1,0,0
-41.31235991,174.7956151,Wellington City,2018,property_damage,50,TRUE,straight,,fine,,daylight,traffic_lights,0,0,0,0,0,0,0,1,0,0,0,1,0,0,0,0,0,1,0,0
-41.2144262,174.9226538,Hutt City,2018,property_damage,50,FALSE,straight,,fine,,daylight,,0,0,0,0,0,0,0,1,0,0,0,1,0,0,0,0,0,1,0,0
-38.66860461,178.0476749,Gisborne District,2018,property_damage,50,FALSE,straight,,fine,,daylight,,0,0,0,0,0,0,0,1,0,0,0,1,0,0,0,0,0,1,0,0
-35.22586727,173.950258,Far North District,2018,property_damage,30,FALSE,straight,,fine,,daylight,,0,0,0,0,0,0,0,1,0,0,0,1,0,0,0,0,0,1,0,0
-36.94949616,174.8192576,Auckland,2018,property_damage,60,TRUE,straight,,fine,,daylight,traffic_lights,0,0,0,0,0,0,0,1,0,0,0,1,0,0,0,0,0,1,0,0
-41.29051157,174.7739257,Wellington City,2018,property_damage,50,FALSE,straight,,,,daylight,,0,0,0,0,0,0,0,1,0,0,0,1,0,0,0,0,0,1,0,0
-41.27515632,174.9613993,Hutt City,2018,property_damage,50,FALSE,straight,,fine,,daylight,,0,0,0,0,0,0,0,1,0,0,0,1,0,0,0,0,0,1,0,0
-36.94804933,174.8568203,Auckland,2018,property_damage,100,FALSE,straight,,fine,,daylight,,0,0,0,0,0,0,0,1,0,0,0,1,0,0,0,0,0,1,0,0
-37.66298668,176.2036743,Tauranga City,2018,property_damage,50,FALSE,curved_view_open,,rain,,daylight,,0,0,0,0,0,0,0,1,0,0,0,1,0,0,0,0,0,1,0,0
-36.87063278,174.7518918,Auckland,2018,property_damage,50,TRUE,straight,,,,daylight,,0,0,0,0,0,0,0,1,0,0,0,1,0,0,0,0,0,1,0,0
-37.69611599,176.1586231,Tauranga City,2018,property_damage,50,FALSE,straight,,rain,,,,0,0,0,0,0,0,0,1,0,0,0,1,0,0,0,0,0,1,0,0
-41.29962786,174.798813,Wellington City,2018,property_damage,50,FALSE,straight,,fine,,darkness_not_lit,,0,0,0,0,0,0,0,1,0,0,0,1,0,0,0,0,0,1,0,0
-41.21139199,174.8915887,Hutt City,2018,property_damage,50,FALSE,straight,,fine,,daylight,,0,0,0,0,0,0,0,1,0,0,0,1,0,0,0,0,0,1,0,0
-44.19424363,170.2850713,Mackenzie District,2018,property_damage,100,FALSE,straight,,fine,,dawn_dusk,,0,0,0,0,0,0,0,1,0,0,0,1,0,0,0,0,0,1,0,0
-36.98381042,174.8315006,Auckland,2018,property_damage,100,FALSE,straight,,fine,,daylight,,0,0,0,0,0,0,0,1,0,0,0,1,0,0,0,0,0,1,0,0
-36.90932085,174.8853438,Auckland,2018,property_damage,50,FALSE,straight,,fine,,daylight,,0,0,0,0,0,0,0,1,0,0,0,1,0,0,0,0,0,1,0,0
-35.01215988,173.4665793,Far North District,2018,property_damage,100,FALSE,curved_view_open,,fine,,daylight,,0,0,0,0,0,0,0,1,0,0,0,1,0,0,0,0,0,1,0,0
-44.48641898,171.1606578,Waimate District,2018,minor_injury,100,FALSE,straight,,fine,,daylight,,1,0,0,1,0,0,0,1,0,0,0,1,0,0,0,0,0,1,0,0
-41.15387528,174.8373904,Wellington City,2018,minor_injury,50,FALSE,straight,,fine,,daylight,,1,0,0,1,0,0,0,1,0,0,0,1,0,0,0,0,0,1,0,0
-38.78923897,176.0763971,Taupo District,2018,serious_injury,100,FALSE,straight,,fine,,daylight,,1,0,1,0,0,0,0,1,0,0,0,1,0,0,0,0,0,1,0,0
-37.96455805,176.8302733,Whakatane District,2018,serious_injury,50,FALSE,straight,,fine,,darkness_not_lit,,2,0,1,1,0,0,0,1,0,0,0,1,0,0,0,0,0,1,0,0
-36.7335629,174.7079528,Auckland,2018,property_damage,80,TRUE,straight,,fine,,darkness_not_lit,traffic_lights,0,0,0,0,1,0,0,2,0,0,0,0,0,0,0,0,0,2,0,0
-36.94067245,174.8432005,Auckland,2018,property_damage,50,FALSE,straight,,fine,,daylight,,0,0,0,0,1,0,0,2,0,0,0,0,0,0,0,0,0,2,0,0
-45.02020688,168.7304448,Queenstown-Lakes District,2018,property_damage,50,FALSE,straight,,fine,,darkness_not_lit,,0,0,0,0,1,0,0,2,0,0,0,0,0,0,0,0,0,2,0,0
-36.85753381,174.7305279,Auckland,2018,property_damage,50,FALSE,straight,,fine,,daylight,giveway_sign,0,0,0,0,1,0,0,2,0,0,0,0,0,0,0,0,0,2,0,0
-36.99973649,174.9036663,Auckland,2018,minor_injury,50,FALSE,straight,,fine,,daylight,,1,0,0,1,1,0,0,2,0,0,0,0,0,0,0,0,0,2,0,0
-44.99494003,168.9202665,Queenstown-Lakes District,2018,minor_injury,100,FALSE,straight,,fine,,daylight,,1,0,0,1,1,0,0,2,0,0,0,0,0,0,0,0,0,2,0,0
-36.89779835,174.8090739,Auckland,2018,property_damage,50,TRUE,straight,,fine,,daylight,stop_sign,0,0,0,0,4,0,0,0,0,0,0,0,0,0,0,0,0,3,0,0
-41.29726759,174.7878557,Wellington City,2018,property_damage,50,TRUE,straight,,rain,,darkness_not_lit,stop_sign,0,0,0,0,4,0,0,0,0,0,0,0,0,0,0,0,0,3,0,0
-41.29832766,174.7676283,Wellington City,2018,property_damage,50,FALSE,curved_view_open,,,,daylight,,0,0,0,0,4,0,0,0,0,0,0,0,0,0,0,0,0,3,0,0
-36.93014158,174.7400835,Auckland,2018,property_damage,50,FALSE,straight,,rain,,darkness_not_lit,,0,0,0,0,4,0,0,0,0,0,0,0,0,0,0,0,0,3,0,0
-36.87217911,174.7685869,Auckland,2018,property_damage,50,FALSE,straight,,fine,,daylight,,0,0,0,0,4,0,0,0,0,0,0,0,0,0,0,0,0,3,0,0
-45.85542077,170.5141514,Dunedin City,2018,property_damage,50,FALSE,straight,,fine,,darkness_not_lit,,0,0,0,0,4,0,0,0,0,0,0,0,0,0,0,0,0,3,0,0
-43.54068408,172.6564924,Christchurch City,2018,property_damage,50,FALSE,curved_view_open,,fine,,daylight,,0,0,0,0,4,0,0,0,0,0,0,0,0,0,0,0,0,3,0,0
-39.6679171,176.8672396,Hastings District,2018,property_damage,50,FALSE,curved_view_open,,fine,,daylight,,0,0,0,0,4,0,0,0,0,0,0,0,0,0,0,0,0,3,0,0
-36.89809166,174.8340282,Auckland,2018,property_damage,50,FALSE,straight,,fine,,darkness_not_lit,,0,0,0,0,4,0,0,0,0,0,0,0,0,0,0,0,0,3,0,0
-36.77277719,174.7656393,Auckland,2018,property_damage,50,FALSE,straight,,fine,,darkness_not_lit,,0,0,0,0,4,0,0,0,0,0,0,0,0,0,0,0,0,3,0,0
-36.90018327,174.9422867,Auckland,2018,property_damage,50,FALSE,curved_view_open,,mist,,darkness_not_lit,,0,0,0,0,4,0,0,0,0,0,0,0,0,0,0,0,0,3,0,0
-40.61788093,175.2916025,Horowhenua District,2018,minor_injury,50,FALSE,straight,,fine,,daylight,,1,0,0,1,4,0,0,0,0,0,0,0,0,0,0,0,0,3,0,0
-36.88340954,174.9106249,Auckland,2018,minor_injury,50,FALSE,straight,,rain,,daylight,,1,0,0,1,4,0,0,0,0,0,0,0,0,0,0,0,0,3,0,0
-36.9666714,174.8411428,Auckland,2018,property_damage,50,FALSE,curved_view_open,,fine,,darkness_not_lit,,0,0,0,0,2,0,0,1,0,0,0,0,0,0,0,0,0,2,0,0
-39.05519776,174.0761799,New Plymouth District,2018,property_damage,50,FALSE,straight,,fine,,daylight,,0,0,0,0,2,0,0,1,0,0,0,0,0,0,0,0,0,2,0,0
-37.00314932,174.8948512,Auckland,2018,property_damage,100,FALSE,straight,,fine,,daylight,,0,0,0,0,2,0,0,1,0,0,0,0,0,0,0,0,0,2,0,0
-36.9138011,174.869908,Auckland,2018,property_damage,60,TRUE,straight,,fine,,daylight,giveway_sign,0,0,0,0,2,0,0,1,0,0,0,0,0,0,0,0,0,2,0,0
-36.98038594,174.8633131,Auckland,2018,property_damage,50,FALSE,straight,,fine,,darkness_not_lit,,0,0,0,0,2,0,0,1,0,0,0,0,0,0,0,0,0,2,0,0
-36.98028064,174.8631308,Auckland,2018,property_damage,50,FALSE,straight,,fine,,darkness_not_lit,,0,0,0,0,2,0,0,1,0,0,0,0,0,0,0,0,0,2,0,0
-36.87872373,174.8565537,Auckland,2018,property_damage,50,TRUE,straight,,fine,,daylight,,0,0,0,0,2,0,0,1,0,0,0,0,0,0,0,0,0,2,0,0
-36.93067756,174.8431507,Auckland,2018,property_damage,50,FALSE,straight,,rain,,darkness_not_lit,,0,0,0,0,2,0,0,1,0,0,0,0,0,0,0,0,0,2,0,0
-36.76785885,174.756911,Auckland,2018,property_damage,50,FALSE,straight,,rain,,darkness_not_lit,,0,0,0,0,2,0,0,1,0,0,0,0,0,0,0,0,0,2,0,0
-43.48388492,172.7013078,Christchurch City,2018,property_damage,50,FALSE,curved_view_open,,fine,,daylight,,0,0,0,0,2,0,0,1,0,0,0,0,0,0,0,0,0,2,0,0
-37.00805883,175.8494598,Thames-Coromandel District,2018,property_damage,50,FALSE,curved_view_open,,rain,,daylight,,0,0,0,0,2,0,0,1,0,0,0,0,0,0,0,0,0,2,0,0
-36.87975517,174.7401847,Auckland,2018,property_damage,50,FALSE,straight,,fine,,daylight,,0,0,0,0,2,0,0,1,0,0,0,0,0,0,0,0,0,2,0,0
-36.84172367,174.6093137,Auckland,2018,property_damage,50,FALSE,straight,,rain,,darkness_not_lit,,0,0,0,0,2,0,0,1,0,0,0,0,0,0,0,0,0,2,0,0
-43.49967265,172.5395252,Christchurch City,2018,property_damage,50,FALSE,straight,,rain,,darkness_not_lit,,0,0,0,0,2,0,0,1,0,0,0,0,0,0,0,0,0,2,0,0
-41.27524447,173.289681,Nelson City,2018,property_damage,50,TRUE,straight,,fine,,daylight,,0,0,0,0,2,0,0,1,0,0,0,0,0,0,0,0,0,2,0,0
-41.14321507,174.8623414,Porirua City,2018,property_damage,50,FALSE,straight,,fine,,darkness_not_lit,,0,0,0,0,2,0,0,1,0,0,0,0,0,0,0,0,0,2,0,0
-45.89867936,170.5307841,Dunedin City,2018,property_damage,50,FALSE,curved_view_open,,fine,,darkness_not_lit,,0,0,0,0,2,0,0,1,0,0,0,0,0,0,0,0,0,2,0,0
-43.51370432,172.5825234,Christchurch City,2018,property_damage,50,FALSE,straight,,fine,,daylight,,0,0,0,0,2,0,0,1,0,0,0,0,0,0,0,0,0,2,0,0
-36.97552225,174.8492646,Auckland,2018,property_damage,50,FALSE,curved_view_open,,fine,,darkness_not_lit,,0,0,0,0,2,0,0,1,0,0,0,0,0,0,0,0,0,2,0,0
-41.21102951,174.9313211,Hutt City,2018,property_damage,50,FALSE,straight,,,,darkness_not_lit,,0,0,0,0,2,0,0,1,0,0,0,0,0,0,0,0,0,2,0,0
-36.81605292,174.7697607,Auckland,2018,property_damage,50,FALSE,straight,,fine,,darkness_not_lit,,0,0,0,0,2,0,0,1,0,0,0,0,0,0,0,0,0,2,0,0
-36.97526132,174.8492359,Auckland,2018,property_damage,50,FALSE,curved_view_open,,fine,,darkness_not_lit,,0,0,0,0,2,0,0,1,0,0,0,0,0,0,0,0,0,2,0,0
-41.29859575,174.7742045,Wellington City,2018,property_damage,50,FALSE,straight,,fine,,daylight,,0,0,0,0,2,0,0,1,0,0,0,0,0,0,0,0,0,2,0,0
-36.97255312,174.8332415,Auckland,2018,property_damage,50,FALSE,straight,,fine,,daylight,,0,0,0,0,2,0,0,1,0,0,0,0,0,0,0,0,0,2,0,0
-36.76798268,174.7570706,Auckland,2018,property_damage,50,FALSE,straight,,fine,,dawn_dusk,,0,0,0,0,2,0,0,1,0,0,0,0,0,0,0,0,0,2,0,0
-37.78279357,175.3099497,Hamilton City,2018,property_damage,50,FALSE,straight,,fine,,dawn_dusk,,0,0,0,0,2,0,0,1,0,0,0,0,0,0,0,0,0,2,0,0
-36.87776768,174.7612885,Auckland,2018,property_damage,50,TRUE,straight,,fine,,darkness_not_lit,giveway_sign,0,0,0,0,2,0,0,1,0,0,0,0,0,0,0,0,0,2,0,0
-37.76001352,175.2988549,Hamilton City,2018,property_damage,50,FALSE,straight,,fine,,darkness_not_lit,,0,0,0,0,2,0,0,1,0,0,0,0,0,0,0,0,0,2,0,0
-36.8578776,174.7029874,Auckland,2018,minor_injury,50,TRUE,straight,,fine,,darkness_not_lit,stop_sign,1,0,0,1,2,0,0,1,0,0,0,0,0,0,0,0,0,2,0,0
-36.79316146,174.7719908,Auckland,2018,minor_injury,50,FALSE,straight,,rain,,darkness_not_lit,,1,0,0,1,2,0,0,1,0,0,0,0,0,0,0,0,0,2,0,0
-36.91530618,174.8358324,Auckland,2018,minor_injury,50,FALSE,straight,,rain,,darkness_not_lit,,1,0,0,1,2,0,0,1,0,0,0,0,0,0,0,0,0,2,0,0
-36.96173905,174.8307919,Auckland,2018,minor_injury,50,FALSE,straight,,fine,,darkness_not_lit,,1,0,0,1,2,0,0,1,0,0,0,0,0,0,0,0,0,2,0,0
-36.986735,174.8463453,Auckland,2018,minor_injury,50,FALSE,straight,,fine,,darkness_not_lit,,1,0,0,1,2,0,0,1,0,0,0,0,0,0,0,0,0,2,0,0
-36.80108227,174.7360825,Auckland,2018,minor_injury,50,TRUE,straight,,fine,,darkness_not_lit,,1,0,0,1,2,0,0,1,0,0,0,0,0,0,0,0,0,2,0,0
-39.0753364,174.1070627,New Plymouth District,2018,minor_injury,50,FALSE,straight,,fine,,darkness_not_lit,,1,0,0,1,2,0,0,1,0,0,0,0,0,0,0,0,0,2,0,0
-36.87073015,174.6198843,Auckland,2018,serious_injury,50,FALSE,straight,,fine,,darkness_not_lit,,1,0,1,0,2,0,0,1,0,0,0,0,0,0,0,0,0,2,0,0
-41.14576699,174.8677281,Porirua City,2018,serious_injury,50,FALSE,straight,,fine,,daylight,,1,0,1,0,2,0,0,1,0,0,0,0,0,0,0,0,0,2,0,0
-35.41074985,174.073175,Far North District,2018,minor_injury,100,FALSE,curved_view_open,,rain,,daylight,,3,0,0,3,2,0,0,1,0,0,0,0,0,0,0,0,0,2,0,0
-36.89612723,174.6874525,Auckland,2018,property_damage,50,TRUE,straight,,fine,,darkness_not_lit,stop_sign,0,0,0,0,3,0,0,0,0,0,0,0,0,0,0,0,0,3,0,0
-36.70992313,174.7345327,Auckland,2018,property_damage,50,FALSE,straight,,fine,,darkness_not_lit,,0,0,0,0,3,0,0,0,0,0,0,0,0,0,0,0,0,3,0,0
-43.53420562,172.6432863,Christchurch City,2018,property_damage,50,FALSE,straight,,fine,,daylight,,0,0,0,0,3,0,0,0,0,0,0,0,0,0,0,0,0,3,0,0
-40.60073636,175.2785487,Horowhenua District,2018,property_damage,70,FALSE,curved_view_open,,rain,,darkness_not_lit,,0,0,0,0,3,0,0,0,0,0,0,0,0,0,0,0,0,3,0,0
-45.90269058,170.459647,Dunedin City,2018,property_damage,50,FALSE,curved_view_open,,fine,,darkness_not_lit,,0,0,0,0,3,0,0,0,0,0,0,0,0,0,0,0,0,3,0,0
-40.35437176,175.5962783,Palmerston North City,2018,property_damage,50,FALSE,straight,,fine,,darkness_not_lit,,0,0,0,0,3,0,0,0,0,0,0,0,0,0,0,0,0,3,0,0
-36.88244064,174.9109037,Auckland,2018,minor_injury,50,FALSE,straight,,fine,,darkness_not_lit,,1,0,0,1,3,0,0,0,0,0,0,0,0,0,0,0,0,3,0,0
-45.88297346,170.4727897,Dunedin City,2018,minor_injury,50,FALSE,straight,,fine,,darkness_not_lit,,1,0,0,1,3,0,0,0,0,0,0,0,0,0,0,0,0,3,0,0
-37.13637335,174.9654661,Auckland,2018,minor_injury,100,FALSE,straight,,fine,,daylight,,1,0,0,1,3,0,0,0,0,0,0,0,0,0,0,0,0,3,0,0
-36.88709909,174.8214896,Auckland,2018,minor_injury,50,FALSE,straight,,fine,,darkness_not_lit,,1,0,0,1,3,0,0,0,0,0,0,0,0,0,0,0,0,3,0,0
-36.73080002,174.7332106,Auckland,2018,minor_injury,50,FALSE,curved_view_open,,fine,,darkness_not_lit,,2,0,0,2,3,0,0,0,0,0,0,0,0,0,0,0,0,3,0,0
-35.72434766,174.3246492,Whangarei District,2018,property_damage,50,TRUE,straight,,fine,,dawn_dusk,traffic_lights,0,0,0,0,0,0,0,0,0,0,0,0,0,0,0,0,0,3,0,0
-37.7855144,175.4120088,Waikato District,2018,property_damage,80,TRUE,curved_view_open,,mist,,darkness_not_lit,giveway_sign,0,0,0,0,0,0,0,0,0,0,0,0,0,0,0,0,0,3,0,0