latitude,longitude,local_government_area,year,severity,speed_limit,intersection,road_position_horizontal,road_wet,weather,crash_type,lighting,traffic_controls,casualties,fatalities,serious_injuries,minor_injuries,car_sedan,car_utility,car_van,car_4x4,car_station_wagon,motor_cycle,truck_small,truck_large,bus,taxi,bicycle,scooter,pedestrian,inanimate,train,tram
-37.20567578,175.8650912,Thames-Coromandel District,2018,property_damage,50,TRUE,curved_view_open,,rain,,darkness_not_lit,giveway_sign,0,0,0,0,0,0,0,0,0,0,0,0,0,0,0,0,0,3,0,0
-36.85221566,174.633749,Auckland,2018,property_damage,50,FALSE,straight,,fine,,daylight,,0,0,0,0,0,0,0,0,0,0,0,0,0,0,0,0,0,3,0,0
-37.73281993,175.2096803,Waikato District,2018,property_damage,80,FALSE,straight,,fine,,daylight,,0,0,0,0,0,0,0,0,0,0,0,0,0,0,0,0,0,3,0,0
-37.88976645,175.8498624,Matamata-Piako District,2018,property_damage,100,FALSE,curved_view_open,,rain,,daylight,,0,0,0,0,0,0,0,0,0,0,0,0,0,0,0,0,0,3,0,0
-37.68032653,176.2173779,Tauranga City,2018,property_damage,50,TRUE,straight,,fine,,darkness_not_lit,,0,0,0,0,0,0,0,0,0,0,0,0,0,0,0,0,0,3,0,0
-36.77286117,174.6763654,Auckland,2018,property_damage,50,FALSE,straight,,rain,,darkness_not_lit,,0,0,0,0,0,0,0,0,0,0,0,0,0,0,0,0,0,3,0,0
-36.80146049,175.0663948,Auckland,2018,property_damage,60,FALSE,straight,,rain,,darkness_not_lit,,0,0,0,0,0,0,0,0,0,0,0,0,0,0,0,0,0,3,0,0
-36.80846838,174.5332094,Auckland,2018,property_damage,80,FALSE,curved_view_open,,fine,,daylight,,0,0,0,0,0,0,0,0,0,0,0,0,0,0,0,0,0,3,0,0
-37.25069174,175.0220983,Waikato District,2018,property_damage,50,FALSE,straight,,fine,,daylight,,0,0,0,0,0,0,0,0,0,0,0,0,0,0,0,0,0,3,0,0
-37.88041317,175.7476325,Matamata-Piako District,2018,property_damage,100,FALSE,straight,,fine,,darkness_not_lit,,0,0,0,0,0,0,0,0,0,0,0,0,0,0,0,0,0,3,0,0
-35.60557286,174.2401661,Whangarei District,2018,property_damage,100,TRUE,straight,,rain,,daylight,giveway_sign,0,0,0,0,0,0,0,0,0,0,0,0,0,0,0,0,0,3,0,0
-40.98106404,172.8176655,Tasman District,2018,property_damage,100,FALSE,straight,,rain,,darkness_not_lit,,0,0,0,0,0,0,0,0,0,0,0,0,0,0,0,0,0,3,0,0
-38.59447697,175.2195408,Waitomo District,2018,property_damage,100,FALSE,curved_view_open,,mist,,darkness_not_lit,,0,0,0,0,0,0,0,0,0,0,0,0,0,0,0,0,0,3,0,0
-37.17186315,175.5955671,Thames-Coromandel District,2018,property_damage,100,FALSE,curved_view_open,,rain,,darkness_not_lit,,0,0,0,0,0,0,0,0,0,0,0,0,0,0,0,0,0,3,0,0
-41.29824092,174.7982255,Wellington City,2018,property_damage,50,TRUE,curved_view_open,,fine,,daylight,,0,0,0,0,0,0,0,0,0,0,0,0,0,0,0,0,0,3,0,0
-41.10383489,174.8751011,Porirua City,2018,property_damage,50,FALSE,curved_view_open,,rain,,daylight,,0,0,0,0,0,0,0,0,0,0,0,0,0,0,0,0,0,3,0,0
-35.28303102,174.0914888,Far North District,2018,minor_injury,50,FALSE,curved_view_open,,fine,,daylight,,1,0,0,1,0,0,0,0,0,0,0,0,0,0,0,0,0,3,0,0
-35.73627172,174.3142866,Whangarei District,2018,minor_injury,50,FALSE,curved_view_open,,rain,,darkness_not_lit,,1,0,0,1,0,0,0,0,0,0,0,0,0,0,0,0,0,3,0,0
-38.09891313,175.2170042,Otorohanga District,2018,minor_injury,100,FALSE,curved_view_open,,fine,,dawn_dusk,,1,0,0,1,0,0,0,0,0,0,0,0,0,0,0,0,0,3,0,0
-36.79900088,174.6460341,Auckland,2018,minor_injury,50,FALSE,straight,,fine,,daylight,,1,0,0,1,0,0,0,0,0,0,0,0,0,0,0,0,0,3,0,0
-43.99332998,171.5851684,Ashburton District,2018,minor_injury,100,FALSE,straight,,fine,,daylight,,1,0,0,1,0,0,0,0,0,0,0,0,0,0,0,0,0,3,0,0
-44.96903839,170.9778912,Waitaki District,2018,minor_injury,100,FALSE,straight,,fine,,daylight,,1,0,0,1,0,0,0,0,0,0,0,0,0,0,0,0,0,3,0,0
-40.07676625,176.2129393,Tararua District,2018,serious_injury,100,TRUE,curved_view_open,,fine,,daylight,giveway_sign,2,0,2,0,0,0,0,0,0,0,0,0,0,0,0,0,0,3,0,0
-43.52659068,172.629954,Christchurch City,2018,serious_injury,30,TRUE,curved_view_open,,fine,,darkness_not_lit,traffic_lights,1,0,1,0,0,0,0,0,0,0,0,0,0,0,0,0,0,3,0,0
-37.11310781,174.9591475,Auckland,2018,serious_injury,80,FALSE,curved_view_open,,rain,,daylight,,1,0,1,0,0,0,0,0,0,0,0,0,0,0,0,0,0,3,0,0
-39.45901023,175.1565102,Ruapehu District,2018,serious_injury,100,FALSE,curved_view_open,,fine,,dawn_dusk,,1,0,1,0,0,0,0,0,0,0,0,0,0,0,0,0,0,3,0,0
-39.43307432,175.6846933,Ruapehu District,2018,serious_injury,100,FALSE,straight,,rain,,daylight,,1,0,1,0,0,0,0,0,0,0,0,0,0,0,0,0,0,3,0,0
-38.95607412,174.5202645,New Plymouth District,2018,minor_injury,100,FALSE,curved_view_open,,fine,,daylight,,3,0,0,3,0,0,0,0,0,0,0,0,0,0,0,0,0,3,0,0
-35.14218017,173.3696083,Far North District,2018,serious_injury,100,FALSE,curved_view_open,,fine,,daylight,,3,0,1,2,0,0,0,0,0,0,0,0,0,0,0,0,0,3,0,0
-38.4472389,178.273505,Gisborne District,2018,fatality,100,FALSE,curved_view_open,,rain,,daylight,,2,1,0,1,0,0,0,0,0,0,0,0,0,0,0,0,0,3,0,0
-37.53658083,175.525885,Matamata-Piako District,2018,fatality,100,FALSE,curved_view_open,,fine,,daylight,,2,2,0,0,0,0,0,0,0,0,0,0,0,0,0,0,0,3,0,0
-36.87506788,174.6276388,Auckland,2018,property_damage,50,TRUE,curved_view_open,,fine,,darkness_not_lit,traffic_lights,0,0,0,0,1,0,0,0,0,0,0,0,0,0,0,0,0,2,0,0
-35.39259586,173.5051641,Far North District,2018,property_damage,50,TRUE,straight,,fine,,darkness_not_lit,,0,0,0,0,1,0,0,0,0,0,0,0,0,0,0,0,0,2,0,0
-40.33184429,175.6364337,Palmerston North City,2018,property_damage,50,TRUE,curved_view_open,,fine,,darkness_not_lit,,0,0,0,0,1,0,0,0,0,0,0,0,0,0,0,0,0,2,0,0
-37.73725394,176.1516021,Tauranga City,2018,property_damage,100,TRUE,curved_view_open,,fine,,darkness_not_lit,giveway_sign,0,0,0,0,1,0,0,0,0,0,0,0,0,0,0,0,0,2,0,0
-36.92019727,174.7677199,Auckland,2018,property_damage,50,FALSE,straight,,rain,,darkness_not_lit,,0,0,0,0,1,0,0,0,0,0,0,0,0,0,0,0,0,2,0,0
-35.38490906,174.072161,Far North District,2018,property_damage,100,FALSE,curved_view_open,,fine,,daylight,,0,0,0,0,1,0,0,0,0,0,0,0,0,0,0,0,0,2,0,0
-41.11878023,173.0120309,Tasman District,2018,property_damage,50,FALSE,straight,,fine,,daylight,,0,0,0,0,1,0,0,0,0,0,0,0,0,0,0,0,0,2,0,0
-39.10051843,173.9912919,New Plymouth District,2018,property_damage,100,FALSE,straight,,fine,,daylight,,0,0,0,0,1,0,0,0,0,0,0,0,0,0,0,0,0,2,0,0
-39.92418438,175.0231883,Wanganui District,2018,property_damage,50,FALSE,straight,,fine,,daylight,,0,0,0,0,1,0,0,0,0,0,0,0,0,0,0,0,0,2,0,0
-42.59564825,172.5188374,Hurunui District,2018,property_damage,80,FALSE,curved_view_open,,rain,,daylight,,0,0,0,0,1,0,0,0,0,0,0,0,0,0,0,0,0,2,0,0
-39.02529078,177.4883539,Wairoa District,2018,property_damage,100,FALSE,curved_view_open,,rain,,daylight,,0,0,0,0,1,0,0,0,0,0,0,0,0,0,0,0,0,2,0,0
-36.74523662,174.7371418,Auckland,2018,property_damage,50,FALSE,straight,,fine,,darkness_not_lit,,0,0,0,0,1,0,0,0,0,0,0,0,0,0,0,0,0,2,0,0
-37.80603896,175.770743,Matamata-Piako District,2018,property_damage,50,FALSE,straight,,fine,,darkness_not_lit,,0,0,0,0,1,0,0,0,0,0,0,0,0,0,0,0,0,2,0,0
-41.22596698,174.7378079,Wellington City,2018,property_damage,60,FALSE,curved_view_open,,rain,,daylight,,0,0,0,0,1,0,0,0,0,0,0,0,0,0,0,0,0,2,0,0
-37.10945942,175.5194747,Thames-Coromandel District,2018,property_damage,50,FALSE,straight,,rain,,darkness_not_lit,,0,0,0,0,1,0,0,0,0,0,0,0,0,0,0,0,0,2,0,0
-36.95897746,174.8157656,Auckland,2018,property_damage,50,FALSE,curved_view_open,,fine,,darkness_not_lit,,0,0,0,0,1,0,0,0,0,0,0,0,0,0,0,0,0,2,0,0
-43.50632533,172.5988788,Christchurch City,2018,property_damage,50,FALSE,straight,,rain,,darkness_not_lit,,0,0,0,0,1,0,0,0,0,0,0,0,0,0,0,0,0,2,0,0
-41.18733371,174.9509536,Hutt City,2018,property_damage,50,FALSE,straight,,fine,,daylight,,0,0,0,0,1,0,0,0,0,0,0,0,0,0,0,0,0,2,0,0
-41.1705288,174.9379981,Hutt City,2018,property_damage,50,FALSE,curved_view_open,,fine,,daylight,,0,0,0,0,1,0,0,0,0,0,0,0,0,0,0,0,0,2,0,0
-38.69856541,176.0855763,Taupo District,2018,property_damage,50,FALSE,straight,,fine,,darkness_not_lit,,0,0,0,0,1,0,0,0,0,0,0,0,0,0,0,0,0,2,0,0
-37.82530542,175.7698962,Matamata-Piako District,2018,property_damage,50,FALSE,straight,,fine,,daylight,giveway_sign,0,0,0,0,1,0,0,0,0,0,0,0,0,0,0,0,0,2,0,0
-39.63935848,176.8669392,Hastings District,2018,property_damage,50,FALSE,straight,,fine,,daylight,,0,0,0,0,1,0,0,0,0,0,0,0,0,0,0,0,0,2,0,0
-36.94994859,174.9159694,Auckland,2018,property_damage,50,FALSE,straight,,rain,,darkness_not_lit,,0,0,0,0,1,0,0,0,0,0,0,0,0,0,0,0,0,2,0,0
-37.26437885,174.9387939,Waikato District,2018,property_damage,50,FALSE,curved_view_open,,fine,,daylight,,0,0,0,0,1,0,0,0,0,0,0,0,0,0,0,0,0,2,0,0
-35.69109151,174.186109,Whangarei District,2018,property_damage,100,FALSE,curved_view_open,,fine,,daylight,,0,0,0,0,1,0,0,0,0,0,0,0,0,0,0,0,0,2,0,0
-41.50785443,173.8278548,Marlborough District,2018,property_damage,50,FALSE,straight,,fine,,darkness_not_lit,,0,0,0,0,1,0,0,0,0,0,0,0,0,0,0,0,0,2,0,0
-37.71151318,176.1867455,Tauranga City,2018,minor_injury,100,TRUE,straight,,fine,,daylight,giveway_sign,1,0,0,1,1,0,0,0,0,0,0,0,0,0,0,0,0,2,0,0
-39.91478423,175.0424143,Wanganui District,2018,minor_injury,50,FALSE,curved_view_open,,rain,,darkness_not_lit,,1,0,0,1,1,0,0,0,0,0,0,0,0,0,0,0,0,2,0,0
-38.46009205,176.7042354,Whakatane District,2018,minor_injury,80,TRUE,straight,,fine,,daylight,giveway_sign,1,0,0,1,1,0,0,0,0,0,0,0,0,0,0,0,0,2,0,0
-39.67283617,176.8804044,Hastings District,2018,minor_injury,50,FALSE,curved_view_open,,fine,,daylight,,1,0,0,1,1,0,0,0,0,0,0,0,0,0,0,0,0,2,0,0
-41.03673241,174.9359111,Porirua City,2018,minor_injury,60,FALSE,curved_view_open,,fine,,darkness_not_lit,,1,0,0,1,1,0,0,0,0,0,0,0,0,0,0,0,0,2,0,0
-39.2823295,176.709785,Hastings District,2018,minor_injury,100,FALSE,curved_view_open,,fine,,daylight,,1,0,0,1,1,0,0,0,0,0,0,0,0,0,0,0,0,2,0,0
-41.28434103,174.8257978,Wellington City,2018,minor_injury,40,FALSE,curved_view_open,,rain,,darkness_not_lit,,1,0,0,1,1,0,0,0,0,0,0,0,0,0,0,0,0,2,0,0
-39.63527043,176.8579866,Hastings District,2018,minor_injury,50,FALSE,straight,,rain,,darkness_not_lit,,1,0,0,1,1,0,0,0,0,0,0,0,0,0,0,0,0,2,0,0
-45.9791586,169.2369123,Clutha District,2018,minor_injury,100,FALSE,straight,,snow,,daylight,,1,0,0,1,1,0,0,0,0,0,0,0,0,0,0,0,0,2,0,0
-43.51057976,172.7178902,Christchurch City,2018,minor_injury,50,FALSE,straight,,fine,,darkness_not_lit,,1,0,0,1,1,0,0,0,0,0,0,0,0,0,0,0,0,2,0,0
-41.14189583,175.0482501,Upper Hutt City,2018,minor_injury,80,FALSE,straight,,fine,,daylight,,1,0,0,1,1,0,0,0,0,0,0,0,0,0,0,0,0,2,0,0
-45.11426197,169.3111853,Central Otago District,2018,minor_injury,100,FALSE,straight,,fine,,daylight,,1,0,0,1,1,0,0,0,0,0,0,0,0,0,0,0,0,2,0,0
-38.03854094,175.3567023,Waipa District,2018,serious_injury,50,TRUE,straight,,fine,,daylight,giveway_sign,2,0,2,0,1,0,0,0,0,0,0,0,0,0,0,0,0,2,0,0
-39.6247938,176.7767618,Hastings District,2018,serious_injury,50,TRUE,straight,,fine,,daylight,,1,0,1,0,1,0,0,0,0,0,0,0,0,0,0,0,0,2,0,0
-40.35565199,175.5934191,Palmerston North City,2018,serious_injury,50,TRUE,straight,,rain,,darkness_not_lit,giveway_sign,1,0,1,0,1,0,0,0,0,0,0,0,0,0,0,0,0,2,0,0
-43.60130982,172.2666258,Selwyn District,2018,serious_injury,100,FALSE,straight,,fine,,darkness_not_lit,,1,0,1,0,1,0,0,0,0,0,0,0,0,0,0,0,0,2,0,0
-41.25456757,174.9517718,Hutt City,2018,minor_injury,50,TRUE,curved_view_open,,fine,,daylight,giveway_sign,2,0,0,2,1,0,0,0,0,0,0,0,0,0,0,0,0,2,0,0
-37.00340067,174.8486363,Auckland,2018,minor_injury,50,FALSE,straight,,fine,,darkness_not_lit,,2,0,0,2,1,0,0,0,0,0,0,0,0,0,0,0,0,2,0,0
-36.91914587,174.7455699,Auckland,2018,property_damage,50,TRUE,straight,,fine,,darkness_not_lit,stop_sign,0,0,0,0,2,0,0,1,0,0,0,0,0,0,0,0,0,3,0,0
-36.88472527,174.6286741,Auckland,2018,property_damage,50,FALSE,straight,,fine,,daylight,,0,0,0,0,2,0,0,1,0,0,0,0,0,0,0,0,0,3,0,0
-41.20700666,174.9305825,Hutt City,2018,property_damage,50,TRUE,straight,,fine,,darkness_not_lit,giveway_sign,0,0,0,0,2,0,0,1,0,0,0,0,0,0,0,0,0,3,0,0
-40.33283628,175.6288686,Palmerston North City,2018,serious_injury,50,FALSE,straight,,fine,,daylight,,2,0,1,1,2,0,0,1,0,0,0,0,0,0,0,0,0,3,0,0
-43.54752084,172.6426384,Christchurch City,2018,property_damage,50,TRUE,straight,,rain,,darkness_not_lit,traffic_lights,0,0,0,0,0,0,0,0,0,0,0,0,0,0,0,1,0,0,0,0
-39.50139619,176.8849991,Napier City,2018,property_damage,50,TRUE,straight,,fine,,daylight,giveway_sign,0,0,0,0,0,0,0,0,0,0,0,0,0,0,0,1,0,0,0,0
-41.28940794,174.7759857,Wellington City,2018,property_damage,50,TRUE,straight,,rain,,daylight,giveway_sign,0,0,0,0,0,0,0,0,0,0,0,0,0,0,0,1,0,0,0,0
-41.28940794,174.7759857,Wellington City,2018,property_damage,50,TRUE,straight,,rain,,daylight,giveway_sign,0,0,0,0,0,0,0,0,0,0,0,0,0,0,0,1,0,0,0,0
-37.78292131,175.252649,Hamilton City,2018,property_damage,80,TRUE,curved_view_open,,,,daylight,giveway_sign,0,0,0,0,0,0,0,0,0,0,0,0,0,0,0,1,0,0,0,0
-40.35322749,175.6146725,Palmerston North City,2018,minor_injury,50,TRUE,straight,,rain,,darkness_not_lit,traffic_lights,1,0,0,1,0,0,0,0,0,0,0,0,0,0,0,1,0,0,0,0
-37.73489268,176.1235595,Tauranga City,2018,minor_injury,70,TRUE,curved_view_open,,fine,,daylight,giveway_sign,1,0,0,1,0,0,0,0,0,0,0,0,0,0,0,1,0,0,0,0
-43.54642493,172.6799921,Christchurch City,2018,minor_injury,50,TRUE,straight,,rain,,daylight,,1,0,0,1,0,0,0,0,0,0,0,0,0,0,0,1,0,0,0,0
-36.75330921,174.7386232,Auckland,2018,minor_injury,50,TRUE,curved_view_open,,rain,,daylight,giveway_sign,1,0,0,1,0,0,0,0,0,0,0,0,0,0,0,1,0,0,0,0
-38.68292727,176.0766401,Taupo District,2018,minor_injury,50,TRUE,straight,,fine,,daylight,giveway_sign,1,0,0,1,0,0,0,0,0,0,0,0,0,0,0,1,0,0,0,0
-40.33161073,175.614991,Palmerston North City,2018,minor_injury,50,TRUE,curved_view_open,,rain,,daylight,giveway_sign,1,0,0,1,0,0,0,0,0,0,0,0,0,0,0,1,0,0,0,0
-40.36316839,175.6052594,Palmerston North City,2018,minor_injury,50,TRUE,straight,,fine,,darkness_not_lit,giveway_sign,1,0,0,1,0,0,0,0,0,0,0,0,0,0,0,1,0,0,0,0
-37.06480744,174.968431,Auckland,2018,minor_injury,50,TRUE,straight,,rain,,daylight,giveway_sign,1,0,0,1,0,0,0,0,0,0,0,0,0,0,0,1,0,0,0,0
-36.86944285,174.7123311,Auckland,2018,minor_injury,50,FALSE,straight,,fine,,dawn_dusk,,1,0,0,1,0,0,0,0,0,0,0,0,0,0,0,1,0,0,0,0
-41.29394257,173.2481403,Nelson City,2018,minor_injury,50,TRUE,straight,,fine,,daylight,giveway_sign,1,0,0,1,0,0,0,0,0,0,0,0,0,0,0,1,0,0,0,0
-38.88433461,175.2610091,Ruapehu District,2018,minor_injury,50,TRUE,straight,,mist,,darkness_not_lit,stop_sign,1,0,0,1,0,0,0,0,0,0,0,0,0,0,0,1,0,0,0,0
-40.91707875,175.0079011,Kapiti Coast District,2018,minor_injury,50,TRUE,straight,,rain,,daylight,,1,0,0,1,0,0,0,0,0,0,0,0,0,0,0,1,0,0,0,0
-37.67544696,176.1660208,Tauranga City,2018,minor_injury,50,TRUE,curved_view_open,,rain,,darkness_not_lit,giveway_sign,1,0,0,1,0,0,0,0,0,0,0,0,0,0,0,1,0,0,0,0
-43.55801909,172.7055848,Christchurch City,2018,minor_injury,50,TRUE,curved_view_open,,fine,,darkness_not_lit,traffic_lights,1,0,0,1,0,0,0,0,0,0,0,0,0,0,0,1,0,0,0,0
-45.86814081,170.5063947,Dunedin City,2018,minor_injury,50,FALSE,straight,,rain,,darkness_not_lit,,1,0,0,1,0,0,0,0,0,0,0,0,0,0,0,1,0,0,0,0
-40.36653944,175.5883253,Palmerston North City,2018,minor_injury,50,TRUE,straight,,fine,,dawn_dusk,giveway_sign,1,0,0,1,0,0,0,0,0,0,0,0,0,0,0,1,0,0,0,0
-37.68437113,176.1270608,Tauranga City,2018,minor_injury,50,TRUE,curved_view_open,,fine,,daylight,,1,0,0,1,0,0,0,0,0,0,0,0,0,0,0,1,0,0,0,0
-40.88719179,175.0021901,Kapiti Coast District,2018,minor_injury,50,TRUE,curved_view_open,,fine,,daylight,giveway_sign,1,0,0,1,0,0,0,0,0,0,0,0,0,0,0,1,0,0,0,0
-41.15067056,174.9906326,Hutt City,2018,minor_injury,80,FALSE,curved_view_open,,fine,,daylight,,1,0,0,1,0,0,0,0,0,0,0,0,0,0,0,1,0,0,0,0
-36.7964907,175.0320907,Auckland,2018,minor_injury,50,TRUE,curved_view_open,,fine,,daylight,giveway_sign,1,0,0,1,0,0,0,0,0,0,0,0,0,0,0,1,0,0,0,0
-37.10993978,174.9789505,Auckland,2018,minor_injury,80,TRUE,straight,,fine,,daylight,giveway_sign,1,0,0,1,0,0,0,0,0,0,0,0,0,0,0,1,0,0,0,0
-45.88209076,170.4833589,Dunedin City,2018,minor_injury,50,FALSE,straight,,fine,,daylight,,1,0,0,1,0,0,0,0,0,0,0,0,0,0,0,1,0,0,0,0
-37.41032589,175.6527607,Hauraki District,2018,minor_injury,100,FALSE,straight,,fine,,daylight,,1,0,0,1,0,0,0,0,0,0,0,0,0,0,0,1,0,0,0,0
-45.05279573,168.6187614,Queenstown-Lakes District,2018,minor_injury,100,FALSE,curved_view_open,,fine,,daylight,,1,0,0,1,0,0,0,0,0,0,0,0,0,0,0,1,0,0,0,0
-41.23605447,174.8091798,Wellington City,2018,minor_injury,80,FALSE,curved_view_open,,fine,,darkness_not_lit,,1,0,0,1,0,0,0,0,0,0,0,0,0,0,0,1,0,0,0,0
-41.28423486,174.7509004,Wellington City,2018,minor_injury,50,FALSE,straight,,rain,,daylight,,1,0,0,1,0,0,0,0,0,0,0,0,0,0,0,1,0,0,0,0
-36.86536888,174.7893958,Auckland,2018,minor_injury,50,FALSE,straight,,rain,,daylight,giveway_sign,1,0,0,1,0,0,0,0,0,0,0,0,0,0,0,1,0,0,0,0
-37.73880685,175.1560024,Waikato District,2018,minor_injury,10,FALSE,curved_view_open,,fine,,daylight,,1,0,0,1,0,0,0,0,0,0,0,0,0,0,0,1,0,0,0,0
-41.49350369,173.9645197,Marlborough District,2018,minor_injury,100,FALSE,straight,,fine,,daylight,,1,0,0,1,0,0,0,0,0,0,0,0,0,0,0,1,0,0,0,0
-41.21901836,174.89559,Hutt City,2018,minor_injury,50,FALSE,straight,,rain,,daylight,,1,0,0,1,0,0,0,0,0,0,0,0,0,0,0,1,0,0,0,0
-35.72784192,174.3364049,Whangarei District,2018,minor_injury,50,FALSE,curved_view_open,,rain,,daylight,,1,0,0,1,0,0,0,0,0,0,0,0,0,0,0,1,0,0,0,0
-38.66884879,178.0033357,Gisborne District,2018,minor_injury,50,FALSE,straight,,fine,,daylight,,1,0,0,1,0,0,0,0,0,0,0,0,0,0,0,1,0,0,0,0
-37.38083271,175.6711322,Hauraki District,2018,minor_injury,50,FALSE,straight,,fine,,darkness_not_lit,,1,0,0,1,0,0,0,0,0,0,0,0,0,0,0,1,0,0,0,0
-36.92062463,174.7363086,Auckland,2018,serious_injury,50,TRUE,curved_view_open,,rain,,darkness_not_lit,giveway_sign,1,0,1,0,0,0,0,0,0,0,0,0,0,0,0,1,0,0,0,0
-38.68593017,176.07824,Taupo District,2018,serious_injury,50,TRUE,straight,,fine,,darkness_not_lit,,1,0,1,0,0,0,0,0,0,0,0,0,0,0,0,1,0,0,0,0
-38.64144536,178.0069817,Gisborne District,2018,serious_injury,50,TRUE,straight,,fine,,darkness_not_lit,giveway_sign,1,0,1,0,0,0,0,0,0,0,0,0,0,0,0,1,0,0,0,0
-37.72568277,176.2232658,Western Bay Of Plenty District,2018,serious_injury,50,FALSE,curved_view_open,,fine,,dawn_dusk,,1,0,1,0,0,0,0,0,0,0,0,0,0,0,0,1,0,0,0,0
-41.34254399,173.183112,Tasman District,2018,serious_injury,50,FALSE,curved_view_open,,rain,,daylight,,1,0,1,0,0,0,0,0,0,0,0,0,0,0,0,1,0,0,0,0
-41.32087619,173.2118473,Nelson City,2018,serious_injury,50,TRUE,curved_view_open,,fine,,daylight,giveway_sign,1,0,1,0,0,0,0,0,0,0,0,0,0,0,0,1,0,0,0,0
-36.88492635,174.8191714,Auckland,2018,serious_injury,50,FALSE,curved_view_open,,fine,,darkness_not_lit,,1,0,1,0,0,0,0,0,0,0,0,0,0,0,0,1,0,0,0,0
-41.27624906,173.2767779,Nelson City,2018,serious_injury,50,FALSE,straight,,fine,,daylight,,1,0,1,0,0,0,0,0,0,0,0,0,0,0,0,1,0,0,0,0
-39.50224549,176.9098678,Napier City,2018,serious_injury,50,FALSE,straight,,fine,,darkness_not_lit,,1,0,1,0,0,0,0,0,0,0,0,0,0,0,0,1,0,0,0,0
-43.52622731,172.5534181,Christchurch City,2018,property_damage,60,TRUE,straight,,fine,,daylight,,0,0,0,0,1,0,0,0,0,0,0,0,0,0,0,1,0,1,0,0
-43.52622731,172.5534181,Christchurch City,2018,property_damage,60,TRUE,straight,,fine,,daylight,,0,0,0,0,1,0,0,0,0,0,0,0,0,0,0,1,0,1,0,0
-43.52622731,172.5534181,Christchurch City,2018,property_damage,60,TRUE,straight,,fine,,daylight,,0,0,0,0,1,0,0,0,0,0,0,0,0,0,0,1,0,1,0,0
-36.84825634,174.7625962,Auckland,2018,property_damage,10,TRUE,straight,,fine,,darkness_not_lit,traffic_lights,0,0,0,0,1,0,0,0,0,0,0,0,0,0,0,1,0,1,0,0
-36.84825634,174.7625962,Auckland,2018,property_damage,10,TRUE,straight,,fine,,darkness_not_lit,traffic_lights,0,0,0,0,1,0,0,0,0,0,0,0,0,0,0,1,0,1,0,0
-37.78702745,175.2808997,Hamilton City,2018,property_damage,30,FALSE,straight,,,,daylight,,0,0,0,0,1,0,0,0,0,0,0,0,0,0,0,1,0,1,0,0
-40.75762486,175.1479221,Kapiti Coast District,2018,property_damage,50,FALSE,straight,,fine,,daylight,,0,0,0,0,1,0,0,0,0,0,0,0,0,0,0,1,0,1,0,0
-36.86688676,174.7399937,Auckland,2018,property_damage,50,FALSE,straight,,rain,,darkness_not_lit,giveway_sign,0,0,0,0,1,0,0,0,0,0,0,0,0,0,0,1,0,1,0,0
-43.52886387,172.6121815,Christchurch City,2018,minor_injury,50,TRUE,straight,,fine,,daylight,traffic_lights,1,0,0,1,1,0,0,0,0,0,0,0,0,0,0,1,0,1,0,0
-37.67295852,176.1479259,Tauranga City,2018,minor_injury,50,FALSE,straight,,fine,,darkness_not_lit,,1,0,0,1,1,0,0,0,0,0,0,0,0,0,0,1,0,1,0,0
-43.54276424,172.6656652,Christchurch City,2018,property_damage,50,TRUE,straight,,rain,,darkness_not_lit,traffic_lights,0,0,0,0,1,0,0,1,0,0,0,0,1,0,0,0,0,0,0,0
-43.54276424,172.6656652,Christchurch City,2018,property_damage,50,TRUE,straight,,rain,,darkness_not_lit,traffic_lights,0,0,0,0,1,0,0,1,0,0,0,0,1,0,0,0,0,0,0,0
-36.83386151,174.7436744,Auckland,2018,property_damage,80,FALSE,straight,,rain,,daylight,,0,0,0,0,1,0,0,1,0,0,0,0,1,0,0,0,0,0,0,0
-36.83386151,174.7436744,Auckland,2018,property_damage,80,FALSE,straight,,rain,,daylight,,0,0,0,0,1,0,0,1,0,0,0,0,1,0,0,0,0,0,0,0
-36.73897917,174.7192834,Auckland,2018,property_damage,100,FALSE,straight,,fine,,daylight,,0,0,0,0,1,0,0,1,0,0,0,0,1,0,0,0,0,0,0,0
-36.8351848,174.7425607,Auckland,2018,property_damage,80,FALSE,straight,,fine,,daylight,,0,0,0,0,1,0,0,1,0,0,0,0,1,0,0,0,0,0,0,0
-43.53092321,172.6504589,Christchurch City,2018,property_damage,50,TRUE,curved_view_open,,fine,,darkness_not_lit,giveway_sign,0,0,0,0,0,0,0,0,0,1,0,0,0,0,0,0,0,1,0,0
-38.67979371,178.0546083,Gisborne District,2018,property_damage,50,TRUE,straight,,fine,,daylight,giveway_sign,0,0,0,0,0,0,0,0,0,1,0,0,0,0,0,0,0,1,0,0
-38.67979371,178.0546083,Gisborne District,2018,property_damage,50,TRUE,straight,,fine,,daylight,,0,0,0,0,0,0,0,0,0,1,0,0,0,0,0,0,0,1,0,0
-36.85230983,174.745058,Auckland,2018,property_damage,40,FALSE,straight,,fine,,darkness_not_lit,,0,0,0,0,0,0,0,0,0,1,0,0,0,0,0,0,0,1,0,0
-37.65390334,174.9502293,Waikato District,2018,property_damage,100,FALSE,curved_view_open,,fine,,daylight,,0,0,0,0,0,0,0,0,0,1,0,0,0,0,0,0,0,1,0,0
-39.6461615,175.7642592,Rangitikei District,2018,property_damage,100,FALSE,curved_view_open,,fine,,daylight,,0,0,0,0,0,0,0,0,0,1,0,0,0,0,0,0,0,1,0,0