latitude,longitude,local_government_area,year,severity,speed_limit,intersection,road_position_horizontal,road_wet,weather,crash_type,lighting,traffic_controls,casualties,fatalities,serious_injuries,minor_injuries,car_sedan,car_utility,car_van,car_4x4,car_station_wagon,motor_cycle,truck_small,truck_large,bus,taxi,bicycle,scooter,pedestrian,inanimate,train,tram
-36.87206335,174.646176,Auckland,2018,property_damage,50,FALSE,curved_view_open,,fine,,darkness_not_lit,,0,0,0,0,0,0,0,0,0,1,0,0,0,0,0,0,0,1,0,0
-41.11362978,175.2198954,Upper Hutt City,2018,property_damage,100,FALSE,curved_view_open,,fine,,daylight,,0,0,0,0,0,0,0,0,0,1,0,0,0,0,0,0,0,1,0,0
-42.59054675,173.098053,Hurunui District,2018,property_damage,100,FALSE,straight,,fine,,daylight,,0,0,0,0,0,0,0,0,0,1,0,0,0,0,0,0,0,1,0,0
-41.68745087,173.935581,Marlborough District,2018,property_damage,100,FALSE,curved_view_open,,fine,,darkness_not_lit,,0,0,0,0,0,0,0,0,0,1,0,0,0,0,0,0,0,1,0,0
-36.8476122,174.7725741,Auckland,2018,property_damage,50,FALSE,straight,,fine,,darkness_not_lit,,0,0,0,0,0,0,0,0,0,1,0,0,0,0,0,0,0,1,0,0
-37.72441612,175.7280946,Matamata-Piako District,2018,property_damage,100,FALSE,straight,,rain,,daylight,,0,0,0,0,0,0,0,0,0,1,0,0,0,0,0,0,0,1,0,0
-41.22184185,174.9089611,Hutt City,2018,property_damage,50,FALSE,straight,,fine,,darkness_not_lit,,0,0,0,0,0,0,0,0,0,1,0,0,0,0,0,0,0,1,0,0
-37.17560666,174.7873285,Auckland,2018,property_damage,100,FALSE,straight,,rain,,daylight,,0,0,0,0,0,0,0,0,0,1,0,0,0,0,0,0,0,1,0,0
-38.276043,176.3377909,Rotorua District,2018,property_damage,100,FALSE,straight,,rain,,daylight,,0,0,0,0,0,0,0,0,0,1,0,0,0,0,0,0,0,1,0,0
-37.63168632,175.1603132,Waikato District,2018,property_damage,100,FALSE,curved_view_open,,fine,,darkness_not_lit,,0,0,0,0,0,0,0,0,0,1,0,0,0,0,0,0,0,1,0,0
-41.94899909,174.0658601,Marlborough District,2018,property_damage,100,FALSE,curved_view_open,,fine,,daylight,,0,0,0,0,0,0,0,0,0,1,0,0,0,0,0,0,0,1,0,0
-46.43954132,168.3840875,Invercargill City,2018,property_damage,50,TRUE,curved_view_open,,fine,,darkness_not_lit,,0,0,0,0,0,0,0,0,0,1,0,0,0,0,0,0,0,1,0,0
-41.26690443,174.7855228,Wellington City,2018,minor_injury,70,TRUE,straight,,fine,,daylight,,1,0,0,1,0,0,0,0,0,1,0,0,0,0,0,0,0,1,0,0
-42.59509245,172.5645013,Hurunui District,2018,minor_injury,100,FALSE,curved_view_open,,fine,,daylight,,1,0,0,1,0,0,0,0,0,1,0,0,0,0,0,0,0,1,0,0
-39.07262629,174.0342049,New Plymouth District,2018,minor_injury,50,TRUE,curved_view_open,,fine,,darkness_not_lit,giveway_sign,1,0,0,1,0,0,0,0,0,1,0,0,0,0,0,0,0,1,0,0
-39.62217084,176.7826285,Hastings District,2018,minor_injury,50,TRUE,straight,,fine,,daylight,giveway_sign,1,0,0,1,0,0,0,0,0,1,0,0,0,0,0,0,0,1,0,0
-38.05628556,175.7848191,South Waikato District,2018,minor_injury,70,TRUE,curved_view_open,,rain,,daylight,giveway_sign,1,0,0,1,0,0,0,0,0,1,0,0,0,0,0,0,0,1,0,0
-39.62122206,176.903696,Hastings District,2018,minor_injury,100,TRUE,straight,,fine,,darkness_not_lit,giveway_sign,1,0,0,1,0,0,0,0,0,1,0,0,0,0,0,0,0,1,0,0
-39.62122206,176.903696,Hastings District,2018,minor_injury,100,TRUE,straight,,fine,,darkness_not_lit,giveway_sign,1,0,0,1,0,0,0,0,0,1,0,0,0,0,0,0,0,1,0,0
-43.48999154,172.6539971,Christchurch City,2018,minor_injury,80,TRUE,curved_view_open,,fine,,dawn_dusk,giveway_sign,1,0,0,1,0,0,0,0,0,1,0,0,0,0,0,0,0,1,0,0
-37.78957436,175.2754821,Hamilton City,2018,minor_injury,50,TRUE,curved_view_open,,rain,,daylight,giveway_sign,1,0,0,1,0,0,0,0,0,1,0,0,0,0,0,0,0,1,0,0
-36.85521245,174.7712354,Auckland,2018,minor_injury,50,TRUE,curved_view_open,,fine,,daylight,giveway_sign,1,0,0,1,0,0,0,0,0,1,0,0,0,0,0,0,0,1,0,0
-38.88416331,175.3088782,Ruapehu District,2018,minor_injury,100,TRUE,straight,,fine,,daylight,,1,0,0,1,0,0,0,0,0,1,0,0,0,0,0,0,0,1,0,0
-45.20461958,170.8074381,Waitaki District,2018,minor_injury,100,FALSE,curved_view_open,,fine,,daylight,,1,0,0,1,0,0,0,0,0,1,0,0,0,0,0,0,0,1,0,0
-41.31454845,174.811146,Wellington City,2018,minor_injury,50,FALSE,curved_view_open,,fine,,darkness_not_lit,,1,0,0,1,0,0,0,0,0,1,0,0,0,0,0,0,0,1,0,0
-36.85687056,174.7475172,Auckland,2018,minor_injury,40,FALSE,straight,,rain,,darkness_not_lit,,1,0,0,1,0,0,0,0,0,1,0,0,0,0,0,0,0,1,0,0
-37.65476712,175.1543171,Waikato District,2018,minor_injury,70,TRUE,curved_view_open,,mist,,darkness_not_lit,,1,0,0,1,0,0,0,0,0,1,0,0,0,0,0,0,0,1,0,0
-36.85669362,174.6508376,Auckland,2018,minor_injury,100,FALSE,curved_view_open,,fine,,darkness_not_lit,,1,0,0,1,0,0,0,0,0,1,0,0,0,0,0,0,0,1,0,0
-42.15394372,173.9320357,Kaikoura District,2018,minor_injury,100,FALSE,curved_view_open,,fine,,daylight,,1,0,0,1,0,0,0,0,0,1,0,0,0,0,0,0,0,1,0,0
-36.99657771,175.0078187,Auckland,2018,minor_injury,100,FALSE,curved_view_open,,rain,,daylight,,1,0,0,1,0,0,0,0,0,1,0,0,0,0,0,0,0,1,0,0
-44.08112401,170.979975,Timaru District,2018,minor_injury,100,FALSE,curved_view_open,,fine,,daylight,,1,0,0,1,0,0,0,0,0,1,0,0,0,0,0,0,0,1,0,0
-43.693318,172.4301863,Selwyn District,2018,minor_injury,100,FALSE,straight,,fine,,dawn_dusk,,1,0,0,1,0,0,0,0,0,1,0,0,0,0,0,0,0,1,0,0
-36.83550708,174.5781777,Auckland,2018,minor_injury,80,FALSE,curved_view_open,,fine,,daylight,,1,0,0,1,0,0,0,0,0,1,0,0,0,0,0,0,0,1,0,0
-41.68750999,173.934957,Marlborough District,2018,minor_injury,100,FALSE,curved_view_open,,fine,,daylight,,1,0,0,1,0,0,0,0,0,1,0,0,0,0,0,0,0,1,0,0
-37.89505599,175.633357,Matamata-Piako District,2018,minor_injury,100,FALSE,curved_view_open,,fine,,daylight,,1,0,0,1,0,0,0,0,0,1,0,0,0,0,0,0,0,1,0,0
-38.02855739,176.2163449,Rotorua District,2018,minor_injury,100,FALSE,curved_view_open,,fine,,darkness_not_lit,,1,0,0,1,0,0,0,0,0,1,0,0,0,0,0,0,0,1,0,0
-43.66685148,172.6692317,Christchurch City,2018,minor_injury,100,FALSE,curved_view_open,,fine,,daylight,,1,0,0,1,0,0,0,0,0,1,0,0,0,0,0,0,0,1,0,0
-38.87914423,174.5942469,New Plymouth District,2018,minor_injury,100,FALSE,curved_view_open,,fine,,daylight,,1,0,0,1,0,0,0,0,0,1,0,0,0,0,0,0,0,1,0,0
-35.45567646,173.4943177,Far North District,2018,minor_injury,100,FALSE,curved_view_open,,fine,,daylight,,1,0,0,1,0,0,0,0,0,1,0,0,0,0,0,0,0,1,0,0
-41.82124635,172.3294819,Tasman District,2018,minor_injury,100,FALSE,straight,,fine,,daylight,,1,0,0,1,0,0,0,0,0,1,0,0,0,0,0,0,0,1,0,0
-42.22107053,173.8565423,Kaikoura District,2018,minor_injury,100,FALSE,curved_view_open,,fine,,daylight,,1,0,0,1,0,0,0,0,0,1,0,0,0,0,0,0,0,1,0,0
-36.36724243,174.4497145,Auckland,2018,minor_injury,100,FALSE,curved_view_open,,fine,,daylight,stop_sign,1,0,0,1,0,0,0,0,0,1,0,0,0,0,0,0,0,1,0,0
-35.64663882,173.5579131,Far North District,2018,minor_injury,100,FALSE,curved_view_open,,fine,,dawn_dusk,,1,0,0,1,0,0,0,0,0,1,0,0,0,0,0,0,0,1,0,0
-44.65406801,169.285896,Queenstown-Lakes District,2018,minor_injury,50,FALSE,curved_view_open,,fine,,darkness_not_lit,,1,0,0,1,0,0,0,0,0,1,0,0,0,0,0,0,0,1,0,0
-40.37027762,175.6420656,Palmerston North City,2018,minor_injury,50,FALSE,curved_view_open,,fine,,darkness_not_lit,,1,0,0,1,0,0,0,0,0,1,0,0,0,0,0,0,0,1,0,0
-37.88619943,177.5566074,Opotiki District,2018,minor_injury,100,FALSE,curved_view_obscure,,fine,,daylight,,1,0,0,1,0,0,0,0,0,1,0,0,0,0,0,0,0,1,0,0
-37.72544813,176.0732965,Western Bay Of Plenty District,2018,minor_injury,100,FALSE,curved_view_open,,fine,,daylight,,1,0,0,1,0,0,0,0,0,1,0,0,0,0,0,0,0,1,0,0
-37.02282354,175.0509981,Auckland,2018,minor_injury,100,FALSE,curved_view_open,,fine,,daylight,,1,0,0,1,0,0,0,0,0,1,0,0,0,0,0,0,0,1,0,0
-36.79412556,175.0496341,Auckland,2018,minor_injury,50,FALSE,curved_view_open,,mist,,darkness_not_lit,,1,0,0,1,0,0,0,0,0,1,0,0,0,0,0,0,0,1,0,0
-37.80879474,176.1227665,Western Bay Of Plenty District,2018,minor_injury,100,FALSE,curved_view_open,,fine,,daylight,,1,0,0,1,0,0,0,0,0,1,0,0,0,0,0,0,0,1,0,0
-41.1022491,175.208426,Upper Hutt City,2018,minor_injury,100,FALSE,curved_view_open,,fine,,daylight,,1,0,0,1,0,0,0,0,0,1,0,0,0,0,0,0,0,1,0,0
-37.73845917,178.3598302,Gisborne District,2018,minor_injury,100,FALSE,curved_view_open,,fine,,dawn_dusk,,1,0,0,1,0,0,0,0,0,1,0,0,0,0,0,0,0,1,0,0
-37.56214302,175.4857131,Matamata-Piako District,2018,minor_injury,100,FALSE,curved_view_open,,fine,,daylight,,1,0,0,1,0,0,0,0,0,1,0,0,0,0,0,0,0,1,0,0
-36.29727121,174.5236545,Auckland,2018,minor_injury,50,FALSE,straight,,fine,,daylight,,1,0,0,1,0,0,0,0,0,1,0,0,0,0,0,0,0,1,0,0
-36.88592852,174.6322904,Auckland,2018,minor_injury,50,FALSE,straight,,rain,,darkness_not_lit,,1,0,0,1,0,0,0,0,0,1,0,0,0,0,0,0,0,1,0,0
-37.7599779,175.2484113,Hamilton City,2018,minor_injury,60,FALSE,straight,,fine,,daylight,,1,0,0,1,0,0,0,0,0,1,0,0,0,0,0,0,0,1,0,0
-46.18851053,168.8763174,Gore District,2018,minor_injury,50,TRUE,straight,,fine,,darkness_not_lit,giveway_sign,1,0,0,1,0,0,0,0,0,1,0,0,0,0,0,0,0,1,0,0
-38.99649474,174.3651971,New Plymouth District,2018,minor_injury,100,FALSE,curved_view_open,,fine,,daylight,,1,0,0,1,0,0,0,0,0,1,0,0,0,0,0,0,0,1,0,0
-36.68361785,174.6991367,Auckland,2018,minor_injury,100,FALSE,straight,,fine,,daylight,,1,0,0,1,0,0,0,0,0,1,0,0,0,0,0,0,0,1,0,0
-43.67421345,172.5496675,Selwyn District,2018,minor_injury,100,FALSE,curved_view_open,,fine,,daylight,,1,0,0,1,0,0,0,0,0,1,0,0,0,0,0,0,0,1,0,0
-38.45876013,176.7050493,Whakatane District,2018,minor_injury,50,FALSE,curved_view_open,,fine,,daylight,,1,0,0,1,0,0,0,0,0,1,0,0,0,0,0,0,0,1,0,0
-45.84759031,170.4220124,Dunedin City,2018,minor_injury,60,FALSE,curved_view_open,,fine,,daylight,,1,0,0,1,0,0,0,0,0,1,0,0,0,0,0,0,0,1,0,0
-41.15000619,175.0189618,Upper Hutt City,2018,minor_injury,50,FALSE,straight,,fine,,darkness_not_lit,,1,0,0,1,0,0,0,0,0,1,0,0,0,0,0,0,0,1,0,0
-36.95834927,175.1728723,Auckland,2018,minor_injury,100,FALSE,curved_view_open,,fine,,daylight,,1,0,0,1,0,0,0,0,0,1,0,0,0,0,0,0,0,1,0,0
-36.74093718,174.7178935,Auckland,2018,serious_injury,50,TRUE,straight,,fine,,darkness_not_lit,giveway_sign,2,0,2,0,0,0,0,0,0,1,0,0,0,0,0,0,0,1,0,0
-40.81242938,175.6224794,Masterton District,2018,serious_injury,100,FALSE,curved_view_open,,fine,,daylight,,2,0,2,0,0,0,0,0,0,1,0,0,0,0,0,0,0,1,0,0
-39.92417144,175.0372992,Wanganui District,2018,serious_injury,50,TRUE,curved_view_open,,rain,,daylight,giveway_sign,1,0,1,0,0,0,0,0,0,1,0,0,0,0,0,0,0,1,0,0
-42.89804856,173.0977794,Hurunui District,2018,serious_injury,100,FALSE,curved_view_open,,fine,,dawn_dusk,,1,0,1,0,0,0,0,0,0,1,0,0,0,0,0,0,0,1,0,0
-36.97271912,174.8405696,Auckland,2018,serious_injury,50,TRUE,curved_view_open,,fine,,daylight,giveway_sign,1,0,1,0,0,0,0,0,0,1,0,0,0,0,0,0,0,1,0,0
-36.872144,174.7018681,Auckland,2018,serious_injury,80,FALSE,curved_view_open,,fine,,daylight,,1,0,1,0,0,0,0,0,0,1,0,0,0,0,0,0,0,1,0,0
-38.51000535,174.9224902,Waitomo District,2018,serious_injury,100,FALSE,curved_view_open,,fine,,daylight,,1,0,1,0,0,0,0,0,0,1,0,0,0,0,0,0,0,1,0,0
-37.08963052,175.5166354,Thames-Coromandel District,2018,serious_injury,70,FALSE,curved_view_open,,fine,,daylight,,1,0,1,0,0,0,0,0,0,1,0,0,0,0,0,0,0,1,0,0
-36.99576005,174.9222199,Auckland,2018,serious_injury,60,FALSE,curved_view_open,,fine,,daylight,,1,0,1,0,0,0,0,0,0,1,0,0,0,0,0,0,0,1,0,0
-43.51855218,171.8402604,Selwyn District,2018,serious_injury,100,TRUE,curved_view_open,,rain,,daylight,giveway_sign,1,0,1,0,0,0,0,0,0,1,0,0,0,0,0,0,0,1,0,0
-37.03829401,174.9584821,Auckland,2018,serious_injury,100,FALSE,straight,,fine,,daylight,,1,0,1,0,0,0,0,0,0,1,0,0,0,0,0,0,0,1,0,0
-41.27293864,174.7047763,Wellington City,2018,serious_injury,50,FALSE,curved_view_open,,fine,,daylight,,1,0,1,0,0,0,0,0,0,1,0,0,0,0,0,0,0,1,0,0
-39.93469131,175.9218625,Manawatu District,2018,serious_injury,100,FALSE,curved_view_open,,fine,,daylight,,1,0,1,0,0,0,0,0,0,1,0,0,0,0,0,0,0,1,0,0
-41.18782515,172.8958889,Tasman District,2018,serious_injury,100,FALSE,curved_view_open,,fine,,daylight,,1,0,1,0,0,0,0,0,0,1,0,0,0,0,0,0,0,1,0,0
-37.1837067,174.6720896,Auckland,2018,serious_injury,100,FALSE,curved_view_open,,fine,,daylight,,1,0,1,0,0,0,0,0,0,1,0,0,0,0,0,0,0,1,0,0
-41.02631403,172.8500739,Tasman District,2018,serious_injury,100,FALSE,curved_view_open,,fine,,daylight,,1,0,1,0,0,0,0,0,0,1,0,0,0,0,0,0,0,1,0,0
-37.19509576,174.8881928,Auckland,2018,serious_injury,50,FALSE,curved_view_open,,rain,,darkness_not_lit,giveway_sign,1,0,1,0,0,0,0,0,0,1,0,0,0,0,0,0,0,1,0,0
-37.25954715,175.576962,Hauraki District,2018,serious_injury,100,FALSE,straight,,rain,,darkness_not_lit,,1,0,1,0,0,0,0,0,0,1,0,0,0,0,0,0,0,1,0,0
-45.88912157,170.3555543,Dunedin City,2018,serious_injury,50,FALSE,curved_view_open,,fine,,daylight,,1,0,1,0,0,0,0,0,0,1,0,0,0,0,0,0,0,1,0,0
-37.04268879,174.9117434,Auckland,2018,serious_injury,100,FALSE,straight,,fine,,daylight,,1,0,1,0,0,0,0,0,0,1,0,0,0,0,0,0,0,1,0,0
-38.62577962,177.891424,Gisborne District,2018,serious_injury,50,FALSE,straight,,,,dawn_dusk,,1,0,1,0,0,0,0,0,0,1,0,0,0,0,0,0,0,1,0,0
-37.6020179,175.4512832,Matamata-Piako District,2018,serious_injury,100,FALSE,straight,,fine,,darkness_not_lit,,1,0,1,0,0,0,0,0,0,1,0,0,0,0,0,0,0,1,0,0
-40.82206102,172.9027836,Tasman District,2018,serious_injury,100,FALSE,curved_view_open,,fine,,daylight,,1,0,1,0,0,0,0,0,0,1,0,0,0,0,0,0,0,1,0,0
-40.44224928,175.8170086,Tararua District,2018,serious_injury,100,FALSE,curved_view_open,,fine,,daylight,,1,0,1,0,0,0,0,0,0,1,0,0,0,0,0,0,0,1,0,0
-37.75202858,175.6788687,Matamata-Piako District,2018,serious_injury,100,FALSE,curved_view_open,,fine,,darkness_not_lit,,1,0,1,0,0,0,0,0,0,1,0,0,0,0,0,0,0,1,0,0
-36.0284584,174.5031669,Whangarei District,2018,serious_injury,50,FALSE,curved_view_open,,fine,,darkness_not_lit,,1,0,1,0,0,0,0,0,0,1,0,0,0,0,0,0,0,1,0,0
-39.24000727,174.2051833,New Plymouth District,2018,serious_injury,100,FALSE,curved_view_open,,fine,,darkness_not_lit,,1,0,1,0,0,0,0,0,0,1,0,0,0,0,0,0,0,1,0,0
-36.97412677,174.7987247,Auckland,2018,serious_injury,50,FALSE,curved_view_open,,fine,,daylight,,1,0,1,0,0,0,0,0,0,1,0,0,0,0,0,0,0,1,0,0
-39.8586006,176.713673,Central Hawkes Bay District,2018,serious_injury,100,FALSE,curved_view_open,,fine,,daylight,,1,0,1,0,0,0,0,0,0,1,0,0,0,0,0,0,0,1,0,0
-43.69047891,172.6397433,Christchurch City,2018,serious_injury,100,FALSE,curved_view_open,,fine,,daylight,,1,0,1,0,0,0,0,0,0,1,0,0,0,0,0,0,0,1,0,0
-39.69902128,176.7835619,Hastings District,2018,serious_injury,100,FALSE,curved_view_open,,fine,,dawn_dusk,,1,0,1,0,0,0,0,0,0,1,0,0,0,0,0,0,0,1,0,0
-36.45643101,174.561913,Auckland,2018,serious_injury,100,FALSE,curved_view_open,,fine,,daylight,,1,0,1,0,0,0,0,0,0,1,0,0,0,0,0,0,0,1,0,0
-41.10141309,175.2092791,Upper Hutt City,2018,serious_injury,100,FALSE,curved_view_open,,fine,,daylight,,1,0,1,0,0,0,0,0,0,1,0,0,0,0,0,0,0,1,0,0
-35.9497603,173.8461755,Kaipara District,2018,serious_injury,70,FALSE,curved_view_open,,fine,,daylight,,1,0,1,0,0,0,0,0,0,1,0,0,0,0,0,0,0,1,0,0
-43.5117306,172.5011798,Christchurch City,2018,serious_injury,100,FALSE,straight,,rain,,daylight,,1,0,1,0,0,0,0,0,0,1,0,0,0,0,0,0,0,1,0,0
-46.11596405,168.8246373,Gore District,2018,serious_injury,100,FALSE,curved_view_open,,fine,,daylight,,1,0,1,0,0,0,0,0,0,1,0,0,0,0,0,0,0,1,0,0
-37.54008614,174.9563707,Waikato District,2018,serious_injury,100,FALSE,curved_view_open,,fine,,daylight,giveway_sign,1,0,1,0,0,0,0,0,0,1,0,0,0,0,0,0,0,1,0,0
-37.79834508,175.242465,Hamilton City,2018,serious_injury,50,TRUE,straight,,fine,,daylight,giveway_sign,1,0,1,0,0,0,0,0,0,1,0,0,0,0,0,0,0,1,0,0
-40.12992671,176.2342771,Tararua District,2018,serious_injury,100,FALSE,straight,,fine,,dawn_dusk,,1,0,1,0,0,0,0,0,0,1,0,0,0,0,0,0,0,1,0,0
-41.10669813,175.2918859,South Wairarapa District,2018,serious_injury,100,FALSE,curved_view_open,,fine,,daylight,,1,0,1,0,0,0,0,0,0,1,0,0,0,0,0,0,0,1,0,0
-41.19541069,174.9548186,Hutt City,2018,serious_injury,50,TRUE,curved_view_open,,fine,,daylight,,1,0,1,0,0,0,0,0,0,1,0,0,0,0,0,0,0,1,0,0
-44.40856894,169.1856327,Queenstown-Lakes District,2018,serious_injury,100,FALSE,curved_view_open,,fine,,daylight,,1,0,1,0,0,0,0,0,0,1,0,0,0,0,0,0,0,1,0,0
-43.68967933,172.6403065,Christchurch City,2018,serious_injury,100,FALSE,curved_view_open,,fine,,daylight,,1,0,1,0,0,0,0,0,0,1,0,0,0,0,0,0,0,1,0,0
-41.06189084,174.876539,Porirua City,2018,serious_injury,100,FALSE,curved_view_open,,fine,,daylight,,1,0,1,0,0,0,0,0,0,1,0,0,0,0,0,0,0,1,0,0
-35.40676518,174.345091,Whangarei District,2018,serious_injury,100,FALSE,curved_view_open,,fine,,daylight,,1,0,1,0,0,0,0,0,0,1,0,0,0,0,0,0,0,1,0,0
-37.58335602,174.785121,Waikato District,2018,serious_injury,100,FALSE,straight,,rain,,daylight,,1,0,1,0,0,0,0,0,0,1,0,0,0,0,0,0,0,1,0,0
-35.16785002,173.1969143,Far North District,2018,serious_injury,100,FALSE,straight,,fine,,daylight,,1,0,1,0,0,0,0,0,0,1,0,0,0,0,0,0,0,1,0,0
-39.98285304,175.1703784,Wanganui District,2018,serious_injury,100,FALSE,curved_view_open,,fine,,darkness_not_lit,,1,0,1,0,0,0,0,0,0,1,0,0,0,0,0,0,0,1,0,0
-36.45852615,174.6526446,Auckland,2018,serious_injury,100,FALSE,straight,,fine,,dawn_dusk,,1,0,1,0,0,0,0,0,0,1,0,0,0,0,0,0,0,1,0,0
-39.09291911,177.2063866,Wairoa District,2018,serious_injury,100,FALSE,curved_view_open,,fine,,darkness_not_lit,,1,0,1,0,0,0,0,0,0,1,0,0,0,0,0,0,0,1,0,0
-37.60410817,175.6676393,Matamata-Piako District,2018,serious_injury,100,FALSE,straight,,mist,,darkness_not_lit,,1,0,1,0,0,0,0,0,0,1,0,0,0,0,0,0,0,1,0,0
-37.63731354,175.5113217,Matamata-Piako District,2018,serious_injury,100,FALSE,straight,,fine,,daylight,,1,0,1,0,0,0,0,0,0,1,0,0,0,0,0,0,0,1,0,0
-45.84974264,168.5167834,Southland District,2018,serious_injury,100,FALSE,curved_view_open,,fine,,darkness_not_lit,,1,0,1,0,0,0,0,0,0,1,0,0,0,0,0,0,0,1,0,0
-35.49268797,174.4642703,Whangarei District,2018,serious_injury,100,FALSE,curved_view_open,,fine,,daylight,,1,0,1,0,0,0,0,0,0,1,0,0,0,0,0,0,0,1,0,0
-45.84759031,170.4220124,Dunedin City,2018,serious_injury,60,FALSE,curved_view_open,,fine,,daylight,,1,0,1,0,0,0,0,0,0,1,0,0,0,0,0,0,0,1,0,0
-39.14382411,174.7183291,Stratford District,2018,serious_injury,100,FALSE,curved_view_open,,fine,,daylight,,1,0,1,0,0,0,0,0,0,1,0,0,0,0,0,0,0,1,0,0
-39.11483754,176.5894786,Hastings District,2018,minor_injury,100,FALSE,curved_view_open,,fine,,daylight,,2,0,0,2,0,0,0,0,0,1,0,0,0,0,0,0,0,1,0,0
-37.87572049,178.3348169,Gisborne District,2018,minor_injury,100,FALSE,straight,,rain,,daylight,,2,0,0,2,0,0,0,0,0,1,0,0,0,0,0,0,0,1,0,0
-46.07418803,168.3309511,Southland District,2018,minor_injury,100,FALSE,straight,,rain,,daylight,,2,0,0,2,0,0,0,0,0,1,0,0,0,0,0,0,0,1,0,0
-35.45601593,173.4950912,Far North District,2018,minor_injury,100,FALSE,curved_view_open,,rain,,daylight,,2,0,0,2,0,0,0,0,0,1,0,0,0,0,0,0,0,1,0,0
-41.02289837,172.8794611,Tasman District,2018,minor_injury,100,FALSE,curved_view_open,,fine,,daylight,,2,0,0,2,0,0,0,0,0,1,0,0,0,0,0,0,0,1,0,0
-38.95916456,177.3852274,Wairoa District,2018,serious_injury,100,FALSE,curved_view_open,,rain,,daylight,,2,0,1,1,0,0,0,0,0,1,0,0,0,0,0,0,0,1,0,0
-37.30810093,175.8855929,Hauraki District,2018,serious_injury,100,FALSE,curved_view_open,,fine,,darkness_not_lit,,2,0,1,1,0,0,0,0,0,1,0,0,0,0,0,0,0,1,0,0
-37.2637597,175.3765759,Hauraki District,2018,fatality,100,FALSE,curved_view_open,,fine,,darkness_not_lit,,1,1,0,0,0,0,0,0,0,1,0,0,0,0,0,0,0,1,0,0
-37.3338634,174.9883445,Waikato District,2018,fatality,70,TRUE,curved_view_open,,fine,,daylight,giveway_sign,1,1,0,0,0,0,0,0,0,1,0,0,0,0,0,0,0,1,0,0
-41.77463698,172.7721673,Tasman District,2018,fatality,100,FALSE,straight,,fine,,daylight,,1,1,0,0,0,0,0,0,0,1,0,0,0,0,0,0,0,1,0,0
-39.20932095,176.8832682,Hastings District,2018,fatality,100,FALSE,curved_view_open,,fine,,daylight,,1,1,0,0,0,0,0,0,0,1,0,0,0,0,0,0,0,1,0,0
-41.10226756,175.2084028,Upper Hutt City,2018,fatality,100,FALSE,curved_view_open,,fine,,dawn_dusk,,1,1,0,0,0,0,0,0,0,1,0,0,0,0,0,0,0,1,0,0
-36.8562738,174.6518605,Auckland,2018,property_damage,50,TRUE,straight,,fine,,daylight,traffic_lights,0,0,0,0,5,0,0,0,0,0,0,0,0,0,0,0,0,1,0,0
-36.79984298,174.7505243,Auckland,2018,property_damage,50,FALSE,straight,,rain,,darkness_not_lit,,0,0,0,0,5,0,0,0,0,0,0,0,0,0,0,0,0,1,0,0
-36.92029663,174.8430017,Auckland,2018,property_damage,100,FALSE,straight,,fine,,daylight,,0,0,0,0,5,0,0,0,0,0,0,0,0,0,0,0,0,1,0,0
-36.72596608,174.7147269,Auckland,2018,minor_injury,100,FALSE,straight,,fine,,daylight,,1,0,0,1,5,0,0,0,0,0,0,0,0,0,0,0,0,1,0,0
-36.84834474,174.7450015,Auckland,2018,serious_injury,50,FALSE,straight,,fine,,daylight,,1,0,1,0,5,0,0,0,0,0,0,0,0,0,0,0,0,1,0,0
-36.92503842,174.7857266,Auckland,2018,property_damage,50,TRUE,straight,,fine,,daylight,giveway_sign,0,0,0,0,1,0,0,0,0,0,0,0,0,0,0,0,0,3,0,0
-36.80508687,174.7253787,Auckland,2018,property_damage,50,FALSE,straight,,fine,,darkness_not_lit,,0,0,0,0,1,0,0,0,0,0,0,0,0,0,0,0,0,3,0,0
-36.80508687,174.7253787,Auckland,2018,property_damage,50,FALSE,straight,,fine,,darkness_not_lit,,0,0,0,0,1,0,0,0,0,0,0,0,0,0,0,0,0,3,0,0
-43.54571292,172.6962492,Christchurch City,2018,property_damage,70,FALSE,straight,,rain,,darkness_not_lit,,0,0,0,0,1,0,0,0,0,0,0,0,0,0,0,0,0,3,0,0
-45.98014831,170.1484249,Dunedin City,2018,property_damage,100,FALSE,straight,,fine,,daylight,,0,0,0,0,1,0,0,0,0,0,0,0,0,0,0,0,0,3,0,0
-36.92854999,174.6605034,Auckland,2018,property_damage,50,FALSE,straight,,rain,,darkness_not_lit,,0,0,0,0,1,0,0,0,0,0,0,0,0,0,0,0,0,3,0,0
-39.93200529,175.0179537,Wanganui District,2018,minor_injury,50,TRUE,straight,,rain,,daylight,giveway_sign,1,0,0,1,1,0,0,0,0,0,0,0,0,0,0,0,0,3,0,0
-36.90812264,174.6281501,Auckland,2018,serious_injury,50,TRUE,straight,,fine,,daylight,giveway_sign,1,0,1,0,1,0,0,0,0,0,0,0,0,0,0,0,0,3,0,0
-41.34666114,173.1990094,Tasman District,2018,minor_injury,50,TRUE,curved_view_open,,rain,,darkness_not_lit,,2,0,0,2,1,0,0,0,0,0,0,0,0,0,0,0,0,3,0,0
-42.4681006,173.5375633,Kaikoura District,2018,minor_injury,80,FALSE,straight,,fine,,daylight,,3,0,0,3,1,0,0,0,0,0,0,0,0,0,0,0,0,3,0,0
-36.87167426,174.696899,Auckland,2018,property_damage,100,TRUE,straight,,fine,,daylight,,0,0,0,0,0,0,0,0,0,0,0,1,0,0,0,0,0,0,0,0