latitude,longitude,local_government_area,year,severity,speed_limit,intersection,road_position_horizontal,road_wet,weather,crash_type,lighting,traffic_controls,casualties,fatalities,serious_injuries,minor_injuries,car_sedan,car_utility,car_van,car_4x4,car_station_wagon,motor_cycle,truck_small,truck_large,bus,taxi,bicycle,scooter,pedestrian,inanimate,train,tram
-37.89873895,175.4740834,Waipa District,2018,property_damage,30,FALSE,straight,,rain,,darkness_not_lit,,0,0,0,0,0,0,0,0,0,0,0,1,0,0,0,0,0,0,0,0
-43.49616629,172.5453527,Christchurch City,2018,property_damage,50,FALSE,straight,,fine,,daylight,,0,0,0,0,0,0,0,0,0,0,0,1,0,0,0,0,0,0,0,0
-36.06064532,174.4269035,Whangarei District,2018,property_damage,100,FALSE,curved_view_open,,mist,,darkness_not_lit,,0,0,0,0,0,0,0,0,0,0,0,1,0,0,0,0,0,0,0,0
-35.10883917,173.8003255,Far North District,2018,property_damage,100,FALSE,curved_view_open,,fine,,daylight,,0,0,0,0,0,0,0,0,0,0,0,1,0,0,0,0,0,0,0,0
-36.40627087,174.6565551,Auckland,2018,property_damage,60,FALSE,curved_view_open,,,,dawn_dusk,,0,0,0,0,0,0,0,0,0,0,0,1,0,0,0,0,0,0,0,0
-37.00742133,174.8897764,Auckland,2018,property_damage,60,FALSE,straight,,fine,,darkness_not_lit,,0,0,0,0,0,0,0,0,0,0,0,1,0,0,0,0,0,0,0,0
-36.86757443,174.763657,Auckland,2018,property_damage,50,FALSE,straight,,fine,,daylight,,0,0,0,0,0,0,0,0,0,0,0,1,0,0,0,0,0,0,0,0
-41.30872356,174.7774655,Wellington City,2018,property_damage,50,FALSE,straight,,fine,,daylight,,0,0,0,0,0,0,0,0,0,0,0,1,0,0,0,0,0,0,0,0
-40.36224085,175.6382071,Palmerston North City,2018,property_damage,50,TRUE,straight,,fine,,darkness_not_lit,,0,0,0,0,0,0,0,0,0,0,0,1,0,0,0,0,0,0,0,0
-37.57991411,175.15928,Waikato District,2018,minor_injury,70,FALSE,straight,,fine,,daylight,,1,0,0,1,0,0,0,0,0,0,0,1,0,0,0,0,0,0,0,0
-38.68462614,177.9416088,Gisborne District,2018,minor_injury,100,FALSE,straight,,fine,,daylight,,1,0,0,1,0,0,0,0,0,0,0,1,0,0,0,0,0,0,0,0
-37.31844007,174.936921,Waikato District,2018,minor_injury,100,FALSE,curved_view_open,,fine,,daylight,,1,0,0,1,0,0,0,0,0,0,0,1,0,0,0,0,0,0,0,0
-40.34208611,175.6014458,Palmerston North City,2018,serious_injury,20,FALSE,straight,,fine,,darkness_not_lit,,1,0,1,0,0,0,0,0,0,0,0,1,0,0,0,0,0,0,0,0
-38.13679986,176.2394485,Rotorua District,2018,property_damage,50,TRUE,curved_view_open,,fine,,daylight,stop_sign,0,0,0,0,0,0,0,0,0,0,0,0,0,1,1,0,0,0,0,0
-43.52323479,172.6335878,Christchurch City,2018,property_damage,50,TRUE,straight,,fine,,daylight,,0,0,0,0,0,0,0,0,0,0,0,0,0,1,1,0,0,0,0,0
-41.3213235,174.7752033,Wellington City,2018,property_damage,50,FALSE,straight,,fine,,daylight,,0,0,0,0,0,0,0,0,0,0,0,0,0,1,1,0,0,0,0,0
-37.02409568,174.8914597,Auckland,2018,property_damage,50,FALSE,straight,,fine,,daylight,,0,0,0,0,0,0,0,0,0,0,0,0,0,1,1,0,0,0,0,0
-41.29742234,174.7831065,Wellington City,2018,minor_injury,50,TRUE,straight,,fine,,daylight,stop_sign,1,0,0,1,0,0,0,0,0,0,0,0,0,1,1,0,0,0,0,0
-36.8015453,174.7247052,Auckland,2018,property_damage,50,TRUE,straight,,fine,,dawn_dusk,stop_sign,0,0,0,0,1,0,0,0,0,1,0,0,0,0,0,0,0,0,0,0
-36.8015453,174.7247052,Auckland,2018,property_damage,50,TRUE,straight,,fine,,dawn_dusk,stop_sign,0,0,0,0,1,0,0,0,0,1,0,0,0,0,0,0,0,0,0,0
-36.70979802,174.6669672,Auckland,2018,property_damage,80,FALSE,curved_view_open,,fine,,darkness_not_lit,,0,0,0,0,1,0,0,0,0,1,0,0,0,0,0,0,0,0,0,0
-41.29393555,174.7837519,Wellington City,2018,property_damage,50,TRUE,straight,,fine,,daylight,giveway_sign,0,0,0,0,0,0,0,0,0,0,0,0,2,0,0,0,0,0,0,0
-41.29393555,174.7837519,Wellington City,2018,property_damage,50,TRUE,straight,,fine,,daylight,giveway_sign,0,0,0,0,0,0,0,0,0,0,0,0,2,0,0,0,0,0,0,0
-43.53761838,172.4830692,Christchurch City,2018,fatality,80,FALSE,straight,,fine,,daylight,,2,1,0,1,0,0,0,0,0,0,0,0,2,0,0,0,0,0,0,0
-45.87749855,170.5017234,Dunedin City,2018,property_damage,50,TRUE,straight,,rain,,daylight,traffic_lights,0,0,0,0,0,0,0,1,0,0,0,0,0,0,1,0,0,0,0,0
-43.53819522,172.5873053,Christchurch City,2018,property_damage,60,TRUE,straight,,fine,,darkness_not_lit,traffic_lights,0,0,0,0,0,0,0,1,0,0,0,0,0,0,1,0,0,0,0,0
-43.53819522,172.5873053,Christchurch City,2018,property_damage,60,TRUE,straight,,fine,,darkness_not_lit,traffic_lights,0,0,0,0,0,0,0,1,0,0,0,0,0,0,1,0,0,0,0,0
-43.53819522,172.5873053,Christchurch City,2018,property_damage,60,TRUE,straight,,fine,,darkness_not_lit,traffic_lights,0,0,0,0,0,0,0,1,0,0,0,0,0,0,1,0,0,0,0,0
-43.54606016,172.6751663,Christchurch City,2018,property_damage,50,FALSE,straight,,fine,,daylight,,0,0,0,0,0,0,0,1,0,0,0,0,0,0,1,0,0,0,0,0
-41.31376678,174.7798485,Wellington City,2018,property_damage,40,TRUE,straight,,rain,,daylight,traffic_lights,0,0,0,0,0,0,0,1,0,0,0,0,0,0,1,0,0,0,0,0
-36.88203829,174.8093863,Auckland,2018,property_damage,50,FALSE,curved_view_open,,fine,,darkness_not_lit,,0,0,0,0,0,0,0,1,0,0,0,0,0,0,1,0,0,0,0,0
-43.30273161,172.6004912,Waimakariri District,2018,property_damage,50,TRUE,curved_view_open,,fine,,daylight,giveway_sign,0,0,0,0,0,0,0,1,0,0,0,0,0,0,1,0,0,0,0,0
-43.47469484,172.6515745,Christchurch City,2018,property_damage,80,TRUE,straight,,fine,,daylight,stop_sign,0,0,0,0,0,0,0,1,0,0,0,0,0,0,1,0,0,0,0,0
-40.35122572,175.6191398,Palmerston North City,2018,property_damage,50,TRUE,straight,,fine,,darkness_not_lit,giveway_sign,0,0,0,0,0,0,0,1,0,0,0,0,0,0,1,0,0,0,0,0
-37.77539774,175.2816207,Hamilton City,2018,property_damage,50,FALSE,straight,,,,daylight,,0,0,0,0,0,0,0,1,0,0,0,0,0,0,1,0,0,0,0,0
-44.37749525,171.2278517,Timaru District,2018,property_damage,50,TRUE,curved_view_open,,fine,,daylight,giveway_sign,0,0,0,0,0,0,0,1,0,0,0,0,0,0,1,0,0,0,0,0
-37.95087502,177.0002664,Whakatane District,2018,property_damage,50,TRUE,curved_view_open,,fine,,daylight,,0,0,0,0,0,0,0,1,0,0,0,0,0,0,1,0,0,0,0,0
-43.7323065,172.5729864,Selwyn District,2018,property_damage,100,FALSE,curved_view_open,,fine,,daylight,,0,0,0,0,0,0,0,1,0,0,0,0,0,0,1,0,0,0,0,0
-38.6649857,178.0303539,Gisborne District,2018,property_damage,50,FALSE,curved_view_open,,fine,,daylight,giveway_sign,0,0,0,0,0,0,0,1,0,0,0,0,0,0,1,0,0,0,0,0
-37.69666015,176.2833724,Tauranga City,2018,property_damage,60,FALSE,straight,,fine,,daylight,,0,0,0,0,0,0,0,1,0,0,0,0,0,0,1,0,0,0,0,0
-36.97135684,174.8574314,Auckland,2018,property_damage,50,FALSE,straight,,fine,,daylight,,0,0,0,0,0,0,0,1,0,0,0,0,0,0,1,0,0,0,0,0
-38.66866834,178.0355739,Gisborne District,2018,property_damage,50,FALSE,straight,,fine,,daylight,,0,0,0,0,0,0,0,1,0,0,0,0,0,0,1,0,0,0,0,0
-38.13200811,176.2338529,Rotorua District,2018,property_damage,60,FALSE,straight,,fine,,daylight,,0,0,0,0,0,0,0,1,0,0,0,0,0,0,1,0,0,0,0,0
-44.99694945,168.7932517,Queenstown-Lakes District,2018,property_damage,50,TRUE,straight,,fine,,daylight,giveway_sign,0,0,0,0,0,0,0,1,0,0,0,0,0,0,1,0,0,0,0,0
-36.89057803,174.7942595,Auckland,2018,minor_injury,50,TRUE,straight,,fine,,darkness_not_lit,traffic_lights,1,0,0,1,0,0,0,1,0,0,0,0,0,0,1,0,0,0,0,0
-35.70819835,174.3215853,Whangarei District,2018,minor_injury,50,TRUE,straight,,fine,,daylight,traffic_lights,1,0,0,1,0,0,0,1,0,0,0,0,0,0,1,0,0,0,0,0
-36.78977494,174.7208775,Auckland,2018,minor_injury,50,TRUE,straight,,fine,,daylight,giveway_sign,1,0,0,1,0,0,0,1,0,0,0,0,0,0,1,0,0,0,0,0
-36.78977494,174.7208775,Auckland,2018,minor_injury,50,TRUE,straight,,fine,,daylight,giveway_sign,1,0,0,1,0,0,0,1,0,0,0,0,0,0,1,0,0,0,0,0
-36.78977494,174.7208775,Auckland,2018,minor_injury,50,TRUE,straight,,fine,,daylight,giveway_sign,1,0,0,1,0,0,0,1,0,0,0,0,0,0,1,0,0,0,0,0
-37.78270876,175.2893734,Hamilton City,2018,minor_injury,50,TRUE,curved_view_open,,fine,,daylight,giveway_sign,1,0,0,1,0,0,0,1,0,0,0,0,0,0,1,0,0,0,0,0
-39.50972626,176.8987303,Napier City,2018,minor_injury,50,TRUE,straight,,fine,,daylight,giveway_sign,1,0,0,1,0,0,0,1,0,0,0,0,0,0,1,0,0,0,0,0
-45.88076113,170.4998631,Dunedin City,2018,minor_injury,50,TRUE,straight,,fine,,daylight,,1,0,0,1,0,0,0,1,0,0,0,0,0,0,1,0,0,0,0,0
-39.03574092,174.1417992,New Plymouth District,2018,minor_injury,50,TRUE,curved_view_open,,fine,,daylight,giveway_sign,1,0,0,1,0,0,0,1,0,0,0,0,0,0,1,0,0,0,0,0
-39.62936828,176.8750944,Hastings District,2018,minor_injury,80,TRUE,curved_view_open,,fine,,daylight,giveway_sign,1,0,0,1,0,0,0,1,0,0,0,0,0,0,1,0,0,0,0,0
-39.92567656,175.0398245,Wanganui District,2018,minor_injury,50,FALSE,straight,,fine,,daylight,,1,0,0,1,0,0,0,1,0,0,0,0,0,0,1,0,0,0,0,0
-36.81802535,174.616721,Auckland,2018,minor_injury,50,TRUE,straight,,fine,,daylight,giveway_sign,1,0,0,1,0,0,0,1,0,0,0,0,0,0,1,0,0,0,0,0
-38.66490981,178.0237564,Gisborne District,2018,minor_injury,50,TRUE,straight,,fine,,daylight,giveway_sign,1,0,0,1,0,0,0,1,0,0,0,0,0,0,1,0,0,0,0,0
-39.67062911,176.8758404,Hastings District,2018,minor_injury,50,TRUE,straight,,fine,,daylight,giveway_sign,1,0,0,1,0,0,0,1,0,0,0,0,0,0,1,0,0,0,0,0
-41.22337586,174.8237903,Wellington City,2018,minor_injury,50,TRUE,curved_view_open,,fine,,daylight,giveway_sign,1,0,0,1,0,0,0,1,0,0,0,0,0,0,1,0,0,0,0,0
-41.22524062,174.8072113,Wellington City,2018,minor_injury,50,TRUE,straight,,fine,,daylight,giveway_sign,1,0,0,1,0,0,0,1,0,0,0,0,0,0,1,0,0,0,0,0
-40.28155122,175.6298318,Palmerston North City,2018,minor_injury,50,TRUE,curved_view_open,,fine,,daylight,giveway_sign,1,0,0,1,0,0,0,1,0,0,0,0,0,0,1,0,0,0,0,0
-40.35344154,175.6207327,Palmerston North City,2018,minor_injury,50,TRUE,straight,,rain,,darkness_not_lit,giveway_sign,1,0,0,1,0,0,0,1,0,0,0,0,0,0,1,0,0,0,0,0
-40.35344154,175.6207327,Palmerston North City,2018,minor_injury,50,TRUE,straight,,rain,,darkness_not_lit,giveway_sign,1,0,0,1,0,0,0,1,0,0,0,0,0,0,1,0,0,0,0,0
-37.68168964,176.1663998,Tauranga City,2018,minor_injury,50,TRUE,straight,,fine,,daylight,giveway_sign,1,0,0,1,0,0,0,1,0,0,0,0,0,0,1,0,0,0,0,0
-37.89337679,175.4685368,Waipa District,2018,minor_injury,50,TRUE,straight,,rain,,daylight,giveway_sign,1,0,0,1,0,0,0,1,0,0,0,0,0,0,1,0,0,0,0,0
-36.92054372,174.7873281,Auckland,2018,minor_injury,50,TRUE,curved_view_open,,fine,,dawn_dusk,stop_sign,1,0,0,1,0,0,0,1,0,0,0,0,0,0,1,0,0,0,0,0
-35.68486697,174.2941041,Whangarei District,2018,minor_injury,50,TRUE,curved_view_open,,fine,,daylight,giveway_sign,1,0,0,1,0,0,0,1,0,0,0,0,0,0,1,0,0,0,0,0
-36.90435127,174.9381837,Auckland,2018,minor_injury,50,FALSE,straight,,rain,,daylight,,1,0,0,1,0,0,0,1,0,0,0,0,0,0,1,0,0,0,0,0
-37.7545966,175.2757038,Hamilton City,2018,minor_injury,50,FALSE,straight,,fine,,daylight,,1,0,0,1,0,0,0,1,0,0,0,0,0,0,1,0,0,0,0,0
-39.50531191,176.8947395,Napier City,2018,minor_injury,50,FALSE,straight,,rain,,daylight,,1,0,0,1,0,0,0,1,0,0,0,0,0,0,1,0,0,0,0,0
-36.80132834,174.7475879,Auckland,2018,minor_injury,50,FALSE,straight,,fine,,daylight,,1,0,0,1,0,0,0,1,0,0,0,0,0,0,1,0,0,0,0,0
-40.36161279,175.6087321,Palmerston North City,2018,minor_injury,50,FALSE,straight,,fine,,daylight,,1,0,0,1,0,0,0,1,0,0,0,0,0,0,1,0,0,0,0,0
-37.71922059,176.1655482,Tauranga City,2018,minor_injury,70,FALSE,straight,,fine,,daylight,,1,0,0,1,0,0,0,1,0,0,0,0,0,0,1,0,0,0,0,0
-41.31517986,174.7828259,Wellington City,2018,minor_injury,40,TRUE,straight,,rain,,darkness_not_lit,giveway_sign,1,0,0,1,0,0,0,1,0,0,0,0,0,0,1,0,0,0,0,0
-36.86609176,174.6471584,Auckland,2018,minor_injury,50,FALSE,straight,,fine,,daylight,,1,0,0,1,0,0,0,1,0,0,0,0,0,0,1,0,0,0,0,0
-43.58007398,172.6026255,Christchurch City,2018,minor_injury,50,TRUE,curved_view_open,,fine,,daylight,giveway_sign,1,0,0,1,0,0,0,1,0,0,0,0,0,0,1,0,0,0,0,0
-45.86646433,170.5095876,Dunedin City,2018,serious_injury,50,TRUE,straight,,rain,,daylight,traffic_lights,1,0,1,0,0,0,0,1,0,0,0,0,0,0,1,0,0,0,0,0
-43.50989955,172.6065131,Christchurch City,2018,serious_injury,50,TRUE,straight,,fine,,daylight,giveway_sign,1,0,1,0,0,0,0,1,0,0,0,0,0,0,1,0,0,0,0,0
-36.94109883,174.787011,Auckland,2018,serious_injury,50,TRUE,curved_view_open,,fine,,dawn_dusk,giveway_sign,1,0,1,0,0,0,0,1,0,0,0,0,0,0,1,0,0,0,0,0
-39.50685907,176.8670497,Napier City,2018,serious_injury,50,TRUE,curved_view_open,,fine,,daylight,giveway_sign,1,0,1,0,0,0,0,1,0,0,0,0,0,0,1,0,0,0,0,0
-43.30191124,172.5900414,Waimakariri District,2018,serious_injury,50,TRUE,straight,,fine,,daylight,giveway_sign,1,0,1,0,0,0,0,1,0,0,0,0,0,0,1,0,0,0,0,0
-36.95771804,174.8337842,Auckland,2018,serious_injury,50,TRUE,straight,,fine,,daylight,traffic_lights,1,0,1,0,0,0,0,1,0,0,0,0,0,0,1,0,0,0,0,0
-36.95771804,174.8337842,Auckland,2018,serious_injury,50,TRUE,straight,,fine,,daylight,traffic_lights,1,0,1,0,0,0,0,1,0,0,0,0,0,0,1,0,0,0,0,0
-41.20826915,174.9088884,Hutt City,2018,serious_injury,50,TRUE,straight,,rain,,daylight,giveway_sign,1,0,1,0,0,0,0,1,0,0,0,0,0,0,1,0,0,0,0,0
-37.25947883,174.7826787,Waikato District,2018,serious_injury,100,FALSE,straight,,fine,,daylight,,1,0,1,0,0,0,0,1,0,0,0,0,0,0,1,0,0,0,0,0
-39.62183344,176.8141134,Hastings District,2018,fatality,100,FALSE,straight,,fine,,daylight,,1,1,0,0,0,0,0,1,0,0,0,0,0,0,1,0,0,0,0,0
-43.51972445,172.5790544,Christchurch City,2018,property_damage,50,TRUE,straight,,fine,,darkness_not_lit,traffic_lights,0,0,0,0,3,0,0,0,0,0,0,0,0,0,0,0,0,2,0,0
-39.63444033,176.8371249,Hastings District,2018,property_damage,50,TRUE,straight,,fine,,dawn_dusk,giveway_sign,0,0,0,0,3,0,0,0,0,0,0,0,0,0,0,0,0,2,0,0
-41.2751674,173.2807972,Nelson City,2018,property_damage,50,TRUE,straight,,fine,,darkness_not_lit,traffic_lights,0,0,0,0,3,0,0,0,0,0,0,0,0,0,0,0,0,2,0,0
-36.75330921,174.7386232,Auckland,2018,property_damage,50,TRUE,straight,,rain,,daylight,giveway_sign,0,0,0,0,3,0,0,0,0,0,0,0,0,0,0,0,0,2,0,0
-36.85171909,174.7800264,Auckland,2018,property_damage,50,FALSE,straight,,fine,,daylight,,0,0,0,0,3,0,0,0,0,0,0,0,0,0,0,0,0,2,0,0
-36.87440764,174.7702539,Auckland,2018,property_damage,50,TRUE,straight,,fine,,daylight,stop_sign,0,0,0,0,3,0,0,0,0,0,0,0,0,0,0,0,0,2,0,0
-36.92026925,174.7054744,Auckland,2018,property_damage,50,FALSE,straight,,rain,,darkness_not_lit,,0,0,0,0,3,0,0,0,0,0,0,0,0,0,0,0,0,2,0,0
-36.85404319,174.6371865,Auckland,2018,property_damage,50,FALSE,curved_view_open,,fine,,daylight,,0,0,0,0,3,0,0,0,0,0,0,0,0,0,0,0,0,2,0,0
-36.85007603,174.7590154,Auckland,2018,property_damage,50,FALSE,straight,,fine,,dawn_dusk,,0,0,0,0,3,0,0,0,0,0,0,0,0,0,0,0,0,2,0,0
-43.49193455,172.6034883,Christchurch City,2018,property_damage,50,TRUE,straight,,fine,,daylight,giveway_sign,0,0,0,0,3,0,0,0,0,0,0,0,0,0,0,0,0,2,0,0
-41.29875929,174.7741134,Wellington City,2018,property_damage,50,FALSE,straight,,fine,,daylight,,0,0,0,0,3,0,0,0,0,0,0,0,0,0,0,0,0,2,0,0
-43.52190576,172.610172,Christchurch City,2018,property_damage,50,TRUE,straight,,fine,,darkness_not_lit,giveway_sign,0,0,0,0,3,0,0,0,0,0,0,0,0,0,0,0,0,2,0,0
-36.90802878,174.6667592,Auckland,2018,property_damage,50,FALSE,straight,,fine,,daylight,,0,0,0,0,3,0,0,0,0,0,0,0,0,0,0,0,0,2,0,0
-37.68168964,176.1663998,Tauranga City,2018,property_damage,50,TRUE,straight,,fine,,daylight,giveway_sign,0,0,0,0,3,0,0,0,0,0,0,0,0,0,0,0,0,2,0,0
-36.84782859,174.8378397,Auckland,2018,property_damage,50,FALSE,straight,,fine,,darkness_not_lit,,0,0,0,0,3,0,0,0,0,0,0,0,0,0,0,0,0,2,0,0
-36.88348943,174.748595,Auckland,2018,property_damage,50,TRUE,straight,,fine,,darkness_not_lit,stop_sign,0,0,0,0,3,0,0,0,0,0,0,0,0,0,0,0,0,2,0,0
-43.55067231,172.6855405,Christchurch City,2018,property_damage,50,FALSE,straight,,fine,,daylight,,0,0,0,0,3,0,0,0,0,0,0,0,0,0,0,0,0,2,0,0
-36.92324413,174.811359,Auckland,2018,property_damage,50,FALSE,straight,,fine,,daylight,,0,0,0,0,3,0,0,0,0,0,0,0,0,0,0,0,0,2,0,0
-43.55225151,172.5358319,Christchurch City,2018,property_damage,50,TRUE,straight,,fine,,dawn_dusk,giveway_sign,0,0,0,0,3,0,0,0,0,0,0,0,0,0,0,0,0,2,0,0
-36.87270041,174.8480387,Auckland,2018,property_damage,50,FALSE,curved_view_open,,rain,,darkness_not_lit,,0,0,0,0,3,0,0,0,0,0,0,0,0,0,0,0,0,2,0,0
-36.71830713,174.7245214,Auckland,2018,property_damage,50,FALSE,straight,,fine,,daylight,,0,0,0,0,3,0,0,0,0,0,0,0,0,0,0,0,0,2,0,0
-36.35383763,174.7163893,Auckland,2018,property_damage,50,FALSE,straight,,fine,,daylight,,0,0,0,0,3,0,0,0,0,0,0,0,0,0,0,0,0,2,0,0
-39.50695364,176.8779841,Napier City,2018,property_damage,50,FALSE,straight,,fine,,daylight,,0,0,0,0,3,0,0,0,0,0,0,0,0,0,0,0,0,2,0,0
-37.77268353,175.2399297,Hamilton City,2018,property_damage,50,FALSE,straight,,fine,,darkness_not_lit,,0,0,0,0,3,0,0,0,0,0,0,0,0,0,0,0,0,2,0,0
-36.75861993,174.7397401,Auckland,2018,property_damage,50,FALSE,curved_view_open,,fine,,daylight,,0,0,0,0,3,0,0,0,0,0,0,0,0,0,0,0,0,2,0,0
-36.88097861,174.7513877,Auckland,2018,property_damage,50,FALSE,straight,,fine,,darkness_not_lit,,0,0,0,0,3,0,0,0,0,0,0,0,0,0,0,0,0,2,0,0
-41.23983905,174.9165014,Hutt City,2018,property_damage,50,FALSE,straight,,fine,,daylight,,0,0,0,0,3,0,0,0,0,0,0,0,0,0,0,0,0,2,0,0
-36.9171282,174.6792155,Auckland,2018,property_damage,50,FALSE,straight,,fine,,daylight,,0,0,0,0,3,0,0,0,0,0,0,0,0,0,0,0,0,2,0,0
-38.13566367,176.2960999,Rotorua District,2018,property_damage,50,TRUE,straight,,rain,,daylight,,0,0,0,0,3,0,0,0,0,0,0,0,0,0,0,0,0,2,0,0
-36.8125255,174.7946217,Auckland,2018,property_damage,50,FALSE,straight,,fine,,darkness_not_lit,,0,0,0,0,3,0,0,0,0,0,0,0,0,0,0,0,0,2,0,0
-36.87882529,174.7501043,Auckland,2018,property_damage,50,FALSE,straight,,fine,,daylight,,0,0,0,0,3,0,0,0,0,0,0,0,0,0,0,0,0,2,0,0
-36.87665666,174.6175636,Auckland,2018,property_damage,50,FALSE,curved_view_open,,fine,,daylight,,0,0,0,0,3,0,0,0,0,0,0,0,0,0,0,0,0,2,0,0
-36.86300127,174.7283068,Auckland,2018,property_damage,50,FALSE,straight,,fine,,darkness_not_lit,,0,0,0,0,3,0,0,0,0,0,0,0,0,0,0,0,0,2,0,0
-39.49982357,176.9173234,Napier City,2018,property_damage,50,FALSE,straight,,fine,,daylight,,0,0,0,0,3,0,0,0,0,0,0,0,0,0,0,0,0,2,0,0
-36.89716732,174.8546662,Auckland,2018,property_damage,50,FALSE,straight,,fine,,daylight,,0,0,0,0,3,0,0,0,0,0,0,0,0,0,0,0,0,2,0,0
-45.88148357,170.489714,Dunedin City,2018,property_damage,50,FALSE,straight,,fine,,darkness_not_lit,giveway_sign,0,0,0,0,3,0,0,0,0,0,0,0,0,0,0,0,0,2,0,0
-41.31144413,173.2355192,Nelson City,2018,property_damage,50,FALSE,straight,,rain,,daylight,,0,0,0,0,3,0,0,0,0,0,0,0,0,0,0,0,0,2,0,0
-45.84312767,170.5429419,Dunedin City,2018,property_damage,50,FALSE,curved_view_open,,fine,,daylight,,0,0,0,0,3,0,0,0,0,0,0,0,0,0,0,0,0,2,0,0
-36.80229385,174.6914212,Auckland,2018,property_damage,50,FALSE,straight,,rain,,darkness_not_lit,,0,0,0,0,3,0,0,0,0,0,0,0,0,0,0,0,0,2,0,0
-45.88034541,170.4928067,Dunedin City,2018,property_damage,50,FALSE,straight,,fine,,daylight,,0,0,0,0,3,0,0,0,0,0,0,0,0,0,0,0,0,2,0,0
-36.79025503,174.6918176,Auckland,2018,property_damage,50,FALSE,straight,,fine,,darkness_not_lit,,0,0,0,0,3,0,0,0,0,0,0,0,0,0,0,0,0,2,0,0
-36.87116333,174.794254,Auckland,2018,property_damage,50,FALSE,straight,,fine,,darkness_not_lit,,0,0,0,0,3,0,0,0,0,0,0,0,0,0,0,0,0,2,0,0
-43.53612958,172.5963669,Christchurch City,2018,property_damage,50,FALSE,straight,,fine,,dawn_dusk,,0,0,0,0,3,0,0,0,0,0,0,0,0,0,0,0,0,2,0,0
-39.65511801,176.9048942,Hastings District,2018,property_damage,100,FALSE,straight,,rain,,darkness_not_lit,,0,0,0,0,3,0,0,0,0,0,0,0,0,0,0,0,0,2,0,0
-46.40968888,168.3414438,Invercargill City,2018,property_damage,50,FALSE,straight,,rain,,daylight,,0,0,0,0,3,0,0,0,0,0,0,0,0,0,0,0,0,2,0,0
-40.36617764,175.6020309,Palmerston North City,2018,property_damage,50,FALSE,straight,,rain,,darkness_not_lit,,0,0,0,0,3,0,0,0,0,0,0,0,0,0,0,0,0,2,0,0
-36.70455585,174.7323411,Auckland,2018,property_damage,50,FALSE,straight,,rain,,darkness_not_lit,,0,0,0,0,3,0,0,0,0,0,0,0,0,0,0,0,0,2,0,0
-36.77027838,174.7603049,Auckland,2018,property_damage,50,TRUE,curved_view_open,,fine,,daylight,,0,0,0,0,3,0,0,0,0,0,0,0,0,0,0,0,0,2,0,0
-36.90898789,174.7245849,Auckland,2018,property_damage,50,FALSE,straight,,fine,,darkness_not_lit,,0,0,0,0,3,0,0,0,0,0,0,0,0,0,0,0,0,2,0,0
-39.0641867,174.0459176,New Plymouth District,2018,property_damage,50,FALSE,straight,,fine,,daylight,,0,0,0,0,3,0,0,0,0,0,0,0,0,0,0,0,0,2,0,0
-41.31395005,174.7656133,Wellington City,2018,property_damage,50,FALSE,straight,,fine,,darkness_not_lit,,0,0,0,0,3,0,0,0,0,0,0,0,0,0,0,0,0,2,0,0
-37.04817541,174.9352242,Auckland,2018,property_damage,50,TRUE,curved_view_open,,fine,,daylight,giveway_sign,0,0,0,0,3,0,0,0,0,0,0,0,0,0,0,0,0,2,0,0
-35.726753,174.3223561,Whangarei District,2018,property_damage,50,FALSE,straight,,fine,,daylight,,0,0,0,0,3,0,0,0,0,0,0,0,0,0,0,0,0,2,0,0
-43.52521791,172.6635965,Christchurch City,2018,property_damage,50,FALSE,straight,,fine,,daylight,,0,0,0,0,3,0,0,0,0,0,0,0,0,0,0,0,0,2,0,0
-41.2747513,173.2777985,Nelson City,2018,property_damage,50,FALSE,straight,,fine,,daylight,giveway_sign,0,0,0,0,3,0,0,0,0,0,0,0,0,0,0,0,0,2,0,0
-37.78577641,175.310406,Hamilton City,2018,property_damage,50,FALSE,straight,,mist,,darkness_not_lit,,0,0,0,0,3,0,0,0,0,0,0,0,0,0,0,0,0,2,0,0
-37.03563968,174.9290599,Auckland,2018,property_damage,50,FALSE,straight,,,,daylight,,0,0,0,0,3,0,0,0,0,0,0,0,0,0,0,0,0,2,0,0
-36.8520545,174.7205344,Auckland,2018,property_damage,50,FALSE,curved_view_open,,fine,,darkness_not_lit,giveway_sign,0,0,0,0,3,0,0,0,0,0,0,0,0,0,0,0,0,2,0,0
-37.70465519,176.1529868,Tauranga City,2018,property_damage,50,FALSE,straight,,rain,,darkness_not_lit,,0,0,0,0,3,0,0,0,0,0,0,0,0,0,0,0,0,2,0,0
-36.89669357,174.8235581,Auckland,2018,property_damage,50,FALSE,straight,,fine,,darkness_not_lit,,0,0,0,0,3,0,0,0,0,0,0,0,0,0,0,0,0,2,0,0
-37.79119956,175.3026716,Hamilton City,2018,property_damage,40,FALSE,straight,,fine,,daylight,,0,0,0,0,3,0,0,0,0,0,0,0,0,0,0,0,0,2,0,0
-45.09087872,170.9743318,Waitaki District,2018,property_damage,50,FALSE,straight,,fine,,daylight,,0,0,0,0,3,0,0,0,0,0,0,0,0,0,0,0,0,2,0,0
-37.80456227,175.2786452,Hamilton City,2018,property_damage,50,FALSE,curved_view_open,,fine,,daylight,,0,0,0,0,3,0,0,0,0,0,0,0,0,0,0,0,0,2,0,0
-36.91200387,174.8325542,Auckland,2018,property_damage,50,TRUE,straight,,fine,,darkness_not_lit,,0,0,0,0,3,0,0,0,0,0,0,0,0,0,0,0,0,2,0,0
-39.51538809,176.898024,Napier City,2018,property_damage,50,FALSE,curved_view_open,,fine,,darkness_not_lit,,0,0,0,0,3,0,0,0,0,0,0,0,0,0,0,0,0,2,0,0