latitude,longitude,local_government_area,year,severity,speed_limit,intersection,road_position_horizontal,road_wet,weather,crash_type,lighting,traffic_controls,casualties,fatalities,serious_injuries,minor_injuries,car_sedan,car_utility,car_van,car_4x4,car_station_wagon,motor_cycle,truck_small,truck_large,bus,taxi,bicycle,scooter,pedestrian,inanimate,train,tram
-36.8498726,174.7538741,Auckland,2018,property_damage,80,FALSE,curved_view_open,,fine,,daylight,,0,0,0,0,3,0,0,0,0,0,0,0,0,0,0,0,0,2,0,0
-36.89724531,174.6424073,Auckland,2018,property_damage,50,FALSE,straight,,fine,,darkness_not_lit,,0,0,0,0,3,0,0,0,0,0,0,0,0,0,0,0,0,2,0,0
-41.11745074,175.0593288,Upper Hutt City,2018,property_damage,50,FALSE,straight,,rain,,darkness_not_lit,,0,0,0,0,3,0,0,0,0,0,0,0,0,0,0,0,0,2,0,0
-36.72520596,174.7249108,Auckland,2018,property_damage,50,FALSE,straight,,mist,,darkness_not_lit,,0,0,0,0,3,0,0,0,0,0,0,0,0,0,0,0,0,2,0,0
-40.35718157,175.6270004,Palmerston North City,2018,property_damage,50,FALSE,straight,,fine,,daylight,,0,0,0,0,3,0,0,0,0,0,0,0,0,0,0,0,0,2,0,0
-36.90219453,174.8628685,Auckland,2018,property_damage,50,FALSE,straight,,fine,,daylight,,0,0,0,0,3,0,0,0,0,0,0,0,0,0,0,0,0,2,0,0
-43.51782838,172.5752196,Christchurch City,2018,property_damage,50,FALSE,curved_view_open,,rain,,dawn_dusk,,0,0,0,0,3,0,0,0,0,0,0,0,0,0,0,0,0,2,0,0
-40.21073354,175.5696249,Manawatu District,2018,property_damage,50,TRUE,straight,,fine,,daylight,,0,0,0,0,3,0,0,0,0,0,0,0,0,0,0,0,0,2,0,0
-37.19104554,174.8985576,Auckland,2018,property_damage,50,TRUE,straight,,fine,,daylight,giveway_sign,0,0,0,0,3,0,0,0,0,0,0,0,0,0,0,0,0,2,0,0
-36.91610223,174.7088053,Auckland,2018,property_damage,50,FALSE,straight,,rain,,darkness_not_lit,,0,0,0,0,3,0,0,0,0,0,0,0,0,0,0,0,0,2,0,0
-37.77732401,176.3074631,Western Bay Of Plenty District,2018,property_damage,50,FALSE,straight,,fine,,darkness_not_lit,,0,0,0,0,3,0,0,0,0,0,0,0,0,0,0,0,0,2,0,0
-36.98306858,174.8732539,Auckland,2018,property_damage,50,FALSE,straight,,fine,,darkness_not_lit,,0,0,0,0,3,0,0,0,0,0,0,0,0,0,0,0,0,2,0,0
-36.90343792,174.9394737,Auckland,2018,property_damage,50,FALSE,straight,,fine,,darkness_not_lit,,0,0,0,0,3,0,0,0,0,0,0,0,0,0,0,0,0,2,0,0
-37.02927072,174.8565591,Auckland,2018,property_damage,50,FALSE,straight,,fine,,darkness_not_lit,,0,0,0,0,3,0,0,0,0,0,0,0,0,0,0,0,0,2,0,0
-43.56729001,172.6300393,Christchurch City,2018,minor_injury,50,TRUE,straight,,fine,,darkness_not_lit,giveway_sign,1,0,0,1,3,0,0,0,0,0,0,0,0,0,0,0,0,2,0,0
-36.86813334,174.7763576,Auckland,2018,minor_injury,50,TRUE,straight,,rain,,daylight,,1,0,0,1,3,0,0,0,0,0,0,0,0,0,0,0,0,2,0,0
-36.77786978,174.7577333,Auckland,2018,minor_injury,50,FALSE,straight,,fine,,daylight,,1,0,0,1,3,0,0,0,0,0,0,0,0,0,0,0,0,2,0,0
-43.54347204,172.6675427,Christchurch City,2018,minor_injury,50,FALSE,straight,,rain,,darkness_not_lit,giveway_sign,1,0,0,1,3,0,0,0,0,0,0,0,0,0,0,0,0,2,0,0
-36.81028595,174.7341717,Auckland,2018,minor_injury,50,FALSE,straight,,rain,,darkness_not_lit,,1,0,0,1,3,0,0,0,0,0,0,0,0,0,0,0,0,2,0,0
-36.81028595,174.7341717,Auckland,2018,minor_injury,50,FALSE,straight,,rain,,darkness_not_lit,,1,0,0,1,3,0,0,0,0,0,0,0,0,0,0,0,0,2,0,0
-36.86265995,174.788525,Auckland,2018,minor_injury,50,FALSE,curved_view_open,,fine,,darkness_not_lit,,1,0,0,1,3,0,0,0,0,0,0,0,0,0,0,0,0,2,0,0
-37.70652024,176.3073951,Tauranga City,2018,minor_injury,50,TRUE,straight,,fine,,daylight,giveway_sign,1,0,0,1,3,0,0,0,0,0,0,0,0,0,0,0,0,2,0,0
-36.90527785,174.6739387,Auckland,2018,minor_injury,50,FALSE,straight,,fine,,daylight,,1,0,0,1,3,0,0,0,0,0,0,0,0,0,0,0,0,2,0,0
-36.85125037,174.8310465,Auckland,2018,minor_injury,50,FALSE,curved_view_open,,fine,,daylight,,1,0,0,1,3,0,0,0,0,0,0,0,0,0,0,0,0,2,0,0
-36.90676406,174.9400068,Auckland,2018,minor_injury,50,FALSE,straight,,fine,,daylight,,1,0,0,1,3,0,0,0,0,0,0,0,0,0,0,0,0,2,0,0
-36.90132704,174.830548,Auckland,2018,minor_injury,50,FALSE,straight,,fine,,dawn_dusk,,1,0,0,1,3,0,0,0,0,0,0,0,0,0,0,0,0,2,0,0
-37.73015106,176.1661614,Tauranga City,2018,minor_injury,50,FALSE,straight,,fine,,darkness_not_lit,,1,0,0,1,3,0,0,0,0,0,0,0,0,0,0,0,0,2,0,0
-36.95733058,174.8355269,Auckland,2018,minor_injury,50,FALSE,curved_view_open,,rain,,darkness_not_lit,,1,0,0,1,3,0,0,0,0,0,0,0,0,0,0,0,0,2,0,0
-44.40429728,171.2565546,Timaru District,2018,minor_injury,50,FALSE,straight,,fine,,daylight,,1,0,0,1,3,0,0,0,0,0,0,0,0,0,0,0,0,2,0,0
-46.11651371,169.9679788,Clutha District,2018,minor_injury,50,FALSE,straight,,fine,,darkness_not_lit,,1,0,0,1,3,0,0,0,0,0,0,0,0,0,0,0,0,2,0,0
-43.51618585,172.5864779,Christchurch City,2018,minor_injury,50,FALSE,straight,,fine,,dawn_dusk,,1,0,0,1,3,0,0,0,0,0,0,0,0,0,0,0,0,2,0,0
-36.75263811,174.7259058,Auckland,2018,minor_injury,50,FALSE,curved_view_open,,fine,,daylight,,1,0,0,1,3,0,0,0,0,0,0,0,0,0,0,0,0,2,0,0
-39.57993556,174.2756487,South Taranaki District,2018,minor_injury,50,FALSE,straight,,fine,,darkness_not_lit,,1,0,0,1,3,0,0,0,0,0,0,0,0,0,0,0,0,2,0,0
-41.30235187,174.7962602,Wellington City,2018,minor_injury,50,FALSE,straight,,fine,,darkness_not_lit,,1,0,0,1,3,0,0,0,0,0,0,0,0,0,0,0,0,2,0,0
-37.71542295,176.337687,Tauranga City,2018,minor_injury,50,FALSE,straight,,fine,,daylight,,1,0,0,1,3,0,0,0,0,0,0,0,0,0,0,0,0,2,0,0
-39.05572187,174.0808916,New Plymouth District,2018,minor_injury,50,FALSE,straight,,fine,,darkness_not_lit,,1,0,0,1,3,0,0,0,0,0,0,0,0,0,0,0,0,2,0,0
-39.07183817,174.0285638,New Plymouth District,2018,minor_injury,50,FALSE,straight,,fine,,darkness_not_lit,,1,0,0,1,3,0,0,0,0,0,0,0,0,0,0,0,0,2,0,0
-39.00440381,174.2327027,New Plymouth District,2018,minor_injury,50,FALSE,straight,,fine,,darkness_not_lit,,1,0,0,1,3,0,0,0,0,0,0,0,0,0,0,0,0,2,0,0
-41.31013996,174.7662033,Wellington City,2018,minor_injury,50,FALSE,curved_view_open,,fine,,darkness_not_lit,,1,0,0,1,3,0,0,0,0,0,0,0,0,0,0,0,0,2,0,0
-36.84845343,174.7480321,Auckland,2018,minor_injury,50,FALSE,curved_view_open,,fine,,darkness_not_lit,,1,0,0,1,3,0,0,0,0,0,0,0,0,0,0,0,0,2,0,0
-36.96945142,174.8605415,Auckland,2018,serious_injury,50,TRUE,straight,,fine,,darkness_not_lit,traffic_lights,1,0,1,0,3,0,0,0,0,0,0,0,0,0,0,0,0,2,0,0
-36.96945142,174.8605415,Auckland,2018,serious_injury,50,TRUE,straight,,fine,,darkness_not_lit,traffic_lights,1,0,1,0,3,0,0,0,0,0,0,0,0,0,0,0,0,2,0,0
-39.59415683,174.2818839,South Taranaki District,2018,minor_injury,50,TRUE,straight,,fine,,daylight,stop_sign,2,0,0,2,3,0,0,0,0,0,0,0,0,0,0,0,0,2,0,0
-36.88115178,174.7959351,Auckland,2018,minor_injury,50,FALSE,straight,,fine,,daylight,,2,0,0,2,3,0,0,0,0,0,0,0,0,0,0,0,0,2,0,0
-37.17597449,175.5892998,Thames-Coromandel District,2018,minor_injury,100,FALSE,curved_view_open,,rain,,daylight,,3,0,0,3,3,0,0,0,0,0,0,0,0,0,0,0,0,2,0,0
-43.51731558,172.5359514,Christchurch City,2018,fatality,60,TRUE,straight,,mist,,darkness_not_lit,giveway_sign,2,1,1,0,3,0,0,0,0,0,0,0,0,0,0,0,0,2,0,0
-41.26442459,173.2718333,Nelson City,2018,serious_injury,50,FALSE,curved_view_open,,fine,,darkness_not_lit,,4,0,4,0,3,0,0,0,0,0,0,0,0,0,0,0,0,2,0,0
-43.48652683,172.6606578,Christchurch City,2018,property_damage,70,TRUE,straight,,fine,,daylight,giveway_sign,0,0,0,0,0,0,0,0,0,0,0,1,0,0,1,0,0,0,0,0
-43.48652683,172.6606578,Christchurch City,2018,property_damage,70,TRUE,straight,,fine,,daylight,giveway_sign,0,0,0,0,0,0,0,0,0,0,0,1,0,0,1,0,0,0,0,0
-37.69537179,176.1141548,Tauranga City,2018,property_damage,50,FALSE,straight,,fine,,daylight,,0,0,0,0,0,0,0,0,0,0,0,1,0,0,1,0,0,0,0,0
-36.85278236,174.767366,Auckland,2018,minor_injury,50,TRUE,straight,,fine,,daylight,traffic_lights,1,0,0,1,0,0,0,0,0,0,0,1,0,0,1,0,0,0,0,0
-36.70966139,174.7401132,Auckland,2018,minor_injury,50,TRUE,straight,,fine,,daylight,giveway_sign,1,0,0,1,0,0,0,0,0,0,0,1,0,0,1,0,0,0,0,0
-37.78266013,175.2526411,Hamilton City,2018,minor_injury,50,TRUE,curved_view_open,,fine,,daylight,giveway_sign,1,0,0,1,0,0,0,0,0,0,0,1,0,0,1,0,0,0,0,0
-37.69836123,176.1592287,Tauranga City,2018,minor_injury,50,TRUE,straight,,fine,,daylight,traffic_lights,1,0,0,1,0,0,0,0,0,0,0,1,0,0,1,0,0,0,0,0
-37.69836123,176.1592287,Tauranga City,2018,minor_injury,50,TRUE,straight,,fine,,daylight,traffic_lights,1,0,0,1,0,0,0,0,0,0,0,1,0,0,1,0,0,0,0,0
-43.29440651,172.5939997,Waimakariri District,2018,minor_injury,50,FALSE,straight,,fine,,daylight,,1,0,0,1,0,0,0,0,0,0,0,1,0,0,1,0,0,0,0,0
-43.48928067,172.6147228,Christchurch City,2018,serious_injury,50,TRUE,straight,,fine,,daylight,stop_sign,1,0,1,0,0,0,0,0,0,0,0,1,0,0,1,0,0,0,0,0
-40.29570943,175.7431145,Palmerston North City,2018,serious_injury,100,FALSE,straight,,fine,,daylight,,1,0,1,0,0,0,0,0,0,0,0,1,0,0,1,0,0,0,0,0
-38.143263,176.2588425,Rotorua District,2018,serious_injury,70,FALSE,straight,,fine,,daylight,,1,0,1,0,0,0,0,0,0,0,0,1,0,0,1,0,0,0,0,0
-41.05665934,174.8764259,Porirua City,2018,serious_injury,100,FALSE,curved_view_open,,fine,,darkness_not_lit,,1,0,1,0,0,0,0,0,0,0,0,1,0,0,1,0,0,0,0,0
-41.26824479,174.7569555,Wellington City,2018,serious_injury,50,TRUE,curved_view_open,,fine,,darkness_not_lit,,1,0,1,0,0,0,0,0,0,0,0,1,0,0,1,0,0,0,0,0
-36.79536002,174.5535257,Auckland,2018,serious_injury,80,FALSE,straight,,fine,,daylight,,1,0,1,0,0,0,0,0,0,0,0,1,0,0,1,0,0,0,0,0
-45.87188113,170.4979808,Dunedin City,2018,property_damage,50,TRUE,straight,,rain,,daylight,stop_sign,0,0,0,0,3,0,0,1,0,0,0,0,0,0,0,0,0,3,0,0
-45.87188113,170.4979808,Dunedin City,2018,property_damage,50,TRUE,straight,,rain,,daylight,stop_sign,0,0,0,0,3,0,0,1,0,0,0,0,0,0,0,0,0,3,0,0
-36.85585853,174.7483017,Auckland,2018,property_damage,50,TRUE,straight,,fine,,darkness_not_lit,,0,0,0,0,3,0,0,1,0,0,0,0,0,0,0,0,0,3,0,0
-36.79234521,174.7650573,Auckland,2018,property_damage,50,FALSE,straight,,fine,,daylight,,0,0,0,0,3,0,0,1,0,0,0,0,0,0,0,0,0,3,0,0
-41.29888002,174.7686106,Wellington City,2018,property_damage,50,FALSE,straight,,fine,,darkness_not_lit,,0,0,0,0,3,0,0,1,0,0,0,0,0,0,0,0,0,3,0,0
-35.67671642,174.3033315,Whangarei District,2018,minor_injury,50,FALSE,curved_view_open,,rain,,darkness_not_lit,,1,0,0,1,3,0,0,1,0,0,0,0,0,0,0,0,0,3,0,0
-42.30908572,172.2031512,Buller District,2018,property_damage,100,FALSE,curved_view_open,,fine,,daylight,giveway_sign,0,0,0,0,1,0,0,1,0,0,0,1,0,0,0,0,0,2,0,0
-36.86881356,174.7090862,Auckland,2018,property_damage,50,FALSE,straight,,fine,,daylight,,0,0,0,0,1,0,0,1,0,0,0,1,0,0,0,0,0,2,0,0
-37.74484565,175.3680866,Waikato District,2018,property_damage,80,TRUE,straight,,rain,,daylight,stop_sign,0,0,0,0,0,0,0,2,0,0,0,0,0,0,0,0,0,2,0,0
-41.28600497,173.2316898,Nelson City,2018,property_damage,50,FALSE,curved_view_open,,fine,,daylight,,0,0,0,0,0,0,0,2,0,0,0,0,0,0,0,0,0,2,0,0
-36.95372667,174.8877409,Auckland,2018,property_damage,50,FALSE,straight,,fine,,daylight,,0,0,0,0,0,0,0,2,0,0,0,0,0,0,0,0,0,2,0,0
-36.8985008,174.6597285,Auckland,2018,property_damage,50,FALSE,straight,,rain,,darkness_not_lit,,0,0,0,0,0,0,0,2,0,0,0,0,0,0,0,0,0,2,0,0
-41.2887754,174.7720277,Wellington City,2018,property_damage,50,FALSE,straight,,rain,,daylight,,0,0,0,0,0,0,0,0,0,0,0,0,0,0,0,1,1,0,0,0
-40.91686411,175.0067784,Kapiti Coast District,2018,serious_injury,10,FALSE,straight,,fine,,daylight,,1,0,1,0,0,0,0,0,0,0,0,0,0,0,0,1,1,0,0,0
-36.87987066,174.7930328,Auckland,2018,serious_injury,50,FALSE,straight,,fine,,daylight,,2,0,1,1,0,0,0,0,0,0,0,0,0,0,0,1,1,0,0,0
-41.27546815,173.256118,Nelson City,2018,property_damage,50,FALSE,curved_view_open,,fine,,darkness_not_lit,,0,0,0,0,4,0,0,0,0,0,0,0,0,0,0,0,0,2,0,0
-35.71732501,174.322145,Whangarei District,2018,property_damage,50,TRUE,straight,,rain,,daylight,stop_sign,0,0,0,0,4,0,0,0,0,0,0,0,0,0,0,0,0,2,0,0
-43.54857921,172.6413199,Christchurch City,2018,property_damage,50,TRUE,straight,,fine,,darkness_not_lit,giveway_sign,0,0,0,0,4,0,0,0,0,0,0,0,0,0,0,0,0,2,0,0
-36.91917197,174.7370278,Auckland,2018,property_damage,50,FALSE,straight,,fine,,daylight,,0,0,0,0,4,0,0,0,0,0,0,0,0,0,0,0,0,2,0,0
-36.81609804,174.7932141,Auckland,2018,property_damage,50,FALSE,straight,,fine,,darkness_not_lit,,0,0,0,0,4,0,0,0,0,0,0,0,0,0,0,0,0,2,0,0
-45.88924039,170.4733045,Dunedin City,2018,property_damage,50,FALSE,straight,,fine,,darkness_not_lit,,0,0,0,0,4,0,0,0,0,0,0,0,0,0,0,0,0,2,0,0
-41.32485864,174.8193295,Wellington City,2018,property_damage,50,FALSE,straight,,fine,,daylight,,0,0,0,0,4,0,0,0,0,0,0,0,0,0,0,0,0,2,0,0
-36.91512592,174.7777726,Auckland,2018,minor_injury,50,FALSE,straight,,fine,,darkness_not_lit,,1,0,0,1,4,0,0,0,0,0,0,0,0,0,0,0,0,2,0,0
-41.29069002,174.7716974,Wellington City,2018,minor_injury,70,FALSE,straight,,fine,,daylight,,2,0,0,2,4,0,0,0,0,0,0,0,0,0,0,0,0,2,0,0
-41.09760186,174.8695537,Porirua City,2018,property_damage,50,TRUE,straight,,fine,,daylight,traffic_lights,0,0,0,0,1,0,0,2,0,0,0,0,0,0,0,0,0,0,0,0
-43.54081251,172.5154221,Christchurch City,2018,property_damage,50,TRUE,curved_view_open,,fine,,daylight,stop_sign,0,0,0,0,1,0,0,2,0,0,0,0,0,0,0,0,0,0,0,0
-36.97842847,174.8811276,Auckland,2018,property_damage,100,FALSE,straight,,fine,,darkness_not_lit,,0,0,0,0,1,0,0,2,0,0,0,0,0,0,0,0,0,0,0,0
-36.93980219,174.8475812,Auckland,2018,property_damage,50,TRUE,straight,,rain,,darkness_not_lit,stop_sign,0,0,0,0,1,0,0,2,0,0,0,0,0,0,0,0,0,0,0,0
-37.03593586,174.9102024,Auckland,2018,property_damage,100,FALSE,straight,,fine,,daylight,,0,0,0,0,1,0,0,2,0,0,0,0,0,0,0,0,0,0,0,0
-38.10012108,176.2208621,Rotorua District,2018,property_damage,80,FALSE,straight,,rain,,daylight,,0,0,0,0,1,0,0,2,0,0,0,0,0,0,0,0,0,0,0,0
-36.85704053,174.6511704,Auckland,2018,property_damage,100,FALSE,curved_view_open,,rain,,daylight,,0,0,0,0,1,0,0,2,0,0,0,0,0,0,0,0,0,0,0,0
-44.99049616,168.8096579,Queenstown-Lakes District,2018,property_damage,80,FALSE,straight,,fine,,daylight,,0,0,0,0,1,0,0,2,0,0,0,0,0,0,0,0,0,0,0,0
-37.03887526,174.9101299,Auckland,2018,property_damage,100,FALSE,straight,,fine,,daylight,,0,0,0,0,1,0,0,2,0,0,0,0,0,0,0,0,0,0,0,0
-36.9112558,174.8220079,Auckland,2018,property_damage,100,FALSE,straight,,rain,,darkness_not_lit,,0,0,0,0,1,0,0,2,0,0,0,0,0,0,0,0,0,0,0,0
-41.22243208,174.8674867,Hutt City,2018,property_damage,100,FALSE,straight,,fine,,dawn_dusk,,0,0,0,0,1,0,0,2,0,0,0,0,0,0,0,0,0,0,0,0
-36.91144384,174.8564262,Auckland,2018,property_damage,80,FALSE,straight,,fine,,darkness_not_lit,,0,0,0,0,1,0,0,2,0,0,0,0,0,0,0,0,0,0,0,0
-43.83249084,171.8615982,Ashburton District,2018,property_damage,100,FALSE,straight,,fine,,darkness_not_lit,,0,0,0,0,1,0,0,2,0,0,0,0,0,0,0,0,0,0,0,0
-36.88660123,174.7925955,Auckland,2018,property_damage,100,FALSE,straight,,rain,,daylight,,0,0,0,0,1,0,0,2,0,0,0,0,0,0,0,0,0,0,0,0
-36.8872752,174.7939242,Auckland,2018,minor_injury,100,FALSE,straight,,rain,,daylight,,1,0,0,1,1,0,0,2,0,0,0,0,0,0,0,0,0,0,0,0
-35.70709897,174.320716,Whangarei District,2018,minor_injury,50,TRUE,straight,,rain,,daylight,giveway_sign,1,0,0,1,1,0,0,2,0,0,0,0,0,0,0,0,0,0,0,0
-36.71764223,174.7392408,Auckland,2018,minor_injury,50,TRUE,straight,,fine,,daylight,giveway_sign,1,0,0,1,1,0,0,2,0,0,0,0,0,0,0,0,0,0,0,0
-36.71764223,174.7392408,Auckland,2018,minor_injury,50,TRUE,straight,,fine,,daylight,giveway_sign,1,0,0,1,1,0,0,2,0,0,0,0,0,0,0,0,0,0,0,0
-45.02643445,168.7340049,Queenstown-Lakes District,2018,minor_injury,70,FALSE,straight,,fine,,darkness_not_lit,,1,0,0,1,1,0,0,2,0,0,0,0,0,0,0,0,0,0,0,0
-43.22561715,172.3370735,Waimakariri District,2018,minor_injury,100,TRUE,straight,,fine,,daylight,,1,0,0,1,1,0,0,2,0,0,0,0,0,0,0,0,0,0,0,0
-36.88449936,174.7350412,Auckland,2018,minor_injury,50,FALSE,straight,,fine,,daylight,,1,0,0,1,1,0,0,2,0,0,0,0,0,0,0,0,0,0,0,0
-36.91299378,174.8610546,Auckland,2018,minor_injury,80,FALSE,straight,,fine,,darkness_not_lit,,1,0,0,1,1,0,0,2,0,0,0,0,0,0,0,0,0,0,0,0
-37.0521868,174.9179865,Auckland,2018,minor_injury,100,FALSE,straight,,fine,,daylight,,1,0,0,1,1,0,0,2,0,0,0,0,0,0,0,0,0,0,0,0
-41.08143076,175.4592416,South Wairarapa District,2018,minor_injury,50,FALSE,straight,,fine,,daylight,,1,0,0,1,1,0,0,2,0,0,0,0,0,0,0,0,0,0,0,0
-43.5049495,172.6516355,Christchurch City,2018,minor_injury,50,FALSE,straight,,fine,,daylight,,2,0,0,2,1,0,0,2,0,0,0,0,0,0,0,0,0,0,0,0
-36.81421978,174.6135357,Auckland,2018,minor_injury,100,TRUE,curved_view_open,,fine,,daylight,,3,0,0,3,1,0,0,2,0,0,0,0,0,0,0,0,0,0,0,0
-37.78424019,176.3264342,Western Bay Of Plenty District,2018,property_damage,50,TRUE,straight,,fine,,daylight,giveway_sign,0,0,0,0,0,0,0,0,0,0,0,1,0,0,0,0,0,3,0,0
-37.86606453,175.9419307,Western Bay Of Plenty District,2018,property_damage,80,FALSE,straight,,rain,,daylight,,0,0,0,0,0,0,0,0,0,0,0,1,0,0,0,0,0,3,0,0
-40.13415102,175.459174,Manawatu District,2018,property_damage,100,FALSE,curved_view_open,,fine,,darkness_not_lit,,0,0,0,0,0,0,0,0,0,0,0,1,0,0,0,0,0,3,0,0
-41.16043549,174.8247494,Wellington City,2018,property_damage,50,TRUE,straight,,fine,,daylight,,0,0,0,0,0,0,0,0,0,0,0,1,0,0,0,0,0,3,0,0
-41.17296645,175.4202161,South Wairarapa District,2018,property_damage,100,FALSE,curved_view_open,,fine,,daylight,,0,0,0,0,0,0,0,0,0,0,0,1,0,0,0,0,0,3,0,0
-40.30009966,175.8234085,Tararua District,2018,property_damage,80,FALSE,curved_view_open,,fine,,daylight,,0,0,0,0,0,0,0,0,0,0,0,1,0,0,0,0,0,3,0,0
-38.59936269,174.793362,Waitomo District,2018,property_damage,100,FALSE,straight,,mist,,darkness_not_lit,,0,0,0,0,0,0,0,0,0,0,0,1,0,0,0,0,0,3,0,0
-38.74032711,177.9177693,Gisborne District,2018,property_damage,100,FALSE,straight,,fine,,daylight,,0,0,0,0,0,0,0,0,0,0,0,1,0,0,0,0,0,3,0,0
-42.54104395,173.4575798,Kaikoura District,2018,property_damage,100,FALSE,curved_view_open,,fine,,darkness_not_lit,,0,0,0,0,0,0,0,0,0,0,0,1,0,0,0,0,0,3,0,0
-35.88743565,173.7917773,Kaipara District,2018,property_damage,100,FALSE,curved_view_open,,rain,,darkness_not_lit,,0,0,0,0,0,0,0,0,0,0,0,1,0,0,0,0,0,3,0,0
-42.08804188,171.3485672,Buller District,2018,property_damage,100,FALSE,curved_view_open,,fine,,daylight,,0,0,0,0,0,0,0,0,0,0,0,1,0,0,0,0,0,3,0,0
-41.1167652,174.9518037,Porirua City,2018,minor_injury,100,TRUE,curved_view_open,,rain,,daylight,,1,0,0,1,0,0,0,0,0,0,0,1,0,0,0,0,0,3,0,0
-40.05215812,176.2458782,Tararua District,2018,minor_injury,100,FALSE,curved_view_open,,fine,,daylight,,1,0,0,1,0,0,0,0,0,0,0,1,0,0,0,0,0,3,0,0
-35.78463235,174.3058988,Whangarei District,2018,minor_injury,100,FALSE,straight,,fine,,daylight,,1,0,0,1,0,0,0,0,0,0,0,1,0,0,0,0,0,3,0,0
-38.40662633,177.8317888,Gisborne District,2018,minor_injury,100,FALSE,curved_view_open,,fine,,daylight,,1,0,0,1,0,0,0,0,0,0,0,1,0,0,0,0,0,3,0,0
-38.81322693,175.2225278,Ruapehu District,2018,minor_injury,100,FALSE,straight,,fine,,daylight,,1,0,0,1,0,0,0,0,0,0,0,1,0,0,0,0,0,3,0,0
-37.21691247,175.0967215,Waikato District,2018,serious_injury,90,TRUE,straight,,rain,,darkness_not_lit,,1,0,1,0,0,0,0,0,0,0,0,1,0,0,0,0,0,3,0,0
-36.87466295,174.8423868,Auckland,2018,property_damage,50,TRUE,straight,,fine,,darkness_not_lit,giveway_sign,0,0,0,0,2,0,0,0,0,0,0,0,0,0,0,0,0,4,0,0
-37.01870724,174.8891118,Auckland,2018,property_damage,50,TRUE,straight,,rain,,daylight,,0,0,0,0,2,0,0,0,0,0,0,0,0,0,0,0,0,4,0,0
-41.25669104,174.9300042,Hutt City,2018,property_damage,50,FALSE,straight,,fine,,daylight,,0,0,0,0,2,0,0,0,0,0,0,0,0,0,0,0,0,4,0,0
-45.88611127,170.3588807,Dunedin City,2018,property_damage,50,FALSE,straight,,fine,,daylight,,0,0,0,0,2,0,0,0,0,0,0,0,0,0,0,0,0,4,0,0
-41.20827998,174.8984287,Hutt City,2018,property_damage,50,FALSE,curved_view_open,,fine,,darkness_not_lit,,0,0,0,0,2,0,0,0,0,0,0,0,0,0,0,0,0,4,0,0
-37.75541427,175.2957956,Hamilton City,2018,property_damage,50,TRUE,curved_view_open,,fine,,darkness_not_lit,,0,0,0,0,2,0,0,0,0,0,0,0,0,0,0,0,0,4,0,0
-37.02925052,174.8852697,Auckland,2018,minor_injury,50,TRUE,straight,,rain,,dawn_dusk,,1,0,0,1,2,0,0,0,0,0,0,0,0,0,0,0,0,4,0,0
-37.66292026,176.2193345,Tauranga City,2018,serious_injury,50,FALSE,straight,,fine,,daylight,,1,0,1,0,2,0,0,0,0,0,0,0,0,0,0,0,0,4,0,0
-43.20350054,172.7415769,Hurunui District,2018,minor_injury,100,TRUE,straight,,fine,,dawn_dusk,giveway_sign,2,0,0,2,2,0,0,0,0,0,0,0,0,0,0,0,0,4,0,0
-39.75822727,174.5431483,South Taranaki District,2018,serious_injury,100,FALSE,straight,,rain,,darkness_not_lit,,2,0,1,1,2,0,0,0,0,0,0,0,0,0,0,0,0,4,0,0
-37.09932437,174.9500272,Auckland,2018,serious_injury,50,FALSE,straight,,fine,,darkness_not_lit,,2,0,1,1,2,0,0,0,0,0,0,0,0,0,0,0,0,4,0,0
-43.53979199,172.5522164,Christchurch City,2018,property_damage,50,TRUE,straight,,fine,,daylight,giveway_sign,0,0,0,0,2,0,0,0,0,0,0,0,1,0,0,0,0,0,0,0
-43.59141281,172.5104451,Selwyn District,2018,property_damage,50,TRUE,straight,,fine,,daylight,stop_sign,0,0,0,0,2,0,0,0,0,0,0,0,1,0,0,0,0,0,0,0
-36.8569433,174.6288246,Auckland,2018,property_damage,50,FALSE,straight,,fine,,daylight,,0,0,0,0,2,0,0,0,0,0,0,0,1,0,0,0,0,0,0,0
-43.89882423,171.7548948,Ashburton District,2018,property_damage,50,FALSE,straight,,rain,,daylight,,0,0,0,0,2,0,0,0,0,0,0,0,1,0,0,0,0,0,0,0
-41.43965981,173.9653499,Marlborough District,2018,property_damage,100,FALSE,straight,,fine,,darkness_not_lit,,0,0,0,0,2,0,0,0,0,0,0,0,1,0,0,0,0,0,0,0
-36.88072929,174.7234441,Auckland,2018,property_damage,50,FALSE,straight,,fine,,darkness_not_lit,,0,0,0,0,2,0,0,0,0,0,0,0,1,0,0,0,0,0,0,0
-36.752387,174.7195938,Auckland,2018,property_damage,80,FALSE,straight,,fine,,darkness_not_lit,,0,0,0,0,2,0,0,0,0,0,0,0,1,0,0,0,0,0,0,0
-38.12731188,176.2113025,Rotorua District,2018,property_damage,50,FALSE,straight,,fine,,daylight,,0,0,0,0,2,0,0,0,0,0,0,0,1,0,0,0,0,0,0,0
-37.02485306,174.8749767,Auckland,2018,property_damage,50,FALSE,straight,,fine,,daylight,,0,0,0,0,2,0,0,0,0,0,0,0,1,0,0,0,0,0,0,0
-36.78640305,174.7517985,Auckland,2018,property_damage,100,FALSE,straight,,rain,,darkness_not_lit,,0,0,0,0,2,0,0,0,0,0,0,0,1,0,0,0,0,0,0,0
-36.97013586,174.8760372,Auckland,2018,property_damage,100,FALSE,straight,,fine,,darkness_not_lit,,0,0,0,0,2,0,0,0,0,0,0,0,1,0,0,0,0,0,0,0
-36.72617698,174.7436323,Auckland,2018,property_damage,50,TRUE,straight,,rain,,daylight,,0,0,0,0,2,0,0,0,0,0,0,0,1,0,0,0,0,0,0,0