latitude,longitude,local_government_area,year,severity,speed_limit,intersection,road_position_horizontal,road_wet,weather,crash_type,lighting,traffic_controls,casualties,fatalities,serious_injuries,minor_injuries,car_sedan,car_utility,car_van,car_4x4,car_station_wagon,motor_cycle,truck_small,truck_large,bus,taxi,bicycle,scooter,pedestrian,inanimate,train,tram
-36.74484478,174.7392834,Auckland,2018,minor_injury,50,TRUE,straight,,fine,,darkness_not_lit,traffic_lights,1,0,0,1,2,0,0,0,0,0,0,0,1,0,0,0,0,0,0,0
-36.89339545,174.7980848,Auckland,2018,minor_injury,50,TRUE,straight,,fine,,daylight,traffic_lights,1,0,0,1,2,0,0,0,0,0,0,0,1,0,0,0,0,0,0,0
-45.01926129,168.733079,Queenstown-Lakes District,2018,minor_injury,70,TRUE,straight,,fine,,daylight,,1,0,0,1,2,0,0,0,0,0,0,0,1,0,0,0,0,0,0,0
-40.7240321,175.2129076,Horowhenua District,2018,serious_injury,100,FALSE,curved_view_open,,fine,,daylight,,1,0,1,0,2,0,0,0,0,0,0,0,1,0,0,0,0,0,0,0
-37.24934584,175.2227926,Waikato District,2018,serious_injury,70,FALSE,straight,,fine,,daylight,,1,0,1,0,2,0,0,0,0,0,0,0,1,0,0,0,0,0,0,0
-45.36236801,168.7008299,Southland District,2018,minor_injury,100,FALSE,straight,,fine,,daylight,,2,0,0,2,2,0,0,0,0,0,0,0,1,0,0,0,0,0,0,0
-36.87709538,174.7506707,Auckland,2018,property_damage,50,FALSE,straight,,fine,,darkness_not_lit,,0,0,0,0,2,0,0,1,0,0,0,0,0,0,0,0,0,1,0,0
-36.98186522,174.8917279,Auckland,2018,property_damage,50,FALSE,straight,,fine,,darkness_not_lit,,0,0,0,0,2,0,0,1,0,0,0,0,0,0,0,0,0,1,0,0
-36.98186522,174.8917279,Auckland,2018,property_damage,50,FALSE,straight,,fine,,darkness_not_lit,,0,0,0,0,2,0,0,1,0,0,0,0,0,0,0,0,0,1,0,0
-36.90080794,174.9053913,Auckland,2018,property_damage,60,FALSE,straight,,fine,,dawn_dusk,,0,0,0,0,2,0,0,1,0,0,0,0,0,0,0,0,0,1,0,0
-41.30198096,174.7795518,Wellington City,2018,property_damage,50,FALSE,straight,,fine,,daylight,,0,0,0,0,2,0,0,1,0,0,0,0,0,0,0,0,0,1,0,0
-37.80509304,175.2599896,Hamilton City,2018,property_damage,60,TRUE,straight,,rain,,darkness_not_lit,giveway_sign,0,0,0,0,2,0,0,1,0,0,0,0,0,0,0,0,0,1,0,0
-41.32094265,174.8043217,Wellington City,2018,property_damage,50,FALSE,straight,,rain,,daylight,,0,0,0,0,2,0,0,1,0,0,0,0,0,0,0,0,0,1,0,0
-41.30580731,174.7632792,Wellington City,2018,property_damage,30,FALSE,straight,,fine,,daylight,,0,0,0,0,2,0,0,1,0,0,0,0,0,0,0,0,0,1,0,0
-36.77421132,174.7441933,Auckland,2018,property_damage,100,FALSE,straight,,fine,,dawn_dusk,,0,0,0,0,2,0,0,1,0,0,0,0,0,0,0,0,0,1,0,0
-43.49095536,172.601553,Christchurch City,2018,property_damage,50,FALSE,straight,,fine,,daylight,,0,0,0,0,2,0,0,1,0,0,0,0,0,0,0,0,0,1,0,0
-36.97860304,174.8752228,Auckland,2018,property_damage,50,FALSE,straight,,rain,,daylight,,0,0,0,0,2,0,0,1,0,0,0,0,0,0,0,0,0,1,0,0
-45.10310536,170.9698954,Waitaki District,2018,property_damage,50,FALSE,straight,,fine,,daylight,,0,0,0,0,2,0,0,1,0,0,0,0,0,0,0,0,0,1,0,0
-43.62758497,171.647896,Ashburton District,2018,property_damage,50,FALSE,straight,,fine,,dawn_dusk,,0,0,0,0,2,0,0,1,0,0,0,0,0,0,0,0,0,1,0,0
-44.4005033,171.2451395,Timaru District,2018,property_damage,50,FALSE,straight,,fine,,daylight,,0,0,0,0,2,0,0,1,0,0,0,0,0,0,0,0,0,1,0,0
-43.50641771,172.7281897,Christchurch City,2018,property_damage,50,FALSE,straight,,fine,,daylight,,0,0,0,0,2,0,0,1,0,0,0,0,0,0,0,0,0,1,0,0
-43.54332202,172.5882482,Christchurch City,2018,property_damage,50,FALSE,curved_view_open,,fine,,daylight,,0,0,0,0,2,0,0,1,0,0,0,0,0,0,0,0,0,1,0,0
-41.2237168,174.8073125,Wellington City,2018,property_damage,30,FALSE,straight,,fine,,daylight,,0,0,0,0,2,0,0,1,0,0,0,0,0,0,0,0,0,1,0,0
-36.86015607,174.7582033,Auckland,2018,property_damage,80,FALSE,straight,,fine,,daylight,,0,0,0,0,2,0,0,1,0,0,0,0,0,0,0,0,0,1,0,0
-36.81772021,174.7466153,Auckland,2018,property_damage,50,FALSE,straight,,rain,,darkness_not_lit,,0,0,0,0,2,0,0,1,0,0,0,0,0,0,0,0,0,1,0,0
-39.64019608,176.8699099,Hastings District,2018,property_damage,50,FALSE,straight,,fine,,darkness_not_lit,,0,0,0,0,2,0,0,1,0,0,0,0,0,0,0,0,0,1,0,0
-39.64103931,176.8513413,Hastings District,2018,property_damage,50,FALSE,straight,,fine,,darkness_not_lit,,0,0,0,0,2,0,0,1,0,0,0,0,0,0,0,0,0,1,0,0
-45.0438196,168.627168,Queenstown-Lakes District,2018,property_damage,50,FALSE,straight,,rain,,dawn_dusk,,0,0,0,0,2,0,0,1,0,0,0,0,0,0,0,0,0,1,0,0
-45.03027845,168.6669452,Queenstown-Lakes District,2018,property_damage,50,FALSE,straight,,snow,,darkness_not_lit,,0,0,0,0,2,0,0,1,0,0,0,0,0,0,0,0,0,1,0,0
-46.42804007,168.3623843,Invercargill City,2018,property_damage,50,FALSE,straight,,rain,,darkness_not_lit,,0,0,0,0,2,0,0,1,0,0,0,0,0,0,0,0,0,1,0,0
-37.05305575,174.9634719,Auckland,2018,property_damage,50,FALSE,straight,,fine,,darkness_not_lit,,0,0,0,0,2,0,0,1,0,0,0,0,0,0,0,0,0,1,0,0
-37.04547599,174.9222027,Auckland,2018,property_damage,50,FALSE,straight,,fine,,daylight,,0,0,0,0,2,0,0,1,0,0,0,0,0,0,0,0,0,1,0,0
-36.8907777,174.6679887,Auckland,2018,property_damage,50,FALSE,curved_view_open,,rain,,darkness_not_lit,,0,0,0,0,2,0,0,1,0,0,0,0,0,0,0,0,0,1,0,0
-40.33579709,175.6218504,Palmerston North City,2018,property_damage,50,FALSE,straight,,rain,,darkness_not_lit,,0,0,0,0,2,0,0,1,0,0,0,0,0,0,0,0,0,1,0,0
-35.69787782,174.3262891,Whangarei District,2018,property_damage,50,FALSE,straight,,fine,,daylight,,0,0,0,0,2,0,0,1,0,0,0,0,0,0,0,0,0,1,0,0
-45.87404154,170.5058085,Dunedin City,2018,property_damage,50,FALSE,straight,,fine,,darkness_not_lit,,0,0,0,0,2,0,0,1,0,0,0,0,0,0,0,0,0,1,0,0
-36.87931046,174.611314,Auckland,2018,property_damage,50,FALSE,straight,,rain,,darkness_not_lit,,0,0,0,0,2,0,0,1,0,0,0,0,0,0,0,0,0,1,0,0
-40.62713,175.274847,Horowhenua District,2018,property_damage,50,FALSE,straight,,rain,,darkness_not_lit,,0,0,0,0,2,0,0,1,0,0,0,0,0,0,0,0,0,1,0,0
-36.79859767,174.7395681,Auckland,2018,property_damage,50,FALSE,straight,,fine,,darkness_not_lit,,0,0,0,0,2,0,0,1,0,0,0,0,0,0,0,0,0,1,0,0
-36.90846122,174.8019515,Auckland,2018,property_damage,50,FALSE,straight,,fine,,darkness_not_lit,,0,0,0,0,2,0,0,1,0,0,0,0,0,0,0,0,0,1,0,0
-36.82335726,174.6249618,Auckland,2018,minor_injury,50,TRUE,straight,,fine,,daylight,stop_sign,1,0,0,1,2,0,0,1,0,0,0,0,0,0,0,0,0,1,0,0
-36.86685484,174.7678023,Auckland,2018,minor_injury,80,FALSE,curved_view_open,,fine,,daylight,,1,0,0,1,2,0,0,1,0,0,0,0,0,0,0,0,0,1,0,0
-36.98211555,174.8038673,Auckland,2018,minor_injury,50,FALSE,straight,,fine,,daylight,,1,0,0,1,2,0,0,1,0,0,0,0,0,0,0,0,0,1,0,0
-36.86352933,174.7653476,Auckland,2018,minor_injury,80,FALSE,straight,,fine,,daylight,,1,0,0,1,2,0,0,1,0,0,0,0,0,0,0,0,0,1,0,0
-43.537857,172.6506292,Christchurch City,2018,minor_injury,50,FALSE,straight,,rain,,daylight,,1,0,0,1,2,0,0,1,0,0,0,0,0,0,0,0,0,1,0,0
-41.279262,173.2711665,Nelson City,2018,minor_injury,50,FALSE,straight,,fine,,darkness_not_lit,,1,0,0,1,2,0,0,1,0,0,0,0,0,0,0,0,0,1,0,0
-41.21265346,174.9155286,Hutt City,2018,minor_injury,50,TRUE,straight,,rain,,darkness_not_lit,giveway_sign,1,0,0,1,2,0,0,1,0,0,0,0,0,0,0,0,0,1,0,0
-36.86855503,174.7213756,Auckland,2018,minor_injury,80,FALSE,straight,,fine,,darkness_not_lit,,1,0,0,1,2,0,0,1,0,0,0,0,0,0,0,0,0,1,0,0
-36.86242635,174.7533982,Auckland,2018,minor_injury,80,FALSE,straight,,fine,,daylight,,1,0,0,1,2,0,0,1,0,0,0,0,0,0,0,0,0,1,0,0
-36.3705564,174.6270508,Auckland,2018,serious_injury,100,TRUE,straight,,fine,,daylight,giveway_sign,1,0,1,0,2,0,0,1,0,0,0,0,0,0,0,0,0,1,0,0
-41.33518175,173.1849558,Tasman District,2018,serious_injury,100,FALSE,straight,,fine,,daylight,,1,0,1,0,2,0,0,1,0,0,0,0,0,0,0,0,0,1,0,0
-41.19434849,174.8292685,Wellington City,2018,minor_injury,100,FALSE,curved_view_open,,rain,,dawn_dusk,,2,0,0,2,2,0,0,1,0,0,0,0,0,0,0,0,0,1,0,0
-36.90538165,174.6639855,Auckland,2018,minor_injury,50,FALSE,straight,,fine,,daylight,,2,0,0,2,2,0,0,1,0,0,0,0,0,0,0,0,0,1,0,0
-43.54000361,172.6345012,Christchurch City,2018,minor_injury,60,FALSE,straight,,fine,,daylight,,3,0,0,3,2,0,0,1,0,0,0,0,0,0,0,0,0,1,0,0
-36.92406542,174.91302,Auckland,2018,fatality,60,FALSE,straight,,fine,,daylight,,1,1,0,0,2,0,0,1,0,0,0,0,0,0,0,0,0,1,0,0
-36.85101376,174.7644653,Auckland,2018,property_damage,30,FALSE,straight,,fine,,darkness_not_lit,traffic_lights,0,0,0,0,0,0,0,0,0,0,0,0,1,1,0,0,0,0,0,0
-36.90740279,174.9301238,Auckland,2018,property_damage,50,TRUE,straight,,fine,,darkness_not_lit,stop_sign,0,0,0,0,2,0,0,2,0,0,0,0,0,0,0,0,0,1,0,0
-41.25537358,174.8000807,Wellington City,2018,property_damage,100,FALSE,curved_view_open,,fine,,daylight,,0,0,0,0,0,0,0,1,0,0,0,2,0,0,0,0,0,0,0,0
-44.39610004,171.2591963,Timaru District,2018,property_damage,50,TRUE,straight,,rain,,darkness_not_lit,giveway_sign,0,0,0,0,2,0,0,0,0,0,0,0,0,0,0,0,0,0,0,0
-35.85603802,174.3806025,Whangarei District,2018,property_damage,100,TRUE,straight,,fine,,darkness_not_lit,giveway_sign,0,0,0,0,2,0,0,0,0,0,0,0,0,0,0,0,0,0,0,0
-36.84373063,174.7535207,Auckland,2018,property_damage,30,FALSE,straight,,fine,,daylight,,0,0,0,0,2,0,0,0,0,0,0,0,0,0,0,0,0,0,0,0
-36.8874381,174.7473162,Auckland,2018,property_damage,50,FALSE,straight,,rain,,darkness_not_lit,,0,0,0,0,2,0,0,0,0,0,0,0,0,0,0,0,0,0,0,0
-44.73416975,171.118833,Waimate District,2018,property_damage,100,TRUE,straight,,fine,,darkness_not_lit,giveway_sign,0,0,0,0,2,0,0,0,0,0,0,0,0,0,0,0,0,0,0,0
-41.02898816,175.5103594,Carterton District,2018,property_damage,50,TRUE,straight,,fine,,darkness_not_lit,giveway_sign,0,0,0,0,2,0,0,0,0,0,0,0,0,0,0,0,0,0,0,0
-45.89764932,170.4876832,Dunedin City,2018,property_damage,50,FALSE,straight,,fine,,daylight,,0,0,0,0,2,0,0,0,0,0,0,0,0,0,0,0,0,0,0,0
-41.26408437,174.7867352,Wellington City,2018,property_damage,100,FALSE,curved_view_open,,rain,,daylight,,0,0,0,0,2,0,0,0,0,0,0,0,0,0,0,0,0,0,0,0
-41.29987133,174.7779298,Wellington City,2018,property_damage,50,FALSE,straight,,,,daylight,,0,0,0,0,2,0,0,0,0,0,0,0,0,0,0,0,0,0,0,0
-45.85049688,170.5357263,Dunedin City,2018,property_damage,50,FALSE,straight,,fine,,daylight,,0,0,0,0,2,0,0,0,0,0,0,0,0,0,0,0,0,0,0,0
-38.65709144,177.9957173,Gisborne District,2018,property_damage,50,TRUE,straight,,fine,,darkness_not_lit,giveway_sign,0,0,0,0,2,0,0,0,0,0,0,0,0,0,0,0,0,0,0,0
-41.22096347,174.8225542,Wellington City,2018,property_damage,50,FALSE,curved_view_open,,fine,,daylight,,0,0,0,0,2,0,0,0,0,0,0,0,0,0,0,0,0,0,0,0
-43.49472662,172.6657077,Christchurch City,2018,property_damage,50,FALSE,straight,,rain,,daylight,,0,0,0,0,2,0,0,0,0,0,0,0,0,0,0,0,0,0,0,0
-36.70619596,174.747166,Auckland,2018,property_damage,50,FALSE,straight,,fine,,darkness_not_lit,,0,0,0,0,2,0,0,0,0,0,0,0,0,0,0,0,0,0,0,0
-36.9794306,174.9025086,Auckland,2018,property_damage,60,FALSE,straight,,fine,,daylight,,0,0,0,0,2,0,0,0,0,0,0,0,0,0,0,0,0,0,0,0
-39.54976741,176.8578235,Napier City,2018,property_damage,100,FALSE,straight,,fine,,darkness_not_lit,,0,0,0,0,2,0,0,0,0,0,0,0,0,0,0,0,0,0,0,0
-36.98761349,174.8361983,Auckland,2018,property_damage,100,FALSE,straight,,rain,,darkness_not_lit,,0,0,0,0,2,0,0,0,0,0,0,0,0,0,0,0,0,0,0,0
-35.72603616,174.3145496,Whangarei District,2018,property_damage,50,FALSE,straight,,fine,,daylight,,0,0,0,0,2,0,0,0,0,0,0,0,0,0,0,0,0,0,0,0
-40.20853902,175.5952957,Manawatu District,2018,property_damage,50,FALSE,straight,,fine,,daylight,,0,0,0,0,2,0,0,0,0,0,0,0,0,0,0,0,0,0,0,0
-37.8287613,175.287297,Hamilton City,2018,property_damage,50,FALSE,straight,,fine,,darkness_not_lit,,0,0,0,0,2,0,0,0,0,0,0,0,0,0,0,0,0,0,0,0
-40.33250432,175.6013365,Palmerston North City,2018,property_damage,50,FALSE,straight,,fine,,daylight,,0,0,0,0,2,0,0,0,0,0,0,0,0,0,0,0,0,0,0,0
-37.79625748,175.2840341,Hamilton City,2018,property_damage,50,FALSE,straight,,fine,,daylight,,0,0,0,0,2,0,0,0,0,0,0,0,0,0,0,0,0,0,0,0
-35.1948923,173.9551696,Far North District,2018,property_damage,100,FALSE,curved_view_open,,fine,,darkness_not_lit,,0,0,0,0,2,0,0,0,0,0,0,0,0,0,0,0,0,0,0,0
-40.91544094,175.0134917,Kapiti Coast District,2018,property_damage,50,FALSE,straight,,fine,,daylight,,0,0,0,0,2,0,0,0,0,0,0,0,0,0,0,0,0,0,0,0
-40.36586103,175.616056,Palmerston North City,2018,property_damage,50,FALSE,straight,,fine,,daylight,,0,0,0,0,2,0,0,0,0,0,0,0,0,0,0,0,0,0,0,0
-36.7466572,174.7118944,Auckland,2018,property_damage,50,FALSE,straight,,fine,,darkness_not_lit,,0,0,0,0,2,0,0,0,0,0,0,0,0,0,0,0,0,0,0,0
-39.73462468,176.4871241,Hastings District,2018,property_damage,100,FALSE,curved_view_open,,rain,,daylight,,0,0,0,0,2,0,0,0,0,0,0,0,0,0,0,0,0,0,0,0
-36.87102965,174.7129274,Auckland,2018,property_damage,100,FALSE,curved_view_open,,fine,,darkness_not_lit,,0,0,0,0,2,0,0,0,0,0,0,0,0,0,0,0,0,0,0,0
-37.05225945,174.9571206,Auckland,2018,minor_injury,50,TRUE,straight,,rain,,darkness_not_lit,stop_sign,1,0,0,1,2,0,0,0,0,0,0,0,0,0,0,0,0,0,0,0
-45.89481562,170.5004695,Dunedin City,2018,minor_injury,50,TRUE,straight,,fine,,daylight,stop_sign,1,0,0,1,2,0,0,0,0,0,0,0,0,0,0,0,0,0,0,0
-37.05581301,174.9355532,Auckland,2018,minor_injury,50,FALSE,straight,,fine,,daylight,,1,0,0,1,2,0,0,0,0,0,0,0,0,0,0,0,0,0,0,0
-37.72773547,176.1982062,Tauranga City,2018,minor_injury,60,FALSE,curved_view_open,,fine,,darkness_not_lit,,1,0,0,1,2,0,0,0,0,0,0,0,0,0,0,0,0,0,0,0
-36.63266896,174.7528295,Auckland,2018,minor_injury,50,FALSE,curved_view_open,,fine,,darkness_not_lit,,1,0,0,1,2,0,0,0,0,0,0,0,0,0,0,0,0,0,0,0
-39.39219541,174.2996391,Stratford District,2018,minor_injury,100,FALSE,straight,,fine,,daylight,,1,0,0,1,2,0,0,0,0,0,0,0,0,0,0,0,0,0,0,0
-36.91264939,174.8600248,Auckland,2018,minor_injury,80,FALSE,straight,,fine,,daylight,,1,0,0,1,2,0,0,0,0,0,0,0,0,0,0,0,0,0,0,0
-37.02080929,174.9064514,Auckland,2018,minor_injury,50,FALSE,straight,,rain,,daylight,,1,0,0,1,2,0,0,0,0,0,0,0,0,0,0,0,0,0,0,0
-41.13141691,175.052999,Upper Hutt City,2018,minor_injury,50,FALSE,straight,,fine,,daylight,,1,0,0,1,2,0,0,0,0,0,0,0,0,0,0,0,0,0,0,0
-45.00171998,168.773768,Queenstown-Lakes District,2018,minor_injury,50,FALSE,straight,,snow,,daylight,,1,0,0,1,2,0,0,0,0,0,0,0,0,0,0,0,0,0,0,0
-40.33436695,175.3423411,Manawatu District,2018,minor_injury,100,FALSE,straight,,fine,,daylight,,1,0,0,1,2,0,0,0,0,0,0,0,0,0,0,0,0,0,0,0
-37.78607357,175.3039772,Hamilton City,2018,minor_injury,60,FALSE,straight,,fine,,darkness_not_lit,,1,0,0,1,2,0,0,0,0,0,0,0,0,0,0,0,0,0,0,0
-40.66851561,175.243804,Horowhenua District,2018,serious_injury,100,FALSE,straight,,rain,,daylight,,1,0,1,0,2,0,0,0,0,0,0,0,0,0,0,0,0,0,0,0
-36.97695176,174.791916,Auckland,2018,minor_injury,50,FALSE,straight,,fine,,daylight,,2,0,0,2,2,0,0,0,0,0,0,0,0,0,0,0,0,0,0,0
-40.35369326,175.5807222,Palmerston North City,2018,minor_injury,50,FALSE,straight,,fine,,daylight,,2,0,0,2,2,0,0,0,0,0,0,0,0,0,0,0,0,0,0,0
-45.87781768,170.4708329,Dunedin City,2018,minor_injury,50,FALSE,straight,,fine,,daylight,,2,0,0,2,2,0,0,0,0,0,0,0,0,0,0,0,0,0,0,0
-36.84774623,174.7876952,Auckland,2018,property_damage,50,TRUE,straight,,fine,,daylight,traffic_lights,0,0,0,0,0,0,0,0,0,0,0,0,1,0,3,0,0,0,0,0
-36.98700478,174.880822,Auckland,2018,property_damage,60,FALSE,straight,,mist,,darkness_not_lit,,0,0,0,0,2,0,0,2,0,0,0,0,0,0,0,0,0,0,0,0
-44.38118289,171.2392644,Timaru District,2018,property_damage,50,FALSE,straight,,fine,,daylight,,0,0,0,0,2,0,0,2,0,0,0,0,0,0,0,0,0,0,0,0
-36.89179388,174.908253,Auckland,2018,property_damage,50,FALSE,straight,,fine,,daylight,,0,0,0,0,2,0,0,2,0,0,0,0,0,0,0,0,0,0,0,0
-36.8715713,174.7730828,Auckland,2018,property_damage,80,FALSE,straight,,fine,,daylight,,0,0,0,0,2,0,0,2,0,0,0,0,0,0,0,0,0,0,0,0
-37.08560245,174.9365469,Auckland,2018,property_damage,100,FALSE,straight,,fine,,darkness_not_lit,,0,0,0,0,2,0,0,2,0,0,0,0,0,0,0,0,0,0,0,0
-36.7934264,174.7565646,Auckland,2018,property_damage,100,FALSE,straight,,fine,,darkness_not_lit,,0,0,0,0,2,0,0,2,0,0,0,0,0,0,0,0,0,0,0,0
-41.31290578,174.7889043,Wellington City,2018,property_damage,50,FALSE,curved_view_open,,fine,,daylight,,0,0,0,0,2,0,0,2,0,0,0,0,0,0,0,0,0,0,0,0
-36.75311563,174.7284032,Auckland,2018,minor_injury,100,FALSE,straight,,fine,,daylight,,1,0,0,1,2,0,0,2,0,0,0,0,0,0,0,0,0,0,0,0
-40.66203234,175.2497021,Horowhenua District,2018,minor_injury,80,TRUE,straight,,fine,,daylight,stop_sign,1,0,0,1,2,0,0,2,0,0,0,0,0,0,0,0,0,0,0,0
-43.52031521,172.5340352,Christchurch City,2018,minor_injury,60,TRUE,straight,,fine,,darkness_not_lit,traffic_lights,1,0,0,1,2,0,0,2,0,0,0,0,0,0,0,0,0,0,0,0
-36.77751614,174.7462514,Auckland,2018,minor_injury,100,FALSE,straight,,fine,,daylight,,1,0,0,1,2,0,0,2,0,0,0,0,0,0,0,0,0,0,0,0
-37.77653377,175.379497,Waikato District,2018,minor_injury,100,FALSE,straight,,fine,,daylight,,5,0,0,5,2,0,0,2,0,0,0,0,0,0,0,0,0,0,0,0
-36.91598074,174.7542309,Auckland,2018,minor_injury,100,FALSE,straight,,fine,,dawn_dusk,,2,0,0,2,2,0,0,2,0,0,0,0,0,0,0,0,0,0,0,0
-37.78905767,175.259728,Hamilton City,2018,property_damage,60,TRUE,curved_view_open,,fine,,darkness_not_lit,traffic_lights,0,0,0,0,1,0,0,6,0,0,0,0,0,0,0,0,0,2,0,0
-41.51319681,173.966286,Marlborough District,2018,property_damage,50,FALSE,straight,,fine,,daylight,,0,0,0,0,1,0,0,1,0,0,0,1,0,0,0,0,0,1,0,0
-45.86936365,170.5112877,Dunedin City,2018,property_damage,50,FALSE,straight,,fine,,darkness_not_lit,,0,0,0,0,1,0,0,1,0,0,0,1,0,0,0,0,0,1,0,0
-37.65088617,175.9953912,Western Bay Of Plenty District,2018,fatality,100,FALSE,curved_view_open,,fine,,daylight,,1,1,0,0,1,0,0,1,0,0,0,1,0,0,0,0,0,1,0,0
-41.22314573,174.8046722,Wellington City,2018,property_damage,50,TRUE,curved_view_open,,rain,,darkness_not_lit,,0,0,0,0,1,0,0,0,0,0,0,0,1,0,0,0,0,0,0,0
-41.03119424,173.0122291,Tasman District,2018,property_damage,50,FALSE,curved_view_open,,fine,,daylight,,0,0,0,0,1,0,0,0,0,0,0,0,1,0,0,0,0,0,0,0
-36.89703021,174.8280438,Auckland,2018,property_damage,50,FALSE,straight,,fine,,daylight,,0,0,0,0,1,0,0,0,0,0,0,0,1,0,0,0,0,0,0,0
-36.84829707,174.8331854,Auckland,2018,property_damage,50,FALSE,straight,,fine,,daylight,,0,0,0,0,1,0,0,0,0,0,0,0,1,0,0,0,0,0,0,0
-43.53640388,172.635117,Christchurch City,2018,property_damage,50,FALSE,straight,,fine,,daylight,,0,0,0,0,1,0,0,0,0,0,0,0,1,0,0,0,0,0,0,0
-37.78056509,175.2585156,Hamilton City,2018,property_damage,50,TRUE,straight,,fine,,daylight,giveway_sign,0,0,0,0,1,0,0,0,0,0,0,0,1,0,0,0,0,0,0,0
-36.86015624,174.7581921,Auckland,2018,property_damage,80,FALSE,curved_view_open,,fine,,daylight,,0,0,0,0,1,0,0,0,0,0,0,0,1,0,0,0,0,0,0,0
-41.10492571,174.916633,Porirua City,2018,property_damage,50,FALSE,straight,,fine,,daylight,,0,0,0,0,1,0,0,0,0,0,0,0,1,0,0,0,0,0,0,0
-39.66083465,176.793991,Hastings District,2018,minor_injury,100,FALSE,curved_view_open,,fine,,darkness_not_lit,,1,0,0,1,1,0,0,0,0,0,0,0,1,0,0,0,0,0,0,0
-38.19037838,175.2087232,Otorohanga District,2018,property_damage,50,TRUE,straight,,rain,,darkness_not_lit,giveway_sign,0,0,0,0,1,0,0,1,0,0,0,1,0,0,0,0,0,0,0,0
-37.73501841,176.1075685,Tauranga City,2018,property_damage,100,TRUE,straight,,fine,,daylight,giveway_sign,0,0,0,0,1,0,0,1,0,0,0,1,0,0,0,0,0,0,0,0
-36.96188858,174.8651871,Auckland,2018,property_damage,100,FALSE,straight,,fine,,daylight,,0,0,0,0,1,0,0,1,0,0,0,1,0,0,0,0,0,0,0,0
-36.99193534,174.8887413,Auckland,2018,property_damage,50,TRUE,curved_view_open,,fine,,daylight,traffic_lights,0,0,0,0,1,0,0,1,0,0,0,1,0,0,0,0,0,0,0,0
-37.0708642,174.9465873,Auckland,2018,property_damage,50,TRUE,curved_view_open,,fine,,daylight,giveway_sign,0,0,0,0,1,0,0,1,0,0,0,1,0,0,0,0,0,0,0,0
-41.21988023,174.8776255,Hutt City,2018,property_damage,50,FALSE,straight,,fine,,daylight,giveway_sign,0,0,0,0,1,0,0,1,0,0,0,1,0,0,0,0,0,0,0,0
-36.78471519,174.6686001,Auckland,2018,property_damage,100,FALSE,straight,,fine,,daylight,,0,0,0,0,1,0,0,1,0,0,0,1,0,0,0,0,0,0,0,0
-43.5142628,172.5078772,Christchurch City,2018,property_damage,70,FALSE,straight,,fine,,darkness_not_lit,,0,0,0,0,1,0,0,1,0,0,0,1,0,0,0,0,0,0,0,0
-35.74290811,174.3075835,Whangarei District,2018,minor_injury,50,FALSE,straight,,fine,,daylight,,1,0,0,1,1,0,0,1,0,0,0,1,0,0,0,0,0,0,0,0
-36.9055366,174.8146663,Auckland,2018,minor_injury,100,FALSE,straight,,rain,,daylight,,1,0,0,1,1,0,0,1,0,0,0,1,0,0,0,0,0,0,0,0
-43.53743367,172.6979988,Christchurch City,2018,minor_injury,50,TRUE,straight,,rain,,daylight,,1,0,0,1,1,0,0,1,0,0,0,1,0,0,0,0,0,0,0,0
-36.83458058,174.7431974,Auckland,2018,minor_injury,80,FALSE,straight,,fine,,daylight,,1,0,0,1,1,0,0,1,0,0,0,1,0,0,0,0,0,0,0,0
-40.16346206,175.3956895,Rangitikei District,2018,minor_injury,100,FALSE,straight,,fine,,daylight,,1,0,0,1,1,0,0,1,0,0,0,1,0,0,0,0,0,0,0,0
-43.34236361,172.6659773,Waimakariri District,2018,serious_injury,100,FALSE,straight,,fine,,daylight,,1,0,1,0,1,0,0,1,0,0,0,1,0,0,0,0,0,0,0,0
-37.33064126,175.675853,Hauraki District,2018,serious_injury,100,FALSE,straight,,fine,,daylight,,2,0,1,1,1,0,0,1,0,0,0,1,0,0,0,0,0,0,0,0
-43.46943363,172.5688949,Christchurch City,2018,fatality,50,TRUE,straight,,fine,,daylight,stop_sign,1,1,0,0,1,0,0,1,0,0,0,1,0,0,0,0,0,0,0,0
-37.67478908,175.4640276,Matamata-Piako District,2018,fatality,100,FALSE,straight,,fine,,daylight,,3,1,2,0,1,0,0,1,0,0,0,1,0,0,0,0,0,0,0,0
-37.42122447,175.76536,Hauraki District,2018,property_damage,100,FALSE,curved_view_open,,fine,,daylight,,0,0,0,0,0,0,0,0,0,1,0,0,0,0,0,0,0,2,0,0
-36.85451298,174.5579862,Auckland,2018,property_damage,50,TRUE,curved_view_open,,fine,,daylight,stop_sign,0,0,0,0,0,0,0,0,0,1,0,0,0,0,0,0,0,2,0,0
-35.09932754,173.259509,Far North District,2018,property_damage,50,TRUE,straight,,fine,,daylight,giveway_sign,0,0,0,0,0,0,0,0,0,1,0,0,0,0,0,0,0,2,0,0
-38.10780261,176.2367067,Rotorua District,2018,property_damage,50,FALSE,curved_view_open,,fine,,darkness_not_lit,,0,0,0,0,0,0,0,0,0,1,0,0,0,0,0,0,0,2,0,0
-44.99695183,170.9400403,Waitaki District,2018,property_damage,100,FALSE,curved_view_open,,fine,,daylight,,0,0,0,0,0,0,0,0,0,1,0,0,0,0,0,0,0,2,0,0
-37.79217144,175.2767882,Hamilton City,2018,property_damage,50,FALSE,curved_view_open,,fine,,daylight,,0,0,0,0,0,0,0,0,0,1,0,0,0,0,0,0,0,2,0,0
-36.61154115,174.6986605,Auckland,2018,minor_injury,60,FALSE,straight,,fine,,darkness_not_lit,,1,0,0,1,0,0,0,0,0,1,0,0,0,0,0,0,0,2,0,0