latitude,longitude,local_government_area,year,severity,speed_limit,intersection,road_position_horizontal,road_wet,weather,crash_type,lighting,traffic_controls,casualties,fatalities,serious_injuries,minor_injuries,car_sedan,car_utility,car_van,car_4x4,car_station_wagon,motor_cycle,truck_small,truck_large,bus,taxi,bicycle,scooter,pedestrian,inanimate,train,tram
-37.87880997,175.9261939,Matamata-Piako District,2018,minor_injury,100,FALSE,curved_view_open,,fine,,daylight,,1,0,0,1,0,0,0,0,0,1,0,0,0,0,0,0,0,2,0,0
-37.7860388,174.9771691,Waikato District,2018,minor_injury,100,FALSE,curved_view_open,,fine,,daylight,,1,0,0,1,0,0,0,0,0,1,0,0,0,0,0,0,0,2,0,0
-36.89170117,174.8635672,Auckland,2018,minor_injury,50,FALSE,curved_view_open,,fine,,darkness_not_lit,giveway_sign,1,0,0,1,0,0,0,0,0,1,0,0,0,0,0,0,0,2,0,0
-36.12937604,174.1437396,Kaipara District,2018,minor_injury,100,TRUE,straight,,fine,,darkness_not_lit,giveway_sign,1,0,0,1,0,0,0,0,0,1,0,0,0,0,0,0,0,2,0,0
-37.02869728,174.8701137,Auckland,2018,minor_injury,50,FALSE,straight,,fine,,daylight,,1,0,0,1,0,0,0,0,0,1,0,0,0,0,0,0,0,2,0,0
-41.09321537,174.9047315,Porirua City,2018,minor_injury,60,FALSE,curved_view_open,,fine,,darkness_not_lit,,1,0,0,1,0,0,0,0,0,1,0,0,0,0,0,0,0,2,0,0
-37.21480123,175.1044723,Waikato District,2018,serious_injury,100,TRUE,curved_view_open,,fine,,daylight,giveway_sign,1,0,1,0,0,0,0,0,0,1,0,0,0,0,0,0,0,2,0,0
-37.41500712,175.0077756,Waikato District,2018,serious_injury,100,TRUE,curved_view_open,,fine,,daylight,,1,0,1,0,0,0,0,0,0,1,0,0,0,0,0,0,0,2,0,0
-41.30230085,173.2443615,Nelson City,2018,serious_injury,50,FALSE,curved_view_open,,fine,,darkness_not_lit,giveway_sign,1,0,1,0,0,0,0,0,0,1,0,0,0,0,0,0,0,2,0,0
-38.04892616,174.8252258,Otorohanga District,2018,serious_injury,100,FALSE,curved_view_open,,fine,,daylight,,1,0,1,0,0,0,0,0,0,1,0,0,0,0,0,0,0,2,0,0
-40.86456579,176.2338529,Masterton District,2018,serious_injury,100,FALSE,curved_view_open,,mist,,darkness_not_lit,,1,0,1,0,0,0,0,0,0,1,0,0,0,0,0,0,0,2,0,0
-45.87846797,170.5011902,Dunedin City,2018,property_damage,50,FALSE,straight,,fine,,daylight,,0,0,0,0,0,0,0,1,0,0,0,0,0,0,0,0,1,0,0,0
-41.51366488,173.9598697,Marlborough District,2018,property_damage,50,TRUE,straight,,rain,,daylight,giveway_sign,0,0,0,0,0,0,0,1,0,0,0,0,0,0,0,0,1,0,0,0
-41.11140272,173.0110886,Tasman District,2018,property_damage,50,FALSE,straight,,fine,,daylight,,0,0,0,0,0,0,0,1,0,0,0,0,0,0,0,0,1,0,0,0
-41.11721961,174.9096537,Porirua City,2018,property_damage,50,FALSE,curved_view_open,,fine,,daylight,,0,0,0,0,0,0,0,1,0,0,0,0,0,0,0,0,1,0,0,0
-41.28465066,174.7508041,Wellington City,2018,property_damage,50,FALSE,straight,,,,,,0,0,0,0,0,0,0,1,0,0,0,0,0,0,0,0,1,0,0,0
-35.71447844,174.3227502,Whangarei District,2018,property_damage,50,FALSE,straight,,fine,,daylight,,0,0,0,0,0,0,0,1,0,0,0,0,0,0,0,0,1,0,0,0
-40.35643246,175.6099688,Palmerston North City,2018,property_damage,50,TRUE,straight,,fine,,daylight,giveway_sign,0,0,0,0,0,0,0,1,0,0,0,0,0,0,0,0,1,0,0,0
-46.41550716,168.3221676,Invercargill City,2018,property_damage,20,FALSE,straight,,fine,,darkness_not_lit,,0,0,0,0,0,0,0,1,0,0,0,0,0,0,0,0,1,0,0,0
-37.78094136,175.2731509,Hamilton City,2018,property_damage,50,FALSE,straight,,fine,,daylight,,0,0,0,0,0,0,0,1,0,0,0,0,0,0,0,0,1,0,0,0
-35.95105645,173.8641854,Kaipara District,2018,property_damage,50,FALSE,straight,,fine,,darkness_not_lit,,0,0,0,0,0,0,0,1,0,0,0,0,0,0,0,0,1,0,0,0
-43.30065219,172.5955485,Waimakariri District,2018,property_damage,50,FALSE,straight,,fine,,daylight,,0,0,0,0,0,0,0,1,0,0,0,0,0,0,0,0,1,0,0,0
-38.00938946,175.3268971,Waipa District,2018,minor_injury,50,TRUE,straight,,fine,,darkness_not_lit,giveway_sign,1,0,0,1,0,0,0,1,0,0,0,0,0,0,0,0,1,0,0,0
-36.90755161,174.683338,Auckland,2018,minor_injury,50,TRUE,straight,,rain,,daylight,traffic_lights,1,0,0,1,0,0,0,1,0,0,0,0,0,0,0,0,1,0,0,0
-36.90755161,174.683338,Auckland,2018,minor_injury,50,TRUE,straight,,rain,,daylight,traffic_lights,1,0,0,1,0,0,0,1,0,0,0,0,0,0,0,0,1,0,0,0
-43.52538885,172.6456647,Christchurch City,2018,minor_injury,50,TRUE,straight,,fine,,daylight,giveway_sign,1,0,0,1,0,0,0,1,0,0,0,0,0,0,0,0,1,0,0,0
-36.91492914,174.7992189,Auckland,2018,minor_injury,50,TRUE,straight,,rain,,daylight,stop_sign,1,0,0,1,0,0,0,1,0,0,0,0,0,0,0,0,1,0,0,0
-37.03607687,174.859929,Auckland,2018,minor_injury,50,FALSE,curved_view_open,,fine,,daylight,,1,0,0,1,0,0,0,1,0,0,0,0,0,0,0,0,1,0,0,0
-37.03607687,174.859929,Auckland,2018,minor_injury,50,FALSE,curved_view_open,,fine,,daylight,,1,0,0,1,0,0,0,1,0,0,0,0,0,0,0,0,1,0,0,0
-41.27775242,174.7777471,Wellington City,2018,minor_injury,50,TRUE,straight,,rain,,darkness_not_lit,,1,0,0,1,0,0,0,1,0,0,0,0,0,0,0,0,1,0,0,0
-37.07418437,174.9254019,Auckland,2018,minor_injury,50,TRUE,straight,,fine,,daylight,traffic_lights,1,0,0,1,0,0,0,1,0,0,0,0,0,0,0,0,1,0,0,0
-39.45405393,173.8584291,South Taranaki District,2018,minor_injury,50,FALSE,straight,,fine,,daylight,stop_sign,1,0,0,1,0,0,0,1,0,0,0,0,0,0,0,0,1,0,0,0
-36.81692961,174.7322701,Auckland,2018,minor_injury,50,TRUE,curved_view_open,,fine,,daylight,giveway_sign,1,0,0,1,0,0,0,1,0,0,0,0,0,0,0,0,1,0,0,0
-36.89496408,174.9329301,Auckland,2018,minor_injury,50,TRUE,straight,,fine,,daylight,giveway_sign,1,0,0,1,0,0,0,1,0,0,0,0,0,0,0,0,1,0,0,0
-43.53201274,172.650465,Christchurch City,2018,minor_injury,50,TRUE,straight,,fine,,daylight,traffic_lights,1,0,0,1,0,0,0,1,0,0,0,0,0,0,0,0,1,0,0,0
-36.95812008,174.8548972,Auckland,2018,minor_injury,50,FALSE,curved_view_open,,fine,,daylight,,1,0,0,1,0,0,0,1,0,0,0,0,0,0,0,0,1,0,0,0
-37.78087199,175.2953116,Hamilton City,2018,minor_injury,50,TRUE,straight,,fine,,daylight,giveway_sign,1,0,0,1,0,0,0,1,0,0,0,0,0,0,0,0,1,0,0,0
-35.72477347,174.3195373,Whangarei District,2018,minor_injury,50,TRUE,straight,,rain,,daylight,traffic_lights,1,0,0,1,0,0,0,1,0,0,0,0,0,0,0,0,1,0,0,0
-35.11243187,173.2626451,Far North District,2018,minor_injury,50,TRUE,straight,,fine,,daylight,,1,0,0,1,0,0,0,1,0,0,0,0,0,0,0,0,1,0,0,0
-36.85098584,174.8289092,Auckland,2018,minor_injury,50,FALSE,straight,,fine,,daylight,,1,0,0,1,0,0,0,1,0,0,0,0,0,0,0,0,1,0,0,0
-38.2187422,175.8687791,South Waikato District,2018,minor_injury,50,TRUE,straight,,fine,,daylight,,1,0,0,1,0,0,0,1,0,0,0,0,0,0,0,0,1,0,0,0
-37.78846199,175.2836009,Hamilton City,2018,minor_injury,30,FALSE,straight,,fine,,daylight,,1,0,0,1,0,0,0,1,0,0,0,0,0,0,0,0,1,0,0,0
-36.98003557,174.8546091,Auckland,2018,minor_injury,50,TRUE,straight,,fine,,daylight,,1,0,0,1,0,0,0,1,0,0,0,0,0,0,0,0,1,0,0,0
-43.52912434,172.6787594,Christchurch City,2018,minor_injury,60,FALSE,straight,,fine,,daylight,,1,0,0,1,0,0,0,1,0,0,0,0,0,0,0,0,1,0,0,0
-37.24603033,174.723117,Auckland,2018,minor_injury,50,FALSE,straight,,fine,,daylight,,1,0,0,1,0,0,0,1,0,0,0,0,0,0,0,0,1,0,0,0
-36.97068356,174.7999242,Auckland,2018,minor_injury,10,FALSE,straight,,rain,,daylight,,1,0,0,1,0,0,0,1,0,0,0,0,0,0,0,0,1,0,0,0
-37.02244892,174.8963759,Auckland,2018,minor_injury,10,FALSE,straight,,,,daylight,,1,0,0,1,0,0,0,1,0,0,0,0,0,0,0,0,1,0,0,0
-35.74177907,174.3094339,Whangarei District,2018,minor_injury,50,FALSE,straight,,fine,,darkness_not_lit,,1,0,0,1,0,0,0,1,0,0,0,0,0,0,0,0,1,0,0,0
-36.83487571,174.6037989,Auckland,2018,minor_injury,50,FALSE,straight,,fine,,daylight,,1,0,0,1,0,0,0,1,0,0,0,0,0,0,0,0,1,0,0,0
-36.99273853,174.8813003,Auckland,2018,minor_injury,10,FALSE,straight,,,,daylight,,1,0,0,1,0,0,0,1,0,0,0,0,0,0,0,0,1,0,0,0
-43.56528455,172.6479323,Christchurch City,2018,minor_injury,50,FALSE,straight,,fine,,daylight,,1,0,0,1,0,0,0,1,0,0,0,0,0,0,0,0,1,0,0,0
-41.13322875,174.8799054,Porirua City,2018,minor_injury,50,FALSE,straight,,fine,,daylight,,1,0,0,1,0,0,0,1,0,0,0,0,0,0,0,0,1,0,0,0
-43.50093886,172.5857161,Christchurch City,2018,minor_injury,50,FALSE,straight,,fine,,daylight,,1,0,0,1,0,0,0,1,0,0,0,0,0,0,0,0,1,0,0,0
-36.99124155,174.8733758,Auckland,2018,minor_injury,60,FALSE,curved_view_open,,fine,,daylight,giveway_sign,1,0,0,1,0,0,0,1,0,0,0,0,0,0,0,0,1,0,0,0
-37.67819547,176.2244728,Tauranga City,2018,minor_injury,50,FALSE,straight,,fine,,daylight,,1,0,0,1,0,0,0,1,0,0,0,0,0,0,0,0,1,0,0,0
-38.68561254,176.0735368,Taupo District,2018,minor_injury,10,FALSE,straight,,,,daylight,,1,0,0,1,0,0,0,1,0,0,0,0,0,0,0,0,1,0,0,0
-41.20753634,174.9052771,Hutt City,2018,minor_injury,20,FALSE,straight,,,,daylight,,1,0,0,1,0,0,0,1,0,0,0,0,0,0,0,0,1,0,0,0
-36.79181843,174.6946986,Auckland,2018,minor_injury,50,FALSE,straight,,fine,,daylight,,1,0,0,1,0,0,0,1,0,0,0,0,0,0,0,0,1,0,0,0
-36.72907848,174.7051323,Auckland,2018,minor_injury,50,FALSE,straight,,fine,,daylight,,1,0,0,1,0,0,0,1,0,0,0,0,0,0,0,0,1,0,0,0
-36.98966194,174.883202,Auckland,2018,minor_injury,50,FALSE,straight,,fine,,daylight,,1,0,0,1,0,0,0,1,0,0,0,0,0,0,0,0,1,0,0,0
-41.2590748,173.2826979,Nelson City,2018,serious_injury,10,FALSE,straight,,,,darkness_not_lit,,2,0,2,0,0,0,0,1,0,0,0,0,0,0,0,0,1,0,0,0
-41.32380693,173.2149635,Nelson City,2018,serious_injury,50,FALSE,straight,,fine,,daylight,,2,0,2,0,0,0,0,1,0,0,0,0,0,0,0,0,1,0,0,0
-38.66950404,178.0303953,Gisborne District,2018,serious_injury,50,TRUE,straight,,fine,,daylight,stop_sign,1,0,1,0,0,0,0,1,0,0,0,0,0,0,0,0,1,0,0,0
-46.40644855,168.345637,Invercargill City,2018,serious_injury,50,TRUE,straight,,rain,,daylight,giveway_sign,1,0,1,0,0,0,0,1,0,0,0,0,0,0,0,0,1,0,0,0
-45.03246406,168.6555448,Queenstown-Lakes District,2018,serious_injury,50,TRUE,straight,,rain,,darkness_not_lit,,1,0,1,0,0,0,0,1,0,0,0,0,0,0,0,0,1,0,0,0
-41.2832932,174.7624341,Wellington City,2018,serious_injury,50,FALSE,straight,,rain,,darkness_not_lit,giveway_sign,1,0,1,0,0,0,0,1,0,0,0,0,0,0,0,0,1,0,0,0
-41.29711939,174.7735673,Wellington City,2018,serious_injury,50,TRUE,straight,,fine,,daylight,traffic_lights,1,0,1,0,0,0,0,1,0,0,0,0,0,0,0,0,1,0,0,0
-40.34592423,175.6209477,Palmerston North City,2018,serious_injury,50,FALSE,straight,,fine,,darkness_not_lit,,1,0,1,0,0,0,0,1,0,0,0,0,0,0,0,0,1,0,0,0
-45.87611539,170.3742769,Dunedin City,2018,serious_injury,70,FALSE,straight,,fine,,darkness_not_lit,,1,0,1,0,0,0,0,1,0,0,0,0,0,0,0,0,1,0,0,0
-41.28336033,173.2674099,Nelson City,2018,serious_injury,50,FALSE,straight,,fine,,daylight,,1,0,1,0,0,0,0,1,0,0,0,0,0,0,0,0,1,0,0,0
-37.77674715,175.2733516,Hamilton City,2018,serious_injury,10,FALSE,straight,,,,darkness_not_lit,,1,0,1,0,0,0,0,1,0,0,0,0,0,0,0,0,1,0,0,0
-38.67667753,178.0367223,Gisborne District,2018,serious_injury,50,FALSE,curved_view_open,,fine,,dawn_dusk,,1,0,1,0,0,0,0,1,0,0,0,0,0,0,0,0,1,0,0,0
-36.80169192,174.7443121,Auckland,2018,minor_injury,50,TRUE,straight,,fine,,daylight,giveway_sign,2,0,0,2,0,0,0,1,0,0,0,0,0,0,0,0,1,0,0,0
-36.90909381,174.6883555,Auckland,2018,minor_injury,50,TRUE,straight,,rain,,daylight,stop_sign,2,0,0,2,0,0,0,1,0,0,0,0,0,0,0,0,1,0,0,0
-45.89883276,170.4752283,Dunedin City,2018,minor_injury,50,FALSE,curved_view_open,,fine,,darkness_not_lit,,2,0,0,2,0,0,0,1,0,0,0,0,0,0,0,0,1,0,0,0
-36.86610766,174.7377998,Auckland,2018,fatality,50,FALSE,curved_view_open,,fine,,daylight,,1,1,0,0,0,0,0,1,0,0,0,0,0,0,0,0,1,0,0,0
-36.84815225,174.8343932,Auckland,2018,property_damage,50,TRUE,curved_view_open,,fine,,daylight,giveway_sign,0,0,0,0,2,0,0,0,0,1,0,0,0,0,0,0,0,0,0,0
-36.90187354,174.8101802,Auckland,2018,property_damage,100,FALSE,straight,,fine,,darkness_not_lit,,0,0,0,0,2,0,0,0,0,1,0,0,0,0,0,0,0,0,0,0
-36.85765476,174.7615558,Auckland,2018,property_damage,50,FALSE,straight,,fine,,darkness_not_lit,,0,0,0,0,2,0,0,0,0,1,0,0,0,0,0,0,0,0,0,0
-41.2379254,174.8292901,Wellington City,2018,property_damage,100,FALSE,straight,,fine,,daylight,,0,0,0,0,2,0,0,0,0,1,0,0,0,0,0,0,0,0,0,0
-36.76413751,174.7173243,Auckland,2018,property_damage,50,FALSE,straight,,fine,,daylight,,0,0,0,0,2,0,0,0,0,1,0,0,0,0,0,0,0,0,0,0
-36.85781584,174.7598097,Auckland,2018,property_damage,50,FALSE,straight,,rain,,darkness_not_lit,,0,0,0,0,2,0,0,0,0,1,0,0,0,0,0,0,0,0,0,0
-37.72776796,176.1414327,Tauranga City,2018,property_damage,50,FALSE,straight,,rain,,darkness_not_lit,,0,0,0,0,2,0,0,0,0,1,0,0,0,0,0,0,0,0,0,0
-37.78165263,176.0511263,Western Bay Of Plenty District,2018,property_damage,100,FALSE,straight,,fine,,daylight,,0,0,0,0,2,0,0,0,0,1,0,0,0,0,0,0,0,0,0,0
-37.02027037,174.8950853,Auckland,2018,property_damage,50,FALSE,straight,,fine,,darkness_not_lit,,0,0,0,0,2,0,0,0,0,1,0,0,0,0,0,0,0,0,0,0
-41.29860343,174.7754588,Wellington City,2018,minor_injury,50,FALSE,straight,,fine,,daylight,traffic_lights,1,0,0,1,2,0,0,0,0,1,0,0,0,0,0,0,0,0,0,0
-41.22269889,174.8090382,Wellington City,2018,minor_injury,80,FALSE,curved_view_open,,fine,,darkness_not_lit,,1,0,0,1,2,0,0,0,0,1,0,0,0,0,0,0,0,0,0,0
-41.29066778,174.7713863,Wellington City,2018,minor_injury,50,FALSE,straight,,fine,,daylight,stop_sign,1,0,0,1,2,0,0,0,0,1,0,0,0,0,0,0,0,0,0,0
-36.85969563,174.7527637,Auckland,2018,minor_injury,50,TRUE,straight,,fine,,daylight,traffic_lights,1,0,0,1,2,0,0,0,0,1,0,0,0,0,0,0,0,0,0,0
-36.22962786,174.4934675,Auckland,2018,minor_injury,100,FALSE,straight,,fine,,daylight,,1,0,0,1,2,0,0,0,0,1,0,0,0,0,0,0,0,0,0,0
-36.78086658,174.75072,Auckland,2018,minor_injury,50,FALSE,straight,,fine,,daylight,,1,0,0,1,2,0,0,0,0,1,0,0,0,0,0,0,0,0,0,0
-36.91043347,174.7684822,Auckland,2018,serious_injury,50,FALSE,straight,,fine,,daylight,,1,0,1,0,2,0,0,0,0,1,0,0,0,0,0,0,0,0,0,0
-36.8525355,174.8585781,Auckland,2018,serious_injury,50,TRUE,straight,,fine,,daylight,stop_sign,1,0,1,0,2,0,0,0,0,1,0,0,0,0,0,0,0,0,0,0
-41.12367106,174.8810619,Porirua City,2018,serious_injury,50,FALSE,curved_view_open,,fine,,daylight,,1,0,1,0,2,0,0,0,0,1,0,0,0,0,0,0,0,0,0,0
-37.56765156,175.1586427,Waikato District,2018,minor_injury,70,FALSE,straight,,fine,,daylight,,2,0,0,2,2,0,0,0,0,1,0,0,0,0,0,0,0,0,0,0
-41.26734375,174.7856542,Wellington City,2018,minor_injury,70,FALSE,straight,,rain,,daylight,,2,0,0,2,2,0,0,0,0,1,0,0,0,0,0,0,0,0,0,0
-36.9693007,174.8747024,Auckland,2018,minor_injury,100,FALSE,straight,,fine,,darkness_not_lit,,2,0,0,2,2,0,0,0,0,1,0,0,0,0,0,0,0,0,0,0
-41.12089189,174.8541463,Porirua City,2018,fatality,100,TRUE,straight,,fine,,dawn_dusk,traffic_lights,2,1,1,0,2,0,0,0,0,1,0,0,0,0,0,0,0,0,0,0
-43.59985082,172.6419076,Christchurch City,2018,fatality,70,FALSE,straight,,fine,,daylight,,2,1,1,0,2,0,0,0,0,1,0,0,0,0,0,0,0,0,0,0
-41.33720743,174.7725872,Wellington City,2018,serious_injury,50,TRUE,straight,,fine,,daylight,stop_sign,2,0,1,1,2,0,0,0,0,1,0,0,0,0,0,0,0,0,0,0
-36.94553472,174.7923026,Auckland,2018,property_damage,100,FALSE,straight,,fine,,darkness_not_lit,,0,0,0,0,2,0,0,1,0,0,0,0,0,0,0,0,1,0,0,0
-36.73221628,174.7100842,Auckland,2018,minor_injury,50,FALSE,curved_view_open,,fine,,daylight,,2,0,0,2,2,0,0,1,0,0,0,0,0,0,0,0,1,0,0,0
-37.30920113,175.0674425,Waikato District,2018,property_damage,100,TRUE,curved_view_open,,rain,,daylight,giveway_sign,0,0,0,0,1,0,0,0,0,0,0,2,0,0,0,0,0,0,0,0
-37.88124164,175.9207995,Matamata-Piako District,2018,property_damage,60,FALSE,curved_view_open,,mist,,daylight,,0,0,0,0,1,0,0,0,0,0,0,2,0,0,0,0,0,0,0,0
-36.90624106,174.7175867,Auckland,2018,property_damage,50,FALSE,straight,,fine,,daylight,,0,0,0,0,1,0,0,0,0,0,0,2,0,0,0,0,0,0,0,0
-36.99722234,174.8500711,Auckland,2018,property_damage,100,FALSE,straight,,fine,,darkness_not_lit,,0,0,0,0,1,0,0,0,0,0,0,2,0,0,0,0,0,0,0,0
-36.92643786,174.7951335,Auckland,2018,minor_injury,50,TRUE,straight,,rain,,daylight,stop_sign,1,0,0,1,1,0,0,0,0,0,0,2,0,0,0,0,0,0,0,0
-36.91494497,174.8463414,Auckland,2018,minor_injury,50,FALSE,straight,,fine,,daylight,,1,0,0,1,1,0,0,0,0,0,0,2,0,0,0,0,0,0,0,0
-35.76424543,174.3102999,Whangarei District,2018,minor_injury,80,FALSE,straight,,fine,,daylight,,2,0,0,2,1,0,0,0,0,0,0,2,0,0,0,0,0,0,0,0
-39.27598849,175.7421908,Taupo District,2018,fatality,100,FALSE,straight,,fine,,daylight,,5,2,1,2,1,0,0,0,0,0,0,2,0,0,0,0,0,0,0,0
-39.15187984,174.2072428,New Plymouth District,2018,property_damage,50,TRUE,straight,,fine,,daylight,traffic_lights,0,0,0,0,0,0,0,0,0,0,0,0,0,0,0,0,0,0,1,0
-37.82177927,176.5652262,Western Bay Of Plenty District,2018,property_damage,100,FALSE,straight,,fine,,daylight,,0,0,0,0,0,0,0,0,0,0,0,0,0,0,0,0,0,0,1,0
-36.92028526,174.9260706,Auckland,2018,property_damage,60,TRUE,straight,,fine,,daylight,giveway_sign,0,0,0,0,2,0,0,0,0,0,0,0,1,0,0,0,0,1,0,0
-36.85581282,174.8547654,Auckland,2018,property_damage,50,FALSE,straight,,fine,,daylight,,0,0,0,0,2,0,0,0,0,0,0,0,1,0,0,0,0,1,0,0
-41.20997216,174.9486324,Hutt City,2018,property_damage,50,FALSE,curved_view_open,,rain,,darkness_not_lit,,0,0,0,0,2,0,0,0,0,0,0,0,1,0,0,0,0,1,0,0
-36.73674071,174.7044619,Auckland,2018,minor_injury,50,FALSE,curved_view_open,,fine,,daylight,,1,0,0,1,2,0,0,0,0,0,0,0,1,0,0,0,0,1,0,0
-36.84519381,174.7379767,Auckland,2018,minor_injury,50,TRUE,straight,,fine,,daylight,,1,0,0,1,2,0,0,0,0,0,0,0,1,0,0,0,0,1,0,0
-37.75478296,175.2429649,Hamilton City,2018,serious_injury,60,TRUE,straight,,fine,,daylight,giveway_sign,1,0,1,0,2,0,0,0,0,0,0,0,1,0,0,0,0,1,0,0
-36.72280536,174.6924753,Auckland,2018,minor_injury,50,FALSE,straight,,fine,,daylight,,2,0,0,2,2,0,0,0,0,0,0,0,1,0,0,0,0,1,0,0
-41.34054257,174.7712555,Wellington City,2018,property_damage,50,TRUE,straight,,fine,,daylight,giveway_sign,0,0,0,0,1,0,0,0,0,0,0,0,1,0,0,0,0,3,0,0
-41.27617469,173.2701627,Nelson City,2018,property_damage,40,FALSE,curved_view_open,,fine,,darkness_not_lit,,0,0,0,0,1,0,0,0,0,0,0,0,1,0,0,0,0,3,0,0
-41.21317716,174.9300125,Hutt City,2018,property_damage,50,TRUE,curved_view_open,,fine,,daylight,giveway_sign,0,0,0,0,0,0,0,0,0,0,0,0,1,0,0,0,0,1,0,0
-36.79138568,174.7229308,Auckland,2018,property_damage,50,FALSE,straight,,fine,,daylight,,0,0,0,0,3,0,0,1,0,0,0,0,0,0,0,0,0,2,0,0
-36.89622528,174.7449242,Auckland,2018,property_damage,50,FALSE,straight,,,,daylight,,0,0,0,0,3,0,0,1,0,0,0,0,0,0,0,0,0,2,0,0
-36.90544982,174.7205657,Auckland,2018,property_damage,50,FALSE,straight,,fine,,daylight,,0,0,0,0,3,0,0,1,0,0,0,0,0,0,0,0,0,2,0,0
-36.92212361,174.9233104,Auckland,2018,property_damage,60,FALSE,straight,,fine,,daylight,,0,0,0,0,3,0,0,1,0,0,0,0,0,0,0,0,0,2,0,0
-37.7944746,175.2862844,Hamilton City,2018,property_damage,50,FALSE,straight,,rain,,daylight,,0,0,0,0,3,0,0,1,0,0,0,0,0,0,0,0,0,2,0,0
-36.80349762,174.7471776,Auckland,2018,property_damage,50,FALSE,straight,,fine,,daylight,,0,0,0,0,3,0,0,1,0,0,0,0,0,0,0,0,0,2,0,0
-36.91901091,174.7565567,Auckland,2018,property_damage,50,FALSE,straight,,fine,,darkness_not_lit,,0,0,0,0,3,0,0,1,0,0,0,0,0,0,0,0,0,2,0,0
-37.07351325,174.9427857,Auckland,2018,minor_injury,50,TRUE,straight,,fine,,darkness_not_lit,stop_sign,1,0,0,1,3,0,0,1,0,0,0,0,0,0,0,0,0,2,0,0
-46.23587474,169.7413211,Clutha District,2018,property_damage,50,TRUE,straight,,fine,,darkness_not_lit,,0,0,0,0,1,0,0,1,0,0,0,0,0,0,0,0,0,3,0,0
-42.92736705,172.7203947,Hurunui District,2018,property_damage,100,FALSE,curved_view_open,,rain,,daylight,,0,0,0,0,1,0,0,1,0,0,0,0,0,0,0,0,0,3,0,0
-45.04888206,169.1818307,Central Otago District,2018,property_damage,50,FALSE,straight,,fine,,darkness_not_lit,,0,0,0,0,1,0,0,1,0,0,0,0,0,0,0,0,0,3,0,0
-46.40038521,168.3756101,Invercargill City,2018,property_damage,50,TRUE,straight,,fine,,darkness_not_lit,giveway_sign,0,0,0,0,1,0,0,1,0,0,0,0,0,0,0,0,0,3,0,0
-36.77455625,174.7285932,Auckland,2018,property_damage,50,FALSE,curved_view_open,,fine,,darkness_not_lit,,0,0,0,0,1,0,0,1,0,0,0,0,0,0,0,0,0,3,0,0
-45.00187509,168.7852522,Queenstown-Lakes District,2018,property_damage,50,TRUE,curved_view_open,,fine,,darkness_not_lit,giveway_sign,0,0,0,0,1,0,0,1,0,0,0,0,0,0,0,0,0,3,0,0
-40.6288499,175.2962575,Horowhenua District,2018,minor_injury,50,FALSE,straight,,fine,,darkness_not_lit,,1,0,0,1,1,0,0,1,0,0,0,0,0,0,0,0,0,3,0,0
-39.0497201,174.1106726,New Plymouth District,2018,minor_injury,50,FALSE,straight,,fine,,daylight,,1,0,0,1,1,0,0,1,0,0,0,0,0,0,0,0,0,3,0,0
-41.2811167,174.775116,Wellington City,2018,property_damage,50,TRUE,straight,,,,daylight,giveway_sign,0,0,0,0,0,0,0,1,0,1,0,0,0,0,0,0,0,1,0,0
-41.51711471,173.9577035,Marlborough District,2018,property_damage,50,FALSE,straight,,fine,,daylight,,0,0,0,0,0,0,0,1,0,1,0,0,0,0,0,0,0,1,0,0
-36.45523271,174.4362863,Auckland,2018,minor_injury,100,FALSE,curved_view_open,,fine,,daylight,,1,0,0,1,0,0,0,1,0,1,0,0,0,0,0,0,0,1,0,0
-42.71731764,170.9665473,Westland District,2018,property_damage,50,TRUE,straight,,fine,,daylight,giveway_sign,0,0,0,0,0,0,0,1,0,0,0,0,0,0,0,0,0,0,0,0
-41.06841014,175.4737992,South Wairarapa District,2018,property_damage,100,FALSE,curved_view_open,,fine,,daylight,,0,0,0,0,0,0,0,1,0,0,0,0,0,0,0,0,0,0,0,0
-40.30120823,175.3706318,Manawatu District,2018,property_damage,100,FALSE,straight,,fine,,daylight,,0,0,0,0,0,0,0,1,0,0,0,0,0,0,0,0,0,0,0,0
-36.51687838,174.6698318,Auckland,2018,property_damage,80,FALSE,straight,,fine,,darkness_not_lit,,0,0,0,0,0,0,0,1,0,0,0,0,0,0,0,0,0,0,0,0
-37.05351878,174.9649008,Auckland,2018,property_damage,50,FALSE,straight,,fine,,daylight,,0,0,0,0,0,0,0,1,0,0,0,0,0,0,0,0,0,0,0,0
-40.62243334,175.2882471,Horowhenua District,2018,minor_injury,50,TRUE,curved_view_open,,fine,,daylight,giveway_sign,1,0,0,1,0,0,0,1,0,0,0,0,0,0,0,0,0,0,0,0
-38.34130316,176.7917966,Whakatane District,2018,minor_injury,100,FALSE,curved_view_open,,rain,,darkness_not_lit,,1,0,0,1,0,0,0,1,0,0,0,0,0,0,0,0,0,0,0,0
-36.98048993,174.9022092,Auckland,2018,minor_injury,60,FALSE,straight,,fine,,daylight,,2,0,0,2,0,0,0,1,0,0,0,0,0,0,0,0,0,0,0,0
-45.00995765,168.8997575,Queenstown-Lakes District,2018,minor_injury,100,FALSE,straight,,rain,,darkness_not_lit,,2,0,0,2,0,0,0,1,0,0,0,0,0,0,0,0,0,0,0,0
-38.44211915,175.061671,Waitomo District,2018,serious_injury,100,TRUE,curved_view_open,,fine,,daylight,giveway_sign,4,0,1,3,0,0,0,1,0,0,0,0,0,0,0,0,0,0,0,0
-44.04523335,171.4189312,Ashburton District,2018,property_damage,100,TRUE,curved_view_open,,fine,,daylight,stop_sign,0,0,0,0,0,0,0,0,0,0,0,1,0,0,0,0,0,1,0,0
-36.89885452,174.7160295,Auckland,2018,property_damage,50,FALSE,straight,,fine,,daylight,,0,0,0,0,0,0,0,0,0,0,0,1,0,0,0,0,0,1,0,0