latitude,longitude,local_government_area,year,severity,speed_limit,intersection,road_position_horizontal,road_wet,weather,crash_type,lighting,traffic_controls,casualties,fatalities,serious_injuries,minor_injuries,car_sedan,car_utility,car_van,car_4x4,car_station_wagon,motor_cycle,truck_small,truck_large,bus,taxi,bicycle,scooter,pedestrian,inanimate,train,tram
-38.46297547,175.1933156,Waitomo District,2018,property_damage,100,FALSE,curved_view_open,,fine,,daylight,,0,0,0,0,0,0,0,0,0,0,0,1,0,0,0,0,0,1,0,0
-38.25353488,175.0928176,Waitomo District,2018,property_damage,100,FALSE,straight,,fine,,daylight,,0,0,0,0,0,0,0,0,0,0,0,1,0,0,0,0,0,1,0,0
-36.88700227,174.8254483,Auckland,2018,minor_injury,50,FALSE,curved_view_open,,fine,,daylight,,1,0,0,1,0,0,0,0,0,0,0,1,0,0,0,0,0,1,0,0
-44.26263749,171.2690163,Timaru District,2018,minor_injury,100,FALSE,straight,,fine,,daylight,,1,0,0,1,0,0,0,0,0,0,0,1,0,0,0,0,0,1,0,0
-36.98254635,174.882903,Auckland,2018,property_damage,100,FALSE,straight,,fine,,daylight,,0,0,0,0,2,0,0,0,0,0,0,1,0,0,0,0,0,1,0,0
-36.86826762,174.7691698,Auckland,2018,property_damage,80,FALSE,straight,,fine,,daylight,,0,0,0,0,2,0,0,0,0,0,0,1,0,0,0,0,0,1,0,0
-36.90763779,174.8240094,Auckland,2018,property_damage,50,FALSE,straight,,fine,,daylight,,0,0,0,0,2,0,0,0,0,0,0,1,0,0,0,0,0,1,0,0
-39.47788274,176.8824917,Napier City,2018,property_damage,50,FALSE,straight,,fine,,daylight,,0,0,0,0,2,0,0,0,0,0,0,1,0,0,0,0,0,1,0,0
-36.85215734,174.7742268,Auckland,2018,property_damage,50,FALSE,straight,,rain,,darkness_not_lit,,0,0,0,0,2,0,0,0,0,0,0,1,0,0,0,0,0,1,0,0
-36.85222898,174.7970526,Auckland,2018,property_damage,50,FALSE,straight,,fine,,daylight,,0,0,0,0,2,0,0,0,0,0,0,1,0,0,0,0,0,1,0,0
-45.87271124,170.4984847,Dunedin City,2018,minor_injury,50,TRUE,curved_view_open,,fine,,daylight,stop_sign,1,0,0,1,2,0,0,0,0,0,0,1,0,0,0,0,0,1,0,0
-45.87271124,170.4984847,Dunedin City,2018,minor_injury,50,TRUE,curved_view_open,,fine,,daylight,stop_sign,1,0,0,1,2,0,0,0,0,0,0,1,0,0,0,0,0,1,0,0
-40.31076711,175.8431498,Tararua District,2018,minor_injury,100,FALSE,curved_view_open,,fine,,daylight,,1,0,0,1,2,0,0,0,0,0,0,1,0,0,0,0,0,1,0,0
-37.20678285,174.9944466,Auckland,2018,minor_injury,100,FALSE,curved_view_open,,fine,,daylight,,1,0,0,1,2,0,0,0,0,0,0,1,0,0,0,0,0,1,0,0
-43.55409281,172.5988717,Christchurch City,2018,minor_injury,50,FALSE,straight,,rain,,daylight,,1,0,0,1,2,0,0,0,0,0,0,1,0,0,0,0,0,1,0,0
-36.97853446,174.8727159,Auckland,2018,minor_injury,50,FALSE,straight,,fine,,daylight,giveway_sign,1,0,0,1,2,0,0,0,0,0,0,1,0,0,0,0,0,1,0,0
-41.17121628,174.8253823,Wellington City,2018,minor_injury,50,FALSE,straight,,fine,,daylight,,1,0,0,1,2,0,0,0,0,0,0,1,0,0,0,0,0,1,0,0
-40.31010789,175.7158465,Palmerston North City,2018,minor_injury,100,FALSE,straight,,fine,,daylight,,1,0,0,1,2,0,0,0,0,0,0,1,0,0,0,0,0,1,0,0
-36.92329033,174.7808923,Auckland,2018,serious_injury,50,TRUE,straight,,rain,,daylight,stop_sign,1,0,1,0,2,0,0,0,0,0,0,1,0,0,0,0,0,1,0,0
-37.71825714,175.7240118,Matamata-Piako District,2018,fatality,100,FALSE,straight,,fine,,darkness_not_lit,,3,2,0,1,2,0,0,0,0,0,0,1,0,0,0,0,0,1,0,0
-38.13685922,176.249683,Rotorua District,2018,property_damage,50,FALSE,straight,,fine,,darkness_not_lit,,0,0,0,0,2,0,0,0,0,0,0,0,0,1,0,0,0,0,0,0
-41.33720743,174.7725872,Wellington City,2018,property_damage,50,TRUE,straight,,fine,,daylight,stop_sign,0,0,0,0,0,0,0,0,0,0,0,0,1,0,0,0,0,1,0,0
-35.41271954,173.7993208,Far North District,2018,property_damage,50,FALSE,curved_view_open,,fine,,darkness_not_lit,,0,0,0,0,0,0,0,0,0,0,0,0,1,0,0,0,0,1,0,0
-44.58420297,169.6511622,Waitaki District,2018,property_damage,100,FALSE,curved_view_open,,fine,,darkness_not_lit,,0,0,0,0,0,0,0,0,0,0,0,0,1,0,0,0,0,1,0,0
-36.93897011,174.8431258,Auckland,2018,property_damage,50,FALSE,straight,,fine,,daylight,,0,0,0,0,0,0,0,0,0,0,0,0,1,0,0,0,0,1,0,0
-36.90349709,174.8041804,Auckland,2018,property_damage,50,FALSE,straight,,fine,,daylight,,0,0,0,0,0,0,0,0,0,0,0,0,1,0,0,0,0,1,0,0
-37.04826409,174.9264559,Auckland,2018,property_damage,50,FALSE,straight,,fine,,daylight,,0,0,0,0,0,0,0,0,0,0,0,0,1,0,0,0,0,1,0,0
-36.8935603,174.7587786,Auckland,2018,property_damage,50,TRUE,straight,,rain,,daylight,stop_sign,0,0,0,0,0,0,0,0,0,0,0,0,1,0,0,0,0,1,0,0
-36.87523154,174.7578645,Auckland,2018,property_damage,50,TRUE,straight,,fine,,daylight,giveway_sign,0,0,0,0,0,0,0,0,0,0,0,0,1,0,0,0,0,1,0,0
-36.62499256,174.5040022,Auckland,2018,property_damage,100,FALSE,straight,,fine,,daylight,,0,0,0,0,0,0,0,0,0,0,0,0,1,0,0,0,0,1,0,0
-37.23424547,174.9230188,Auckland,2018,property_damage,100,FALSE,curved_view_open,,rain,,daylight,,0,0,0,0,0,0,0,0,0,0,0,0,1,0,0,0,0,1,0,0
-38.38090538,177.4708595,Gisborne District,2018,property_damage,100,TRUE,curved_view_open,,fine,,daylight,stop_sign,0,0,0,0,0,0,0,0,0,0,0,0,1,0,0,0,0,1,0,0
-42.46242669,173.2763596,Hurunui District,2018,property_damage,100,FALSE,straight,,fine,,daylight,,0,0,0,0,0,0,0,0,0,0,0,0,1,0,0,0,0,1,0,0
-41.14955778,174.9788971,Hutt City,2018,property_damage,100,FALSE,curved_view_open,,rain,,daylight,,0,0,0,0,0,0,0,0,0,0,0,0,1,0,0,0,0,1,0,0
-46.09861396,168.9286187,Gore District,2018,property_damage,50,FALSE,straight,,fine,,darkness_not_lit,,0,0,0,0,0,0,0,0,0,0,0,0,1,0,0,0,0,1,0,0
-41.30211699,174.8180999,Wellington City,2018,property_damage,40,FALSE,curved_view_open,,fine,,darkness_not_lit,,0,0,0,0,0,0,0,0,0,0,0,0,1,0,0,0,0,1,0,0
-37.24653415,174.7367476,Auckland,2018,property_damage,50,FALSE,straight,,fine,,daylight,,0,0,0,0,0,0,0,0,0,0,0,0,1,0,0,0,0,1,0,0
-45.08761447,169.616583,Central Otago District,2018,property_damage,100,FALSE,straight,,rain,,darkness_not_lit,,0,0,0,0,0,0,0,0,0,0,0,0,1,0,0,0,0,1,0,0
-37.77672483,177.6678785,Opotiki District,2018,property_damage,100,FALSE,straight,,fine,,daylight,,0,0,0,0,0,0,0,0,0,0,0,0,1,0,0,0,0,1,0,0
-44.99653963,168.7867859,Queenstown-Lakes District,2018,property_damage,100,FALSE,straight,,rain,,darkness_not_lit,,0,0,0,0,0,0,0,0,0,0,0,0,1,0,0,0,0,1,0,0
-41.22841117,174.84469,Wellington City,2018,property_damage,100,FALSE,straight,,fine,,daylight,,0,0,0,0,0,0,0,0,0,0,0,0,1,0,0,0,0,1,0,0
-43.81243211,171.6723293,Ashburton District,2018,property_damage,100,FALSE,straight,,rain,,daylight,,0,0,0,0,0,0,0,0,0,0,0,0,1,0,0,0,0,1,0,0
-42.71849488,170.9643839,Westland District,2018,property_damage,50,FALSE,straight,,fine,,daylight,,0,0,0,0,0,0,0,0,0,0,0,0,1,0,0,0,0,1,0,0
-41.24358446,174.9498458,Hutt City,2018,property_damage,50,FALSE,straight,,rain,,daylight,,0,0,0,0,0,0,0,0,0,0,0,0,1,0,0,0,0,1,0,0
-37.24924986,174.921461,Waikato District,2018,property_damage,100,FALSE,curved_view_open,,fine,,daylight,,0,0,0,0,0,0,0,0,0,0,0,0,1,0,0,0,0,1,0,0
-43.65605141,172.5680953,Selwyn District,2018,property_damage,100,FALSE,straight,,mist,,darkness_not_lit,,0,0,0,0,0,0,0,0,0,0,0,0,1,0,0,0,0,1,0,0
-36.94052778,174.7703791,Auckland,2018,property_damage,50,FALSE,curved_view_open,,fine,,dawn_dusk,,0,0,0,0,0,0,0,0,0,0,0,0,1,0,0,0,0,1,0,0
-41.29173203,174.7806346,Wellington City,2018,property_damage,50,FALSE,straight,,fine,,dawn_dusk,,0,0,0,0,0,0,0,0,0,0,0,0,1,0,0,0,0,1,0,0
-35.7269658,174.3193965,Whangarei District,2018,property_damage,50,FALSE,straight,,fine,,daylight,,0,0,0,0,0,0,0,0,0,0,0,0,1,0,0,0,0,1,0,0
-45.90028937,170.4387817,Dunedin City,2018,property_damage,50,FALSE,straight,,fine,,darkness_not_lit,,0,0,0,0,0,0,0,0,0,0,0,0,1,0,0,0,0,1,0,0
-42.4686382,171.1905015,Grey District,2018,property_damage,50,FALSE,straight,,fine,,daylight,,0,0,0,0,0,0,0,0,0,0,0,0,1,0,0,0,0,1,0,0
-41.27124028,174.754851,Wellington City,2018,property_damage,50,TRUE,curved_view_open,,rain,,daylight,,0,0,0,0,0,0,0,0,0,0,0,0,1,0,0,0,0,1,0,0
-36.85097123,174.6100122,Auckland,2018,property_damage,50,FALSE,straight,,fine,,darkness_not_lit,,0,0,0,0,0,0,0,0,0,0,0,0,1,0,0,0,0,1,0,0
-44.89364469,171.0276985,Waimate District,2018,minor_injury,100,TRUE,curved_view_open,,rain,,daylight,giveway_sign,1,0,0,1,0,0,0,0,0,0,0,0,1,0,0,0,0,1,0,0
-46.01797464,168.8626003,Gore District,2018,minor_injury,100,FALSE,straight,,fine,,daylight,,1,0,0,1,0,0,0,0,0,0,0,0,1,0,0,0,0,1,0,0
-36.71306177,174.7207432,Auckland,2018,minor_injury,60,FALSE,straight,,fine,,daylight,,1,0,0,1,0,0,0,0,0,0,0,0,1,0,0,0,0,1,0,0
-44.43558527,171.0815989,Waimate District,2018,minor_injury,100,FALSE,curved_view_open,,rain,,darkness_not_lit,,1,0,0,1,0,0,0,0,0,0,0,0,1,0,0,0,0,1,0,0
-41.04403984,173.0128621,Tasman District,2018,minor_injury,80,FALSE,curved_view_open,,fine,,daylight,,1,0,0,1,0,0,0,0,0,0,0,0,1,0,0,0,0,1,0,0
-36.97514458,174.8926623,Auckland,2018,minor_injury,50,FALSE,straight,,fine,,daylight,,1,0,0,1,0,0,0,0,0,0,0,0,1,0,0,0,0,1,0,0
-45.92286721,168.8750019,Gore District,2018,serious_injury,100,FALSE,curved_view_open,,fine,,daylight,,1,0,1,0,0,0,0,0,0,0,0,0,1,0,0,0,0,1,0,0
-38.31587378,176.3751224,Rotorua District,2018,minor_injury,100,FALSE,curved_view_open,,fine,,darkness_not_lit,,2,0,0,2,0,0,0,0,0,0,0,0,1,0,0,0,0,1,0,0
-38.27678836,176.3381908,Rotorua District,2018,minor_injury,100,FALSE,straight,,fine,,dawn_dusk,,2,0,0,2,0,0,0,0,0,0,0,0,1,0,0,0,0,1,0,0
-45.11589148,169.5371667,Central Otago District,2018,minor_injury,100,FALSE,straight,,fine,,daylight,,3,0,0,3,0,0,0,0,0,0,0,0,1,0,0,0,0,1,0,0
-44.97064177,168.0156546,Southland District,2018,serious_injury,100,FALSE,straight,,fine,,daylight,,2,0,1,1,0,0,0,0,0,0,0,0,1,0,0,0,0,1,0,0
-41.72340387,173.9078733,Marlborough District,2018,serious_injury,100,FALSE,curved_view_open,,fine,,daylight,,4,0,1,3,0,0,0,0,0,0,0,0,1,0,0,0,0,1,0,0
-39.90762829,176.4767684,Central Hawkes Bay District,2018,serious_injury,100,FALSE,curved_view_open,,fine,,dawn_dusk,,4,0,2,2,0,0,0,0,0,0,0,0,1,0,0,0,0,1,0,0
-40.25697613,175.3886983,Manawatu District,2018,minor_injury,100,TRUE,straight,,fine,,daylight,stop_sign,16,0,0,16,0,0,0,0,0,0,0,0,1,0,0,0,0,1,0,0
-45.550232,168.0045125,Southland District,2018,serious_injury,100,FALSE,curved_view_open,,mist,,daylight,,18,0,9,9,0,0,0,0,0,0,0,0,1,0,0,0,0,1,0,0
-41.30045301,174.7787578,Wellington City,2018,property_damage,50,FALSE,curved_view_open,,rain,,darkness_not_lit,,0,0,0,0,2,0,0,0,0,0,0,1,0,0,0,0,0,2,0,0
-36.87795567,174.7503986,Auckland,2018,property_damage,50,FALSE,straight,,fine,,darkness_not_lit,,0,0,0,0,2,0,0,0,0,0,0,1,0,0,0,0,0,2,0,0
-36.87770205,174.7504826,Auckland,2018,property_damage,50,FALSE,straight,,fine,,daylight,,0,0,0,0,2,0,0,0,0,0,0,1,0,0,0,0,0,2,0,0
-39.05857829,174.0779764,New Plymouth District,2018,property_damage,50,FALSE,straight,,fine,,darkness_not_lit,,0,0,0,0,2,0,0,0,0,0,0,1,0,0,0,0,0,2,0,0
-37.03717186,174.8994629,Auckland,2018,property_damage,50,TRUE,straight,,fine,,darkness_not_lit,,0,0,0,0,2,0,0,0,0,0,0,1,0,0,0,0,0,2,0,0
-40.21031244,176.0978485,Tararua District,2018,property_damage,50,FALSE,straight,,fine,,daylight,,0,0,0,0,2,0,0,0,0,0,0,1,0,0,0,0,0,2,0,0
-36.85097171,174.8766419,Auckland,2018,property_damage,50,FALSE,curved_view_open,,fine,,daylight,,0,0,0,0,2,0,0,0,0,0,0,1,0,0,0,0,0,2,0,0
-36.92870336,174.7361214,Auckland,2018,property_damage,50,FALSE,curved_view_open,,rain,,darkness_not_lit,,0,0,0,0,2,0,0,0,0,0,0,1,0,0,0,0,0,2,0,0
-36.97622816,174.8122661,Auckland,2018,property_damage,50,FALSE,straight,,,,daylight,,0,0,0,0,2,0,0,0,0,0,0,1,0,0,0,0,0,2,0,0
-36.9089249,174.8076194,Auckland,2018,property_damage,50,FALSE,straight,,fine,,daylight,,0,0,0,0,2,0,0,0,0,0,0,1,0,0,0,0,0,2,0,0
-37.00050753,175.8490766,Thames-Coromandel District,2018,property_damage,50,FALSE,straight,,fine,,daylight,,0,0,0,0,2,0,0,0,0,0,0,1,0,0,0,0,0,2,0,0
-40.70098556,175.2225361,Horowhenua District,2018,serious_injury,100,FALSE,curved_view_open,,fine,,daylight,,1,0,1,0,2,0,0,0,0,0,0,1,0,0,0,0,0,2,0,0
-41.20934402,174.9049002,Hutt City,2018,property_damage,50,FALSE,straight,,fine,,daylight,,0,0,0,0,0,0,0,0,0,0,0,0,0,1,0,0,0,1,0,0
-41.26368887,174.9482236,Hutt City,2018,property_damage,50,FALSE,straight,,rain,,darkness_not_lit,,0,0,0,0,0,0,0,0,0,0,0,0,0,1,0,0,0,1,0,0
-41.29787652,174.7758691,Wellington City,2018,property_damage,50,TRUE,straight,,,,daylight,traffic_lights,0,0,0,0,0,0,0,0,0,0,0,0,0,1,0,1,0,0,0,0
-41.29934637,174.7728394,Wellington City,2018,property_damage,50,TRUE,straight,,fine,,darkness_not_lit,,0,0,0,0,0,0,0,0,0,0,0,0,0,1,0,0,0,2,0,0
-38.22634058,175.8756452,South Waikato District,2018,property_damage,50,TRUE,straight,,rain,,daylight,,0,0,0,0,0,0,0,0,0,0,0,0,0,1,0,0,0,2,0,0
-40.65662134,175.7071505,Tararua District,2018,property_damage,100,FALSE,curved_view_open,,fine,,daylight,,0,0,0,0,1,0,0,0,0,0,0,3,0,0,0,0,0,0,0,0
-37.79071891,175.2698736,Hamilton City,2018,property_damage,50,TRUE,straight,,fine,,daylight,giveway_sign,0,0,0,0,3,0,0,0,0,0,0,1,0,0,0,0,0,1,0,0
-41.29653492,174.7705776,Wellington City,2018,property_damage,50,FALSE,straight,,fine,,daylight,,0,0,0,0,3,0,0,0,0,0,0,1,0,0,0,0,0,1,0,0
-41.32639124,173.1467402,Tasman District,2018,property_damage,100,FALSE,straight,,fine,,daylight,,0,0,0,0,3,0,0,0,0,0,0,1,0,0,0,0,0,1,0,0
-41.32208341,174.8033734,Wellington City,2018,property_damage,50,FALSE,curved_view_open,,fine,,darkness_not_lit,,0,0,0,0,3,0,0,0,0,0,0,1,0,0,0,0,0,1,0,0
-37.03960717,174.9172764,Auckland,2018,property_damage,50,FALSE,straight,,fine,,daylight,,0,0,0,0,0,0,0,1,0,0,0,0,0,0,0,0,0,1,0,0
-37.80703358,175.4128679,Waikato District,2018,property_damage,100,FALSE,curved_view_open,,fine,,daylight,,0,0,0,0,0,0,0,1,0,0,0,0,0,0,0,0,0,1,0,0
-36.53156552,174.6779438,Auckland,2018,property_damage,80,FALSE,curved_view_open,,rain,,darkness_not_lit,,0,0,0,0,0,0,0,1,0,0,0,0,0,0,0,0,0,1,0,0
-37.59322343,175.3656266,Waikato District,2018,property_damage,100,FALSE,straight,,fine,,daylight,,0,0,0,0,0,0,0,1,0,0,0,0,0,0,0,0,0,1,0,0
-41.23700069,174.7964978,Wellington City,2018,property_damage,50,FALSE,curved_view_open,,rain,,daylight,,0,0,0,0,0,0,0,1,0,0,0,0,0,0,0,0,0,1,0,0
-38.06607834,176.61175,Whakatane District,2018,minor_injury,100,FALSE,curved_view_open,,rain,,daylight,,1,0,0,1,0,0,0,1,0,0,0,0,0,0,0,0,0,1,0,0
-35.09915687,173.2592012,Far North District,2018,serious_injury,20,FALSE,straight,,fine,,daylight,,1,0,1,0,0,0,0,1,0,0,0,0,0,0,0,0,0,1,0,0
-39.30959975,174.3329053,Stratford District,2018,serious_injury,100,FALSE,curved_view_open,,fine,,daylight,,1,0,1,0,0,0,0,1,0,0,0,0,0,0,0,0,0,1,0,0
-46.41307167,168.3573053,Invercargill City,2018,property_damage,50,FALSE,straight,,fine,,daylight,traffic_lights,0,0,0,0,2,0,0,0,0,0,0,0,0,0,0,0,1,0,0,0
-36.91434717,174.9081077,Auckland,2018,property_damage,60,TRUE,straight,,fine,,daylight,giveway_sign,0,0,0,0,2,0,0,0,0,0,0,0,0,0,0,0,1,0,0,0
-41.19713614,174.936398,Hutt City,2018,minor_injury,50,FALSE,straight,,fine,,daylight,,1,0,0,1,2,0,0,0,0,0,0,0,0,0,0,0,1,0,0,0
-44.92776567,168.7378941,Queenstown-Lakes District,2018,minor_injury,50,FALSE,curved_view_open,,fine,,daylight,,1,0,0,1,2,0,0,0,0,0,0,0,0,0,0,0,1,0,0,0
-41.22646239,174.8821685,Hutt City,2018,minor_injury,50,FALSE,straight,,fine,,darkness_not_lit,,1,0,0,1,2,0,0,0,0,0,0,0,0,0,0,0,1,0,0,0
-41.12303228,175.0710456,Upper Hutt City,2018,minor_injury,10,FALSE,straight,,,,daylight,,1,0,0,1,2,0,0,0,0,0,0,0,0,0,0,0,1,0,0,0
-36.84882995,174.7573382,Auckland,2018,serious_injury,50,FALSE,straight,,fine,,daylight,,1,0,1,0,2,0,0,0,0,0,0,0,0,0,0,0,1,0,0,0
-43.29825343,172.1883562,Waimakariri District,2018,minor_injury,50,FALSE,straight,,fine,,daylight,,2,0,0,2,2,0,0,0,0,0,0,0,0,0,0,0,1,0,0,0
-37.04211893,174.9269077,Auckland,2018,serious_injury,50,FALSE,straight,,fine,,daylight,,2,0,1,1,2,0,0,0,0,0,0,0,0,0,0,0,1,0,0,0
-43.55912274,172.6938294,Christchurch City,2018,fatality,100,FALSE,straight,,fine,,darkness_not_lit,,1,1,0,0,2,0,0,0,0,0,0,0,0,0,0,0,1,0,0,0
-36.81142287,174.7260365,Auckland,2018,property_damage,50,FALSE,straight,,fine,,daylight,,0,0,0,0,1,0,0,0,0,0,0,0,2,0,0,0,0,1,0,0
-36.75140138,174.7334724,Auckland,2018,property_damage,50,TRUE,straight,,fine,,daylight,giveway_sign,0,0,0,0,1,0,0,1,0,0,0,0,0,0,0,0,0,1,0,0
-41.14881264,175.0130505,Upper Hutt City,2018,minor_injury,50,FALSE,straight,,fine,,daylight,,1,0,0,1,1,0,0,1,0,0,0,0,0,0,0,0,0,1,0,0
-35.7227501,174.3231744,Whangarei District,2018,property_damage,50,FALSE,curved_view_open,,fine,,darkness_not_lit,,0,0,0,0,4,0,0,0,0,0,0,0,0,0,0,0,0,4,0,0
-39.05502584,174.0917677,New Plymouth District,2018,minor_injury,60,FALSE,curved_view_open,,fine,,darkness_not_lit,,1,0,0,1,4,0,0,0,0,0,0,0,0,0,0,0,0,4,0,0
-41.13305659,174.8398114,Porirua City,2018,property_damage,50,TRUE,straight,,fine,,daylight,giveway_sign,0,0,0,0,0,0,0,0,0,0,0,0,0,1,0,0,0,0,0,0
-39.50501804,176.8951765,Napier City,2018,property_damage,50,FALSE,straight,,rain,,darkness_not_lit,,0,0,0,0,0,0,0,0,0,0,0,0,0,1,0,0,0,0,0,0
-41.280032,174.7800299,Wellington City,2018,property_damage,50,FALSE,straight,,fine,,daylight,,0,0,0,0,0,0,0,0,0,0,0,0,0,1,0,0,0,0,0,0
-36.75345029,174.6976514,Auckland,2018,property_damage,50,FALSE,straight,,rain,,daylight,,0,0,0,0,0,0,0,0,0,0,0,0,0,1,0,0,0,0,0,0
-41.29034786,174.7740288,Wellington City,2018,property_damage,50,FALSE,straight,,,,daylight,,0,0,0,0,0,0,0,0,0,0,0,0,0,1,0,0,0,0,0,0
-43.49978527,172.6620431,Christchurch City,2018,property_damage,50,FALSE,straight,,fine,,dawn_dusk,,0,0,0,0,0,0,0,0,0,0,0,0,0,1,0,0,0,0,0,0
-41.28489019,174.776902,Wellington City,2018,property_damage,50,FALSE,straight,,fine,,daylight,,0,0,0,0,0,0,0,0,0,0,0,0,0,1,0,0,0,0,0,0
-36.95390499,174.8477646,Auckland,2018,minor_injury,50,TRUE,straight,,fine,,darkness_not_lit,traffic_lights,1,0,0,1,0,0,0,0,0,0,0,0,0,1,0,0,0,0,0,0
-36.95390499,174.8477646,Auckland,2018,minor_injury,50,TRUE,straight,,fine,,darkness_not_lit,traffic_lights,1,0,0,1,0,0,0,0,0,0,0,0,0,1,0,0,0,0,0,0
-36.95390499,174.8477646,Auckland,2018,minor_injury,50,TRUE,straight,,fine,,darkness_not_lit,traffic_lights,1,0,0,1,0,0,0,0,0,0,0,0,0,1,0,0,0,0,0,0
-45.040296,168.6261292,Queenstown-Lakes District,2018,minor_injury,50,FALSE,curved_view_open,,fine,,darkness_not_lit,,1,0,0,1,0,0,0,0,0,0,0,0,0,1,0,0,0,0,0,0
-36.87224449,174.7440418,Auckland,2018,property_damage,50,FALSE,straight,,rain,,daylight,,0,0,0,0,0,0,0,0,0,0,0,1,0,0,0,1,0,0,0,0
-37.82739136,175.3190882,Hamilton City,2018,property_damage,80,TRUE,curved_view_open,,,,daylight,,0,0,0,0,0,0,0,0,0,0,0,1,0,0,0,1,0,0,0,0
-36.96004499,174.8740823,Auckland,2018,property_damage,50,FALSE,straight,,fine,,daylight,,0,0,0,0,0,0,0,0,0,0,0,1,0,0,0,1,0,0,0,0
-43.52576767,172.7206285,Christchurch City,2018,minor_injury,70,TRUE,curved_view_open,,fine,,daylight,giveway_sign,1,0,0,1,0,0,0,0,0,0,0,1,0,0,0,1,0,0,0,0
-39.59344302,174.2787963,South Taranaki District,2018,minor_injury,50,FALSE,straight,,fine,,daylight,,1,0,0,1,0,0,0,0,0,0,0,1,0,0,0,1,0,0,0,0
-39.94293192,174.9972191,Wanganui District,2018,fatality,50,TRUE,straight,,fine,,daylight,giveway_sign,1,1,0,0,0,0,0,0,0,0,0,1,0,0,0,1,0,0,0,0
-37.66386001,176.1870851,Tauranga City,2018,fatality,70,FALSE,straight,,fine,,daylight,,1,1,0,0,0,0,0,0,0,0,0,1,0,0,0,1,0,0,0,0
-38.13378967,176.2342623,Rotorua District,2018,property_damage,60,FALSE,straight,,fine,,darkness_not_lit,,0,0,0,0,2,0,0,0,0,0,0,0,0,0,0,0,0,1,0,0
-41.09907576,175.1076334,Upper Hutt City,2018,property_damage,80,FALSE,straight,,fine,,daylight,,0,0,0,0,2,0,0,0,0,0,0,0,0,0,0,0,0,1,0,0
-41.10264979,174.9180791,Porirua City,2018,property_damage,50,FALSE,straight,,rain,,dawn_dusk,,0,0,0,0,2,0,0,0,0,0,0,0,0,0,0,0,0,1,0,0
-39.57735275,174.2191321,South Taranaki District,2018,property_damage,100,FALSE,curved_view_open,,fine,,daylight,,0,0,0,0,2,0,0,0,0,0,0,0,0,0,0,0,0,1,0,0
-42.71626948,170.9693903,Westland District,2018,property_damage,50,TRUE,straight,,fine,,daylight,stop_sign,0,0,0,0,2,0,0,0,0,0,0,0,0,0,0,0,0,1,0,0
-36.75070465,174.7630946,Auckland,2018,minor_injury,50,FALSE,straight,,rain,,daylight,,1,0,0,1,2,0,0,0,0,0,0,0,0,0,0,0,0,1,0,0
-36.862535,174.6120609,Auckland,2018,minor_injury,50,FALSE,curved_view_open,,rain,,daylight,,1,0,0,1,2,0,0,0,0,0,0,0,0,0,0,0,0,1,0,0
-37.04736295,174.9158748,Auckland,2018,minor_injury,50,FALSE,curved_view_open,,fine,,daylight,,1,0,0,1,2,0,0,0,0,0,0,0,0,0,0,0,0,1,0,0
-37.69331894,175.1876175,Waikato District,2018,serious_injury,100,FALSE,straight,,fine,,darkness_not_lit,,1,0,1,0,2,0,0,0,0,0,0,0,0,0,0,0,0,1,0,0
-39.4925966,176.8171215,Hastings District,2018,serious_injury,100,TRUE,curved_view_open,,fine,,darkness_not_lit,giveway_sign,2,0,1,1,2,0,0,0,0,0,0,0,0,0,0,0,0,1,0,0
-36.72443457,174.7146705,Auckland,2018,property_damage,100,FALSE,straight,,rain,,daylight,,0,0,0,0,1,0,0,0,0,0,0,2,0,0,0,0,0,0,0,0
-36.85596937,174.8101286,Auckland,2018,property_damage,50,FALSE,curved_view_open,,rain,,daylight,,0,0,0,0,0,0,0,0,0,0,0,0,0,0,0,0,0,1,0,0
-41.28969873,174.0068458,Marlborough District,2018,property_damage,50,FALSE,straight,,fine,,daylight,,0,0,0,0,0,0,0,0,0,0,0,0,0,0,0,0,0,1,0,0
-40.76043642,175.1575134,Kapiti Coast District,2018,property_damage,50,TRUE,straight,,fine,,dawn_dusk,giveway_sign,0,0,0,0,0,0,0,0,0,0,0,0,0,0,0,0,0,1,0,0
-37.38377614,175.680429,Hauraki District,2018,property_damage,50,TRUE,curved_view_open,,fine,,daylight,,0,0,0,0,0,0,0,0,0,0,0,0,0,0,0,0,0,1,0,0
-43.90388778,171.7486252,Ashburton District,2018,property_damage,50,FALSE,straight,,fine,,daylight,,0,0,0,0,0,0,0,0,0,0,0,0,0,0,0,0,0,1,0,0
-40.04205495,175.6374545,Manawatu District,2018,property_damage,100,FALSE,straight,,fine,,daylight,,0,0,0,0,0,0,0,0,0,0,0,0,0,0,0,0,0,1,0,0
-38.03755394,176.4979011,Rotorua District,2018,property_damage,80,FALSE,curved_view_open,,fine,,darkness_not_lit,,0,0,0,0,0,0,0,0,0,0,0,0,0,0,0,0,0,1,0,0
-46.45942419,168.6275297,Southland District,2018,property_damage,100,FALSE,straight,,fine,,dawn_dusk,,0,0,0,0,0,0,0,0,0,0,0,0,0,0,0,0,0,1,0,0
-39.10404429,174.0130026,New Plymouth District,2018,property_damage,100,FALSE,curved_view_open,,rain,,daylight,,0,0,0,0,0,0,0,0,0,0,0,0,0,0,0,0,0,1,0,0
-36.13010594,174.4306381,Kaipara District,2018,property_damage,100,FALSE,straight,,fine,,darkness_not_lit,,0,0,0,0,0,0,0,0,0,0,0,0,0,0,0,0,0,1,0,0