latitude,longitude,local_government_area,year,severity,speed_limit,intersection,road_position_horizontal,road_wet,weather,crash_type,lighting,traffic_controls,casualties,fatalities,serious_injuries,minor_injuries,car_sedan,car_utility,car_van,car_4x4,car_station_wagon,motor_cycle,truck_small,truck_large,bus,taxi,bicycle,scooter,pedestrian,inanimate,train,tram
-39.43762037,175.6824979,Ruapehu District,2018,minor_injury,100,FALSE,straight,,fine,,darkness_not_lit,,1,0,0,1,0,0,0,0,0,0,0,0,0,0,0,0,0,1,0,0
-41.36058084,173.0886163,Tasman District,2018,minor_injury,100,TRUE,curved_view_open,,fine,,daylight,giveway_sign,1,0,0,1,0,0,0,0,0,0,0,0,0,0,0,0,0,1,0,0
-35.75675202,174.2819946,Whangarei District,2018,minor_injury,70,FALSE,curved_view_open,,rain,,darkness_not_lit,giveway_sign,1,0,0,1,0,0,0,0,0,0,0,0,0,0,0,0,0,1,0,0
-36.88020042,174.6313045,Auckland,2018,minor_injury,50,FALSE,curved_view_open,,fine,,darkness_not_lit,,1,0,0,1,0,0,0,0,0,0,0,0,0,0,0,0,0,1,0,0
-41.28968122,174.7787039,Wellington City,2018,serious_injury,50,TRUE,curved_view_open,,rain,,darkness_not_lit,traffic_lights,1,0,1,0,0,0,0,0,0,0,0,0,0,0,0,0,0,1,0,0
-41.28968122,174.7787039,Wellington City,2018,serious_injury,50,TRUE,curved_view_open,,rain,,darkness_not_lit,traffic_lights,1,0,1,0,0,0,0,0,0,0,0,0,0,0,0,0,0,1,0,0
-35.9709139,174.4408684,Whangarei District,2018,serious_injury,100,FALSE,straight,,fine,,daylight,,1,0,1,0,0,0,0,0,0,0,0,0,0,0,0,0,0,1,0,0
-41.20958904,174.9499808,Hutt City,2018,serious_injury,50,FALSE,curved_view_open,,fine,,daylight,,1,0,1,0,0,0,0,0,0,0,0,0,0,0,0,0,0,1,0,0
-36.27397031,174.1255603,Kaipara District,2018,serious_injury,100,FALSE,straight,,fine,,daylight,,1,0,1,0,0,0,0,0,0,0,0,0,0,0,0,0,0,1,0,0
-45.85884409,170.4834681,Dunedin City,2018,serious_injury,50,TRUE,straight,,fine,,darkness_not_lit,stop_sign,1,0,1,0,0,0,0,0,0,0,0,0,0,0,0,0,0,1,0,0
-38.43553279,175.65418,Taupo District,2018,minor_injury,100,FALSE,curved_view_open,,rain,,daylight,,3,0,0,3,0,0,0,0,0,0,0,0,0,0,0,0,0,1,0,0
-37.79739716,175.2810256,Hamilton City,2018,property_damage,50,TRUE,curved_view_open,,fine,,darkness_not_lit,stop_sign,0,0,0,0,0,0,0,1,0,0,0,0,0,0,0,0,0,2,0,0
-41.12181023,174.8597587,Porirua City,2018,property_damage,70,FALSE,curved_view_open,,fine,,darkness_not_lit,,0,0,0,0,0,0,0,1,0,0,0,0,0,0,0,0,0,2,0,0
-37.02403601,174.8912446,Auckland,2018,minor_injury,50,FALSE,straight,,rain,,daylight,,1,0,0,1,0,0,0,1,0,0,0,0,0,0,0,0,0,2,0,0
-36.8536363,174.6300667,Auckland,2018,property_damage,50,TRUE,straight,,fine,,daylight,,0,0,0,0,0,0,0,0,0,0,0,1,0,1,0,0,0,0,0,0
-41.31266651,174.7967464,Wellington City,2018,property_damage,50,FALSE,straight,,rain,,daylight,,0,0,0,0,0,0,0,0,0,0,0,1,0,1,0,0,0,0,0,0
-36.91881135,174.7681818,Auckland,2018,property_damage,50,FALSE,straight,,rain,,daylight,,0,0,0,0,0,0,0,0,0,0,0,1,0,1,0,0,0,0,0,0
-43.49366414,172.5501703,Christchurch City,2018,minor_injury,60,TRUE,straight,,fine,,daylight,traffic_lights,1,0,0,1,0,0,0,0,0,0,0,1,0,1,0,0,0,0,0,0
-43.47307204,172.6171502,Christchurch City,2018,property_damage,60,TRUE,straight,,rain,,daylight,traffic_lights,0,0,0,0,2,0,0,0,0,0,0,0,0,0,1,0,0,2,0,0
-36.88042419,174.8141615,Auckland,2018,property_damage,50,TRUE,straight,,fine,,daylight,giveway_sign,0,0,0,0,3,0,0,0,0,0,0,1,0,0,0,0,0,0,0,0
-36.88042419,174.8141615,Auckland,2018,property_damage,50,TRUE,straight,,fine,,daylight,giveway_sign,0,0,0,0,3,0,0,0,0,0,0,1,0,0,0,0,0,0,0,0
-37.01714378,174.9012233,Auckland,2018,property_damage,50,TRUE,straight,,fine,,daylight,stop_sign,0,0,0,0,3,0,0,0,0,0,0,1,0,0,0,0,0,0,0,0
-37.22739305,175.012121,Waikato District,2018,property_damage,100,FALSE,straight,,fine,,daylight,,0,0,0,0,3,0,0,0,0,0,0,1,0,0,0,0,0,0,0,0
-36.93608259,174.7891282,Auckland,2018,property_damage,100,FALSE,straight,,rain,,darkness_not_lit,,0,0,0,0,3,0,0,0,0,0,0,1,0,0,0,0,0,0,0,0
-36.9740858,174.8179781,Auckland,2018,property_damage,100,FALSE,straight,,rain,,darkness_not_lit,,0,0,0,0,3,0,0,0,0,0,0,1,0,0,0,0,0,0,0,0
-37.67033531,176.2143844,Tauranga City,2018,property_damage,70,FALSE,straight,,fine,,daylight,,0,0,0,0,3,0,0,0,0,0,0,1,0,0,0,0,0,0,0,0
-46.24233022,169.7284852,Clutha District,2018,minor_injury,50,TRUE,straight,,fine,,dawn_dusk,,1,0,0,1,3,0,0,0,0,0,0,1,0,0,0,0,0,0,0,0
-37.75008635,175.2368874,Hamilton City,2018,minor_injury,80,TRUE,straight,,fine,,daylight,traffic_lights,1,0,0,1,3,0,0,0,0,0,0,1,0,0,0,0,0,0,0,0
-35.69545942,174.3116824,Whangarei District,2018,minor_injury,50,FALSE,straight,,fine,,daylight,,1,0,0,1,3,0,0,0,0,0,0,1,0,0,0,0,0,0,0,0
-36.91113626,174.8221622,Auckland,2018,minor_injury,100,FALSE,straight,,rain,,darkness_not_lit,,1,0,0,1,3,0,0,0,0,0,0,1,0,0,0,0,0,0,0,0
-36.96156511,174.8748496,Auckland,2018,minor_injury,50,TRUE,straight,,fine,,daylight,giveway_sign,1,0,0,1,3,0,0,0,0,0,0,1,0,0,0,0,0,0,0,0
-36.98228706,174.8297564,Auckland,2018,minor_injury,100,FALSE,straight,,fine,,darkness_not_lit,,1,0,0,1,3,0,0,0,0,0,0,1,0,0,0,0,0,0,0,0
-36.71069308,174.6680613,Auckland,2018,serious_injury,80,TRUE,straight,,mist,,dawn_dusk,giveway_sign,1,0,1,0,3,0,0,0,0,0,0,1,0,0,0,0,0,0,0,0
-37.73905241,176.1419553,Tauranga City,2018,minor_injury,50,FALSE,straight,,fine,,daylight,,2,0,0,2,3,0,0,0,0,0,0,1,0,0,0,0,0,0,0,0
-36.93487777,174.7889316,Auckland,2018,minor_injury,100,FALSE,straight,,fine,,daylight,,2,0,0,2,3,0,0,0,0,0,0,1,0,0,0,0,0,0,0,0
-36.90112236,174.7428921,Auckland,2018,property_damage,50,TRUE,straight,,fine,,daylight,stop_sign,0,0,0,0,0,0,0,0,0,0,0,0,1,0,0,0,0,0,0,0
-41.25932998,174.7906998,Wellington City,2018,property_damage,50,FALSE,straight,,fine,,daylight,,0,0,0,0,0,0,0,0,0,0,0,0,1,0,0,0,0,0,0,0
-38.13488481,176.2484319,Rotorua District,2018,property_damage,50,FALSE,straight,,fine,,darkness_not_lit,,0,0,0,0,0,0,0,0,0,0,0,0,1,0,0,0,0,0,0,0
-39.78192514,175.7864889,Rangitikei District,2018,property_damage,100,FALSE,straight,,fine,,daylight,,0,0,0,0,0,0,0,1,0,0,0,2,0,0,0,0,0,0,0,0
-38.77256945,177.9159159,Gisborne District,2018,minor_injury,100,FALSE,curved_view_open,,fine,,daylight,,1,0,0,1,0,0,0,1,0,0,0,2,0,0,0,0,0,0,0,0
-36.92635938,174.792572,Auckland,2018,serious_injury,50,TRUE,straight,,fine,,daylight,giveway_sign,1,0,1,0,0,0,0,1,0,0,0,2,0,0,0,0,0,0,0,0
-45.02974484,168.6607272,Queenstown-Lakes District,2018,property_damage,50,TRUE,curved_view_open,,fine,,darkness_not_lit,,0,0,0,0,0,0,0,2,0,0,0,0,0,0,0,0,0,1,0,0
-46.00801661,168.0297834,Southland District,2018,property_damage,100,TRUE,straight,,fine,,daylight,stop_sign,0,0,0,0,0,0,0,2,0,0,0,0,0,0,0,0,0,1,0,0
-40.35181136,175.6019845,Palmerston North City,2018,property_damage,50,FALSE,straight,,fine,,dawn_dusk,,0,0,0,0,0,0,0,2,0,0,0,0,0,0,0,0,0,1,0,0
-36.58466259,174.6909962,Auckland,2018,property_damage,50,FALSE,straight,,fine,,dawn_dusk,,0,0,0,0,0,0,0,2,0,0,0,0,0,0,0,0,0,1,0,0
-40.35498655,175.6137633,Palmerston North City,2018,property_damage,50,FALSE,straight,,fine,,daylight,,0,0,0,0,0,0,0,2,0,0,0,0,0,0,0,0,0,1,0,0
-43.53039338,172.5987812,Christchurch City,2018,property_damage,50,FALSE,straight,,fine,,daylight,,0,0,0,0,0,0,0,2,0,0,0,0,0,0,0,0,0,1,0,0
-36.63930815,174.7475777,Auckland,2018,property_damage,50,FALSE,curved_view_open,,fine,,daylight,,0,0,0,0,0,0,0,2,0,0,0,0,0,0,0,0,0,1,0,0
-35.6325677,174.4521853,Whangarei District,2018,property_damage,100,FALSE,straight,,fine,,daylight,,0,0,0,0,0,0,0,2,0,0,0,0,0,0,0,0,0,1,0,0
-36.63230112,174.763703,Auckland,2018,property_damage,50,FALSE,curved_view_open,,fine,,daylight,,0,0,0,0,0,0,0,2,0,0,0,0,0,0,0,0,0,1,0,0
-40.35870177,175.6056055,Palmerston North City,2018,property_damage,50,FALSE,straight,,fine,,darkness_not_lit,,0,0,0,0,0,0,0,2,0,0,0,0,0,0,0,0,0,1,0,0
-37.02529508,174.8902866,Auckland,2018,property_damage,50,FALSE,curved_view_open,,,,daylight,,0,0,0,0,0,0,0,2,0,0,0,0,0,0,0,0,0,1,0,0
-37.79554591,175.2858745,Hamilton City,2018,property_damage,50,FALSE,straight,,fine,,daylight,,0,0,0,0,0,0,0,2,0,0,0,0,0,0,0,0,0,1,0,0
-41.313096,174.8187156,Wellington City,2018,property_damage,50,FALSE,straight,,rain,,darkness_not_lit,,0,0,0,0,0,0,0,2,0,0,0,0,0,0,0,0,0,1,0,0
-43.53322121,172.6366337,Christchurch City,2018,property_damage,30,FALSE,straight,,fine,,daylight,,0,0,0,0,0,0,0,2,0,0,0,0,0,0,0,0,0,1,0,0
-46.41075949,168.357554,Invercargill City,2018,property_damage,50,FALSE,straight,,fine,,daylight,,0,0,0,0,0,0,0,2,0,0,0,0,0,0,0,0,0,1,0,0
-40.08590837,175.3800428,Rangitikei District,2018,minor_injury,50,FALSE,straight,,fine,,darkness_not_lit,,1,0,0,1,0,0,0,2,0,0,0,0,0,0,0,0,0,1,0,0
-35.33639428,173.8221492,Far North District,2018,minor_injury,100,FALSE,straight,,fine,,darkness_not_lit,,1,0,0,1,0,0,0,2,0,0,0,0,0,0,0,0,0,1,0,0
-36.94065977,174.8538562,Auckland,2018,minor_injury,100,FALSE,straight,,fine,,darkness_not_lit,,1,0,0,1,0,0,0,2,0,0,0,0,0,0,0,0,0,1,0,0
-35.47337735,173.4621523,Far North District,2018,minor_injury,100,FALSE,curved_view_open,,rain,,darkness_not_lit,,1,0,0,1,0,0,0,2,0,0,0,0,0,0,0,0,0,1,0,0
-41.21193903,174.8911869,Hutt City,2018,property_damage,50,TRUE,curved_view_open,,rain,,darkness_not_lit,,0,0,0,0,0,0,0,0,0,0,0,0,0,0,0,0,0,2,0,0
-38.65400275,175.2079676,Ruapehu District,2018,property_damage,100,TRUE,straight,,rain,,daylight,giveway_sign,0,0,0,0,0,0,0,0,0,0,0,0,0,0,0,0,0,2,0,0
-44.93981308,168.8302225,Queenstown-Lakes District,2018,property_damage,50,FALSE,straight,,fine,,daylight,,0,0,0,0,0,0,0,0,0,0,0,0,0,0,0,0,0,2,0,0
-43.4754489,172.6784504,Christchurch City,2018,property_damage,50,FALSE,curved_view_open,,fine,,darkness_not_lit,,0,0,0,0,0,0,0,0,0,0,0,0,0,0,0,0,0,2,0,0
-41.30197064,173.2513003,Nelson City,2018,property_damage,50,TRUE,straight,,fine,,darkness_not_lit,giveway_sign,0,0,0,0,0,0,0,0,0,0,0,0,0,0,0,0,0,2,0,0
-37.98038983,175.7319268,South Waikato District,2018,property_damage,100,FALSE,curved_view_open,,rain,,darkness_not_lit,,0,0,0,0,0,0,0,0,0,0,0,0,0,0,0,0,0,2,0,0
-40.23958424,175.5806249,Manawatu District,2018,property_damage,80,FALSE,curved_view_open,,fine,,darkness_not_lit,,0,0,0,0,0,0,0,0,0,0,0,0,0,0,0,0,0,2,0,0
-37.38377614,175.680429,Hauraki District,2018,minor_injury,50,TRUE,curved_view_open,,fine,,daylight,,1,0,0,1,0,0,0,0,0,0,0,0,0,0,0,0,0,2,0,0
-38.52179052,175.3221032,Waitomo District,2018,serious_injury,100,FALSE,straight,,fine,,daylight,,1,0,1,0,0,0,0,0,0,0,0,0,0,0,0,0,0,2,0,0
-41.27954396,174.7801361,Wellington City,2018,property_damage,50,FALSE,curved_view_open,,fine,,daylight,,0,0,0,0,0,0,0,0,0,1,0,0,0,0,0,0,1,0,0,0
-36.86920262,174.7777846,Auckland,2018,minor_injury,50,TRUE,straight,,rain,,daylight,,1,0,0,1,0,0,0,0,0,1,0,0,0,0,0,0,1,0,0,0
-41.13374187,174.8705202,Porirua City,2018,minor_injury,50,FALSE,straight,,fine,,daylight,,1,0,0,1,0,0,0,0,0,1,0,0,0,0,0,0,1,0,0,0
-40.90367317,175.4870804,Carterton District,2018,minor_injury,30,FALSE,straight,,fine,,daylight,,1,0,0,1,0,0,0,0,0,1,0,0,0,0,0,0,1,0,0,0
-43.15697325,172.7301003,Hurunui District,2018,minor_injury,50,FALSE,straight,,fine,,daylight,,1,0,0,1,0,0,0,0,0,1,0,0,0,0,0,0,1,0,0,0
-41.27251411,173.2828395,Nelson City,2018,minor_injury,50,FALSE,straight,,fine,,daylight,,1,0,0,1,0,0,0,0,0,1,0,0,0,0,0,0,1,0,0,0
-43.1534292,170.5957985,Westland District,2018,minor_injury,100,FALSE,curved_view_open,,fine,,daylight,,1,0,0,1,0,0,0,0,0,1,0,0,0,0,0,0,1,0,0,0
-36.84582217,174.7662749,Auckland,2018,minor_injury,30,TRUE,straight,,fine,,daylight,traffic_lights,2,0,0,2,0,0,0,0,0,1,0,0,0,0,0,0,1,0,0,0
-36.84582217,174.7662749,Auckland,2018,minor_injury,30,TRUE,straight,,fine,,daylight,traffic_lights,2,0,0,2,0,0,0,0,0,1,0,0,0,0,0,0,1,0,0,0
-41.30423097,174.7750023,Wellington City,2018,minor_injury,50,FALSE,straight,,fine,,daylight,,2,0,0,2,0,0,0,0,0,1,0,0,0,0,0,0,1,0,0,0
-41.28672625,174.7540957,Wellington City,2018,minor_injury,50,FALSE,straight,,fine,,daylight,,2,0,0,2,0,0,0,0,0,1,0,0,0,0,0,0,1,0,0,0
-36.84720728,174.7797648,Auckland,2018,property_damage,50,FALSE,straight,,fine,,daylight,,0,0,0,0,2,0,0,0,0,0,0,0,0,0,1,0,0,0,0,0
-36.90621256,174.7176871,Auckland,2018,property_damage,50,FALSE,straight,,rain,,darkness_not_lit,,0,0,0,0,2,0,0,0,0,0,0,0,0,0,1,0,0,0,0,0
-36.85000784,174.7508153,Auckland,2018,minor_injury,50,TRUE,straight,,rain,,daylight,giveway_sign,1,0,0,1,2,0,0,0,0,0,0,0,0,0,1,0,0,0,0,0
-41.30981253,174.7786897,Wellington City,2018,minor_injury,50,FALSE,straight,,fine,,daylight,,1,0,0,1,2,0,0,0,0,0,0,0,0,0,1,0,0,0,0,0
-39.90159597,175.0657557,Wanganui District,2018,minor_injury,50,FALSE,straight,,fine,,daylight,,1,0,0,1,2,0,0,0,0,0,0,0,0,0,1,0,0,0,0,0
-35.13798299,173.3590074,Far North District,2018,property_damage,100,FALSE,straight,,fine,,daylight,,0,0,0,0,0,0,0,1,0,0,0,1,0,0,0,0,0,0,0,0
-36.78598229,174.7741003,Auckland,2018,property_damage,50,FALSE,curved_view_open,,fine,,daylight,,0,0,0,0,0,0,0,1,0,0,0,1,0,0,0,0,0,0,0,0
-43.53127306,172.5804592,Christchurch City,2018,property_damage,50,FALSE,straight,,fine,,daylight,,0,0,0,0,5,0,0,0,0,0,0,0,0,0,0,0,0,0,0,0
-37.79213039,175.2602077,Hamilton City,2018,property_damage,60,FALSE,straight,,fine,,daylight,,0,0,0,0,5,0,0,0,0,0,0,0,0,0,0,0,0,0,0,0
-41.23353086,174.8360164,Wellington City,2018,property_damage,100,FALSE,straight,,fine,,darkness_not_lit,,0,0,0,0,5,0,0,0,0,0,0,0,0,0,0,0,0,0,0,0
-41.23884676,174.8279912,Wellington City,2018,property_damage,100,FALSE,straight,,fine,,dawn_dusk,,0,0,0,0,5,0,0,0,0,0,0,0,0,0,0,0,0,0,0,0
-37.78103408,175.305467,Hamilton City,2018,property_damage,60,FALSE,straight,,fine,,darkness_not_lit,,0,0,0,0,5,0,0,0,0,0,0,0,0,0,0,0,0,0,0,0
-36.84883323,174.6332621,Auckland,2018,property_damage,100,FALSE,straight,,fine,,darkness_not_lit,,0,0,0,0,5,0,0,0,0,0,0,0,0,0,0,0,0,0,0,0
-36.92199914,174.7683789,Auckland,2018,property_damage,100,FALSE,straight,,fine,,dawn_dusk,,0,0,0,0,5,0,0,0,0,0,0,0,0,0,0,0,0,0,0,0
-41.29914503,173.2621471,Nelson City,2018,property_damage,70,FALSE,straight,,fine,,darkness_not_lit,,0,0,0,0,5,0,0,0,0,0,0,0,0,0,0,0,0,0,0,0
-36.83045769,174.7459069,Auckland,2018,minor_injury,80,FALSE,straight,,fine,,darkness_not_lit,,1,0,0,1,5,0,0,0,0,0,0,0,0,0,0,0,0,0,0,0
-36.83045769,174.7459069,Auckland,2018,minor_injury,80,FALSE,straight,,fine,,darkness_not_lit,,1,0,0,1,5,0,0,0,0,0,0,0,0,0,0,0,0,0,0,0
-36.85078918,174.7540632,Auckland,2018,minor_injury,80,FALSE,straight,,fine,,darkness_not_lit,,1,0,0,1,5,0,0,0,0,0,0,0,0,0,0,0,0,0,0,0
-36.97257685,174.7873649,Auckland,2018,minor_injury,50,FALSE,straight,,fine,,darkness_not_lit,,1,0,0,1,5,0,0,0,0,0,0,0,0,0,0,0,0,0,0,0
-36.92007747,174.7642596,Auckland,2018,minor_injury,100,FALSE,straight,,fine,,dawn_dusk,,2,0,0,2,5,0,0,0,0,0,0,0,0,0,0,0,0,0,0,0
-37.00809988,174.8742728,Auckland,2018,minor_injury,50,FALSE,straight,,fine,,daylight,,3,0,0,3,5,0,0,0,0,0,0,0,0,0,0,0,0,0,0,0
-37.75242481,175.2338026,Hamilton City,2018,minor_injury,80,FALSE,straight,,rain,,darkness_not_lit,,3,0,0,3,5,0,0,0,0,0,0,0,0,0,0,0,0,0,0,0
-41.12027448,174.8550104,Porirua City,2018,serious_injury,100,FALSE,straight,,rain,,daylight,,5,0,2,3,5,0,0,0,0,0,0,0,0,0,0,0,0,0,0,0
-45.85489906,170.519134,Dunedin City,2018,property_damage,50,FALSE,straight,,fine,,daylight,,0,0,0,0,1,0,0,1,0,0,0,0,0,0,0,0,0,0,0,0
-43.75389197,172.0267306,Ashburton District,2018,property_damage,70,FALSE,straight,,fine,,daylight,,0,0,0,0,1,0,0,1,0,0,0,0,0,0,0,0,0,0,0,0
-37.02856983,174.8844323,Auckland,2018,property_damage,50,FALSE,curved_view_open,,rain,,darkness_not_lit,,0,0,0,0,1,0,0,1,0,0,0,0,0,0,0,0,0,0,0,0
-36.79678765,174.7419144,Auckland,2018,property_damage,50,FALSE,straight,,fine,,daylight,,0,0,0,0,1,0,0,1,0,0,0,0,0,0,0,0,0,0,0,0
-37.03079572,174.9850221,Auckland,2018,property_damage,100,FALSE,straight,,fine,,daylight,,0,0,0,0,1,0,0,1,0,0,0,0,0,0,0,0,0,0,0,0
-36.89777536,174.9207576,Auckland,2018,property_damage,50,FALSE,straight,,fine,,darkness_not_lit,,0,0,0,0,4,0,0,1,0,0,0,0,0,0,0,0,0,3,0,0
-40.96097305,175.6449647,Masterton District,2018,property_damage,50,TRUE,straight,,fine,,daylight,giveway_sign,0,0,0,0,1,0,0,0,0,0,0,1,0,0,0,0,0,0,0,0
-35.61694654,174.2886807,Whangarei District,2018,property_damage,100,FALSE,straight,,fine,,dawn_dusk,,0,0,0,0,1,0,0,0,0,0,0,1,0,0,0,0,0,0,0,0
-36.99702078,174.8692588,Auckland,2018,property_damage,100,FALSE,straight,,fine,,daylight,,0,0,0,0,1,0,0,0,0,0,0,1,0,0,0,0,0,0,0,0
-37.76723966,175.2691667,Hamilton City,2018,property_damage,50,FALSE,straight,,fine,,daylight,,0,0,0,0,1,0,0,0,0,0,0,1,0,0,0,0,0,0,0,0
-36.85208409,174.7743037,Auckland,2018,property_damage,50,FALSE,straight,,rain,,daylight,,0,0,0,0,1,0,0,0,0,0,0,1,0,0,0,0,0,0,0,0
-38.05968577,175.7903725,South Waikato District,2018,property_damage,100,FALSE,straight,,fine,,daylight,,0,0,0,0,1,0,0,0,0,0,0,1,0,0,0,0,0,0,0,0
-39.43138972,176.871451,Napier City,2018,property_damage,70,FALSE,straight,,fine,,darkness_not_lit,,0,0,0,0,1,0,0,0,0,0,0,1,0,0,0,0,0,0,0,0
-38.15874176,176.2607529,Rotorua District,2018,property_damage,50,FALSE,straight,,fine,,daylight,,0,0,0,0,1,0,0,0,0,0,0,1,0,0,0,0,0,0,0,0
-36.79454699,174.7575877,Auckland,2018,property_damage,100,FALSE,straight,,fine,,daylight,,0,0,0,0,1,0,0,0,0,0,0,1,0,0,0,0,0,0,0,0
-38.68543118,176.0728969,Taupo District,2018,property_damage,50,FALSE,straight,,fine,,daylight,,0,0,0,0,1,0,0,0,0,0,0,1,0,0,0,0,0,0,0,0
-38.67023158,178.0337771,Gisborne District,2018,property_damage,50,FALSE,straight,,fine,,darkness_not_lit,,0,0,0,0,1,0,0,0,0,0,0,1,0,0,0,0,0,0,0,0
-36.8579379,174.7491006,Auckland,2018,property_damage,40,FALSE,straight,,fine,,daylight,,0,0,0,0,1,0,0,0,0,0,0,1,0,0,0,0,0,0,0,0
-40.51602713,175.2771642,Horowhenua District,2018,property_damage,100,FALSE,straight,,fine,,darkness_not_lit,,0,0,0,0,1,0,0,0,0,0,0,1,0,0,0,0,0,0,0,0
-36.95171895,174.794615,Auckland,2018,minor_injury,100,FALSE,straight,,rain,,darkness_not_lit,,1,0,0,1,1,0,0,0,0,0,0,1,0,0,0,0,0,0,0,0
-36.88148168,174.8186858,Auckland,2018,minor_injury,50,FALSE,straight,,fine,,daylight,,1,0,0,1,1,0,0,0,0,0,0,1,0,0,0,0,0,0,0,0
-40.02211542,175.1788757,Rangitikei District,2018,minor_injury,100,FALSE,curved_view_open,,fine,,daylight,,1,0,0,1,1,0,0,0,0,0,0,1,0,0,0,0,0,0,0,0
-39.65411672,174.4605569,South Taranaki District,2018,fatality,100,FALSE,straight,,fine,,daylight,,1,1,0,0,1,0,0,0,0,0,0,1,0,0,0,0,0,0,0,0
-41.30317542,174.7692642,Wellington City,2018,property_damage,50,TRUE,straight,,fine,,dawn_dusk,giveway_sign,0,0,0,0,0,0,0,0,0,1,0,0,0,1,0,0,0,0,0,0
-36.84261409,174.7644068,Auckland,2018,minor_injury,50,FALSE,curved_view_open,,fine,,daylight,,1,0,0,1,0,0,0,0,0,1,0,0,0,1,0,0,0,0,0,0
-41.22099703,174.9072187,Hutt City,2018,minor_injury,50,TRUE,straight,,fine,,daylight,giveway_sign,1,0,0,1,0,0,0,0,0,1,0,0,0,1,0,0,0,0,0,0
-41.28430983,174.7742354,Wellington City,2018,minor_injury,50,FALSE,straight,,rain,,darkness_not_lit,,1,0,0,1,0,0,0,0,0,1,0,0,0,1,0,0,0,0,0,0
-36.78301892,174.7575708,Auckland,2018,minor_injury,50,FALSE,straight,,fine,,dawn_dusk,,1,0,0,1,0,0,0,0,0,1,0,0,0,1,0,0,0,0,0,0
-41.27943617,174.7754526,Wellington City,2018,property_damage,50,TRUE,straight,,fine,,daylight,,0,0,0,0,1,0,0,0,0,0,0,0,0,1,0,0,0,0,0,0
-36.90838214,174.8388652,Auckland,2018,property_damage,50,FALSE,straight,,fine,,dawn_dusk,traffic_lights,0,0,0,0,2,0,0,0,0,0,0,0,0,1,0,0,0,0,0,0
-36.81223144,174.7508736,Auckland,2018,property_damage,50,TRUE,straight,,fine,,darkness_not_lit,traffic_lights,0,0,0,0,2,0,0,0,0,0,0,0,0,1,0,0,0,0,0,0
-41.30351111,174.7894955,Wellington City,2018,property_damage,50,FALSE,straight,,,,dawn_dusk,,0,0,0,0,2,0,0,0,0,0,0,0,0,1,0,0,0,0,0,0
-41.28514821,174.7759418,Wellington City,2018,minor_injury,50,FALSE,straight,,rain,,daylight,,1,0,0,1,2,0,0,0,0,0,0,0,0,1,0,0,0,0,0,0
-41.50289221,173.8499698,Marlborough District,2018,property_damage,100,FALSE,curved_view_open,,fine,,darkness_not_lit,,0,0,0,0,0,0,0,1,0,0,0,0,0,0,0,0,0,3,0,0
-37.18204275,174.6402529,Auckland,2018,property_damage,100,FALSE,curved_view_open,,fine,,daylight,,0,0,0,0,0,0,0,1,0,0,0,0,0,0,0,0,0,3,0,0
-38.96159139,175.7646741,Taupo District,2018,property_damage,80,FALSE,curved_view_open,,rain,,daylight,,0,0,0,0,0,0,0,1,0,0,0,0,0,0,0,0,0,3,0,0
-40.32192529,175.41682,Manawatu District,2018,property_damage,100,FALSE,straight,,fine,,darkness_not_lit,,0,0,0,0,0,0,0,1,0,0,0,0,0,0,0,0,0,3,0,0
-36.94369103,174.5968804,Auckland,2018,property_damage,80,FALSE,curved_view_open,,fine,,darkness_not_lit,,0,0,0,0,0,0,0,1,0,0,0,0,0,0,0,0,0,3,0,0
-37.09828035,174.8999864,Auckland,2018,property_damage,100,FALSE,curved_view_open,,rain,,daylight,,0,0,0,0,0,0,0,1,0,0,0,0,0,0,0,0,0,3,0,0
-36.76664922,174.5166463,Auckland,2018,property_damage,60,FALSE,straight,,fine,,daylight,,0,0,0,0,0,0,0,1,0,0,0,0,0,0,0,0,0,3,0,0
-43.60958464,172.7016158,Christchurch City,2018,property_damage,50,FALSE,curved_view_open,,fine,,daylight,,0,0,0,0,0,0,0,1,0,0,0,0,0,0,0,0,0,3,0,0
-36.97558744,174.8531756,Auckland,2018,property_damage,50,FALSE,straight,,rain,,darkness_not_lit,,0,0,0,0,0,0,0,1,0,0,0,0,0,0,0,0,0,3,0,0
-37.98685095,175.4986388,Waipa District,2018,property_damage,100,FALSE,curved_view_open,,fine,,darkness_not_lit,,0,0,0,0,0,0,0,1,0,0,0,0,0,0,0,0,0,3,0,0
-35.72985986,174.4199614,Whangarei District,2018,property_damage,100,FALSE,curved_view_obscure,,fine,,darkness_not_lit,,0,0,0,0,0,0,0,1,0,0,0,0,0,0,0,0,0,3,0,0
-39.65983982,176.7965933,Hastings District,2018,minor_injury,100,FALSE,curved_view_open,,fine,,darkness_not_lit,,1,0,0,1,0,0,0,1,0,0,0,0,0,0,0,0,0,3,0,0
-41.42398358,173.0011608,Tasman District,2018,minor_injury,100,FALSE,curved_view_open,,rain,,darkness_not_lit,,1,0,0,1,0,0,0,1,0,0,0,0,0,0,0,0,0,3,0,0
-36.69198517,174.7033725,Auckland,2018,minor_injury,100,FALSE,straight,,rain,,daylight,,1,0,0,1,0,0,0,1,0,0,0,0,0,0,0,0,0,3,0,0
-37.02396089,174.8965147,Auckland,2018,serious_injury,10,FALSE,straight,,,,daylight,,1,0,1,0,0,0,0,1,0,0,0,0,0,0,0,0,0,3,0,0
-36.04388882,173.9248118,Kaipara District,2018,serious_injury,100,FALSE,straight,,fine,,daylight,,1,0,1,0,0,0,0,1,0,0,0,0,0,0,0,0,0,3,0,0
-39.03423947,177.5397491,Wairoa District,2018,fatality,100,FALSE,straight,,fine,,darkness_not_lit,,1,1,0,0,0,0,0,1,0,0,0,0,0,0,0,0,0,3,0,0