latitude,longitude,local_government_area,year,severity,speed_limit,intersection,road_position_horizontal,road_wet,weather,crash_type,lighting,traffic_controls,casualties,fatalities,serious_injuries,minor_injuries,car_sedan,car_utility,car_van,car_4x4,car_station_wagon,motor_cycle,truck_small,truck_large,bus,taxi,bicycle,scooter,pedestrian,inanimate,train,tram
-38.40350634,175.617558,Otorohanga District,2018,fatality,100,FALSE,curved_view_open,,fine,,daylight,,2,1,0,1,0,0,0,1,0,0,0,0,0,0,0,0,0,3,0,0
-37.87945651,175.7546337,Matamata-Piako District,2018,serious_injury,100,FALSE,curved_view_open,,fine,,daylight,,4,0,1,3,0,0,0,1,0,0,0,0,0,0,0,0,0,3,0,0
-37.02429577,174.865161,Auckland,2018,property_damage,60,FALSE,straight,,fine,,daylight,giveway_sign,0,0,0,0,1,0,0,0,0,0,0,1,0,0,0,0,0,2,0,0
-36.95222518,174.8016571,Auckland,2018,property_damage,60,FALSE,straight,,fine,,daylight,,0,0,0,0,1,0,0,0,0,0,0,1,0,0,0,0,0,2,0,0
-43.56260212,172.530391,Christchurch City,2018,property_damage,70,FALSE,straight,,fine,,daylight,,0,0,0,0,1,0,0,0,0,0,0,1,0,0,0,0,0,2,0,0
-39.62203777,176.818853,Hastings District,2018,property_damage,50,FALSE,straight,,fine,,daylight,,0,0,0,0,1,0,0,0,0,0,0,1,0,0,0,0,0,2,0,0
-41.22275809,174.8778988,Hutt City,2018,property_damage,50,FALSE,straight,,fine,,daylight,,0,0,0,0,1,0,0,0,0,0,0,1,0,0,0,0,0,2,0,0
-43.38548479,172.6417151,Waimakariri District,2018,property_damage,100,FALSE,straight,,fine,,daylight,,0,0,0,0,1,0,0,0,0,0,0,1,0,0,0,0,0,2,0,0
-39.56193446,176.8372045,Hastings District,2018,property_damage,50,FALSE,straight,,,,daylight,,0,0,0,0,1,0,0,0,0,0,0,1,0,0,0,0,0,2,0,0
-39.93347384,175.0543564,Wanganui District,2018,property_damage,50,FALSE,straight,,mist,,darkness_not_lit,,0,0,0,0,1,0,0,0,0,0,0,1,0,0,0,0,0,2,0,0
-37.91194253,175.5706095,Waipa District,2018,property_damage,100,FALSE,curved_view_open,,fine,,daylight,,0,0,0,0,1,0,0,0,0,0,0,1,0,0,0,0,0,2,0,0
-36.13994248,174.585844,Kaipara District,2018,property_damage,100,FALSE,curved_view_open,,fine,,daylight,,0,0,0,0,1,0,0,0,0,0,0,1,0,0,0,0,0,2,0,0
-36.77555052,174.7122007,Auckland,2018,property_damage,50,TRUE,curved_view_open,,fine,,daylight,giveway_sign,0,0,0,0,1,0,0,0,0,0,0,1,0,0,0,0,0,2,0,0
-38.0093942,175.3234692,Waipa District,2018,property_damage,50,FALSE,straight,,fine,,daylight,,0,0,0,0,1,0,0,0,0,0,0,1,0,0,0,0,0,2,0,0
-36.85006126,174.8634753,Auckland,2018,property_damage,50,FALSE,curved_view_open,,fine,,daylight,,0,0,0,0,1,0,0,0,0,0,0,1,0,0,0,0,0,2,0,0
-39.98951865,176.5197152,Central Hawkes Bay District,2018,minor_injury,100,FALSE,straight,,fine,,daylight,,1,0,0,1,1,0,0,0,0,0,0,1,0,0,0,0,0,2,0,0
-38.17835948,175.23102,Otorohanga District,2018,minor_injury,50,FALSE,straight,,fine,,daylight,,1,0,0,1,1,0,0,0,0,0,0,1,0,0,0,0,0,2,0,0
-36.00655822,174.4159978,Whangarei District,2018,minor_injury,100,FALSE,straight,,fine,,darkness_not_lit,,1,0,0,1,1,0,0,0,0,0,0,1,0,0,0,0,0,2,0,0
-37.51331439,175.2927109,Waikato District,2018,minor_injury,100,FALSE,curved_view_open,,fine,,daylight,,1,0,0,1,1,0,0,0,0,0,0,1,0,0,0,0,0,2,0,0
-38.40216703,176.5051548,Rotorua District,2018,serious_injury,100,TRUE,straight,,fine,,daylight,stop_sign,1,0,1,0,1,0,0,0,0,0,0,1,0,0,0,0,0,2,0,0
-37.35341809,175.630651,Hauraki District,2018,minor_injury,100,FALSE,straight,,fine,,darkness_not_lit,,2,0,0,2,1,0,0,0,0,0,0,1,0,0,0,0,0,2,0,0
-36.67047182,174.6816381,Auckland,2018,minor_injury,100,FALSE,curved_view_open,,fine,,daylight,,3,0,0,3,1,0,0,0,0,0,0,1,0,0,0,0,0,2,0,0
-37.6712189,175.4962305,Matamata-Piako District,2018,serious_injury,100,FALSE,curved_view_open,,rain,,daylight,,2,0,1,1,1,0,0,0,0,0,0,1,0,0,0,0,0,2,0,0
-37.82146214,176.5697424,Western Bay Of Plenty District,2018,fatality,100,FALSE,straight,,fine,,daylight,,3,2,0,1,1,0,0,0,0,0,0,1,0,0,0,0,0,2,0,0
-41.2730982,173.2722156,Nelson City,2018,property_damage,50,FALSE,curved_view_open,,fine,,darkness_not_lit,,0,0,0,0,2,0,0,0,0,0,0,0,0,0,0,0,0,7,0,0
-40.35344881,175.6267613,Palmerston North City,2018,property_damage,50,TRUE,straight,,fine,,darkness_not_lit,giveway_sign,0,0,0,0,1,0,0,0,0,0,0,0,0,0,0,1,0,0,0,0
-41.2931806,174.7813189,Wellington City,2018,property_damage,30,FALSE,straight,,fine,,daylight,,0,0,0,0,5,0,0,0,0,0,0,1,0,0,0,0,0,2,0,0
-36.84740695,174.6314485,Auckland,2018,property_damage,100,TRUE,straight,,fine,,darkness_not_lit,giveway_sign,0,0,0,0,1,0,0,0,0,0,0,0,0,0,0,0,0,5,0,0
-39.07260043,174.0914142,New Plymouth District,2018,minor_injury,50,TRUE,straight,,fine,,darkness_not_lit,stop_sign,1,0,0,1,1,0,0,0,0,0,0,0,0,0,0,0,0,5,0,0
-36.99789961,174.8763934,Auckland,2018,minor_injury,60,TRUE,straight,,fine,,darkness_not_lit,traffic_lights,1,0,0,1,1,0,0,0,0,0,0,0,0,0,0,0,0,5,0,0
-36.97142375,174.8623644,Auckland,2018,property_damage,50,FALSE,straight,,rain,,daylight,,0,0,0,0,2,0,0,0,0,0,0,0,1,0,0,0,0,2,0,0
-36.87593208,174.6204654,Auckland,2018,property_damage,50,FALSE,straight,,fine,,daylight,,0,0,0,0,2,0,0,0,0,0,0,0,1,0,0,0,0,2,0,0
-40.36216767,175.8714037,Tararua District,2018,property_damage,100,FALSE,straight,,fine,,daylight,,0,0,0,0,0,0,0,0,0,0,0,0,0,0,0,0,0,3,0,0
-41.18996745,174.9272081,Hutt City,2018,property_damage,50,FALSE,curved_view_open,,fine,,daylight,,0,0,0,0,0,0,0,0,0,0,0,0,0,0,0,0,0,3,0,0
-41.15896602,174.9828152,Hutt City,2018,minor_injury,80,FALSE,straight,,fine,,daylight,,1,0,0,1,0,0,0,0,0,0,0,0,0,0,0,0,0,3,0,0
-44.9355025,169.2964672,Central Otago District,2018,fatality,100,FALSE,straight,,fine,,daylight,,6,1,0,5,0,0,0,0,0,0,0,0,0,0,0,0,0,3,0,0
-44.822831,169.4310842,Central Otago District,2018,property_damage,100,FALSE,curved_view_open,,fine,,daylight,,0,0,0,0,0,0,0,0,0,0,0,0,1,0,0,0,0,3,0,0
-39.15090057,174.1689557,New Plymouth District,2018,minor_injury,100,FALSE,straight,,rain,,daylight,,1,0,0,1,0,0,0,0,0,0,0,0,1,0,0,0,0,3,0,0
-36.8185205,174.7504228,Auckland,2018,property_damage,80,FALSE,straight,,rain,,daylight,,0,0,0,0,4,0,0,0,0,0,0,0,1,0,0,0,0,0,0,0
-37.01428446,174.8923403,Auckland,2018,property_damage,50,FALSE,straight,,fine,,daylight,,0,0,0,0,4,0,0,0,0,0,0,0,1,0,0,0,0,0,0,0
-36.74313432,174.7205409,Auckland,2018,property_damage,100,FALSE,straight,,rain,,daylight,,0,0,0,0,0,0,0,1,0,0,0,1,0,0,0,0,0,2,0,0
-45.88943437,170.3562355,Dunedin City,2018,minor_injury,50,FALSE,straight,,fine,,daylight,giveway_sign,2,0,0,2,0,0,0,1,0,0,0,1,0,0,0,0,0,2,0,0
-35.98411552,174.4307818,Whangarei District,2018,fatality,100,FALSE,straight,,rain,,daylight,,1,1,0,0,0,0,0,1,0,0,0,1,0,0,0,0,0,2,0,0
-36.89735955,174.6971198,Auckland,2018,property_damage,50,FALSE,straight,,fine,,darkness_not_lit,,0,0,0,0,0,0,0,1,0,0,0,0,1,0,0,0,0,1,0,0
-37.84816981,176.1118045,Western Bay Of Plenty District,2018,property_damage,100,FALSE,curved_view_obscure,,fine,,daylight,,0,0,0,0,0,0,0,1,0,0,0,0,1,0,0,0,0,1,0,0
-41.16093266,175.013779,Upper Hutt City,2018,property_damage,50,FALSE,straight,,fine,,daylight,,0,0,0,0,0,0,0,1,0,0,0,0,1,0,0,0,0,1,0,0
-43.46509403,170.0176738,Westland District,2018,property_damage,50,FALSE,straight,,rain,,daylight,,0,0,0,0,0,0,0,1,0,0,0,0,1,0,0,0,0,1,0,0
-36.85539025,174.7804481,Auckland,2018,property_damage,50,FALSE,straight,,fine,,daylight,,0,0,0,0,0,0,0,1,0,0,0,0,1,0,0,0,0,1,0,0
-41.31340692,174.778656,Wellington City,2018,property_damage,50,FALSE,straight,,fine,,daylight,,0,0,0,0,0,0,0,1,0,0,0,0,1,0,0,0,0,1,0,0
-36.89081309,174.687818,Auckland,2018,property_damage,50,FALSE,straight,,fine,,daylight,,0,0,0,0,0,0,0,2,0,0,0,1,0,0,0,0,0,0,0,0
-44.40213332,171.2481046,Timaru District,2018,property_damage,50,FALSE,straight,,fine,,dawn_dusk,,0,0,0,0,0,0,0,2,0,0,0,1,0,0,0,0,0,0,0,0
-39.47776339,176.9112724,Napier City,2018,property_damage,50,FALSE,straight,,fine,,daylight,,0,0,0,0,0,0,0,0,0,0,0,1,0,0,0,0,0,0,1,0
-37.18600117,174.8660562,Auckland,2018,property_damage,100,FALSE,curved_view_open,,fine,,daylight,stop_sign,0,0,0,0,0,0,0,0,0,0,0,1,0,0,0,0,0,0,1,0
-39.47776339,176.9112724,Napier City,2018,minor_injury,50,TRUE,curved_view_open,,fine,,daylight,stop_sign,1,0,0,1,0,0,0,0,0,0,0,1,0,0,0,0,0,0,1,0
-44.37632355,171.2429122,Timaru District,2018,property_damage,50,FALSE,curved_view_open,,rain,,daylight,,0,0,0,0,2,0,0,0,0,0,0,0,0,0,0,0,0,2,0,0
-36.7940931,175.0551694,Auckland,2018,property_damage,50,FALSE,straight,,fine,,daylight,,0,0,0,0,2,0,0,0,0,0,0,0,0,0,0,0,0,2,0,0
-37.70337483,176.1928264,Tauranga City,2018,minor_injury,100,FALSE,curved_view_open,,fine,,dawn_dusk,,1,0,0,1,2,0,0,0,0,0,0,0,0,0,0,0,0,2,0,0
-36.91587263,174.8694311,Auckland,2018,minor_injury,60,FALSE,curved_view_open,,fine,,darkness_not_lit,,1,0,0,1,2,0,0,0,0,0,0,0,0,0,0,0,0,2,0,0
-36.89672833,174.6347986,Auckland,2018,property_damage,50,FALSE,curved_view_open,,rain,,daylight,,0,0,0,0,2,0,0,0,0,0,0,1,0,0,0,0,0,4,0,0
-36.86724328,174.6224245,Auckland,2018,property_damage,50,FALSE,straight,,fine,,daylight,,0,0,0,0,2,0,0,0,0,0,0,1,0,0,0,0,0,4,0,0
-36.7504934,174.7258689,Auckland,2018,property_damage,100,FALSE,straight,,fine,,darkness_not_lit,,0,0,0,0,1,0,0,0,0,0,0,1,0,0,0,0,0,1,0,0
-36.87935569,175.7680292,Thames-Coromandel District,2018,property_damage,100,FALSE,straight,,fine,,daylight,,0,0,0,0,1,0,0,0,0,0,0,1,0,0,0,0,0,1,0,0
-36.79946954,174.6388596,Auckland,2018,property_damage,50,FALSE,straight,,,,daylight,,0,0,0,0,1,0,0,0,0,0,0,1,0,0,0,0,0,1,0,0
-37.00637492,174.9543699,Auckland,2018,minor_injury,100,FALSE,straight,,fine,,daylight,,1,0,0,1,1,0,0,0,0,0,0,1,0,0,0,0,0,1,0,0
-37.90438214,175.4735446,Waipa District,2018,property_damage,50,FALSE,straight,,rain,,daylight,,0,0,0,0,1,0,0,2,0,0,0,0,0,0,0,0,0,1,0,0
-36.91122605,174.7031515,Auckland,2018,property_damage,50,FALSE,straight,,fine,,darkness_not_lit,,0,0,0,0,1,0,0,2,0,0,0,0,0,0,0,0,0,1,0,0
-36.97878927,174.8924493,Auckland,2018,property_damage,50,FALSE,straight,,fine,,darkness_not_lit,,0,0,0,0,1,0,0,2,0,0,0,0,0,0,0,0,0,1,0,0
-45.8819411,170.4921034,Dunedin City,2018,minor_injury,50,TRUE,straight,,rain,,daylight,stop_sign,1,0,0,1,1,0,0,2,0,0,0,0,0,0,0,0,0,1,0,0
-36.94864541,174.8294565,Auckland,2018,minor_injury,50,TRUE,curved_view_open,,rain,,darkness_not_lit,giveway_sign,1,0,0,1,1,0,0,2,0,0,0,0,0,0,0,0,0,1,0,0
-37.79509188,175.2533253,Hamilton City,2018,minor_injury,50,FALSE,straight,,rain,,darkness_not_lit,,1,0,0,1,1,0,0,2,0,0,0,0,0,0,0,0,0,1,0,0
-39.63396231,176.8604881,Hastings District,2018,property_damage,50,FALSE,straight,,fine,,darkness_not_lit,,0,0,0,0,4,0,0,1,0,0,0,0,0,0,0,0,0,4,0,0
-36.94519996,174.8551678,Auckland,2018,property_damage,100,FALSE,straight,,fine,,daylight,,0,0,0,0,3,0,0,0,0,0,0,0,0,0,0,0,0,0,0,0
-44.27917048,171.2597712,Timaru District,2018,property_damage,100,FALSE,straight,,fine,,daylight,,0,0,0,0,2,0,0,1,0,0,0,0,0,0,0,0,0,0,0,0
-41.28490537,174.7782518,Wellington City,2018,property_damage,10,TRUE,straight,,fine,,daylight,,0,0,0,0,0,0,0,0,0,0,0,0,0,0,0,0,1,1,0,0
-43.53535244,172.662154,Christchurch City,2018,minor_injury,50,TRUE,curved_view_open,,fine,,darkness_not_lit,,1,0,0,1,0,0,0,0,0,0,0,0,0,0,0,0,1,1,0,0
-43.56427907,172.6100103,Christchurch City,2018,minor_injury,50,FALSE,straight,,fine,,daylight,,1,0,0,1,0,0,0,0,0,0,0,0,0,0,0,0,1,1,0,0
-43.52985548,172.6343892,Christchurch City,2018,serious_injury,30,TRUE,straight,,fine,,darkness_not_lit,traffic_lights,1,0,1,0,0,0,0,0,0,0,0,0,0,0,0,0,1,1,0,0
-41.28184062,174.776067,Wellington City,2018,serious_injury,30,TRUE,curved_view_open,,fine,,daylight,,1,0,1,0,0,0,0,0,0,0,0,0,0,0,0,0,1,1,0,0
-38.70818163,177.9139062,Gisborne District,2018,property_damage,100,FALSE,straight,,fine,,daylight,,0,0,0,0,2,0,0,0,0,0,0,0,0,0,0,0,0,0,0,0
-36.97688447,174.822381,Auckland,2018,property_damage,100,FALSE,straight,,rain,,daylight,,0,0,0,0,0,0,0,3,0,0,0,0,0,0,0,0,0,0,0,0
-46.42015895,168.3324546,Invercargill City,2018,property_damage,70,FALSE,straight,,fine,,daylight,,0,0,0,0,0,0,0,3,0,0,0,0,0,0,0,0,0,0,0,0
-36.95735222,174.8526998,Auckland,2018,minor_injury,50,TRUE,straight,,fine,,daylight,giveway_sign,3,0,0,3,0,0,0,3,0,0,0,0,0,0,0,0,0,0,0,0
-45.60357949,170.650898,Dunedin City,2018,property_damage,100,FALSE,curved_view_open,,fine,,daylight,,0,0,0,0,2,0,0,0,0,0,0,1,0,0,0,0,0,0,0,0
-41.18753362,174.9598662,Hutt City,2018,property_damage,50,FALSE,straight,,fine,,daylight,,0,0,0,0,3,0,0,1,0,0,0,0,0,0,0,0,0,1,0,0
-37.78567268,175.274068,Hamilton City,2018,property_damage,50,FALSE,straight,,fine,,daylight,,0,0,0,0,3,0,0,1,0,0,0,0,0,0,0,0,0,1,0,0
-46.39837569,168.3640189,Invercargill City,2018,property_damage,50,FALSE,straight,,fine,,daylight,,0,0,0,0,3,0,0,1,0,0,0,0,0,0,0,0,0,1,0,0
-36.78837165,174.6225751,Auckland,2018,property_damage,50,FALSE,straight,,fine,,darkness_not_lit,,0,0,0,0,3,0,0,1,0,0,0,0,0,0,0,0,0,1,0,0
-36.9125388,174.7437468,Auckland,2018,property_damage,50,FALSE,straight,,fine,,daylight,,0,0,0,0,3,0,0,1,0,0,0,0,0,0,0,0,0,1,0,0
-41.22831902,174.8204917,Wellington City,2018,property_damage,50,FALSE,straight,,fine,,daylight,,0,0,0,0,3,0,0,1,0,0,0,0,0,0,0,0,0,1,0,0
-41.11043351,174.8474685,Porirua City,2018,property_damage,50,FALSE,curved_view_open,,mist,,darkness_not_lit,,0,0,0,0,3,0,0,1,0,0,0,0,0,0,0,0,0,1,0,0
-41.28235265,173.2783083,Nelson City,2018,minor_injury,50,FALSE,straight,,fine,,daylight,,1,0,0,1,3,0,0,1,0,0,0,0,0,0,0,0,0,1,0,0
-37.597678,175.1631347,Waikato District,2018,property_damage,100,FALSE,straight,,fine,,daylight,,0,0,0,0,3,0,0,0,0,0,0,0,0,0,0,0,0,0,0,0
-37.70595688,176.2672152,Tauranga City,2018,property_damage,100,FALSE,straight,,fine,,daylight,,0,0,0,0,1,0,0,0,0,0,0,0,0,0,0,0,0,0,1,0
-39.08599751,174.0241099,New Plymouth District,2018,property_damage,80,FALSE,straight,,rain,,darkness_not_lit,,0,0,0,0,1,0,0,0,0,0,0,0,0,0,0,0,0,0,0,0
-45.02404325,168.9589417,Queenstown-Lakes District,2018,property_damage,100,FALSE,straight,,rain,,daylight,,0,0,0,0,0,0,0,0,0,0,0,1,1,0,0,0,0,1,0,0
-38.67153658,178.0214641,Gisborne District,2018,property_damage,50,FALSE,straight,,fine,,darkness_not_lit,,0,0,0,0,0,0,0,0,0,0,0,1,1,0,0,0,0,1,0,0
-37.87260749,175.8425512,Matamata-Piako District,2018,minor_injury,70,TRUE,straight,,fine,,daylight,stop_sign,1,0,0,1,0,0,0,0,0,0,0,1,1,0,0,0,0,1,0,0
-39.27918365,173.8109122,South Taranaki District,2018,property_damage,70,FALSE,straight,,,,darkness_not_lit,,0,0,0,0,4,0,0,0,0,0,0,0,0,0,0,0,0,0,0,0
-36.90538645,174.7261761,Auckland,2018,property_damage,100,FALSE,straight,,fine,,daylight,,0,0,0,0,5,0,0,1,0,0,0,0,0,0,0,0,0,0,0,0
-41.30455495,174.7936092,Wellington City,2018,property_damage,30,FALSE,straight,,fine,,daylight,,0,0,0,0,0,0,0,1,0,0,0,0,0,0,0,1,0,1,0,0
-37.80489361,176.4041093,Western Bay Of Plenty District,2018,property_damage,100,FALSE,straight,,fine,,darkness_not_lit,,0,0,0,0,1,0,0,0,0,0,0,0,0,0,0,0,0,1,1,0
-45.88173481,170.496649,Dunedin City,2018,property_damage,50,FALSE,straight,,fine,,daylight,,0,0,0,0,2,0,0,1,0,0,0,1,1,0,0,0,0,4,0,0
-36.68743409,174.7020522,Auckland,2018,property_damage,100,FALSE,straight,,fine,,daylight,,0,0,0,0,0,0,0,0,0,1,0,1,0,0,0,0,0,0,0,0
-36.84886758,174.632074,Auckland,2018,minor_injury,50,FALSE,straight,,fine,,daylight,,1,0,0,1,0,0,0,0,0,1,0,1,0,0,0,0,0,0,0,0
-41.28875826,174.7678714,Wellington City,2018,property_damage,50,FALSE,straight,,fine,,daylight,,0,0,0,0,2,0,0,0,0,0,0,0,0,0,0,1,0,1,0,0
-45.87436146,170.5015032,Dunedin City,2018,property_damage,50,FALSE,straight,,fine,,daylight,,0,0,0,0,2,0,0,0,0,0,0,0,0,0,0,1,0,1,0,0
-36.86783906,174.7518617,Auckland,2018,minor_injury,50,TRUE,straight,,fine,,daylight,giveway_sign,1,0,0,1,2,0,0,0,0,0,0,0,0,0,0,1,0,1,0,0
-46.39398483,168.3554282,Invercargill City,2018,property_damage,50,FALSE,straight,,fine,,darkness_not_lit,,0,0,0,0,0,0,0,2,0,0,0,0,0,0,0,0,0,3,0,0
-43.80847188,172.9710437,Christchurch City,2018,property_damage,50,TRUE,straight,,fine,,darkness_not_lit,,0,0,0,0,0,0,0,2,0,0,0,0,0,0,0,0,0,3,0,0
-45.03040655,168.6636857,Queenstown-Lakes District,2018,property_damage,50,FALSE,straight,,fine,,daylight,giveway_sign,0,0,0,0,0,0,0,2,0,0,0,0,0,0,0,0,0,3,0,0
-36.9493991,174.9041868,Auckland,2018,property_damage,50,FALSE,straight,,fine,,daylight,,0,0,0,0,5,0,0,0,0,0,0,0,0,0,0,0,0,3,0,0
-45.88622182,170.4968598,Dunedin City,2018,property_damage,50,FALSE,straight,,fine,,dawn_dusk,,0,0,0,0,1,0,0,0,0,0,0,0,0,0,0,0,0,0,0,0
-36.86264445,174.7642391,Auckland,2018,property_damage,80,FALSE,curved_view_open,,fine,,daylight,,0,0,0,0,6,0,0,0,0,0,0,0,0,0,0,0,0,0,0,0
-37.60547832,175.1775538,Waikato District,2018,property_damage,100,FALSE,straight,,rain,,daylight,,0,0,0,0,6,0,0,0,0,0,0,0,0,0,0,0,0,0,0,0
-36.83462957,174.7429294,Auckland,2018,minor_injury,80,FALSE,straight,,fine,,daylight,,1,0,0,1,6,0,0,0,0,0,0,0,0,0,0,0,0,0,0,0
-36.91429086,174.8507257,Auckland,2018,minor_injury,80,FALSE,curved_view_open,,fine,,daylight,,1,0,0,1,6,0,0,0,0,0,0,0,0,0,0,0,0,0,0,0
-36.95890133,174.8625647,Auckland,2018,minor_injury,100,FALSE,straight,,fine,,daylight,,1,0,0,1,6,0,0,0,0,0,0,0,0,0,0,0,0,0,0,0
-36.88079919,174.8249864,Auckland,2018,property_damage,50,FALSE,straight,,fine,,daylight,,0,0,0,0,0,0,0,1,0,0,0,0,1,0,0,0,0,0,0,0
-36.89954909,174.892802,Auckland,2018,property_damage,50,FALSE,straight,,fine,,darkness_not_lit,,0,0,0,0,2,0,0,2,0,0,0,0,0,0,0,0,0,2,0,0
-36.90024102,174.7574393,Auckland,2018,property_damage,50,FALSE,straight,,rain,,darkness_not_lit,,0,0,0,0,2,0,0,2,0,0,0,0,0,0,0,0,0,2,0,0
-36.7624678,174.7292964,Auckland,2018,minor_injury,50,FALSE,straight,,fine,,daylight,,1,0,0,1,2,0,0,2,0,0,0,0,0,0,0,0,0,2,0,0
-45.01270381,168.755636,Queenstown-Lakes District,2018,property_damage,50,FALSE,straight,,fine,,daylight,,0,0,0,0,6,0,0,0,0,0,0,0,0,0,0,0,0,5,0,0
-41.28113144,174.7735761,Wellington City,2018,property_damage,80,FALSE,curved_view_open,,,,daylight,,0,0,0,0,0,0,0,1,0,0,0,0,0,1,0,0,0,1,0,0
-41.28113144,174.7735761,Wellington City,2018,property_damage,60,FALSE,straight,,fine,,daylight,,0,0,0,0,1,0,0,0,0,2,0,0,0,0,0,0,0,0,0,0
-41.28073115,174.766807,Wellington City,2018,minor_injury,50,FALSE,straight,,fine,,daylight,,1,0,0,1,1,0,0,0,0,2,0,0,0,0,0,0,0,0,0,0
-36.96338969,174.8683125,Auckland,2018,minor_injury,60,FALSE,straight,,fine,,daylight,traffic_lights,2,0,0,2,1,0,0,0,0,2,0,0,0,0,0,0,0,0,0,0
-37.33116111,175.896225,Hauraki District,2018,serious_injury,100,FALSE,curved_view_open,,fine,,daylight,,3,0,2,1,1,0,0,0,0,2,0,0,0,0,0,0,0,0,0,0
-36.93818906,174.6550758,Auckland,2018,property_damage,50,FALSE,straight,,fine,,daylight,,0,0,0,0,2,0,0,1,0,0,0,1,0,0,0,0,0,1,0,0
-41.25518638,174.9305687,Hutt City,2018,property_damage,50,FALSE,straight,,fine,,daylight,,0,0,0,0,2,0,0,1,0,0,0,1,0,0,0,0,0,1,0,0
-36.84378803,174.7691102,Auckland,2018,property_damage,50,FALSE,straight,,fine,,daylight,,0,0,0,0,0,0,0,0,0,0,0,0,1,0,1,0,0,0,0,0
-41.28916673,174.7746894,Wellington City,2018,minor_injury,30,TRUE,straight,,fine,,daylight,traffic_lights,1,0,0,1,0,0,0,0,0,0,0,0,1,0,1,0,0,0,0,0
-45.09048897,170.9746887,Waitaki District,2018,minor_injury,50,TRUE,straight,,fine,,darkness_not_lit,giveway_sign,1,0,0,1,0,0,0,0,0,0,0,0,1,0,1,0,0,0,0,0
-41.27781951,174.7803996,Wellington City,2018,minor_injury,50,TRUE,straight,,fine,,daylight,giveway_sign,1,0,0,1,0,0,0,0,0,0,0,0,1,0,1,0,0,0,0,0
-40.36457221,175.6021222,Palmerston North City,2018,minor_injury,50,TRUE,straight,,fine,,daylight,,1,0,0,1,0,0,0,0,0,0,0,0,1,0,1,0,0,0,0,0
-41.28719288,174.7548008,Wellington City,2018,minor_injury,50,TRUE,curved_view_open,,fine,,daylight,stop_sign,1,0,0,1,0,0,0,0,0,0,0,0,1,0,1,0,0,0,0,0
-37.788075,175.2356707,Hamilton City,2018,minor_injury,50,TRUE,curved_view_open,,fine,,daylight,giveway_sign,1,0,0,1,0,0,0,0,0,0,0,0,1,0,1,0,0,0,0,0
-41.28399408,174.7766031,Wellington City,2018,serious_injury,50,TRUE,straight,,fine,,daylight,traffic_lights,1,0,1,0,0,0,0,0,0,0,0,0,1,0,1,0,0,0,0,0
-36.84558467,174.7610209,Auckland,2018,minor_injury,50,TRUE,straight,,fine,,daylight,traffic_lights,2,0,0,2,0,0,0,0,0,0,0,0,1,0,1,0,0,0,0,0
-44.35562099,171.2193388,Timaru District,2018,fatality,100,FALSE,straight,,fine,,daylight,,1,1,0,0,0,0,0,0,0,0,0,0,1,0,1,0,0,0,0,0
-41.32883893,174.8131072,Wellington City,2018,property_damage,20,FALSE,straight,,fine,,daylight,,0,0,0,0,0,0,0,0,0,0,0,0,0,1,0,0,0,0,0,0
-35.6832375,174.2989069,Whangarei District,2018,property_damage,50,FALSE,straight,,fine,,daylight,,0,0,0,0,0,0,0,0,0,0,0,0,0,1,0,0,0,0,0,0
-41.29928209,173.998656,Marlborough District,2018,property_damage,50,FALSE,straight,,fine,,daylight,,0,0,0,0,0,0,0,0,0,0,0,0,0,0,0,0,0,1,0,0
-46.40337037,168.3471875,Invercargill City,2018,property_damage,50,FALSE,straight,,rain,,daylight,,0,0,0,0,5,0,0,0,0,0,0,0,0,0,0,0,0,2,0,0
-45.04026933,168.6263725,Queenstown-Lakes District,2018,property_damage,50,FALSE,straight,,fine,,darkness_not_lit,,0,0,0,0,5,0,0,0,0,0,0,0,0,0,0,0,0,2,0,0
-40.22087094,175.425527,Manawatu District,2018,minor_injury,50,FALSE,straight,,fine,,daylight,,1,0,0,1,5,0,0,0,0,0,0,0,0,0,0,0,0,2,0,0
-45.10312858,169.2992942,Central Otago District,2018,property_damage,100,FALSE,curved_view_open,,fine,,daylight,,0,0,0,0,0,0,0,0,0,1,0,0,0,0,0,0,0,0,0,0
-38.01505255,175.324411,Waipa District,2018,minor_injury,50,TRUE,curved_view_open,,rain,,darkness_not_lit,giveway_sign,1,0,0,1,0,0,0,0,0,1,0,0,0,0,0,0,0,0,0,0
-35.17646586,173.1169179,Far North District,2018,minor_injury,100,FALSE,straight,,fine,,daylight,,1,0,0,1,0,0,0,0,0,1,0,0,0,0,0,0,0,0,0,0
-37.73524445,176.1627028,Tauranga City,2018,minor_injury,50,FALSE,straight,,fine,,darkness_not_lit,,1,0,0,1,0,0,0,0,0,1,0,0,0,0,0,0,0,0,0,0
-38.20005449,175.2107285,Otorohanga District,2018,minor_injury,100,FALSE,curved_view_open,,fine,,daylight,,1,0,0,1,0,0,0,0,0,1,0,0,0,0,0,0,0,0,0,0
-37.80425908,176.0632537,Western Bay Of Plenty District,2018,minor_injury,100,FALSE,straight,,fine,,darkness_not_lit,,1,0,0,1,0,0,0,0,0,1,0,0,0,0,0,0,0,0,0,0
-36.86691956,174.7567541,Auckland,2018,minor_injury,50,FALSE,straight,,fine,,darkness_not_lit,,1,0,0,1,0,0,0,0,0,1,0,0,0,0,0,0,0,0,0,0
-36.79933278,174.7618777,Auckland,2018,serious_injury,60,FALSE,curved_view_open,,fine,,daylight,,1,0,1,0,0,0,0,0,0,1,0,0,0,0,0,0,0,0,0,0