latitude,longitude,local_government_area,year,severity,speed_limit,intersection,road_position_horizontal,road_wet,weather,crash_type,lighting,traffic_controls,casualties,fatalities,serious_injuries,minor_injuries,car_sedan,car_utility,car_van,car_4x4,car_station_wagon,motor_cycle,truck_small,truck_large,bus,taxi,bicycle,scooter,pedestrian,inanimate,train,tram
-45.34833882,168.144404,Southland District,2018,serious_injury,100,FALSE,straight,,fine,,daylight,,1,0,1,0,0,0,0,0,0,1,0,0,0,0,0,0,0,0,0,0
-43.65551824,172.2065519,Selwyn District,2018,serious_injury,100,FALSE,straight,,fine,,daylight,,1,0,1,0,0,0,0,0,0,1,0,0,0,0,0,0,0,0,0,0
-37.62641138,175.955879,Western Bay Of Plenty District,2018,serious_injury,100,FALSE,straight,,fine,,daylight,,1,0,1,0,0,0,0,0,0,1,0,0,0,0,0,0,0,0,0,0
-45.0589186,168.460318,Queenstown-Lakes District,2018,serious_injury,100,FALSE,curved_view_open,,fine,,daylight,,1,0,1,0,0,0,0,0,0,1,0,0,0,0,0,0,0,0,0,0
-35.69194528,174.3271302,Whangarei District,2018,serious_injury,50,FALSE,curved_view_open,,fine,,daylight,,1,0,1,0,0,0,0,0,0,1,0,0,0,0,0,0,0,0,0,0
-46.22218586,170.0430252,Clutha District,2018,serious_injury,10,FALSE,curved_view_open,,fine,,darkness_not_lit,,2,0,1,1,0,0,0,0,0,1,0,0,0,0,0,0,0,0,0,0
-35.22166651,173.5439241,Far North District,2018,property_damage,100,FALSE,curved_view_open,,rain,,daylight,,0,0,0,0,3,0,0,0,0,0,0,0,0,0,0,0,0,1,0,0
-37.12204626,174.940109,Auckland,2018,property_damage,100,FALSE,curved_view_open,,fine,,darkness_not_lit,,0,0,0,0,3,0,0,0,0,0,0,0,0,0,0,0,0,1,0,0
-37.75912489,175.2670572,Hamilton City,2018,property_damage,50,FALSE,straight,,rain,,darkness_not_lit,,0,0,0,0,1,0,0,0,0,0,0,0,0,1,0,0,0,2,0,0
-37.78297507,176.3272061,Western Bay Of Plenty District,2018,property_damage,50,FALSE,straight,,rain,,daylight,,0,0,0,0,3,0,0,0,0,0,0,0,0,0,0,0,0,4,0,0
-46.23260738,169.7444718,Clutha District,2018,minor_injury,50,TRUE,straight,,fine,,dawn_dusk,giveway_sign,1,0,0,1,3,0,0,0,0,0,0,0,0,0,0,0,0,4,0,0
-43.29100993,172.6848229,Waimakariri District,2018,property_damage,80,FALSE,straight,,fine,,daylight,,0,0,0,0,1,0,0,0,0,0,0,1,1,0,0,0,0,0,0,0
-39.60558098,176.8678397,Hastings District,2018,serious_injury,80,FALSE,straight,,fine,,daylight,,2,0,1,1,1,0,0,0,0,0,0,1,1,0,0,0,0,0,0,0
-43.53248019,172.674608,Christchurch City,2018,property_damage,50,FALSE,straight,,fine,,daylight,,0,0,0,0,1,0,0,0,0,0,0,0,0,0,0,0,1,0,0,0
-37.83247308,175.2042086,Waipa District,2018,fatality,80,FALSE,straight,,fine,,darkness_not_lit,,1,1,0,0,1,0,0,0,0,0,0,0,0,0,0,0,1,0,0,0
-43.60597614,172.645601,Christchurch City,2018,property_damage,70,FALSE,curved_view_open,,fine,,daylight,,0,0,0,0,2,0,0,0,0,0,0,0,0,0,1,0,0,1,0,0
-36.84832636,174.7615212,Auckland,2018,property_damage,50,FALSE,straight,,,,,,0,0,0,0,0,0,0,0,0,0,0,0,0,2,0,0,0,0,0,0
-36.82272367,174.750227,Auckland,2018,property_damage,80,FALSE,straight,,fine,,daylight,,0,0,0,0,1,0,0,0,0,0,0,0,0,0,0,0,0,1,0,0
-46.47964058,168.3903062,Invercargill City,2018,property_damage,100,FALSE,curved_view_open,,rain,,daylight,,0,0,0,0,0,0,0,0,0,0,0,0,0,1,0,0,0,3,0,0
-41.32575079,174.7923265,Wellington City,2018,property_damage,50,TRUE,straight,,fine,,darkness_not_lit,stop_sign,0,0,0,0,0,0,0,0,0,1,0,0,0,0,0,1,0,0,0,0
-41.27128853,173.2793598,Nelson City,2018,minor_injury,50,FALSE,straight,,rain,,darkness_not_lit,,2,0,0,2,0,0,0,0,0,1,0,0,0,0,0,1,0,0,0,0
-37.66572899,176.1999047,Tauranga City,2018,minor_injury,70,FALSE,straight,,fine,,daylight,,2,0,0,2,0,0,0,0,0,1,0,0,0,0,0,1,0,0,0,0
-36.87390281,174.6467764,Auckland,2018,property_damage,50,FALSE,straight,,fine,,darkness_not_lit,,0,0,0,0,1,0,0,0,0,0,0,1,0,0,0,0,0,0,0,0
-37.69018622,176.1590062,Tauranga City,2018,property_damage,80,FALSE,straight,,fine,,daylight,,0,0,0,0,0,0,0,0,0,0,0,2,0,0,0,0,0,1,0,0
-35.53906762,174.2725644,Whangarei District,2018,property_damage,100,FALSE,curved_view_open,,mist,,darkness_not_lit,,0,0,0,0,1,0,0,0,0,0,0,2,0,0,0,0,0,2,0,0
-38.02878274,175.1913515,Otorohanga District,2018,property_damage,100,FALSE,straight,,rain,,darkness_not_lit,,0,0,0,0,1,0,0,0,0,0,0,2,0,0,0,0,0,1,0,0
-36.84855912,174.6341871,Auckland,2018,property_damage,50,FALSE,curved_view_open,,fine,,daylight,,0,0,0,0,1,0,0,0,0,0,0,2,0,0,0,0,0,1,0,0
-46.41759198,168.3456369,Invercargill City,2018,property_damage,50,FALSE,straight,,rain,,darkness_not_lit,giveway_sign,0,0,0,0,1,0,0,0,0,0,0,1,0,0,0,0,0,4,0,0
-41.51357789,173.9659561,Marlborough District,2018,property_damage,50,FALSE,straight,,fine,,daylight,,0,0,0,0,0,0,0,0,0,1,0,1,0,0,0,0,0,1,0,0
-37.62202825,175.2044918,Waikato District,2018,minor_injury,80,TRUE,curved_view_open,,fine,,daylight,giveway_sign,1,0,0,1,0,0,0,0,0,1,0,1,0,0,0,0,0,1,0,0
-36.6360596,174.5540341,Auckland,2018,serious_injury,50,FALSE,straight,,fine,,daylight,,1,0,1,0,0,0,0,0,0,1,0,1,0,0,0,0,0,1,0,0
-36.71252725,174.6645295,Auckland,2018,fatality,80,FALSE,curved_view_open,,fine,,daylight,,1,1,0,0,0,0,0,0,0,1,0,1,0,0,0,0,0,1,0,0
-36.80476736,174.7884775,Auckland,2018,property_damage,50,FALSE,straight,,fine,,daylight,,0,0,0,0,1,0,0,0,0,0,0,1,1,0,0,0,0,1,0,0
-36.89977011,174.8547966,Auckland,2018,property_damage,50,FALSE,straight,,rain,,darkness_not_lit,,0,0,0,0,1,0,0,1,0,0,0,0,1,0,0,0,0,1,0,0
-41.22377964,174.8073262,Wellington City,2018,property_damage,50,FALSE,straight,,fine,,daylight,,0,0,0,0,1,0,0,1,0,0,0,0,1,0,0,0,0,1,0,0
-43.56939177,172.645444,Christchurch City,2018,property_damage,50,FALSE,straight,,fine,,daylight,,0,0,0,0,0,0,0,0,0,1,0,0,1,0,0,0,0,0,0,0
-40.35732678,175.6178218,Palmerston North City,2018,minor_injury,50,FALSE,curved_view_open,,fine,,daylight,traffic_lights,1,0,0,1,0,0,0,0,0,1,0,0,1,0,0,0,0,0,0,0
-39.90525854,175.0194612,Wanganui District,2018,serious_injury,70,TRUE,straight,,fine,,daylight,,1,0,1,0,0,0,0,0,0,1,0,0,1,0,0,0,0,0,0,0
-37.02996374,174.9099854,Auckland,2018,property_damage,100,FALSE,straight,,fine,,daylight,,0,0,0,0,3,0,0,2,0,0,0,0,0,0,0,0,0,0,0,0
-41.29224742,174.7781765,Wellington City,2018,property_damage,40,FALSE,straight,,fine,,daylight,,0,0,0,0,0,0,0,0,0,0,0,0,1,0,0,0,1,0,0,0
-36.84903601,174.7653282,Auckland,2018,minor_injury,30,TRUE,straight,,fine,,dawn_dusk,traffic_lights,1,0,0,1,0,0,0,0,0,0,0,0,1,0,0,0,1,0,0,0
-41.28916673,174.7746894,Wellington City,2018,minor_injury,50,TRUE,straight,,fine,,daylight,traffic_lights,1,0,0,1,0,0,0,0,0,0,0,0,1,0,0,0,1,0,0,0
-40.3496367,175.6061511,Palmerston North City,2018,minor_injury,50,FALSE,straight,,fine,,dawn_dusk,traffic_lights,1,0,0,1,0,0,0,0,0,0,0,0,1,0,0,0,1,0,0,0
-40.3496367,175.6061511,Palmerston North City,2018,minor_injury,50,FALSE,straight,,fine,,dawn_dusk,traffic_lights,1,0,0,1,0,0,0,0,0,0,0,0,1,0,0,0,1,0,0,0
-45.86639605,170.5093459,Dunedin City,2018,minor_injury,50,FALSE,straight,,rain,,daylight,,1,0,0,1,0,0,0,0,0,0,0,0,1,0,0,0,1,0,0,0
-36.9295713,174.9158858,Auckland,2018,minor_injury,60,TRUE,straight,,fine,,daylight,traffic_lights,1,0,0,1,0,0,0,0,0,0,0,0,1,0,0,0,1,0,0,0
-43.53530175,172.6396535,Christchurch City,2018,minor_injury,30,TRUE,straight,,fine,,daylight,traffic_lights,1,0,0,1,0,0,0,0,0,0,0,0,1,0,0,0,1,0,0,0
-41.29158304,174.7774539,Wellington City,2018,minor_injury,20,FALSE,straight,,fine,,daylight,,1,0,0,1,0,0,0,0,0,0,0,0,1,0,0,0,1,0,0,0
-41.27796157,174.7799498,Wellington City,2018,minor_injury,50,TRUE,straight,,fine,,daylight,traffic_lights,1,0,0,1,0,0,0,0,0,0,0,0,1,0,0,0,1,0,0,0
-41.29304842,174.7799658,Wellington City,2018,minor_injury,50,FALSE,straight,,rain,,daylight,,1,0,0,1,0,0,0,0,0,0,0,0,1,0,0,0,1,0,0,0
-38.13047231,176.3029034,Rotorua District,2018,minor_injury,50,FALSE,straight,,fine,,daylight,,1,0,0,1,0,0,0,0,0,0,0,0,1,0,0,0,1,0,0,0
-36.87520262,174.7512782,Auckland,2018,minor_injury,50,FALSE,straight,,fine,,dawn_dusk,,1,0,0,1,0,0,0,0,0,0,0,0,1,0,0,0,1,0,0,0
-36.84494434,174.7707518,Auckland,2018,minor_injury,50,TRUE,curved_view_open,,fine,,daylight,giveway_sign,1,0,0,1,0,0,0,0,0,0,0,0,1,0,0,0,1,0,0,0
-36.85797107,174.7639298,Auckland,2018,minor_injury,50,FALSE,straight,,fine,,daylight,,1,0,0,1,0,0,0,0,0,0,0,0,1,0,0,0,1,0,0,0
-41.2873943,174.775728,Wellington City,2018,minor_injury,30,FALSE,straight,,fine,,daylight,,1,0,0,1,0,0,0,0,0,0,0,0,1,0,0,0,1,0,0,0
-41.29220036,174.7847078,Wellington City,2018,minor_injury,50,FALSE,straight,,fine,,daylight,,1,0,0,1,0,0,0,0,0,0,0,0,1,0,0,0,1,0,0,0
-41.27901914,174.7779606,Wellington City,2018,minor_injury,30,TRUE,curved_view_open,,fine,,darkness_not_lit,,1,0,0,1,0,0,0,0,0,0,0,0,1,0,0,0,1,0,0,0
-37.80053859,175.2531274,Hamilton City,2018,minor_injury,40,FALSE,straight,,fine,,daylight,,1,0,0,1,0,0,0,0,0,0,0,0,1,0,0,0,1,0,0,0
-36.75150782,174.7286359,Auckland,2018,minor_injury,50,FALSE,straight,,rain,,darkness_not_lit,,1,0,0,1,0,0,0,0,0,0,0,0,1,0,0,0,1,0,0,0
-46.14171344,168.3795171,Southland District,2018,serious_injury,100,FALSE,straight,,fine,,darkness_not_lit,,2,0,2,0,0,0,0,0,0,0,0,0,1,0,0,0,1,0,0,0
-41.28439965,174.77542,Wellington City,2018,serious_injury,30,TRUE,straight,,fine,,daylight,,1,0,1,0,0,0,0,0,0,0,0,0,1,0,0,0,1,0,0,0
-35.84714032,174.2880211,Whangarei District,2018,serious_injury,50,FALSE,straight,,fine,,daylight,,1,0,1,0,0,0,0,0,0,0,0,0,1,0,0,0,1,0,0,0
-39.6345111,176.8594237,Hastings District,2018,serious_injury,50,FALSE,straight,,fine,,daylight,,1,0,1,0,0,0,0,0,0,0,0,0,1,0,0,0,1,0,0,0
-43.47967095,172.6167747,Christchurch City,2018,serious_injury,60,FALSE,straight,,fine,,daylight,,1,0,1,0,0,0,0,0,0,0,0,0,1,0,0,0,1,0,0,0
-41.22341003,174.8050493,Wellington City,2018,serious_injury,10,FALSE,straight,,,,daylight,,1,0,1,0,0,0,0,0,0,0,0,0,1,0,0,0,1,0,0,0
-43.52513687,172.579289,Christchurch City,2018,serious_injury,40,FALSE,straight,,fine,,darkness_not_lit,,1,0,1,0,0,0,0,0,0,0,0,0,1,0,0,0,1,0,0,0
-43.47650225,172.6170173,Christchurch City,2018,serious_injury,60,FALSE,straight,,fine,,daylight,,1,0,1,0,0,0,0,0,0,0,0,0,1,0,0,0,1,0,0,0
-36.99188824,174.8476497,Auckland,2018,fatality,50,TRUE,straight,,fine,,darkness_not_lit,traffic_lights,2,2,0,0,0,0,0,0,0,0,0,0,1,0,0,0,1,0,0,0
-36.99188824,174.8476497,Auckland,2018,fatality,50,TRUE,straight,,fine,,darkness_not_lit,traffic_lights,2,2,0,0,0,0,0,0,0,0,0,0,1,0,0,0,1,0,0,0
-36.78930908,174.7000002,Auckland,2018,property_damage,50,FALSE,straight,,fine,,darkness_not_lit,,0,0,0,0,3,0,0,0,0,0,0,0,0,0,0,0,0,0,0,0
-37.84799574,175.4435672,Waipa District,2018,property_damage,100,FALSE,curved_view_open,,rain,,daylight,,0,0,0,0,0,0,0,0,0,0,0,0,0,0,0,0,0,1,1,0
-36.78796591,174.768005,Auckland,2018,property_damage,50,FALSE,straight,,fine,,daylight,,0,0,0,0,1,0,0,2,0,0,0,0,0,0,0,0,0,3,0,0
-36.88928326,174.798224,Auckland,2018,property_damage,50,FALSE,straight,,fine,,daylight,,0,0,0,0,6,0,0,0,0,0,0,1,0,0,0,0,0,0,0,0
-35.89485039,173.8047819,Kaipara District,2018,property_damage,100,FALSE,curved_view_open,,fine,,daylight,,0,0,0,0,2,0,0,0,0,0,0,1,0,0,0,0,0,2,0,0
-41.18727899,174.9578913,Hutt City,2018,minor_injury,50,FALSE,straight,,fine,,daylight,,1,0,0,1,2,0,0,0,0,0,0,1,0,0,0,0,0,2,0,0
-35.54262498,174.2531396,Whangarei District,2018,property_damage,100,FALSE,straight,,fine,,daylight,,0,0,0,0,0,0,0,0,0,0,0,1,1,0,0,0,0,0,0,0
-39.11072462,174.1143592,New Plymouth District,2018,property_damage,100,FALSE,straight,,rain,,daylight,,0,0,0,0,0,0,0,0,0,0,0,0,0,0,0,0,0,4,0,0
-39.68018254,175.8004745,Rangitikei District,2018,minor_injury,50,FALSE,curved_view_open,,rain,,darkness_not_lit,,1,0,0,1,0,0,0,0,0,0,0,0,0,0,0,0,0,4,0,0
-39.80808051,175.7922874,Rangitikei District,2018,minor_injury,70,FALSE,straight,,rain,,darkness_not_lit,,1,0,0,1,0,0,0,0,0,0,0,0,0,0,0,0,0,4,0,0
-41.09225116,174.8684614,Porirua City,2018,serious_injury,50,FALSE,straight,,fine,,daylight,,1,0,1,0,0,0,0,0,0,0,0,0,0,0,0,0,0,4,0,0
-44.84412922,170.8793433,Waimate District,2018,serious_injury,100,FALSE,straight,,fine,,darkness_not_lit,,1,0,1,0,0,0,0,0,0,0,0,0,0,0,0,0,0,4,0,0
-38.26439955,174.8449506,Waitomo District,2018,fatality,100,FALSE,curved_view_open,,rain,,darkness_not_lit,,1,1,0,0,0,0,0,0,0,0,0,0,0,0,0,0,0,4,0,0
-43.38243095,172.658955,Waimakariri District,2018,property_damage,50,FALSE,straight,,fine,,daylight,,0,0,0,0,1,0,0,1,0,0,0,0,0,0,0,0,0,2,0,0
-37.97777975,175.7568845,South Waikato District,2018,minor_injury,50,FALSE,straight,,rain,,darkness_not_lit,,1,0,0,1,1,0,0,1,0,0,0,0,0,0,0,0,0,2,0,0
-36.89315418,174.803892,Auckland,2018,property_damage,100,FALSE,straight,,rain,,darkness_not_lit,,0,0,0,0,4,0,0,2,0,0,0,0,0,0,0,0,0,0,0,0
-36.81811232,174.6143013,Auckland,2018,minor_injury,100,FALSE,straight,,fine,,darkness_not_lit,,1,0,0,1,4,0,0,2,0,0,0,0,0,0,0,0,0,0,0,0
-36.86829467,174.605406,Auckland,2018,property_damage,50,FALSE,straight,,rain,,dawn_dusk,traffic_lights,0,0,0,0,0,0,0,0,0,0,0,0,0,1,0,0,0,0,1,0
-37.0667963,174.9423781,Auckland,2018,property_damage,50,FALSE,straight,,fine,,darkness_not_lit,,0,0,0,0,4,0,0,0,0,0,0,0,0,0,0,0,0,7,0,0
-45.88244448,170.4982281,Dunedin City,2018,property_damage,50,FALSE,straight,,fine,,darkness_not_lit,,0,0,0,0,3,0,0,0,0,0,0,0,1,0,0,0,0,1,0,0
-36.99837511,174.8518633,Auckland,2018,serious_injury,60,TRUE,straight,,fine,,darkness_not_lit,traffic_lights,3,0,1,2,3,0,0,0,0,0,0,0,1,0,0,0,0,1,0,0
-39.47713958,175.6677187,Ruapehu District,2018,property_damage,70,FALSE,curved_view_open,,fine,,daylight,,0,0,0,0,0,0,0,1,0,2,0,0,0,0,0,0,0,1,0,0
-44.05666892,170.5019799,Mackenzie District,2018,property_damage,100,FALSE,curved_view_open,,mist,,daylight,,0,0,0,0,0,0,0,0,0,0,0,1,2,0,0,0,0,0,0,0
-36.97402561,175.0729287,Auckland,2018,property_damage,100,FALSE,curved_view_open,,fine,,daylight,,0,0,0,0,0,0,0,0,0,0,0,2,0,0,0,0,0,2,0,0
-37.8202819,176.0061826,Western Bay Of Plenty District,2018,property_damage,100,FALSE,curved_view_open,,rain,,darkness_not_lit,,0,0,0,0,3,0,0,1,0,0,0,1,0,0,0,0,0,1,0,0
-43.30223374,172.5971779,Waimakariri District,2018,property_damage,50,FALSE,straight,,fine,,daylight,,0,0,0,0,0,0,0,0,0,0,0,1,0,0,0,0,1,0,0,0
-39.41864079,175.3996652,Ruapehu District,2018,minor_injury,50,TRUE,straight,,fine,,daylight,giveway_sign,1,0,0,1,0,0,0,0,0,0,0,1,0,0,0,0,1,0,0,0
-36.39698389,174.6606173,Auckland,2018,minor_injury,50,TRUE,straight,,fine,,daylight,traffic_lights,1,0,0,1,0,0,0,0,0,0,0,1,0,0,0,0,1,0,0,0
-42.2333194,173.8467825,Kaikoura District,2018,minor_injury,80,FALSE,straight,,fine,,darkness_not_lit,,1,0,0,1,0,0,0,0,0,0,0,1,0,0,0,0,1,0,0,0
-45.88924867,170.5047924,Dunedin City,2018,serious_injury,10,FALSE,straight,,fine,,daylight,,2,0,2,0,0,0,0,0,0,0,0,1,0,0,0,0,1,0,0,0
-41.11092531,174.8319046,Porirua City,2018,serious_injury,10,FALSE,curved_view_open,,fine,,daylight,,1,0,1,0,0,0,0,0,0,0,0,1,0,0,0,0,1,0,0,0
-38.99485215,174.2771084,New Plymouth District,2018,serious_injury,100,FALSE,straight,,mist,,darkness_not_lit,,1,0,1,0,0,0,0,0,0,0,0,1,0,0,0,0,1,0,0,0
-36.87902392,174.7285332,Auckland,2018,fatality,50,FALSE,straight,,fine,,daylight,,1,1,0,0,0,0,0,0,0,0,0,1,0,0,0,0,1,0,0,0
-37.25390567,175.2381131,Waikato District,2018,fatality,100,FALSE,straight,,mist,,darkness_not_lit,,1,1,0,0,0,0,0,0,0,0,0,1,0,0,0,0,1,0,0,0
-37.68929607,176.2092739,Tauranga City,2018,fatality,100,FALSE,straight,,fine,,darkness_not_lit,,1,1,0,0,0,0,0,0,0,0,0,1,0,0,0,0,1,0,0,0
-41.29627903,174.7795759,Wellington City,2018,minor_injury,50,TRUE,straight,,fine,,daylight,traffic_lights,1,0,0,1,0,0,0,0,0,0,0,0,0,0,0,2,0,0,0,0
-41.29627903,174.7795759,Wellington City,2018,minor_injury,50,TRUE,straight,,fine,,daylight,traffic_lights,1,0,0,1,0,0,0,0,0,0,0,0,0,0,0,2,0,0,0,0
-36.85021953,174.77241,Auckland,2018,minor_injury,50,TRUE,straight,,fine,,daylight,traffic_lights,1,0,0,1,1,0,0,0,0,0,0,0,1,0,0,0,1,0,0,0
-39.63742641,176.8538198,Hastings District,2018,minor_injury,50,FALSE,straight,,fine,,daylight,,1,0,0,1,1,0,0,0,0,0,0,0,1,0,0,0,1,0,0,0
-36.84903601,174.7653282,Auckland,2018,minor_injury,30,TRUE,straight,,fine,,daylight,traffic_lights,1,0,0,1,0,0,0,0,0,0,0,0,1,0,0,1,0,0,0,0
-36.87764857,174.7891662,Auckland,2018,minor_injury,50,TRUE,curved_view_open,,fine,,daylight,stop_sign,1,0,0,1,0,0,0,0,0,0,0,0,1,0,0,1,0,0,0,0
-43.9022762,171.7510996,Ashburton District,2018,minor_injury,50,TRUE,straight,,rain,,dawn_dusk,giveway_sign,1,0,0,1,0,0,0,0,0,0,0,0,1,0,0,1,0,0,0,0
-39.50044686,176.8915612,Napier City,2018,minor_injury,50,TRUE,straight,,fine,,daylight,,1,0,0,1,0,0,0,0,0,0,0,0,1,0,0,1,0,0,0,0
-41.76096431,171.6029581,Buller District,2018,minor_injury,50,TRUE,straight,,fine,,daylight,giveway_sign,1,0,0,1,0,0,0,1,0,0,0,0,0,1,0,0,0,0,0,0
-37.77113157,175.2710908,Hamilton City,2018,minor_injury,50,TRUE,straight,,fine,,daylight,giveway_sign,1,0,0,1,0,0,0,0,0,0,0,0,1,0,1,0,0,1,0,0
-41.2887754,174.7720277,Wellington City,2018,minor_injury,50,TRUE,straight,,fine,,daylight,traffic_lights,1,0,0,1,0,0,0,0,0,0,0,0,0,0,0,1,0,1,0,0
-43.53875797,172.5811128,Christchurch City,2018,minor_injury,60,TRUE,straight,,fine,,darkness_not_lit,stop_sign,1,0,0,1,0,0,0,0,0,0,0,0,0,0,0,1,0,1,0,0
-37.02692225,174.9018267,Auckland,2018,minor_injury,50,FALSE,straight,,fine,,daylight,,1,0,0,1,0,0,0,0,0,0,0,0,0,0,0,1,0,1,0,0
-37.71142215,176.3128186,Tauranga City,2018,minor_injury,50,FALSE,straight,,fine,,darkness_not_lit,,1,0,0,1,0,0,0,0,0,0,0,0,0,0,0,1,0,1,0,0
-36.73527859,174.7258529,Auckland,2018,minor_injury,50,FALSE,curved_view_open,,fine,,darkness_not_lit,,1,0,0,1,0,0,0,0,0,0,0,0,0,0,0,1,0,1,0,0
-36.91938048,174.6445098,Auckland,2018,serious_injury,50,FALSE,curved_view_open,,fine,,daylight,,1,0,1,0,0,0,0,0,0,0,0,0,0,0,0,1,0,1,0,0
-36.85285549,174.7985365,Auckland,2018,serious_injury,50,FALSE,straight,,fine,,daylight,,1,0,1,0,0,0,0,0,0,0,0,0,0,0,0,1,0,1,0,0
-36.88685533,174.7329513,Auckland,2018,minor_injury,50,TRUE,straight,,fine,,daylight,,1,0,0,1,3,0,0,0,0,0,0,0,0,0,0,0,0,5,0,0
-35.69111575,174.3271386,Whangarei District,2018,minor_injury,50,TRUE,straight,,fine,,daylight,giveway_sign,1,0,0,1,2,0,0,1,0,0,0,0,0,0,0,1,0,0,0,0
-36.71627106,174.642901,Auckland,2018,minor_injury,60,TRUE,curved_view_open,,fine,,daylight,giveway_sign,1,0,0,1,0,0,0,0,0,0,0,0,0,0,0,0,1,2,0,0
-41.29577941,174.779849,Wellington City,2018,minor_injury,50,TRUE,straight,,fine,,daylight,,1,0,0,1,0,0,0,0,0,0,0,0,0,0,1,0,1,0,0,0
-41.29577941,174.779849,Wellington City,2018,minor_injury,50,TRUE,straight,,fine,,daylight,,1,0,0,1,0,0,0,0,0,0,0,0,0,0,1,0,1,0,0,0
-36.84757338,174.817512,Auckland,2018,minor_injury,50,FALSE,straight,,fine,,daylight,,1,0,0,1,0,0,0,0,0,0,0,0,0,0,1,0,1,0,0,0
-41.3023399,174.7743897,Wellington City,2018,minor_injury,50,FALSE,straight,,rain,,daylight,,1,0,0,1,0,0,0,0,0,0,0,0,0,0,1,0,1,0,0,0
-45.86474873,170.5122281,Dunedin City,2018,serious_injury,50,FALSE,straight,,fine,,daylight,,2,0,2,0,0,0,0,0,0,0,0,0,0,0,1,0,1,0,0,0
-40.40414206,175.6037642,Palmerston North City,2018,minor_injury,100,FALSE,straight,,fine,,daylight,,2,0,0,2,0,0,0,0,0,0,0,0,0,0,1,0,1,0,0,0
-41.27732573,174.7709537,Wellington City,2018,minor_injury,50,TRUE,straight,,fine,,darkness_not_lit,,2,0,0,2,0,0,0,0,0,0,0,0,0,0,1,0,1,0,0,0
-45.8784254,170.5045942,Dunedin City,2018,minor_injury,50,FALSE,straight,,fine,,daylight,,1,0,0,1,0,0,0,0,0,0,0,0,0,0,1,0,0,0,0,0
-41.48225341,173.9656105,Marlborough District,2018,serious_injury,100,FALSE,curved_view_open,,fine,,daylight,,1,0,1,0,0,0,0,0,0,0,0,0,0,0,1,0,0,0,0,0
-43.43324017,172.6490941,Christchurch City,2018,serious_injury,80,FALSE,straight,,fine,,daylight,,1,0,1,0,0,0,0,0,0,0,0,0,0,0,1,0,0,0,0,0
-41.32516893,174.8167931,Wellington City,2018,minor_injury,50,FALSE,straight,,fine,,dawn_dusk,,1,0,0,1,1,0,0,0,0,0,0,0,0,0,0,0,1,1,0,0
-40.06966458,175.3783749,Rangitikei District,2018,minor_injury,50,FALSE,straight,,fine,,daylight,,1,0,0,1,1,0,0,0,0,0,0,0,0,0,0,0,1,1,0,0
-35.13786858,173.8816289,Far North District,2018,minor_injury,100,FALSE,curved_view_open,,fine,,daylight,,1,0,0,1,1,0,0,0,0,0,0,0,0,0,0,0,1,1,0,0
-40.34285851,175.6027469,Palmerston North City,2018,minor_injury,10,FALSE,straight,,,,daylight,,1,0,0,1,1,0,0,0,0,0,0,0,0,0,0,0,1,1,0,0
-36.62083414,174.7219111,Auckland,2018,minor_injury,50,FALSE,straight,,fine,,daylight,,1,0,0,1,1,0,0,0,0,0,0,0,0,0,0,0,1,1,0,0
-43.53745719,172.6026456,Christchurch City,2018,minor_injury,20,FALSE,straight,,fine,,darkness_not_lit,,1,0,0,1,1,0,0,0,0,0,0,0,0,0,0,0,1,1,0,0
-40.30674429,175.5928171,Manawatu District,2018,minor_injury,100,FALSE,straight,,rain,,darkness_not_lit,,1,0,0,1,1,0,0,0,0,0,0,0,0,0,0,0,1,1,0,0
-37.65144376,175.5260555,Matamata-Piako District,2018,minor_injury,50,FALSE,straight,,fine,,daylight,,1,0,0,1,1,0,0,0,0,0,0,0,0,0,0,0,1,1,0,0
-37.96233886,176.9836526,Whakatane District,2018,minor_injury,50,FALSE,straight,,rain,,daylight,,1,0,0,1,1,0,0,0,0,0,0,0,0,0,0,0,1,1,0,0
-37.32575253,174.9802647,Waikato District,2018,minor_injury,100,FALSE,straight,,fine,,daylight,,1,0,0,1,1,0,0,0,0,0,0,0,0,0,0,0,1,1,0,0
-36.92545581,174.7479815,Auckland,2018,minor_injury,50,FALSE,straight,,rain,,darkness_not_lit,,1,0,0,1,1,0,0,0,0,0,0,0,0,0,0,0,1,1,0,0
-37.73956545,175.2738362,Hamilton City,2018,minor_injury,50,FALSE,straight,,,,daylight,,1,0,0,1,1,0,0,0,0,0,0,0,0,0,0,0,1,1,0,0
-38.66735699,178.0313242,Gisborne District,2018,minor_injury,50,FALSE,curved_view_open,,fine,,daylight,,1,0,0,1,1,0,0,0,0,0,0,0,0,0,0,0,1,1,0,0
-36.88583192,174.6340725,Auckland,2018,serious_injury,50,FALSE,curved_view_open,,fine,,daylight,,2,0,2,0,1,0,0,0,0,0,0,0,0,0,0,0,1,1,0,0
-41.34050235,173.1867875,Tasman District,2018,serious_injury,50,FALSE,straight,,fine,,daylight,,1,0,1,0,1,0,0,0,0,0,0,0,0,0,0,0,1,1,0,0
-38.02078458,177.2672319,Opotiki District,2018,serious_injury,50,FALSE,straight,,fine,,dawn_dusk,,1,0,1,0,1,0,0,0,0,0,0,0,0,0,0,0,1,1,0,0
-43.53348175,172.6849987,Christchurch City,2018,minor_injury,50,FALSE,straight,,fine,,daylight,,2,0,0,2,1,0,0,0,0,0,0,0,0,0,0,0,1,1,0,0
-38.71276759,176.0922355,Taupo District,2018,minor_injury,50,FALSE,straight,,fine,,daylight,,2,0,0,2,1,0,0,0,0,0,0,0,0,0,0,0,1,1,0,0
-35.75444911,174.3682717,Whangarei District,2018,minor_injury,50,TRUE,straight,,fine,,daylight,giveway_sign,2,0,0,2,1,0,0,0,0,0,0,0,0,0,0,0,1,1,0,0