latitude,longitude,local_government_area,year,severity,speed_limit,intersection,road_position_horizontal,road_wet,weather,crash_type,lighting,traffic_controls,casualties,fatalities,serious_injuries,minor_injuries,car_sedan,car_utility,car_van,car_4x4,car_station_wagon,motor_cycle,truck_small,truck_large,bus,taxi,bicycle,scooter,pedestrian,inanimate,train,tram
-36.40716162,174.667681,Auckland,2018,minor_injury,50,TRUE,curved_view_open,,fine,,daylight,stop_sign,2,0,0,2,1,0,0,0,0,0,0,0,0,0,0,0,1,1,0,0
-37.29660134,175.5600093,Hauraki District,2018,fatality,100,FALSE,straight,,fine,,darkness_not_lit,,2,1,0,1,1,0,0,0,0,0,0,0,0,0,0,0,1,1,0,0
-37.75381091,175.1530669,Waikato District,2018,minor_injury,80,TRUE,curved_view_open,,fine,,daylight,giveway_sign,1,0,0,1,0,0,0,0,0,2,0,0,0,0,0,0,0,0,0,0
-40.93980149,174.993563,Kapiti Coast District,2018,minor_injury,50,TRUE,straight,,fine,,daylight,giveway_sign,1,0,0,1,0,0,0,0,0,2,0,0,0,0,0,0,0,0,0,0
-41.20614933,174.818386,Wellington City,2018,minor_injury,100,FALSE,straight,,rain,,daylight,,1,0,0,1,0,0,0,0,0,2,0,0,0,0,0,0,0,0,0,0
-36.72621767,174.5006216,Auckland,2018,minor_injury,80,FALSE,straight,,fine,,daylight,,1,0,0,1,0,0,0,0,0,2,0,0,0,0,0,0,0,0,0,0
-36.97134209,174.7753502,Auckland,2018,minor_injury,70,TRUE,curved_view_open,,fine,,daylight,giveway_sign,1,0,0,1,0,0,0,0,0,2,0,0,0,0,0,0,0,0,0,0
-40.28450901,175.4002422,Manawatu District,2018,serious_injury,100,TRUE,straight,,fine,,darkness_not_lit,stop_sign,2,0,2,0,0,0,0,0,0,2,0,0,0,0,0,0,0,0,0,0
-43.4199357,172.1149736,Selwyn District,2018,serious_injury,100,FALSE,curved_view_open,,fine,,daylight,,2,0,2,0,0,0,0,0,0,2,0,0,0,0,0,0,0,0,0,0
-39.09383088,174.7691813,Stratford District,2018,serious_injury,100,FALSE,straight,,fine,,daylight,,1,0,1,0,0,0,0,0,0,2,0,0,0,0,0,0,0,0,0,0
-40.30001025,175.8233813,Tararua District,2018,minor_injury,80,FALSE,curved_view_open,,rain,,daylight,,2,0,0,2,0,0,0,0,0,2,0,0,0,0,0,0,0,0,0,0
-37.71387391,174.9877279,Waikato District,2018,minor_injury,100,FALSE,curved_view_open,,fine,,daylight,,2,0,0,2,0,0,0,0,0,2,0,0,0,0,0,0,0,0,0,0
-37.80462806,175.1451378,Waikato District,2018,serious_injury,100,TRUE,curved_view_open,,fine,,daylight,giveway_sign,2,0,1,1,0,0,0,0,0,2,0,0,0,0,0,0,0,0,0,0
-41.34664552,172.8076964,Tasman District,2018,serious_injury,100,TRUE,straight,,fine,,daylight,giveway_sign,2,0,1,1,0,0,0,0,0,2,0,0,0,0,0,0,0,0,0,0
-36.79199737,174.5271205,Auckland,2018,serious_injury,80,FALSE,straight,,fine,,daylight,,2,0,1,1,0,0,0,0,0,2,0,0,0,0,0,0,0,0,0,0
-39.72046977,176.6267459,Hastings District,2018,serious_injury,100,FALSE,curved_view_open,,fine,,daylight,,2,0,1,1,0,0,0,0,0,2,0,0,0,0,0,0,0,0,0,0
-46.15185409,169.8615117,Clutha District,2018,serious_injury,100,FALSE,curved_view_open,,fine,,daylight,,2,0,1,1,0,0,0,0,0,2,0,0,0,0,0,0,0,0,0,0
-41.44182939,174.0064766,Marlborough District,2018,serious_injury,50,FALSE,straight,,,,daylight,,2,0,1,1,0,0,0,0,0,2,0,0,0,0,0,0,0,0,0,0
-41.28292468,173.2487792,Nelson City,2018,minor_injury,50,FALSE,straight,,fine,,daylight,,1,0,0,1,1,0,0,0,0,0,0,0,0,0,1,0,0,0,0,0
-37.78245368,175.2899787,Hamilton City,2018,minor_injury,50,FALSE,straight,,rain,,daylight,,1,0,0,1,1,0,0,0,0,0,0,0,0,0,1,0,0,0,0,0
-43.51496419,172.6238264,Christchurch City,2018,minor_injury,50,FALSE,straight,,fine,,daylight,,1,0,0,1,1,0,0,0,0,0,0,0,0,0,1,0,0,0,0,0
-41.28602025,174.776049,Wellington City,2018,minor_injury,30,FALSE,straight,,,,daylight,,1,0,0,1,1,0,0,0,0,0,0,0,0,0,1,0,0,0,0,0
-37.683708,176.1700795,Tauranga City,2018,minor_injury,50,FALSE,straight,,fine,,daylight,,1,0,0,1,1,0,0,0,0,0,0,0,0,0,1,0,0,0,0,0
-41.22163063,174.8785465,Hutt City,2018,minor_injury,50,TRUE,straight,,fine,,daylight,,1,0,0,1,2,0,0,0,0,1,0,0,0,0,0,0,0,1,0,0
-43.51676328,172.6516913,Christchurch City,2018,minor_injury,50,TRUE,straight,,fine,,dawn_dusk,giveway_sign,1,0,0,1,2,0,0,0,0,1,0,0,0,0,0,0,0,1,0,0
-36.60396546,174.6919765,Auckland,2018,minor_injury,50,FALSE,straight,,fine,,daylight,,1,0,0,1,2,0,0,0,0,1,0,0,0,0,0,0,0,1,0,0
-36.85111858,174.8114162,Auckland,2018,minor_injury,50,FALSE,straight,,fine,,daylight,,1,0,0,1,2,0,0,0,0,1,0,0,0,0,0,0,0,1,0,0
-37.02336863,174.8969159,Auckland,2018,minor_injury,10,TRUE,straight,,fine,,daylight,giveway_sign,1,0,0,1,2,0,0,0,0,1,0,0,0,0,0,0,0,1,0,0
-37.05565542,174.9577813,Auckland,2018,minor_injury,50,TRUE,straight,,fine,,darkness_not_lit,giveway_sign,1,0,0,1,0,0,0,1,0,0,0,0,0,0,0,0,1,1,0,0
-36.84467219,174.7666297,Auckland,2018,minor_injury,50,TRUE,straight,,fine,,daylight,traffic_lights,1,0,0,1,1,0,0,0,0,1,0,0,0,0,0,0,1,0,0,0
-37.77162006,175.2923916,Hamilton City,2018,minor_injury,50,TRUE,curved_view_open,,fine,,daylight,giveway_sign,1,0,0,1,1,0,0,0,0,0,0,0,0,0,1,0,0,2,0,0
-37.69077768,176.1358564,Tauranga City,2018,minor_injury,50,TRUE,straight,,fine,,daylight,traffic_lights,1,0,0,1,2,0,0,0,0,0,0,0,0,0,0,0,1,3,0,0
-36.96664128,174.8085117,Auckland,2018,minor_injury,50,TRUE,straight,,fine,,daylight,giveway_sign,1,0,0,1,1,0,0,0,0,0,0,0,0,0,2,0,0,0,0,0
-41.28332029,173.28045,Nelson City,2018,serious_injury,50,TRUE,straight,,fine,,daylight,stop_sign,2,0,2,0,1,0,0,0,0,0,0,0,0,0,2,0,0,0,0,0
-39.59676938,176.7655392,Hastings District,2018,minor_injury,100,TRUE,curved_view_open,,fine,,daylight,giveway_sign,2,0,0,2,1,0,0,0,0,0,0,0,0,0,2,0,0,0,0,0
-43.50974477,172.6060192,Christchurch City,2018,minor_injury,50,TRUE,curved_view_open,,fine,,daylight,traffic_lights,2,0,0,2,1,0,0,0,0,0,0,0,0,0,2,0,0,0,0,0
-44.37228696,171.2415268,Timaru District,2018,minor_injury,50,FALSE,straight,,fine,,daylight,,2,0,0,2,1,0,0,0,0,0,0,0,0,0,2,0,0,0,0,0
-35.02708802,173.537425,Far North District,2018,minor_injury,100,FALSE,straight,,fine,,daylight,,2,0,0,2,1,0,0,0,0,0,0,0,0,0,2,0,0,0,0,0
-36.97729509,174.8552166,Auckland,2018,minor_injury,50,FALSE,straight,,rain,,daylight,,1,0,0,1,0,0,0,0,0,0,0,0,0,0,1,0,0,1,0,0
-43.64018267,172.4846455,Selwyn District,2018,minor_injury,50,FALSE,straight,,fine,,daylight,,1,0,0,1,0,0,0,0,0,0,0,0,0,0,1,0,0,1,0,0
-46.42742941,168.308688,Invercargill City,2018,minor_injury,70,FALSE,straight,,fine,,daylight,,1,0,0,1,0,0,0,0,0,0,0,0,0,0,1,0,0,1,0,0
-43.54136847,172.6505718,Christchurch City,2018,minor_injury,50,FALSE,straight,,fine,,daylight,,1,0,0,1,0,0,0,0,0,0,0,0,0,0,1,0,0,1,0,0
-41.50933481,173.9333115,Marlborough District,2018,serious_injury,50,FALSE,straight,,,,daylight,,1,0,1,0,0,0,0,0,0,0,0,0,0,0,1,0,0,1,0,0
-45.99850689,168.3787423,Southland District,2018,serious_injury,100,FALSE,curved_view_open,,fine,,darkness_not_lit,,1,0,1,0,0,0,0,0,0,0,0,0,0,0,1,0,0,1,0,0
-41.27348338,173.3154156,Nelson City,2018,serious_injury,50,FALSE,straight,,fine,,daylight,,1,0,1,0,0,0,0,0,0,0,0,0,0,0,1,0,0,1,0,0
-36.82222451,174.6161479,Auckland,2018,minor_injury,100,TRUE,straight,,fine,,daylight,,1,0,0,1,3,0,0,0,0,0,0,2,0,0,0,0,0,0,0,0
-37.69518728,176.102366,Tauranga City,2018,minor_injury,50,FALSE,curved_view_open,,fine,,daylight,,1,0,0,1,2,0,0,1,0,0,0,0,0,0,0,0,0,1,0,0
-39.93038283,175.0477928,Wanganui District,2018,minor_injury,50,TRUE,straight,,fine,,daylight,traffic_lights,1,0,0,1,2,0,0,0,0,1,0,0,0,0,0,0,0,0,0,0
-35.93696266,173.8769252,Kaipara District,2018,minor_injury,50,TRUE,straight,,fine,,darkness_not_lit,,1,0,0,1,1,0,0,0,0,0,0,1,0,0,0,0,0,3,0,0
-38.17859689,175.230856,Otorohanga District,2018,serious_injury,70,FALSE,straight,,fine,,darkness_not_lit,,1,0,1,0,1,0,0,0,0,0,0,1,0,0,0,0,0,3,0,0
-36.8491078,174.75195,Auckland,2018,minor_injury,50,TRUE,straight,,fine,,daylight,,1,0,0,1,1,0,0,0,0,0,0,0,0,0,0,0,1,2,0,0
-41.22128992,174.9166992,Hutt City,2018,minor_injury,50,FALSE,straight,,,,daylight,,1,0,0,1,0,0,0,1,0,0,0,0,0,0,1,0,0,1,0,0
-43.50890433,172.5749976,Christchurch City,2018,minor_injury,50,FALSE,straight,,fine,,daylight,,1,0,0,1,0,0,0,1,0,0,0,0,0,0,1,0,0,1,0,0
-41.28699609,173.2910825,Nelson City,2018,serious_injury,50,FALSE,straight,,fine,,daylight,,1,0,1,0,0,0,0,1,0,0,0,0,0,0,1,0,0,1,0,0
-37.70886173,176.1483114,Tauranga City,2018,minor_injury,50,FALSE,straight,,,,daylight,,1,0,0,1,1,0,0,0,0,0,0,0,1,0,0,1,0,0,0,0
-36.9939477,174.843306,Auckland,2018,minor_injury,60,FALSE,straight,,fine,,daylight,,1,0,0,1,2,0,0,0,0,0,0,1,1,0,0,0,0,0,0,0
-36.86247325,174.8402993,Auckland,2018,minor_injury,50,FALSE,curved_view_open,,fine,,dawn_dusk,,1,0,0,1,0,0,0,1,0,0,0,0,0,0,0,0,0,4,0,0
-41.32192747,174.7751719,Wellington City,2018,minor_injury,50,FALSE,straight,,fine,,darkness_not_lit,,1,0,0,1,2,0,0,2,0,0,0,0,0,0,0,0,0,3,0,0
-45.18686156,169.3164854,Central Otago District,2018,minor_injury,50,FALSE,straight,,fine,,daylight,,1,0,0,1,1,0,0,1,0,0,0,0,0,0,0,0,1,1,0,0
-37.69877751,176.1348783,Tauranga City,2018,minor_injury,50,FALSE,straight,,fine,,darkness_not_lit,,1,0,0,1,1,0,0,1,0,0,0,0,0,0,0,0,1,1,0,0
-36.8831931,174.8675567,Auckland,2018,serious_injury,50,TRUE,straight,,rain,,darkness_not_lit,,1,0,1,0,1,0,0,1,0,0,0,0,0,0,0,0,1,1,0,0
-36.96942014,174.7982432,Auckland,2018,minor_injury,30,FALSE,curved_view_open,,fine,,darkness_not_lit,,1,0,0,1,5,0,0,0,0,0,0,0,0,0,0,0,1,1,0,0
-36.71653188,174.7467395,Auckland,2018,minor_injury,50,FALSE,straight,,fine,,daylight,,1,0,0,1,3,0,0,0,0,0,0,1,0,0,0,0,1,0,0,0
-39.00649378,174.2437913,New Plymouth District,2018,minor_injury,100,FALSE,curved_view_open,,fine,,darkness_not_lit,,1,0,0,1,2,0,0,0,0,0,0,2,0,0,0,0,0,4,0,0
-36.97845496,174.9996808,Auckland,2018,minor_injury,100,FALSE,curved_view_open,,fine,,daylight,,1,0,0,1,0,0,0,0,0,3,0,0,0,0,0,0,0,2,0,0
-41.28194032,174.7777772,Wellington City,2018,minor_injury,50,FALSE,straight,,fine,,daylight,,1,0,0,1,0,0,0,0,0,0,0,0,0,1,1,0,0,1,0,0
-35.67997068,174.3272965,Whangarei District,2018,minor_injury,50,FALSE,curved_view_open,,fine,,daylight,,1,0,0,1,0,0,0,0,0,1,0,0,0,0,0,0,0,1,0,0
-36.99834016,174.829714,Auckland,2018,minor_injury,100,FALSE,straight,,fine,,daylight,,1,0,0,1,1,0,0,0,0,0,0,0,2,0,0,0,0,0,0,0
-41.51253821,173.9556348,Marlborough District,2018,minor_injury,50,FALSE,straight,,fine,,daylight,,1,0,0,1,1,0,0,1,0,0,0,0,0,0,1,0,0,0,0,0
-36.97619661,174.8371821,Auckland,2018,minor_injury,10,FALSE,straight,,,,daylight,,1,0,0,1,1,0,0,0,0,0,0,0,0,0,0,0,1,1,0,0
-45.41444733,167.7149962,Southland District,2018,minor_injury,10,FALSE,curved_view_open,,,,daylight,,1,0,0,1,1,0,0,1,0,0,0,0,0,0,0,0,1,0,0,0
-41.75450664,171.6059369,Buller District,2018,serious_injury,50,TRUE,straight,,fine,,daylight,stop_sign,1,0,1,0,1,0,0,1,0,0,0,0,0,0,0,0,1,0,0,0
-36.90613644,174.6852486,Auckland,2018,minor_injury,50,FALSE,straight,,fine,,daylight,stop_sign,1,0,0,1,1,0,0,2,0,0,0,0,0,0,0,0,0,0,0,0
-37.02441462,174.862185,Auckland,2018,minor_injury,50,FALSE,curved_view_open,,rain,,darkness_not_lit,,1,0,0,1,3,0,0,1,0,0,0,1,0,0,0,0,0,3,0,0
-36.8499042,174.7814424,Auckland,2018,minor_injury,50,FALSE,curved_view_open,,rain,,darkness_not_lit,,1,0,0,1,2,0,0,0,0,0,0,0,0,0,0,0,0,3,0,0
-40.18113031,175.3815719,Rangitikei District,2018,minor_injury,50,FALSE,curved_view_open,,fine,,darkness_not_lit,,1,0,0,1,2,0,0,0,0,0,0,0,0,0,0,0,0,3,0,0
-43.5381267,172.6504915,Christchurch City,2018,minor_injury,50,FALSE,straight,,fine,,daylight,traffic_lights,1,0,0,1,2,0,0,1,0,0,0,1,0,0,0,0,0,0,0,0
-37.68943987,176.1680108,Tauranga City,2018,minor_injury,50,FALSE,straight,,fine,,dawn_dusk,,2,0,0,2,2,0,0,1,0,0,0,1,0,0,0,0,0,0,0,0
-36.96910448,174.8095248,Auckland,2018,minor_injury,100,FALSE,straight,,fine,,daylight,,4,0,0,4,2,0,0,1,0,0,0,1,0,0,0,0,0,0,0,0
-41.01733676,174.9150423,Porirua City,2018,serious_injury,80,FALSE,straight,,fine,,daylight,,5,0,1,4,2,0,0,1,0,0,0,1,0,0,0,0,0,0,0,0
-40.33187413,175.3444442,Manawatu District,2018,fatality,100,FALSE,curved_view_open,,fine,,daylight,,2,1,0,1,2,0,0,1,0,0,0,1,0,0,0,0,0,0,0,0
-38.04539629,174.8267905,Otorohanga District,2018,minor_injury,100,FALSE,straight,,rain,,daylight,,1,0,0,1,1,0,0,0,0,1,0,0,0,0,0,0,0,2,0,0
-41.75088072,171.571785,Buller District,2018,serious_injury,100,FALSE,straight,,fine,,daylight,,2,0,1,1,1,0,0,0,0,1,0,0,0,0,0,0,0,2,0,0
-45.89380653,170.4868899,Dunedin City,2018,minor_injury,50,FALSE,straight,,rain,,daylight,,1,0,0,1,2,0,0,1,0,0,0,0,0,0,0,1,0,1,0,0
-41.47546941,173.8886914,Marlborough District,2018,minor_injury,100,FALSE,straight,,fine,,daylight,,1,0,0,1,0,0,0,0,0,0,0,0,0,0,2,0,0,0,0,0
-41.22257484,174.8994983,Hutt City,2018,minor_injury,10,FALSE,straight,,,,daylight,,1,0,0,1,0,0,0,0,0,1,0,0,0,0,1,0,0,0,0,0
-39.91874177,175.0386826,Wanganui District,2018,minor_injury,50,FALSE,straight,,fine,,daylight,,2,0,0,2,0,0,0,0,0,1,0,0,0,0,1,0,0,0,0,0
-38.98779046,175.8080125,Taupo District,2018,minor_injury,50,FALSE,straight,,,,daylight,,2,0,0,2,0,0,0,0,0,1,0,0,0,0,1,0,0,0,0,0
-36.9366268,174.7895002,Auckland,2018,minor_injury,100,FALSE,straight,,fine,,darkness_not_lit,,1,0,0,1,4,0,0,1,0,0,0,1,0,0,0,0,0,0,0,0
-45.86809434,170.4776391,Dunedin City,2018,minor_injury,50,FALSE,straight,,fine,,daylight,,1,0,0,1,1,0,0,1,0,0,0,0,0,1,0,0,0,2,0,0
-37.73504738,176.1289322,Tauranga City,2018,minor_injury,50,FALSE,straight,,fine,,darkness_not_lit,,1,0,0,1,0,0,0,0,0,0,0,1,0,0,0,1,0,1,0,0
-36.84474843,174.612921,Auckland,2018,minor_injury,50,FALSE,curved_view_open,,fine,,daylight,,1,0,0,1,1,0,0,1,0,1,0,0,0,0,0,0,0,0,0,0
-35.2840633,174.0667392,Far North District,2018,serious_injury,100,FALSE,straight,,fine,,daylight,,1,0,1,0,1,0,0,1,0,1,0,0,0,0,0,0,0,0,0,0
-46.10393309,169.1245642,Gore District,2018,minor_injury,100,FALSE,curved_view_open,,rain,,dawn_dusk,,1,0,0,1,0,0,0,0,0,0,0,1,0,0,0,0,0,4,0,0
-37.77724441,176.3106151,Western Bay Of Plenty District,2018,minor_injury,50,FALSE,straight,,fine,,daylight,,1,0,0,1,0,0,0,0,0,0,0,1,0,0,0,0,0,4,0,0
-38.0285574,176.7477294,Whakatane District,2018,minor_injury,100,FALSE,straight,,mist,,daylight,,1,0,0,1,0,0,0,1,0,0,0,0,0,0,0,0,0,0,1,0
-36.85609962,174.8362992,Auckland,2018,minor_injury,50,FALSE,straight,,rain,,daylight,,1,0,0,1,1,0,0,0,0,0,0,1,0,0,0,0,0,5,0,0
-37.26281436,174.9761681,Waikato District,2018,minor_injury,100,FALSE,curved_view_open,,rain,,daylight,,1,0,0,1,0,0,0,0,0,0,0,1,0,0,0,0,1,2,0,0
-42.40100355,173.6743844,Kaikoura District,2018,minor_injury,50,FALSE,curved_view_open,,fine,,darkness_not_lit,,1,0,0,1,0,0,0,2,0,0,0,1,0,0,0,0,0,2,0,0
-36.99764465,174.9059627,Auckland,2018,minor_injury,50,FALSE,curved_view_open,,fine,,daylight,,1,0,0,1,0,0,0,1,0,1,0,0,0,0,0,0,0,2,0,0
-36.63218008,174.6988563,Auckland,2018,fatality,80,FALSE,curved_view_open,,fine,,daylight,,1,1,0,0,0,0,0,1,0,1,0,0,0,0,0,0,0,2,0,0
-38.62786736,175.9646021,Taupo District,2018,fatality,100,FALSE,straight,,fine,,daylight,,1,1,0,0,0,0,0,1,0,1,0,0,0,0,0,0,0,2,0,0
-38.03596086,176.5243646,Rotorua District,2018,minor_injury,100,FALSE,straight,,fine,,daylight,,1,0,0,1,0,0,0,0,0,0,0,1,0,0,0,0,0,0,0,0
-36.72619304,174.7437671,Auckland,2018,minor_injury,50,FALSE,straight,,fine,,darkness_not_lit,,1,0,0,1,6,0,0,0,0,0,0,0,0,0,0,0,0,1,0,0
-35.19542408,173.96203,Far North District,2018,minor_injury,100,FALSE,straight,,fine,,darkness_not_lit,,1,0,0,1,2,0,0,0,0,0,0,0,0,0,0,0,1,1,0,0
-36.89429362,174.7585598,Auckland,2018,serious_injury,50,TRUE,straight,,fine,,darkness_not_lit,stop_sign,2,0,2,0,0,0,0,0,0,0,0,0,0,0,0,1,1,1,0,0
-36.95583133,174.8298867,Auckland,2018,serious_injury,50,FALSE,straight,,fine,,dawn_dusk,,2,0,2,0,1,0,0,0,0,0,0,1,0,0,0,0,0,2,0,0
-37.74470747,175.2144143,Hamilton City,2018,serious_injury,100,FALSE,straight,,fine,,darkness_not_lit,,2,0,2,0,2,0,0,0,0,0,0,1,0,0,0,0,1,1,0,0
-36.89774488,174.9064261,Auckland,2018,serious_injury,50,TRUE,straight,,fine,,daylight,stop_sign,1,0,1,0,3,0,0,0,0,0,0,0,0,0,0,0,1,0,0,0
-36.85512227,174.8516531,Auckland,2018,minor_injury,50,FALSE,straight,,fine,,daylight,,2,0,0,2,3,0,0,0,0,0,0,0,0,0,0,0,1,0,0,0
-36.80778388,174.7578566,Auckland,2018,serious_injury,100,FALSE,straight,,fine,,darkness_not_lit,,1,0,1,0,0,0,0,0,0,0,0,1,1,0,0,0,1,0,0,0
-38.05628556,175.7848191,South Waikato District,2018,serious_injury,70,TRUE,curved_view_open,,fine,,darkness_not_lit,giveway_sign,1,0,1,0,0,0,0,0,0,1,0,0,0,0,0,0,0,2,0,0
-45.89506314,170.4998526,Dunedin City,2018,serious_injury,50,TRUE,straight,,fine,,daylight,,1,0,1,0,0,0,0,0,0,0,0,0,0,0,0,0,2,0,0,0
-36.92357537,174.8518258,Auckland,2018,serious_injury,50,FALSE,curved_view_open,,fine,,daylight,,1,0,1,0,0,0,0,0,0,0,0,0,0,0,0,0,1,1,0,0
-37.7995517,175.2604226,Hamilton City,2018,serious_injury,80,FALSE,straight,,fine,,daylight,,1,0,1,0,0,0,0,0,0,1,0,1,0,0,0,0,1,0,0,0
-36.89823657,174.8450409,Auckland,2018,serious_injury,50,FALSE,straight,,fine,,daylight,,1,0,1,0,1,0,0,0,0,1,0,0,1,0,0,0,0,0,0,0
-43.64489166,172.4387285,Selwyn District,2018,serious_injury,100,FALSE,straight,,fine,,daylight,,1,0,1,0,0,0,0,1,0,0,0,0,0,1,0,0,1,0,0,0
-36.80928329,174.7564225,Auckland,2018,serious_injury,100,FALSE,straight,,rain,,daylight,,1,0,1,0,1,0,0,0,0,3,0,0,0,0,0,0,0,0,0,0
-39.06272495,177.0807723,Wairoa District,2018,serious_injury,100,FALSE,curved_view_open,,fine,,darkness_not_lit,,1,0,1,0,0,0,0,0,0,1,0,0,0,0,0,0,0,3,0,0
-36.7179343,174.6774549,Auckland,2018,fatality,80,FALSE,curved_view_open,,fine,,daylight,,1,1,0,0,0,0,0,0,0,1,0,0,0,0,0,0,0,3,0,0
-38.05137953,175.107297,Otorohanga District,2018,fatality,100,FALSE,curved_view_open,,fine,,daylight,,2,1,0,1,0,0,0,0,0,1,0,0,0,0,0,0,0,3,0,0
-41.11783444,174.9391625,Porirua City,2018,serious_injury,80,FALSE,straight,,fine,,daylight,,1,0,1,0,2,0,0,0,0,2,0,0,0,0,0,0,0,0,0,0
-43.55116659,172.5597582,Christchurch City,2018,serious_injury,50,FALSE,straight,,fine,,daylight,giveway_sign,1,0,1,0,0,0,0,0,0,0,0,1,0,0,0,0,1,1,0,0
-36.93145363,174.8506243,Auckland,2018,serious_injury,100,FALSE,straight,,fine,,daylight,,1,0,1,0,1,0,0,0,0,1,0,1,0,0,0,0,0,0,0,0
-36.70172103,174.3513604,Auckland,2018,serious_injury,50,FALSE,curved_view_open,,,,daylight,,1,0,1,0,0,0,0,0,0,0,0,0,0,0,0,0,0,0,0,0
-39.51852678,176.9176893,Napier City,2018,serious_injury,100,FALSE,straight,,fine,,darkness_not_lit,,1,0,1,0,0,0,0,0,0,0,0,0,0,0,0,1,0,1,0,0
-36.61491304,174.6724917,Auckland,2018,serious_injury,50,FALSE,curved_view_open,,fine,,daylight,,1,0,1,0,0,0,0,0,0,0,0,1,0,0,1,0,0,1,0,0
-38.05718389,175.7872121,South Waikato District,2018,serious_injury,100,FALSE,straight,,fine,,daylight,,1,0,1,0,0,0,0,0,0,3,0,0,0,0,0,0,0,0,0,0
-43.83657248,171.7238248,Ashburton District,2018,serious_injury,100,TRUE,straight,,fine,,dawn_dusk,stop_sign,2,0,1,1,0,0,0,0,0,3,0,0,0,0,0,0,0,0,0,0
-41.28841413,173.2470565,Nelson City,2018,serious_injury,50,FALSE,straight,,fine,,darkness_not_lit,,1,0,1,0,0,0,0,0,0,0,0,2,0,0,0,0,0,3,0,0
-36.76793103,174.7483419,Auckland,2018,serious_injury,50,FALSE,straight,,rain,,darkness_not_lit,,1,0,1,0,2,0,0,1,0,0,0,0,0,0,0,0,0,2,0,0
-45.87150402,170.5025462,Dunedin City,2018,serious_injury,50,FALSE,straight,,fine,,daylight,,1,0,1,0,4,0,0,0,0,0,0,0,1,0,0,0,1,3,0,0
-36.80484795,174.788513,Auckland,2018,minor_injury,50,FALSE,straight,,fine,,darkness_not_lit,,2,0,0,2,1,0,0,0,0,1,0,0,0,0,0,0,1,1,0,0
-38.1044781,175.3506549,Otorohanga District,2018,minor_injury,100,TRUE,curved_view_open,,fine,,daylight,stop_sign,2,0,0,2,1,0,0,0,0,0,0,0,1,0,0,0,0,2,0,0
-44.44262204,171.2354592,Timaru District,2018,minor_injury,100,TRUE,straight,,fine,,daylight,stop_sign,2,0,0,2,1,0,0,0,0,0,0,0,1,0,0,0,0,2,0,0
-37.07204599,174.9283173,Auckland,2018,minor_injury,100,FALSE,straight,,fine,,daylight,,2,0,0,2,1,0,0,3,0,0,0,0,0,0,0,0,0,0,0,0
-40.30539135,175.8298647,Tararua District,2018,minor_injury,80,FALSE,curved_view_open,,fine,,daylight,,2,0,0,2,0,0,0,0,0,2,0,0,0,0,0,0,0,1,0,0
-35.18360229,173.0786404,Far North District,2018,serious_injury,100,FALSE,straight,,,,daylight,,2,0,1,1,0,0,0,0,0,2,0,0,0,0,0,0,0,1,0,0
-37.03573964,174.9100738,Auckland,2018,minor_injury,80,FALSE,straight,,fine,,daylight,,2,0,0,2,1,0,0,0,0,2,0,1,0,0,0,0,0,0,0,0
-37.40300168,175.8559896,Hauraki District,2018,minor_injury,100,FALSE,straight,,rain,,daylight,,2,0,0,2,1,0,0,1,0,0,0,2,0,0,0,0,0,0,0,0
-36.97424006,174.8184985,Auckland,2018,minor_injury,100,FALSE,straight,,fine,,daylight,,3,0,0,3,2,0,0,0,0,0,0,1,1,0,0,0,0,1,0,0
-36.93199967,174.7873262,Auckland,2018,minor_injury,100,FALSE,curved_view_open,,fine,,daylight,,3,0,0,3,1,0,0,0,0,0,0,1,2,0,0,0,0,0,0,0
-39.89344567,176.7148422,Central Hawkes Bay District,2018,fatality,100,FALSE,curved_view_open,,fine,,daylight,,2,1,1,0,0,0,0,0,0,2,0,1,0,0,0,0,0,1,0,0
-37.70111644,175.2383632,Waikato District,2018,fatality,100,FALSE,curved_view_open,,fine,,daylight,,2,1,1,0,0,0,0,0,0,0,0,1,0,0,0,0,1,3,0,0
-41.11013172,175.0975427,Upper Hutt City,2018,serious_injury,50,FALSE,straight,,fine,,daylight,,2,0,1,1,1,0,0,0,0,0,0,1,0,0,0,0,1,2,0,0
-36.94914611,174.8173963,Auckland,2018,serious_injury,60,FALSE,straight,,fine,,daylight,,2,0,1,1,3,0,0,0,0,1,0,0,0,0,0,0,0,0,0,0
-37.37889738,175.2226823,Waikato District,2018,serious_injury,100,FALSE,straight,,fine,,daylight,,2,0,1,1,0,0,0,0,0,0,0,0,0,0,3,0,0,0,0,0
-38.37781905,176.3443097,Rotorua District,2018,serious_injury,100,FALSE,straight,,fine,,daylight,,2,0,1,1,0,0,0,0,0,0,0,1,0,0,0,0,0,6,0,0
-36.95301574,174.8967189,Auckland,2018,serious_injury,30,FALSE,straight,,fine,,daylight,,3,0,2,1,1,0,0,0,0,3,0,0,0,0,0,0,0,1,0,0
-44.3910748,171.2373733,Timaru District,2018,serious_injury,50,FALSE,straight,,fine,,daylight,,3,0,1,2,4,0,0,0,0,0,0,0,0,0,0,0,1,3,0,0
-39.3454693,175.4769649,Ruapehu District,2018,fatality,80,FALSE,curved_view_open,,fine,,daylight,,2,1,0,1,0,0,0,0,0,0,0,0,1,0,0,0,0,3,0,0
-36.42597896,174.447638,Auckland,2018,fatality,100,FALSE,straight,,fine,,daylight,,3,1,1,1,1,0,0,0,0,2,0,0,0,0,0,0,0,1,0,0
-37.83161906,175.3607244,Waikato District,2018,serious_injury,100,FALSE,straight,,fine,,dawn_dusk,,4,0,1,3,1,0,0,3,0,0,0,1,0,0,0,0,0,0,0,0
-38.18153307,175.8613255,South Waikato District,2018,serious_injury,100,FALSE,curved_view_open,,fine,,daylight,,4,0,1,3,0,0,0,0,0,0,0,4,0,0,0,0,0,0,0,0
-40.3802125,175.5571992,Palmerston North City,2018,fatality,100,FALSE,curved_view_open,,fine,,daylight,,3,2,1,0,3,0,0,0,0,0,0,0,0,0,0,0,0,2,0,0